pre_pt_root_id,post_pt_root_id,n
864691134884748794,864691135479133126,1
864691134884751866,864691135488896570,1
864691134884754426,864691135488256570,1
864691134884759546,864691135479223238,2
864691134884791290,864691135488719674,1
864691134884855290,864691135489024058,1
864691134885026554,864691135489421114,1
864691134885142778,864691135479237318,1
864691134885173754,864691135488275258,1
864691134885617402,864691135479243462,1
864691134885640954,864691135478401448,3
864691134885681914,864691135490316346,2
864691134885715450,864691135489177402,1
864691134885792762,864691135488751162,1
864691134885810426,864691135479144902,2
864691134885957882,864691135479112902,1
864691134886037498,864691135478267590,1
864691134886037498,864691135479245254,1
864691134886037498,864691135479248070,1
864691134886037498,864691135480152262,1
864691134886037498,864691135488751162,1
864691134886037498,864691135489098042,3
864691134886037498,864691135489177658,3
864691134886037498,864691135489433914,1
864691134886288890,864691135488896570,1
864691134886288890,864691135489841466,1
864691134886350074,864691135488896570,1
864691134886400250,864691135479396550,1
864691134886467066,864691135488722746,1
864691134886528506,864691135479339462,1
864691134886975482,864691135478401448,1
864691134887175418,864691135489025850,1
864691134887260410,864691135478308038,1
864691134887260410,864691135489152826,1
864691134887383290,864691135479407558,1
864691134887397882,864691135488751162,1
864691134887429114,864691135489486650,1
864691134887471866,864691135488896570,1
864691134887499514,864691135488722746,1
864691134887540986,864691135488425274,1
864691134917395722,864691135479245254,1
864691134917414154,864691135488936762,1
864691134917434122,864691135488256570,1
864691134917645066,864691135489177658,1
864691134917645066,864691135490247015,1
864691134917898250,864691135479100358,2
864691134917901322,864691135478796230,1
864691134917901322,864691135489512250,1
864691134917901322,864691135490230119,1
864691134918141450,864691135479243462,2
864691134918200586,864691135479243462,2
864691134918211850,864691135488933690,1
864691134918301962,864691135489433914,1
864691134918406922,864691135489841466,1
864691134918409738,864691135479243462,1
864691134918596362,864691135489141818,1
864691134918614794,864691135479168454,1
864691134919570698,864691135479245254,3
864691134919570698,864691135488722746,1
864691134919748362,864691135479112902,1
864691134919748362,864691135479407558,1
864691134919748362,864691135489421114,1
864691134919902474,864691135479223238,1
864691134919953418,864691135478327208,1
864691134919967498,864691135478589352,1
864691134919967498,864691135488722746,2
864691134920072202,864691135478326952,2
864691134939986019,864691135489191482,1
864691134939998563,864691135489024058,1
864691134940004451,864691135489141818,2
864691134940025955,864691135478796230,1
864691134940025955,864691135479248070,2
864691134940025955,864691135489512250,1
864691134940025955,864691135490230119,2
864691134940246115,864691135488728634,1
864691134940362339,864691135479144902,1
864691134940379491,864691135489403194,1
864691134940406627,864691135488719674,1
864691134940483171,864691135490230119,1
864691134940504419,864691135479245254,1
864691134940847459,864691135489177658,1
864691134940933475,864691135489433914,4
864691134940946531,864691135479243462,2
864691134941164899,864691135489098042,1
864691134941488483,864691135489098042,1
864691134941488995,864691135478338728,1
864691134941941091,864691135478338728,1
864691134941953635,864691135478401448,1
864691134942169955,864691135479112902,1
864691134942221411,864691135479339462,1
864691134942221411,864691135489512250,1
864691134942659427,864691135488715066,1
864691134947399164,864691135478326952,1
864691134947410940,864691135490230119,1
864691134947425532,864691135489841466,1
864691134947428092,864691135488896570,1
864691134947437564,864691135489141818,2
864691134947712508,864691135490230119,2
864691134947756284,864691135478589352,1
864691134947843068,864691135478338728,1
864691134947861500,864691135478796230,1
864691134947906044,864691135490230119,1
864691134948165628,864691135488893754,1
864691134948196348,864691135478690246,1
864691134948285436,864691135479144902,1
864691134948305404,864691135478637766,1
864691134948605180,864691135479103174,1
864691134948605180,864691135479622086,1
864691134948907260,864691135489486650,1
864691134949219324,864691135478338728,1
864691134949221372,864691135488956218,1
864691134949256956,864691135478785990,2
864691134949568764,864691135479243462,6
864691134949774844,864691135489433914,3
864691134950149116,864691135478577576,1
864691134950149116,864691135479112902,1
864691134950149116,864691135479407558,1
864691134950149116,864691135488715066,1
864691134950149116,864691135488893754,1
864691134950149116,864691135488896570,1
864691134950149116,864691135489403194,1
864691134950149116,864691135489421114,4
864691134950228988,864691135478327208,1
864691134950228988,864691135478383528,2
864691134950228988,864691135478748358,2
864691134950228988,864691135478785990,1
864691134950228988,864691135479245254,1
864691134950228988,864691135488253242,1
864691134950228988,864691135489191482,1
864691134950315772,864691135489421114,1
864691134950317308,864691135479339462,3
864691134950395132,864691135489141818,1
864691134964443935,864691135488247866,1
864691134964800799,864691135488896570,1
864691134964831519,864691135489024058,1
864691134964849951,864691135489024058,1
864691134964997663,864691135479243462,1
864691134965202463,864691135479100358,1
864691134965213983,864691135489421114,2
864691134965411871,864691135488936762,1
864691134965414943,864691135490247015,1
864691134965415455,864691135489433914,1
864691134965612575,864691135479245254,1
864691134965615647,864691135489189178,1
864691134965718303,864691135480152262,2
864691134966047263,864691135488682692,1
864691134966063135,864691135478326952,1
864691134966187807,864691135489841466,1
864691134966306591,864691135480152262,4
864691134966306591,864691135488751162,7
864691134966306591,864691135489098042,1
864691134966306847,864691135479031238,1
864691134966306847,864691135489098042,1
864691134966306847,864691135489182522,2
864691134966306847,864691135489433914,7
864691134966703647,864691135490316346,1
864691134966759711,864691135489077562,1
864691134966759711,864691135489421114,3
864691134988388474,864691135478401448,2
864691134988388474,864691135479370694,1
864691134988402810,864691135490247015,1
864691134988403066,864691135489512250,1
864691134988452986,864691135478690246,2
864691134988480122,864691135479683014,1
864691134988480378,864691135488956218,1
864691134988596858,864691135478796230,5
864691134988596858,864691135488751162,2
864691134988596858,864691135489512250,1
864691134988596858,864691135490230119,2
864691134988930682,864691135488956986,1
864691134988939898,864691135488936762,1
864691134988941690,864691135478734022,2
864691134988946810,864691135488719674,1
864691134988966010,864691135479407558,1
864691134989037690,864691135479100358,1
864691134989251194,864691135479243462,1
864691134989260922,864691135478338728,1
864691134989260922,864691135488253242,1
864691134989283450,864691135479622086,1
864691134989354106,864691135489177658,1
864691134989364858,864691135490316346,1
864691134989457018,864691135489486650,1
864691134989461882,864691135480152262,1
864691134989472122,864691135489177658,1
864691134989535354,864691135489189178,1
864691134989912698,864691135479112902,1
864691134989920890,864691135488715066,2
864691134990148218,864691135488425274,1
864691134990358138,864691135489486650,1
864691134990380410,864691135488956218,1
864691134990996858,864691135478338728,1
864691134991040378,864691135478401448,1
864691134991040378,864691135479928774,1
864691134991040378,864691135488253242,4
864691134991210618,864691135478338728,1
864691135012351222,864691135479223238,2
864691135012369654,864691135489841466,1
864691135012381942,864691135481147846,1
864691135012406262,864691135488247866,1
864691135012412406,864691135479339462,1
864691135012414198,864691135489024058,1
864691135012432374,864691135479168454,1
864691135012442102,864691135479622086,1
864691135012444406,864691135489126458,1
864691135012455158,864691135488936762,1
864691135012465654,864691135478577576,1
864691135012466678,864691135478577576,1
864691135012469750,864691135478309830,1
864691135012469750,864691135489403194,1
864691135012494070,864691135479248070,1
864691135012614646,864691135481147846,1
864691135012814070,864691135479245254,1
864691135012831990,864691135478995910,1
864691135012868758,864691135488256570,1
864691135012895894,864691135478748358,1
864691135013105654,864691135478338728,2
864691135013236982,864691135479223238,1
864691135013272726,864691135489152826,1
864691135013279126,864691135478338728,1
864691135013295254,864691135488682692,1
864691135013325718,864691135488719674,2
864691135013325718,864691135489031226,1
864691135013334518,864691135479243462,1
864691135013337750,864691135479237318,1
864691135013452790,864691135480349638,1
864691135013462518,864691135489177658,1
864691135013490422,864691135488722746,1
864691135013528566,864691135478267590,2
864691135013548022,864691135488936762,2
864691135013555702,864691135479112902,1
864691135013596822,864691135488719674,2
864691135013677814,864691135488956218,2
864691135013727126,864691135479243462,1
864691135013775862,864691135490230119,1
864691135013838742,864691135488715066,2
864691135013838742,864691135489841466,1
864691135013881590,864691135489141818,1
864691135013895830,864691135478338728,1
864691135013905302,864691135479245254,1
864691135013918870,864691135489177402,1
864691135013918870,864691135489177658,1
864691135013926134,864691135488896570,1
864691135013932438,864691135490230119,1
864691135013934230,864691135489141818,2
864691135013958390,864691135488751162,1
864691135013958390,864691135489098042,3
864691135014078102,864691135489433914,1
864691135014181878,864691135478338728,1
864691135014181878,864691135489077562,1
864691135014258070,864691135488751162,1
864691135014276342,864691135479248070,2
864691135014276342,864691135479339462,5
864691135014276342,864691135489189178,1
864691135014355094,864691135489512250,1
864691135014383254,864691135488936762,1
864691135014442486,864691135489512250,3
864691135014672630,864691135489177402,1
864691135014695926,864691135479616454,1
864691135014751734,864691135478309830,5
864691135014751734,864691135488893754,1
864691135014751734,864691135488896570,1
864691135014751734,864691135489421114,4
864691135014789014,864691135479370694,1
864691135014810262,864691135478589352,2
864691135014867862,864691135479622086,1
864691135014975894,864691135488256570,1
864691135015324406,864691135478326952,1
864691135015350422,864691135479396550,1
864691135015357078,864691135479103174,1
864691135015364854,864691135479028678,1
864691135015364854,864691135488425274,1
864691135015364854,864691135488896570,3
864691135015369974,864691135488425274,1
864691135015437462,864691135478309830,6
864691135015437462,864691135479112902,5
864691135015437462,864691135489421114,8
864691135015437462,864691135490326074,8
864691135015475350,864691135478383528,1
864691135015605910,864691135478401448,1
864691135015755670,864691135479396550,1
864691135015755670,864691135488425274,1
864691135015755670,864691135488722746,1
864691135015755670,864691135488896570,1
864691135015792534,864691135478267590,1
864691135015792534,864691135489191482,2
864691135015795606,864691135478338728,3
864691135015799702,864691135479112902,2
864691135015822742,864691135478267590,2
864691135015822742,864691135478748358,1
864691135015822742,864691135479245254,1
864691135015822742,864691135488253242,1
864691135015822742,864691135489191482,1
864691135058532763,864691135489098042,1
864691135058534043,864691135489177658,1
864691135058546843,864691135479245254,1
864691135058562715,864691135488936762,1
864691135058889115,864691135479168454,1
864691135058889115,864691135479248070,1
864691135058889115,864691135488247866,1
864691135058889115,864691135488751162,2
864691135059367835,864691135489126458,1
864691135059404443,864691135479132614,1
864691135059539099,864691135488936762,2
864691135059554971,864691135490316346,1
864691135059558043,864691135489512250,1
864691135059977627,864691135478327208,1
864691135059977627,864691135479928774,1
864691135060020123,864691135478401448,1
864691135060603291,864691135478401448,1
864691135060603291,864691135490326074,1
864691135060772763,864691135478267590,2
864691135060772763,864691135479112902,1
864691135060772763,864691135481147846,4
864691135060772763,864691135489077562,1
864691135060772763,864691135490326074,5
864691135060862107,864691135479396550,1
864691135060886939,864691135479223238,1
864691135060906907,864691135480152262,1
864691135060968091,864691135478267590,2
864691135060968091,864691135478748358,1
864691135060968091,864691135490326074,2
864691135060968859,864691135488896570,1
864691135060975003,864691135479683014,1
864691135060992155,864691135478327208,3
864691135060992155,864691135478401448,2
864691135060992155,864691135481147846,1
864691135064987716,864691135479245254,1
864691135064987716,864691135479622086,1
864691135064989508,864691135478338728,1
864691135064989764,864691135479396550,1
864691135065001540,864691135479683014,1
864691135065005380,864691135489024058,1
864691135065008964,864691135479168454,1
864691135065008964,864691135480349638,1
864691135065016644,864691135488682692,1
864691135065341764,864691135489177658,3
864691135065352260,864691135488936762,1
864691135065386052,864691135488893754,1
864691135065402948,864691135478796230,1
864691135065402948,864691135490230119,3
864691135065755204,864691135479168454,1
864691135065802052,864691135489024058,1
864691135065986884,864691135488936762,1
864691135065990468,864691135478401448,1
864691135065990468,864691135479243462,3
864691135065990468,864691135479370694,1
864691135066000964,864691135478267590,2
864691135066006340,864691135489177658,1
864691135066013508,864691135479243462,1
864691135066114372,864691135479010502,1
864691135066293828,864691135479243462,1
864691135066293828,864691135489025850,1
864691135066891844,864691135488425274,1
864691135066945348,864691135479243462,1
864691135067053124,864691135478796230,2
864691135067053124,864691135490230119,1
864691135067149636,864691135489126458,1
864691135067182916,864691135478338728,1
864691135067182916,864691135488425274,1
864691135067192900,864691135478401448,1
864691135067387972,864691135478338728,1
864691135067476548,864691135479622086,1
864691135067476548,864691135488253242,1
864691135067645764,864691135488896570,7
864691135067645764,864691135489421114,2
864691135067813188,864691135489433914,1
864691135067908676,864691135489177658,1
864691135067961668,864691135478327208,1
864691135068023876,864691135478326952,1
864691135081640439,864691135489044026,1
864691135081640695,864691135479396550,1
864691135081645815,864691135479010502,1
864691135081672183,864691135480349638,1
864691135081676023,864691135488751162,1
864691135081700087,864691135479243462,1
864691135081705207,864691135489177658,1
864691135081738743,864691135489028410,1
864691135082002679,864691135488247866,1
864691135082002679,864691135488728634,1
864691135082002679,864691135488936762,1
864691135082002679,864691135490230119,2
864691135082003959,864691135479031238,2
864691135082003959,864691135479248582,1
864691135082003959,864691135480152262,1
864691135082003959,864691135489141818,3
864691135082003959,864691135489433914,1
864691135082007287,864691135489433914,1
864691135082051831,864691135479396550,1
864691135082085111,864691135488936762,6
864691135082159351,864691135488719674,1
864691135082204151,864691135479339462,1
864691135082205943,864691135480152262,1
864691135082291959,864691135479407558,1
864691135082420215,864691135479031238,1
864691135082455031,864691135478327208,1
864691135082525943,864691135479223238,1
864691135082525943,864691135489025850,1
864691135082718711,864691135479396550,2
864691135082719735,864691135479928774,1
864691135082722807,864691135488751162,2
864691135082732023,864691135489512250,1
864691135082864887,864691135479103174,1
864691135082864887,864691135479248582,1
864691135082891255,864691135479622086,2
864691135082897655,864691135479223238,1
864691135083033847,864691135478796230,4
864691135083410423,864691135478326952,1
864691135083589879,864691135489486650,1
864691135083619831,864691135489486650,1
864691135083812599,864691135490316346,2
864691135083846903,864691135479396550,1
864691135083846903,864691135481147846,3
864691135083929591,864691135478796230,1
864691135083929591,864691135479103174,1
864691135084068087,864691135479243462,1
864691135084148727,864691135488682692,1
864691135084148983,864691135489486650,1
864691135084196855,864691135478577576,2
864691135088099872,864691135479168454,1
864691135099143968,864691135479100358,1
864691135099855904,864691135479243462,1
864691135099855904,864691135488956986,1
864691135099864096,864691135488936762,1
864691135099864608,864691135488751162,1
864691135099864608,864691135489141818,3
864691135099864608,864691135489182522,1
864691135099874080,864691135479144902,3
864691135099874080,864691135488933690,1
864691135099874080,864691135489177402,1
864691135099876384,864691135479243462,1
864691135099939872,864691135489189178,1
864691135100111136,864691135489177658,1
864691135100298272,864691135479243462,1
864691135100315168,864691135490247015,1
864691135100383520,864691135479616454,1
864691135100926240,864691135479243462,1
864691135100931104,864691135488728634,1
864691135101096480,864691135490247015,1
864691135101104160,864691135488256570,1
864691135101594656,864691135489421114,1
864691135101640736,864691135489044026,1
864691135101656096,864691135478327208,1
864691135101921568,864691135489098042,1
864691135101924384,864691135479248070,1
864691135101924384,864691135489141818,1
864691135101924384,864691135489433914,2
864691135102072096,864691135479683014,1
864691135102192160,864691135489486650,1
864691135102249760,864691135479928774,1
864691135102385696,864691135479243462,4
864691135102425120,864691135478338728,1
864691135102492960,864691135478383528,1
864691135103946573,864691135479132614,1
864691135104001869,864691135488936762,1
864691135104021581,864691135489512250,1
864691135104414541,864691135479248070,1
864691135104485709,864691135489512250,1
864691135104523597,864691135489486650,1
864691135104860237,864691135488719674,1
864691135104897101,864691135479031238,1
864691135105014349,864691135479243462,1
864691135105048397,864691135488256570,1
864691135105050189,864691135488256570,2
864691135105050189,864691135488682692,2
864691135105052749,864691135478267590,1
864691135105068109,864691135488936762,1
864691135105074253,864691135490230119,1
864691135105149773,864691135489141818,1
864691135105822285,864691135479616454,1
864691135105988685,864691135489486650,1
864691135105992013,864691135479183814,1
864691135106189901,864691135478577576,1
864691135106189901,864691135488956218,2
864691135106189901,864691135489486650,5
864691135106367309,864691135479407558,1
864691135106367309,864691135488425274,1
864691135106730573,864691135479339462,1
864691135113158297,864691135488751162,1
864691135113351833,864691135488933690,1
864691135113437081,864691135488256570,1
864691135113440153,864691135489177658,1
864691135113610905,864691135489403194,1
864691135113617817,864691135479237318,1
864691135113621913,864691135478589352,1
864691135113649561,864691135479243462,3
864691135113649561,864691135489025850,1
864691135114124953,864691135489177658,1
864691135114150809,864691135478796230,1
864691135114165657,864691135488247866,3
864691135114169753,864691135479245254,1
864691135114169753,864691135479339462,1
864691135114295961,864691135479245254,4
864691135114499481,864691135479243462,1
864691135114582681,864691135490316346,1
864691135114679705,864691135488896570,1
864691135114911385,864691135488999226,1
864691135115018393,864691135478577576,1
864691135115018393,864691135488896570,1
864691135115122585,864691135490316346,1
864691135115221657,864691135489433914,1
864691135115393433,864691135488715066,1
864691135115424665,864691135479407558,1
864691135117778397,864691135479616454,1
864691135117784285,864691135489177658,1
864691135117799133,864691135489141818,1
864691135117807837,864691135488275258,2
864691135117837277,864691135488275258,1
864691135117980637,864691135490230119,1
864691135118157277,864691135479100358,1
864691135118228189,864691135488893754,1
864691135118242781,864691135478326214,1
864691135118242781,864691135479144902,1
864691135118242781,864691135489177402,2
864691135118298333,864691135479355846,2
864691135118506717,864691135478267590,1
864691135118614493,864691135481147846,1
864691135118817501,864691135479396550,1
864691135118845405,864691135489191482,1
864691135119436765,864691135478309830,2
864691135119436765,864691135488893754,4
864691135119436765,864691135488896570,1
864691135119436765,864691135489486650,1
864691135119506909,864691135478785990,1
864691135119506909,864691135479355846,1
864691135119629533,864691135479616454,1
864691135119839453,864691135478401448,1
864691135119839453,864691135479112902,1
864691135119839453,864691135489077562,2
864691135119877085,864691135488896570,1
864691135119920349,864691135479112902,1
864691135119924189,864691135481147846,1
864691135122299943,864691135490316346,1
864691135122334503,864691135489141818,1
864691135122340647,864691135488896570,1
864691135122342183,864691135489044026,1
864691135122417959,864691135489126458,3
864691135123062055,864691135479243462,2
864691135123355431,864691135489024058,2
864691135123508775,864691135478309830,1
864691135123508775,864691135489421114,3
864691135123528487,864691135479622086,1
864691135123605799,864691135478785990,1
864691135123605799,864691135489191482,1
864691135123714087,864691135490230119,1
864691135124023847,864691135478577576,2
864691135124099111,864691135489841466,2
864691135124404519,864691135479396550,2
864691135124507431,864691135478267590,1
864691135124508967,864691135489486650,1
864691135124547111,864691135489114938,1
864691135124608807,864691135478785990,1
864691135124690471,864691135479237318,4
864691135124690471,864691135488425274,1
864691135124690471,864691135488896570,1
864691135132656800,864691135489024058,3
864691135132668576,864691135480349638,1
864691135132671904,864691135488936762,1
864691135132681120,864691135489177658,2
864691135133008544,864691135478796230,1
864691135133035936,864691135479243462,1
864691135133039008,864691135489028410,1
864691135133061536,864691135479010502,1
864691135133162400,864691135488719674,1
864691135133580960,864691135478401448,2
864691135133586080,864691135490316346,1
864691135133599648,864691135488715066,1
864691135134052512,864691135478401448,1
864691135134114976,864691135478326952,2
864691135134146720,864691135488722746,1
864691135134315168,864691135478401448,2
864691135134667033,864691135488933690,1
864691135134689305,864691135480349638,2
864691135134690329,864691135489126458,1
864691135134702617,864691135488247866,1
864691135134704409,864691135488719674,2
864691135134715161,864691135490230119,3
864691135134826009,864691135479112902,1
864691135134852256,864691135478589352,3
864691135134852256,864691135479010502,1
864691135134852256,864691135479028678,4
864691135134852256,864691135479237318,2
864691135134852256,864691135488722746,1
864691135134921888,864691135479243462,1
864691135134938016,864691135479223238,2
864691135134945184,864691135488253242,1
864691135134957472,864691135479396550,1
864691135134957472,864691135488425274,1
864691135134957472,864691135489421114,2
864691135134957472,864691135490326074,1
864691135134985888,864691135478326952,2
864691135134986521,864691135489177658,1
864691135135035673,864691135488936762,1
864691135135085728,864691135488256570,1
864691135135087520,864691135488896570,1
864691135135126809,864691135479100358,1
864691135135127200,864691135479112902,1
864691135135181984,864691135489114938,1
864691135135406617,864691135479248070,1
864691135135485209,864691135488956986,1
864691135135546649,864691135479048390,1
864691135135548185,864691135488247866,1
864691135135557913,864691135489098042,2
864691135135628569,864691135479048390,1
864691135135661081,864691135479396550,2
864691135135669273,864691135479339462,1
864691135135675417,864691135479168454,1
864691135135727129,864691135489486650,3
864691135136268057,864691135489421114,1
864691135136523801,864691135479245254,1
864691135137105177,864691135481147846,1
864691135137105177,864691135490326074,1
864691135137341209,864691135488896570,1
864691135137357081,864691135478326952,3
864691135137357081,864691135478338728,7
864691135137357081,864691135478589352,3
864691135137357081,864691135479010502,2
864691135155540324,864691135480349638,1
864691135155540324,864691135489024058,1
864691135155542884,864691135489177658,1
864691135155543652,864691135479616454,1
864691135155543652,864691135488999226,1
864691135155620452,864691135489433914,1
864691135156319844,864691135479243462,1
864691135156391012,864691135479144902,1
864691135156397668,864691135488719674,1
864691135156430180,864691135489098042,1
864691135156462948,864691135488956986,1
864691135156472932,864691135479223238,1
864691135156749924,864691135490230119,1
864691135156774756,864691135488728634,1
864691135156821860,864691135478326952,2
864691135156821860,864691135478338728,2
864691135156880996,864691135490230119,1
864691135157315428,864691135479243462,1
864691135157437540,864691135479928774,1
864691135157619556,864691135479928774,1
864691135157649252,864691135488715066,1
864691135157649252,864691135489486650,1
864691135157652068,864691135479243462,1
864691135157784932,864691135479223238,2
864691135157784932,864691135489025850,1
864691135158047588,864691135481147846,1
864691135158052196,864691135479243462,1
864691135158055012,864691135488896570,1
864691135162227245,864691135489512250,3
864691135162246957,864691135488256570,1
864691135162629677,864691135489191482,1
864691135162745901,864691135488425274,1
864691135162908461,864691135479248070,1
864691135162909229,864691135478401448,1
864691135163085613,864691135488893754,1
864691135163094829,864691135488719674,1
864691135163127597,864691135479370694,1
864691135163226925,864691135488719674,1
864691135163328813,864691135488247866,1
864691135163365421,864691135488247866,3
864691135163366445,864691135488256570,1
864691135163372333,864691135479031238,1
864691135163372333,864691135489141818,11
864691135163379245,864691135478796230,1
864691135163379245,864691135479248582,1
864691135163379245,864691135488751162,1
864691135163379245,864691135489028410,1
864691135163912237,864691135478785990,1
864691135163912237,864691135488253242,2
864691135164186413,864691135479339462,1
864691135164291373,864691135489024058,1
864691135164408621,864691135480152262,2
864691135164408621,864691135489098042,5
864691135164553005,864691135478309830,1
864691135164641581,864691135479112902,2
864691135164857133,864691135479355846,3
864691135164857133,864691135489077562,1
864691135164927533,864691135479048390,1
864691135165036077,864691135479243462,1
864691135181698306,864691135489027642,1
864691135181703938,864691135479144902,1
864691135181710338,864691135479100358,1
864691135181710338,864691135489024058,1
864691135181755394,864691135489433914,1
864691135181765890,864691135489177402,1
864691135181768450,864691135488247866,1
864691135181768450,864691135489024058,1
864691135181773314,864691135488936762,1
864691135181779458,864691135489177658,1
864691135181800706,864691135489841466,2
864691135181807106,864691135488715066,1
864691135181813250,864691135488256570,1
864691135182075906,864691135478734022,1
864691135182077186,864691135489027642,1
864691135182086402,864691135478326952,1
864691135182240514,864691135479144902,1
864691135182526978,864691135479132614,1
864691135182712578,864691135480349638,1
864691135182713602,864691135478796230,1
864691135182809858,864691135479100358,1
864691135182812418,864691135478690246,1
864691135182812418,864691135488956986,1
864691135182815234,864691135490230119,1
864691135182820098,864691135479132614,1
864691135182841858,864691135489189178,1
864691135182843138,864691135478327208,1
864691135183493378,864691135489433914,1
864691135183740930,864691135490316346,1
864691135183764482,864691135489486650,1
864691135183789314,864691135488247866,3
864691135183789314,864691135488728634,1
864691135183789314,864691135488936762,1
864691135183866114,864691135479245254,1
864691135183968514,864691135478338728,1
864691135183968514,864691135488722746,1
864691135183972354,864691135489512250,1
864691135184022786,864691135479243462,1
864691135184022786,864691135481147846,1
864691135184022786,864691135488719674,2
864691135184104194,864691135490316346,1
864691135184119810,864691135488715066,1
864691135184126466,864691135489486650,2
864691135184160002,864691135479112902,1
864691135184160002,864691135483124267,1
864691135184160002,864691135489421114,1
864691135184225538,864691135478338728,1
864691135184294658,864691135478338728,2
864691135184294658,864691135479928774,1
864691135184294658,864691135489077562,1
864691135184294658,864691135489486650,1
864691135184294658,864691135490326074,1
864691135194432298,864691135489044026,1
864691135194753322,864691135479100358,2
864691135194756906,864691135488728634,1
864691135194782250,864691135488425274,1
864691135195251754,864691135479168454,1
864691135195357738,864691135488896570,1
864691135195424810,864691135479245254,1
864691135195424810,864691135488933690,1
864691135195468586,864691135478690246,3
864691135195468586,864691135489031226,2
864691135195486250,864691135489025850,1
864691135195526954,864691135490230119,1
864691135195530538,864691135489028410,1
864691135195620906,864691135489028410,1
864691135196201514,864691135478734790,1
864691135196291626,864691135489486650,1
864691135196385578,864691135490326074,2
864691135196444970,864691135489098042,1
864691135196506410,864691135479243462,1
864691135196720938,864691135480152262,1
864691135207727225,864691135488719674,1
864691135207749753,864691135488728634,1
864691135207758969,864691135480349638,1
864691135207761017,864691135488247866,1
864691135208514169,864691135489177658,1
864691135208566137,864691135489098042,1
864691135208673145,864691135489841466,1
864691135208674681,864691135478589352,1
864691135208707193,864691135489841466,1
864691135208721529,864691135488275258,1
864691135208861049,864691135479928774,1
864691135208926073,864691135489098042,1
864691135209080697,864691135479248582,1
864691135209080697,864691135488247866,6
864691135209080697,864691135489433914,1
864691135209096057,864691135490316346,1
864691135209106809,864691135479243462,1
864691135209134457,864691135478326952,1
864691135209576057,864691135488425274,1
864691135209585273,864691135488956218,1
864691135209739385,864691135488425274,1
864691135209994105,864691135478327208,2
864691135209994105,864691135478338728,1
864691135210017472,864691135479616454,1
864691135210017472,864691135489486650,2
864691135210048377,864691135478327208,3
864691135210058176,864691135489098042,1
864691135210074048,864691135479622086,1
864691135210131833,864691135478327208,1
864691135210134905,864691135478338728,2
864691135210446457,864691135478326952,4
864691135210446457,864691135478383528,1
864691135210446457,864691135478589352,2
864691135210446457,864691135478785990,2
864691135210446457,864691135479010502,1
864691135210446457,864691135479622086,1
864691135210446457,864691135488253242,4
864691135210446457,864691135489028410,1
864691135210446457,864691135489114938,1
864691135210483392,864691135489512250,1
864691135210483392,864691135490230119,1
864691135210834368,864691135478401448,1
864691135211113920,864691135488719674,1
864691135211217088,864691135479248070,1
864691135211306176,864691135490316346,7
864691135211542208,864691135489098042,1
864691135211724224,864691135488719674,1
864691135212292032,864691135488896570,1
864691135212363712,864691135478338728,1
864691135212363712,864691135489841466,2
864691135212398528,864691135478383528,1
864691135212398528,864691135478589352,1
864691135212398528,864691135479237318,1
864691135212398528,864691135488253242,1
864691135212411328,864691135488715066,1
864691135212492992,864691135479396550,1
864691135212492992,864691135489486650,1
864691135212508096,864691135478267590,2
864691135212508096,864691135478338728,1
864691135212508096,864691135489114938,1
864691135212515008,864691135479112902,1
864691135212607168,864691135478267590,1
864691135212619136,864691135488936762,2
864691135212651904,864691135490247015,1
864691135212680576,864691135479100358,1
864691135212684928,864691135479144902,1
864691135212684928,864691135489177658,2
864691135212695680,864691135480152262,1
864691135212699776,864691135479132614,1
864691135212734336,864691135479339462,1
864691135212746112,864691135479100358,1
864691135213026176,864691135489024058,1
864691135213029248,864691135480349638,1
864691135213049144,864691135479339462,2
864691135213049144,864691135489028410,1
864691135213049144,864691135489512250,1
864691135213056824,864691135479132614,1
864691135213058616,864691135489098042,1
864691135213060920,864691135489098042,1
864691135213077304,864691135478309830,9
864691135213077304,864691135488893754,3
864691135213077304,864691135489403194,2
864691135213080632,864691135479248070,1
864691135213081656,864691135479396550,1
864691135213109376,864691135480349638,1
864691135213114240,864691135488893754,1
864691135213153152,864691135489177658,1
864691135213172608,864691135489177658,1
864691135213543224,864691135479407558,1
864691135213562752,864691135489077562,1
864691135213596288,864691135479031238,1
864691135213619328,864691135479133126,1
864691135213626496,864691135479132614,1
864691135213702784,864691135488247866,1
864691135213708928,864691135479031238,3
864691135213752632,864691135479048390,1
864691135213859456,864691135489433914,1
864691135213925504,864691135479243462,1
864691135214154552,864691135489177658,1
864691135214163768,864691135479183814,2
864691135214328704,864691135479616454,2
864691135214381440,864691135479622086,10
864691135214381440,864691135489191482,3
864691135214467640,864691135479396550,2
864691135214467640,864691135488682692,2
864691135214467640,864691135488956986,1
864691135214611512,864691135489841466,1
864691135214643256,864691135488715066,1
864691135214643256,864691135489486650,3
864691135215078712,864691135478338728,11
864691135215078712,864691135479407558,1
864691135215120184,864691135489433914,1
864691135215131776,864691135479010502,1
864691135215131776,864691135479237318,1
864691135215142528,864691135479243462,1
864691135215148088,864691135479339462,1
864691135215148088,864691135479622086,6
864691135215148088,864691135489028410,6
864691135215170360,864691135479248070,1
864691135215175040,864691135481147846,1
864691135215175040,864691135489077562,3
864691135215192448,864691135488425274,1
864691135215217280,864691135478589352,1
864691135215217280,864691135479237318,1
864691135215217280,864691135488425274,2
864691135215217280,864691135488896570,1
864691135215217280,864691135489421114,5
864691135215235640,864691135488893754,1
864691135215235640,864691135488896570,2
864691135215252280,864691135489421114,1
864691135215254584,864691135479028678,1
864691135215254584,864691135490316346,1
864691135215313464,864691135488896570,1
864691135215348536,864691135479031238,1
864691135215360056,864691135478326214,2
864691135215360056,864691135489177658,1
864691135215450936,864691135488719674,1
864691135215450936,864691135488956986,1
864691135233102681,864691135479133126,1
864691135233119321,864691135489027642,1
864691135233123929,864691135479048390,1
864691135233125465,864691135489024058,1
864691135233143641,864691135479100358,1
864691135233398105,864691135479048390,1
864691135233406553,864691135488247866,2
864691135233406553,864691135488728634,1
864691135233495641,864691135478734022,1
864691135233568857,864691135479928774,2
864691135233568857,864691135481147846,4
864691135233568857,864691135490316346,1
864691135233963353,864691135478267590,1
864691135233981785,864691135488893754,1
864691135234074713,864691135489114938,3
864691135234191961,864691135489189178,1
864691135234193753,864691135479112902,1
864691135234336857,864691135490316346,1
864691135234633049,864691135479243462,1
864691135234998617,864691135488893754,1
864691135234998617,864691135489421114,2
864691135235196249,864691135479028678,2
864691135235196249,864691135479112902,5
864691135235196249,864691135489421114,5
864691135235344985,864691135489098042,6
864691135235363417,864691135478577576,1
864691135235363417,864691135479396550,2
864691135235363417,864691135488682692,1
864691135235363417,864691135489486650,1
864691135235386713,864691135479223238,1
864691135235386713,864691135479243462,1
864691135235425113,864691135479616454,1
864691135235425113,864691135488956218,2
864691135235437913,864691135479237318,1
864691135235437913,864691135489841466,1
864691135235496025,864691135479031238,2
864691135235496025,864691135479248070,1
864691135235496025,864691135480349638,1
864691135235509081,864691135489421114,1
864691135235509081,864691135490326074,1
864691135235527513,864691135478589352,3
864691135235527513,864691135479010502,3
864691135235527513,864691135479028678,2
864691135235527513,864691135479237318,1
864691135235527513,864691135488425274,2
864691135256132527,864691135479616454,1
864691135256132527,864691135489486650,1
864691135256138415,864691135478326952,1
864691135256138415,864691135489486650,2
864691135256176559,864691135488956986,1
864691135256182447,864691135489512250,1
864691135256456367,864691135479223238,2
864691135257200559,864691135478690246,1
864691135257201071,864691135481147846,1
864691135257244335,864691135479243462,2
864691135257371055,864691135489189178,1
864691135257379759,864691135479370694,1
864691135257498799,864691135479928774,2
864691135257589679,864691135488936762,2
864691135258169775,864691135490326074,1
864691135258274735,864691135479223238,1
864691135258489519,864691135479407558,1
864691135258635183,864691135478785990,1
864691135258635183,864691135479010502,1
864691135258635183,864691135479237318,1
864691135258635183,864691135479407558,1
864691135258635183,864691135488715066,1
864691135258655151,864691135489403194,1
864691135258681007,864691135488722746,1
864691135258681007,864691135489028410,2
864691135269705125,864691135479144902,1
864691135269722021,864691135479132614,2
864691135269726373,864691135489182522,1
864691135269733797,864691135489177658,1
864691135269736613,864691135489177658,1
864691135269752485,864691135489433914,2
864691135269753509,864691135479168454,1
864691135269771941,864691135479103174,1
864691135269795237,864691135489044026,1
864691135269809573,864691135489433914,1
864691135270096037,864691135489044026,1
864691135270319269,864691135488751162,1
864691135270572197,864691135479243462,3
864691135270579365,864691135488751162,1
864691135270868901,864691135481147846,1
864691135270957477,864691135489191482,1
864691135271103653,864691135489841466,1
864691135271343525,864691135478577576,2
864691135271394469,864691135478327208,2
864691135271394469,864691135479243462,1
864691135271671461,864691135478690246,1
864691135271915173,864691135478267590,1
864691135271915173,864691135483124267,1
864691135271915173,864691135489841466,3
864691135272042405,864691135488715066,1
864691135272105125,864691135488719674,1
864691135272160677,864691135488896570,8
864691135272160677,864691135489421114,1
864691135272171537,864691135489177658,1
864691135272176401,864691135489024058,1
864691135272183569,864691135478796230,1
864691135272187045,864691135488896570,1
864691135272218021,864691135478796230,1
864691135272218533,864691135479243462,1
864691135272268709,864691135478326952,1
864691135272268709,864691135478327208,1
864691135272268709,864691135489421114,1
864691135272268709,864691135490326074,1
864691135272285093,864691135479103174,1
864691135272392465,864691135489433914,3
864691135272398609,864691135488253242,1
864691135272419089,864691135490230119,1
864691135272567825,864691135488893754,1
864691135272594705,864691135488715066,2
864691135273149457,864691135489126458,1
864691135273163537,864691135479248070,1
864691135273247505,864691135479616454,1
864691135273248273,864691135488728634,1
864691135273260305,864691135479243462,1
864691135273265169,864691135488728634,1
864691135273270545,864691135490230119,1
864691135273287441,864691135478401448,1
864691135273287441,864691135479223238,2
864691135273735953,864691135480349638,1
864691135274076901,864691135478690246,1
864691135274078693,864691135489189178,2
864691135274091237,864691135478748358,1
864691135274101477,864691135488893754,1
864691135274101477,864691135489421114,1
864691135274109925,864691135490230119,1
864691135274110693,864691135480349638,2
864691135274113765,864691135489182522,1
864691135274120421,864691135478267590,1
864691135274124261,864691135489114938,2
864691135274140433,864691135488425274,2
864691135274140901,864691135490316346,1
864691135274427877,864691135479339462,1
864691135274497509,864691135489486650,1
864691135274512613,864691135489433914,1
864691135274512869,864691135479396550,2
864691135274520849,864691135479355846,2
864691135274525413,864691135478309830,1
864691135274525413,864691135488893754,2
864691135274525413,864691135489421114,1
864691135274546961,864691135479223238,1
864691135274546961,864691135479243462,3
864691135274634981,864691135488751162,1
864691135274738193,864691135479223238,2
864691135274738193,864691135479243462,6
864691135274738193,864691135489077562,1
864691135274738193,864691135490316346,1
864691135274830353,864691135479112902,1
864691135274860561,864691135478327208,1
864691135274973713,864691135478338728,1
864691135275006225,864691135479010502,1
864691135275018725,864691135490230119,2
864691135275024101,864691135478326214,1
864691135275024101,864691135489177658,2
864691135275132389,864691135488247866,1
864691135275136997,864691135488896570,1
864691135275197669,864691135490230119,1
864691135275392741,864691135478401448,1
864691135275624677,864691135489114938,4
864691135275939813,864691135488728634,3
864691135275983589,864691135488722746,2
864691135276413157,864691135488896570,2
864691135276413157,864691135489421114,2
864691135276557797,864691135478326952,1
864691135276599013,864691135479370694,1
864691135276759781,864691135490316346,1
864691135276776677,864691135489486650,1
864691135276776677,864691135489841466,1
864691135276917733,864691135478796230,2
864691135276917733,864691135489512250,3
864691135276917733,864691135490230119,2
864691135276975333,864691135489028410,1
864691135277221605,864691135479622086,1
864691135277221605,864691135489028410,1
864691135277337061,864691135478327208,1
864691135277337061,864691135479243462,1
864691135277506533,864691135479396550,1
864691135277615589,864691135488896570,2
864691135277645029,864691135478326952,1
864691135277645029,864691135488896570,1
864691135277673957,864691135479396550,2
864691135277673957,864691135488715066,1
864691135277713893,864691135478785990,1
864691135277713893,864691135479370694,1
864691135277713893,864691135489077562,2
864691135278194081,864691135490316346,1
864691135278198689,864691135488956986,1
864691135278201761,864691135478589352,1
864691135278201761,864691135479010502,1
864691135278216609,864691135489028410,1
864691135278229409,864691135488247866,1
864691135278526881,864691135479168454,1
864691135278526881,864691135489512250,1
864691135278567329,864691135489098042,1
864691135278648737,864691135480349638,1
864691135278830241,864691135479010502,1
864691135278830241,864691135479028678,1
864691135278830241,864691135488425274,1
864691135279019169,864691135489177658,1
864691135279120033,864691135488933690,1
864691135279137185,864691135478326952,1
864691135279273377,864691135479248582,1
864691135279429025,864691135478577576,2
864691135279591841,864691135479223238,1
864691135279848865,864691135489841466,6
864691135280496289,864691135479407558,1
864691135280496289,864691135488715066,1
864691135280842145,864691135489433914,1
864691135280860833,864691135479112902,1
864691135280860833,864691135488896570,1
864691135280860833,864691135489421114,4
864691135280866977,864691135479112902,1
864691135280869537,864691135478327208,1
864691135280871073,864691135479245254,1
864691135280871073,864691135479407558,3
864691135280871073,864691135489841466,2
864691135280879009,864691135479339462,1
864691135280891553,864691135488896570,1
864691135280901281,864691135489177658,1
864691135280944033,864691135488425274,1
864691135280944033,864691135488896570,1
864691135280944033,864691135489421114,1
864691135280944545,864691135488425274,1
864691135281078689,864691135478785990,2
864691135281078689,864691135479622086,1
864691135281078689,864691135488253242,1
864691135281086881,864691135479683014,1
864691135281121441,864691135481147846,1
864691135281208481,864691135479028678,1
864691135281218977,864691135481147846,2
864691135281227425,864691135489841466,1
864691135281252001,864691135478338728,1
864691135291722422,864691135478734022,1
864691135291728310,864691135490316346,2
864691135291728822,864691135489841466,1
864691135291751094,864691135478748358,1
864691135291757238,864691135488896570,1
864691135291783350,864691135478637766,1
864691135292293046,864691135488728634,1
864691135292583094,864691135480349638,1
864691135292641462,864691135488719674,1
864691135292689078,864691135489177402,1
864691135292739254,864691135479144902,1
864691135292744630,864691135489433914,1
864691135292903862,864691135489433914,1
864691135293065996,864691135489024058,1
864691135293074188,864691135479168454,1
864691135293339404,864691135489024058,2
864691135293605558,864691135478785990,1
864691135293605558,864691135489098042,1
864691135293678006,864691135478327208,1
864691135293678006,864691135478401448,1
864691135293762230,864691135488896570,1
864691135293767692,864691135489191482,1
864691135293791926,864691135479407558,1
864691135293791926,864691135488715066,3
864691135293846796,864691135489177658,1
864691135294038540,864691135479243462,1
864691135294111756,864691135490230119,1
864691135294115084,864691135479223238,1
864691135294115084,864691135479243462,2
864691135294124812,864691135478796230,2
864691135294124812,864691135490230119,7
864691135294159116,864691135480349638,1
864691135294161932,864691135480152262,1
864691135294211254,864691135479616454,1
864691135294275254,864691135478577576,1
864691135294360844,864691135479683014,1
864691135294376630,864691135490316346,1
864691135294380300,864691135478748358,1
864691135294464524,864691135479248070,2
864691135294537654,864691135489841466,2
864691135294633654,864691135478327208,2
864691135294633654,864691135478577576,1
864691135294633654,864691135479112902,2
864691135294633654,864691135479245254,1
864691135294633654,864691135481147846,3
864691135294633654,864691135490326074,5
864691135294667020,864691135479112902,1
864691135294667020,864691135479396550,1
864691135294667020,864691135488425274,4
864691135294667020,864691135489421114,2
864691135294695350,864691135478401448,4
864691135294695350,864691135479223238,1
864691135294708918,864691135478326952,1
864691135294719158,864691135478383528,3
864691135294719158,864691135478589352,2
864691135294719158,864691135478785990,6
864691135294719158,864691135488253242,2
864691135294753036,864691135479031238,1
864691135294753206,864691135479010502,1
864691135294753206,864691135489114938,1
864691135294848438,864691135489421114,1
864691135294885814,864691135479370694,1
864691135294950838,864691135479243462,1
864691135295013558,864691135479396550,1
864691135295021494,864691135489421114,1
864691135295058700,864691135479112902,1
864691135295058700,864691135488425274,1
864691135295058700,864691135488896570,1
864691135295058700,864691135489421114,1
864691135295267596,864691135479396550,1
864691135295267596,864691135479683014,1
864691135295282700,864691135478338728,1
864691135295282700,864691135478383528,2
864691135295351820,864691135479243462,1
864691135295364364,864691135488682692,1
864691135295389708,864691135488719674,1
864691135303156903,864691135480152262,1
864691135303299239,864691135488933690,1
864691135303299239,864691135488999226,2
864691135303565991,864691135478338728,1
864691135303565991,864691135479237318,1
864691135304006567,864691135478645190,1
864691135304032935,864691135478338728,1
864691135304060839,864691135489177402,2
864691135304159399,864691135488719674,1
864691135304184231,864691135479048390,1
864691135304186791,864691135479339462,1
864691135304448423,864691135479168454,1
864691135304484263,864691135489433914,2
864691135304560807,864691135488715066,1
864691135304679079,864691135488896570,1
864691135304949927,864691135479243462,1
864691135304949927,864691135488719674,1
864691135305066407,864691135488722746,2
864691135305066407,864691135489191482,1
864691135305084327,864691135488682692,3
864691135305488551,864691135479622086,3
864691135305488551,864691135480152262,1
864691135305585063,864691135478327208,1
864691135305585063,864691135479243462,2
864691135305607079,864691135488715066,2
864691135305724583,864691135478645190,1
864691135305730471,864691135478401448,2
864691135305730471,864691135479370694,1
864691135305730471,864691135479928774,1
864691135305730471,864691135481147846,1
864691135307110726,864691135479100358,2
864691135307111494,864691135478267590,1
864691135307121222,864691135488936762,1
864691135307123526,864691135479339462,1
864691135307375686,864691135489024058,1
864691135307454278,864691135478645190,1
864691135307973446,864691135480152262,1
864691135308006470,864691135479370694,1
864691135308087878,864691135489512250,1
864691135309325638,864691135478401448,1
864691135309325638,864691135479355846,1
864691135309325638,864691135479370694,1
864691135309325638,864691135481147846,1
864691135309325638,864691135488253242,1
864691135309325638,864691135489077562,1
864691135309326406,864691135478401448,1
864691135309338950,864691135488256570,1
864691135309722950,864691135478327208,1
864691135309722950,864691135478338728,4
864691135309727302,864691135479396550,1
864691135309834054,864691135479928774,1
864691135309864774,864691135478785990,1
864691135322929052,864691135489486650,1
864691135322930844,864691135479407558,1
864691135322948252,864691135489177658,1
864691135322955164,864691135478796230,1
864691135322960796,864691135479100358,1
864691135322963612,864691135479144902,1
864691135322995612,864691135479339462,1
864691135323181212,864691135481147846,1
864691135323181212,864691135490326074,2
864691135323309212,864691135489512250,1
864691135323646620,864691135478785990,1
864691135323728540,864691135488751162,1
864691135323951516,864691135479248070,1
864691135323962524,864691135489177658,1
864691135323970972,864691135479622086,1
864691135323973276,864691135488247866,2
864691135324399260,864691135479243462,1
864691135324399260,864691135490316346,1
864691135324551324,864691135489841466,1
864691135324591772,864691135479355846,2
864691135324725404,864691135479112902,1
864691135324876444,864691135479928774,1
864691135325064604,864691135478383528,1
864691135325064604,864691135478589352,3
864691135325408156,864691135488956986,1
864691135325551004,864691135488896570,1
864691135325561500,864691135478401448,1
864691135325561500,864691135479928774,1
864691135325562012,864691135478326952,1
864691135325562012,864691135488715066,1
864691135334495209,864691135479355846,1
864691135334525929,864691135488682692,1
864691135334539241,864691135479339462,1
864691135334539241,864691135489512250,1
864691135334821865,864691135488751162,1
864691135334857193,864691135488933690,1
864691135334878697,864691135479028678,1
864691135335236585,864691135489486650,1
864691135335242473,864691135488936762,1
864691135335321577,864691135478637766,1
864691135335321833,864691135479112902,1
864691135335324905,864691135489024058,1
864691135335367401,864691135489841466,1
864691135335389417,864691135479243462,1
864691135335592169,864691135478401448,1
864691135335601641,864691135489031226,2
864691135335744745,864691135488247866,4
864691135335998953,864691135479168454,1
864691135335998953,864691135489024058,1
864691135336055529,864691135488896570,1
864691135336616937,864691135488896570,1
864691135336814569,864691135479339462,1
864691135336841193,864691135478327208,1
864691135337004777,864691135478338728,1
864691135337004777,864691135490326074,1
864691135337039337,864691135489421114,1
864691135337682406,864691135489512250,1
864691135337691366,864691135479048390,1
864691135337721318,864691135479031238,1
864691135337722342,864691135479100358,1
864691135337748454,864691135488936762,1
864691135337753062,864691135479183814,2
864691135337753574,864691135489486650,1
864691135337762534,864691135488933690,1
864691135338143974,864691135479243462,1
864691135338153958,864691135478309830,1
864691135338262246,864691135488933690,1
864691135338262246,864691135489098042,1
864691135338335974,864691135479031238,1
864691135338494438,864691135479339462,1
864691135338655974,864691135489177658,1
864691135338679014,864691135489433914,1
864691135338773990,864691135489177658,1
864691135338791398,864691135489189178,1
864691135338797542,864691135479168454,2
864691135338803686,864691135488247866,2
864691135338905062,864691135479237318,1
864691135338957286,864691135479243462,1
864691135338957286,864691135479396550,1
864691135339387878,864691135479103174,2
864691135339387878,864691135489028410,1
864691135339631590,864691135478309830,1
864691135339631590,864691135488682692,1
864691135339729894,864691135479010502,1
864691135339919078,864691135479243462,2
864691135340160230,864691135479112902,1
864691135340160230,864691135479237318,1
864691135340160230,864691135488715066,1
864691135340201446,864691135479010502,1
864691135340285670,864691135478401448,1
864691135340961477,864691135479245254,1
864691135340961477,864691135479339462,2
864691135340974789,864691135479407558,1
864691135340982725,864691135479168454,1
864691135340983749,864691135478796230,1
864691135340983749,864691135488751162,1
864691135341009349,864691135479100358,1
864691135341012165,864691135489177402,1
864691135341017797,864691135488936762,1
864691135341026245,864691135478267590,1
864691135341035973,864691135479355846,1
864691135341044421,864691135479243462,1
864691135341060037,864691135479243462,1
864691135341123525,864691135479168454,1
864691135341123525,864691135488751162,1
864691135341123525,864691135489189178,1
864691135341123525,864691135490230119,1
864691135341145009,864691135488936762,2
864691135341161649,864691135489177658,1
864691135341168305,864691135479245254,1
864691135341198789,864691135489433914,1
864691135341198789,864691135490230119,1
864691135341318853,864691135488933690,1
864691135341368517,864691135488936762,3
864691135341369797,864691135479144902,1
864691135341476037,864691135478690246,1
864691135341501617,864691135479144902,1
864691135341554609,864691135479031238,2
864691135341650353,864691135478577576,1
864691135341768881,864691135489077562,1
864691135341783985,864691135479370694,1
864691135341934001,864691135479223238,2
864691135341937841,864691135489098042,1
864691135341966769,864691135489177658,1
864691135341977009,864691135478309830,1
864691135341996485,864691135478995910,1
864691135342001073,864691135479407558,1
864691135342006705,864691135478796230,1
864691135342006705,864691135489512250,1
864691135342006705,864691135490230119,1
864691135342024389,864691135490247015,1
864691135342027717,864691135479248582,1
864691135342034117,864691135479245254,1
864691135342038981,864691135488275258,1
864691135342058437,864691135489177658,4
864691135342091697,864691135478796230,2
864691135342208453,864691135478338728,2
864691135342211249,864691135488728634,2
864691135342211249,864691135490230119,1
864691135342211761,864691135478309830,1
864691135342211761,864691135489421114,2
864691135342233285,864691135479223238,1
864691135342334149,864691135479243462,5
864691135342389957,864691135490230119,2
864691135342476209,864691135489512250,1
864691135342627505,864691135478338728,1
864691135342801585,864691135488956218,1
864691135342822833,864691135479370694,5
864691135342876081,864691135478338728,1
864691135342876081,864691135478785990,4
864691135342876081,864691135479245254,1
864691135342876081,864691135488722746,1
864691135342958789,864691135478338728,1
864691135342958789,864691135488751162,1
864691135342995377,864691135489025850,3
864691135343016369,864691135478326952,1
864691135343314097,864691135479396550,1
864691135343367877,864691135479396550,1
864691135343569585,864691135488247866,1
864691135343588549,864691135479223238,2
864691135343588549,864691135479243462,4
864691135343618501,864691135488682692,4
864691135343618501,864691135488956986,3
864691135343618501,864691135489031226,1
864691135343625905,864691135479168454,1
864691135343625905,864691135480349638,1
864691135343675077,864691135479010502,1
864691135343685573,864691135489403194,1
864691135343706565,864691135481147846,7
864691135343706565,864691135490326074,3
864691135343719345,864691135490316346,1
864691135343840945,864691135478401448,1
864691135343952049,864691135478327208,1
864691135343967153,864691135479928774,1
864691135343967153,864691135489077562,2
864691135343974321,864691135489421114,2
864691135343974577,864691135479243462,3
864691135344015025,864691135478338728,1
864691135344015025,864691135479245254,1
864691135345141663,864691135490316346,1
864691135345142687,864691135478637766,1
864691135345147295,864691135489433914,1
864691135345234335,864691135479223238,2
864691135345234335,864691135479243462,1
864691135345235103,864691135479339462,6
864691135345241759,864691135488247866,1
864691135345258911,864691135478338728,2
864691135345542303,864691135479223238,2
864691135345542303,864691135488719674,1
864691135345672351,864691135489486650,1
864691135345771167,864691135489098042,2
864691135345771935,864691135488896570,1
864691135345796255,864691135489433914,1
864691135345900959,864691135479243462,2
864691135345952415,864691135489031226,1
864691135346125215,864691135479248070,1
864691135346157983,864691135479616454,1
864691135346162079,864691135488936762,1
864691135346171295,864691135489189178,1
864691135346172575,864691135490316346,1
864691135346488479,864691135489841466,1
864691135346616479,864691135479245254,1
864691135346685855,864691135488896570,1
864691135346692767,864691135478796230,4
864691135346962335,864691135479223238,1
864691135346962335,864691135481147846,1
864691135346997919,864691135479248582,1
864691135346997919,864691135488728634,2
864691135347123103,864691135479407558,1
864691135347166623,864691135478401448,1
864691135347511199,864691135490326074,1
864691135347627423,864691135489486650,1
864691135347633567,864691135488425274,1
864691135347672991,864691135479010502,1
864691135347756959,864691135488715066,1
864691135347849631,864691135479243462,1
864691135347849631,864691135479683014,1
864691135348269783,864691135488275258,2
864691135348271063,864691135478637766,1
864691135348282839,864691135489182522,1
864691135348283863,864691135489189178,1
864691135348298967,864691135478796230,1
864691135348298967,864691135488751162,1
864691135348298967,864691135489433914,1
864691135348298967,864691135490230119,1
864691135349118423,864691135489433914,1
864691135349141463,864691135479183814,1
864691135349185239,864691135479396550,1
864691135349187543,864691135479183814,1
864691135349297111,864691135489841466,1
864691135349302487,864691135488751162,1
864691135349302487,864691135489433914,1
864691135349611479,864691135479928774,1
864691135350179543,864691135478383528,1
864691135350542039,864691135479031238,1
864691135350645463,864691135488896570,1
864691135350898135,864691135478577576,1
864691135350948055,864691135479407558,2
864691135350977751,864691135481147846,1
864691135350977751,864691135490326074,3
864691135351151319,864691135479683014,1
864691135351207383,864691135488896570,1
864691135351291351,864691135488896570,1
864691135351300823,864691135488722746,1
864691135354884815,864691135488933690,1
864691135354895311,864691135478589352,1
864691135354896847,864691135488999226,1
864691135354899919,864691135479248070,1
864691135354899919,864691135488275258,1
864691135354915279,864691135479339462,1
864691135355492047,864691135489028410,1
864691135355568079,864691135478589352,1
864691135355757007,864691135489028410,1
864691135355923919,864691135489421114,1
864691135355988175,864691135479100358,1
864691135355992271,864691135478995910,1
864691135355997391,864691135488719674,1
864691135356022991,864691135479683014,1
864691135356063951,864691135479248070,2
864691135356087247,864691135481147846,1
864691135356400847,864691135479407558,1
864691135356400847,864691135479683014,1
864691135356400847,864691135488715066,2
864691135356708303,864691135489841466,2
864691135356765903,864691135488751162,1
864691135356765903,864691135489512250,1
864691135357012687,864691135478327208,1
864691135357078479,864691135479683014,3
864691135357078479,864691135488956218,1
864691135357089487,864691135479010502,1
864691135357197775,864691135479010502,1
864691135357283791,864691135489841466,1
864691135357422543,864691135488896570,1
864691135357422543,864691135490326074,1
864691135357427407,864691135478327208,1
864691135357429199,864691135478589352,4
864691135357429199,864691135479237318,1
864691135357429199,864691135488425274,1
864691135357517007,864691135479407558,1
864691135357517007,864691135488896570,1
864691135358808664,864691135479183814,3
864691135358819160,864691135489031226,2
864691135358833752,864691135478796230,1
864691135359411800,864691135478326952,2
864691135359425624,864691135488275258,1
864691135359534424,864691135479103174,1
864691135359945816,864691135479245254,1
864691135359945816,864691135489028410,4
864691135359986264,864691135479243462,1
864691135360108871,864691135489028410,2
864691135360123207,864691135479168454,1
864691135360128071,864691135488751162,2
864691135360142407,864691135479144902,1
864691135360166215,864691135490230119,1
864691135360168775,864691135490247015,1
864691135360346200,864691135478326952,1
864691135360346200,864691135490316346,1
864691135360515928,864691135478401448,1
864691135360515928,864691135489077562,1
864691135360557656,864691135489433914,1
864691135360558936,864691135490247015,1
864691135360737112,864691135488893754,2
864691135360810567,864691135489141818,1
864691135361005383,864691135489191482,1
864691135361030471,864691135480349638,1
864691135361075288,864691135479407558,1
864691135361103175,864691135489152826,1
864691135361115975,864691135479339462,2
864691135361199192,864691135479223238,2
864691135361199192,864691135489025850,1
864691135361199192,864691135489421114,1
864691135361206104,864691135479243462,3
864691135361231448,864691135478383528,1
864691135361231448,864691135478589352,1
864691135361247815,864691135488933690,1
864691135361347143,864691135489433914,1
864691135361432391,864691135489841466,5
864691135361605703,864691135489841466,1
864691135361778503,864691135478309830,2
864691135362052679,864691135479683014,1
864691135362105415,864691135479396550,1
864691135362526023,864691135478338728,2
864691135362526023,864691135488715066,1
864691135362528583,864691135478401448,1
864691135366936825,864691135478326952,1
864691135366936825,864691135489098042,1
864691135366941689,864691135478690246,1
864691135366960633,864691135489177658,1
864691135366974457,864691135479031238,1
864691135367013369,864691135489028410,1
864691135367436537,864691135488751162,1
864691135367436537,864691135489433914,1
864691135367827961,864691135478690246,1
864691135367861753,864691135478309830,1
864691135368086777,864691135488936762,1
864691135368104441,864691135488247866,1
864691135368107257,864691135488936762,1
864691135368407289,864691135478338728,1
864691135368563193,864691135479407558,1
864691135368655609,864691135478327208,1
864691135368860409,864691135479396550,1
864691135368860409,864691135488896570,2
864691135368860409,864691135489421114,2
864691135368950521,864691135479237318,1
864691135368954361,864691135478326952,1
864691135368954361,864691135478589352,3
864691135368954361,864691135479237318,1
864691135368954361,864691135479245254,1
864691135368954361,864691135489114938,2
864691135369075442,864691135489114938,1
864691135369500153,864691135478577576,1
864691135369500153,864691135479010502,2
864691135369500153,864691135489114938,1
864691135369575929,864691135488247866,1
864691135369616377,864691135490316346,1
864691135369635833,864691135479237318,2
864691135369713913,864691135479243462,1
864691135369764601,864691135478401448,2
864691135369764601,864691135479407558,1
864691135369764601,864691135481147846,1
864691135369764601,864691135488896570,1
864691135373397448,864691135490230119,1
864691135373404104,864691135488247866,1
864691135373407944,864691135488999226,1
864691135373414856,864691135480152262,1
864691135373658185,864691135480152262,1
864691135373667145,864691135488956986,1
864691135373673033,864691135490247015,1
864691135373680328,864691135478326952,1
864691135373680328,864691135478589352,3
864691135373680969,864691135489177658,1
864691135373693384,864691135479248582,1
864691135373693384,864691135480349638,1
864691135373693384,864691135489433914,1
864691135373703241,864691135488425274,1
864691135373745481,864691135488956986,1
864691135373746249,864691135479245254,1
864691135373747017,864691135489486650,1
864691135373753417,864691135488247866,3
864691135373776584,864691135479248582,1
864691135373820104,864691135488933690,1
864691135373995720,864691135490230119,1
864691135374121545,864691135488682692,1
864691135374126409,864691135479048390,1
864691135374225864,864691135479407558,1
864691135374351048,864691135479243462,1
864691135374436937,864691135478383528,1
864691135374455496,864691135479396550,1
864691135374455496,864691135488896570,1
864691135374619465,864691135490316346,1
864691135374678089,864691135488247866,1
864691135374685384,864691135489189178,1
864691135374698057,864691135479243462,2
864691135374711113,864691135489182522,1
864691135374907977,864691135479168454,1
864691135374907977,864691135489024058,1
864691135374926665,864691135479370694,1
864691135375005769,864691135488247866,1
864691135375107272,864691135478327208,1
864691135375107272,864691135478401448,1
864691135375107272,864691135490316346,1
864691135375135561,864691135489841466,1
864691135375430985,864691135479223238,2
864691135375430985,864691135479243462,5
864691135375473993,864691135490230119,7
864691135375498952,864691135489028410,1
864691135375826120,864691135489403194,1
864691135375895752,864691135488896570,1
864691135375956424,864691135488896570,5
864691135375975880,864691135478338728,1
864691135376057032,864691135488719674,1
864691135376399689,864691135481147846,1
864691135376399689,864691135489421114,3
864691135376408649,864691135478401448,5
864691135376408649,864691135479243462,1
864691135376413001,864691135490316346,2
864691135376429897,864691135488956218,1
864691135376453193,864691135479683014,1
864691135376453193,864691135488896570,1
864691135376493897,864691135488933690,2
864691135376575049,864691135479112902,1
864691135379650034,864691135478577576,1
864691135379650034,864691135479396550,5
864691135382160370,864691135489152826,1
864691135382474970,864691135489189178,1
864691135382590938,864691135478267590,2
864691135382590938,864691135489191482,2
864691135382905323,864691135488719674,1
864691135382942682,864691135478734022,1
864691135382942682,864691135478796230,1
864691135382942682,864691135488751162,3
864691135382942682,864691135489512250,3
864691135382942682,864691135490230119,2
864691135383220442,864691135479243462,2
864691135383296235,864691135490230119,1
864691135383391962,864691135480152262,1
864691135383422170,864691135489433914,1
864691135383484634,864691135478326952,1
864691135383487194,864691135488256570,1
864691135383553515,864691135479339462,1
864691135383653594,864691135490230119,1
864691135383771354,864691135479248070,1
864691135383822827,864691135489841466,2
864691135383833306,864691135479339462,3
864691135383936730,864691135478326952,2
864691135384090091,864691135479928774,1
864691135384146923,864691135490230119,1
864691135384203226,864691135489486650,1
864691135384407275,864691135478577576,1
864691135384465138,864691135479370694,1
864691135384517338,864691135480152262,1
864691135384526554,864691135479396550,8
864691135384758763,864691135488425274,1
864691135384790746,864691135478589352,1
864691135384926426,864691135478338728,2
864691135384926426,864691135489486650,1
864691135384926426,864691135489841466,1
864691135385011674,864691135479243462,2
864691135385020122,864691135478327208,1
864691135385020122,864691135481147846,1
864691135385126379,864691135479243462,2
864691135385168875,864691135488896570,1
864691135385249877,864691135479183814,1
864691135385251413,864691135489028410,1
864691135385264981,864691135489098042,1
864691135385290837,864691135490230119,1
864691135385346539,864691135479928774,1
864691135385375723,864691135488893754,1
864691135385394411,864691135479223238,1
864691135385532245,864691135490316346,4
864691135385657941,864691135489024058,2
864691135385683285,864691135479243462,1
864691135385774165,864691135488719674,1
864691135385820501,864691135478309830,1
864691135386194005,864691135489191482,1
864691135386319445,864691135479243462,2
864691135386358913,864691135489841466,1
864691135386371457,864691135479010502,1
864691135386371457,864691135489114938,1
864691135386387029,864691135479168454,1
864691135386403969,864691135488722746,1
864691135386498433,864691135479103174,1
864691135386498433,864691135489141818,1
864691135386498433,864691135489433914,1
864691135386498433,864691135490230119,1
864691135386771285,864691135489044026,1
864691135387028609,864691135489177658,1
864691135387042645,864691135488682692,1
864691135387076693,864691135489841466,1
864691135387181141,864691135479133126,1
864691135387327617,864691135489126458,1
864691135387372629,864691135479407558,1
864691135387372629,864691135488715066,2
864691135387405697,864691135489126458,1
864691135387410049,864691135479132614,3
864691135387418241,864691135489025850,1
864691135387433857,864691135490247015,2
864691135387529301,864691135478327208,4
864691135387529301,864691135478401448,2
864691135387529301,864691135479370694,1
864691135387529301,864691135479928774,3
864691135387529301,864691135481147846,2
864691135387557973,864691135479112902,1
864691135387557973,864691135481147846,1
864691135387557973,864691135490326074,1
864691135387614849,864691135488936762,2
864691135387674753,864691135490326074,1
864691135387736961,864691135479223238,1
864691135388015445,864691135478338728,1
864691135388015445,864691135479396550,1
864691135388068181,864691135488425274,1
864691135388068181,864691135488722746,1
864691135388068181,864691135488896570,1
864691135388092545,864691135478577576,1
864691135388092545,864691135488715066,1
864691135388545921,864691135488956218,1
864691135388570497,864691135479223238,1
864691135388570497,864691135479243462,1
864691135388590209,864691135479616454,1
864691135388660865,864691135489486650,1
864691135388961665,864691135478309830,2
864691135388961665,864691135488893754,2
864691135389231233,864691135478589352,1
864691135389231233,864691135479237318,2
864691135389256833,864691135488896570,1
864691135389273217,864691135479355846,1
864691135389296769,864691135479243462,1
864691135389321345,864691135478338728,2
864691135393949173,864691135479243462,1
864691135393954037,864691135489098042,1
864691135393968885,864691135479048390,1
864691135393975285,864691135478338728,1
864691135393980405,864691135490230119,1
864691135393991413,864691135479622086,1
864691135394009077,864691135489114938,1
864691135394457077,864691135488893754,1
864691135394655989,864691135488933690,1
864691135394659061,864691135478338728,1
864691135394746869,864691135479223238,1
864691135394804469,864691135488728634,1
864691135394804469,864691135488936762,1
864691135394804469,864691135489189178,1
864691135394967797,864691135489182522,1
864691135394969333,864691135480152262,3
864691135394969333,864691135489098042,4
864691135394972405,864691135489433914,1
864691135394982133,864691135479245254,1
864691135394982133,864691135479248070,1
864691135394982133,864691135489177658,3
864691135395410677,864691135479223238,2
864691135395410677,864691135479243462,1
864691135395410677,864691135490316346,1
864691135395465461,864691135479103174,1
864691135395465461,864691135479168454,1
864691135395465461,864691135489177658,2
864691135395511029,864691135480349638,1
864691135395843573,864691135479237318,1
864691135395843573,864691135489421114,1
864691135395957493,864691135478309830,1
864691135395957493,864691135488425274,1
864691135395957493,864691135488896570,4
864691135396172533,864691135478338728,2
864691135396342517,864691135489028410,4
864691135396342517,864691135489512250,1
864691135396389921,864691135489841466,4
864691135396392225,864691135488728634,1
864691135396398881,864691135489191482,1
864691135396570401,864691135489025850,2
864691135396701429,864691135478577576,1
864691135396702753,864691135488936762,2
864691135396888097,864691135478577576,1
864691135396890869,864691135478327208,1
864691135396910325,864691135478326952,1
864691135397055733,864691135478326952,1
864691135397170209,864691135488425274,1
864691135397171745,864691135488893754,1
864691135397174561,864691135488719674,1
864691135397209377,864691135479100358,1
864691135397209377,864691135488247866,1
864691135397303841,864691135479223238,1
864691135397326113,864691135479355846,1
864691135397374753,864691135490230119,1
864691135397455649,864691135478327208,1
864691135397464865,864691135479407558,1
864691135397579553,864691135479339462,2
864691135397781537,864691135489486650,5
864691135397960481,864691135489141818,1
864691135397985569,864691135479031238,1
864691135398717217,864691135478267590,5
864691135398717217,864691135480152262,3
864691135398717217,864691135488933690,2
864691135398955809,864691135479243462,3
864691135398955809,864691135490316346,1
864691135398987297,864691135478326952,1
864691135398987297,864691135479237318,1
864691135398987297,864691135479407558,2
864691135398987297,864691135488425274,10
864691135398987297,864691135488715066,1
864691135398987297,864691135488896570,6
864691135403726830,864691135478577576,1
864691135403726830,864691135489841466,2
864691135403742958,864691135479100358,1
864691135403755758,864691135490230119,1
864691135403763438,864691135479248070,1
864691135403779822,864691135489027642,1
864691135403788014,864691135479339462,1
864691135404357870,864691135480152262,1
864691135404635886,864691135479339462,2
864691135404636654,864691135488719674,1
864691135405071086,864691135479339462,1
864691135405071086,864691135488933690,1
864691135405337326,864691135478796230,1
864691135405337326,864691135488956218,1
864691135405480430,864691135479112902,3
864691135405480430,864691135488425274,1
864691135405480430,864691135489421114,2
864691135405691118,864691135479243462,1
864691135405699822,864691135478338728,1
864691135405725166,864691135479616454,1
864691135405766638,864691135488719674,1
864691135405766638,864691135488956986,1
864691135405794030,864691135478338728,1
864691135407269577,864691135490316346,1
864691135407553737,864691135479132614,1
864691135407641545,864691135490230119,1
864691135407676361,864691135478589352,1
864691135408009929,864691135488247866,1
864691135408055753,864691135479243462,1
864691135408137673,864691135479396550,1
864691135408137673,864691135488896570,1
864691135408209353,864691135488247866,1
864691135408211145,864691135479031238,1
864691135408211145,864691135488751162,1
864691135408402889,864691135478401448,1
864691135408445641,864691135488719674,1
864691135408445641,864691135489044026,2
864691135408641737,864691135479248070,1
864691135408839625,864691135488956986,2
864691135408983241,864691135478326952,1
864691135408983241,864691135478577576,1
864691135408983241,864691135489486650,1
864691135409058249,864691135489403194,1
864691135409217993,864691135479407558,2
864691135409217993,864691135488751162,1
864691135409229001,864691135489841466,1
864691135409523401,864691135478327208,2
864691135409523401,864691135478401448,4
864691135409523401,864691135479355846,1
864691135409523401,864691135479370694,2
864691135409523401,864691135479928774,2
864691135409523401,864691135489077562,1
864691135409554121,864691135478785990,2
864691135409554121,864691135479355846,1
864691135409554121,864691135479622086,1
864691135409554121,864691135489191482,1
864691135409739465,864691135478338728,1
864691135409856713,864691135478327208,1
864691135409856713,864691135479112902,2
864691135409856713,864691135490326074,7
864691135410057417,864691135478401448,1
864691135410077897,864691135479622086,1
864691135410077897,864691135488751162,1
864691135410116041,864691135479031238,1
864691135410120393,864691135478338728,1
864691135410186441,864691135478338728,1
864691135415458490,864691135479616454,1
864691135415465146,864691135478734022,1
864691135415479482,864691135479355846,1
864691135415482554,864691135490230119,3
864691135415485114,864691135488275258,2
864691135415487930,864691135489191482,1
864691135415491514,864691135480152262,1
864691135415498426,864691135479355846,1
864691135415928762,864691135479243462,9
864691135415958714,864691135479355846,2
864691135415989178,864691135479168454,1
864691135416106426,864691135489141818,4
864691135416106426,864691135490230119,1
864691135416111546,864691135479144902,1
864691135416372666,864691135479248582,1
864691135416372666,864691135488247866,1
864691135416581306,864691135479243462,1
864691135416853690,864691135479010502,1
864691135416889530,864691135479396550,1
864691135417253306,864691135479396550,1
864691135417253306,864691135488715066,1
864691135417253306,864691135488896570,1
864691135417478842,864691135489027642,1
864691135417478842,864691135490326074,1
864691135417564346,864691135490230119,1
864691135417780154,864691135478645190,1
864691135417780154,864691135479133126,2
864691135417784506,864691135489027642,1
864691135418002874,864691135478734022,2
864691135418002874,864691135478796230,1
864691135418002874,864691135479248582,1
864691135418018746,864691135489189178,1
864691135418028218,864691135488933690,1
864691135418176954,864691135489027642,3
864691135418240698,864691135478309830,3
864691135418240698,864691135488896570,2
864691135418240698,864691135489025850,4
864691135418240698,864691135489421114,2
864691135418343866,864691135488896570,1
864691135418399418,864691135478326952,2
864691135418399418,864691135478338728,1
864691135418449850,864691135490316346,1
864691135418449850,864691135490326074,1
864691135423135474,864691135488425274,1
864691135428521008,864691135479100358,1
864691135428538416,864691135479010502,1
864691135428538416,864691135479028678,1
864691135428761648,864691135489486650,2
864691135428854576,864691135489433914,1
864691135429343280,864691135478637766,1
864691135429370928,864691135488896570,1
864691135429430576,864691135490316346,1
864691135429470000,864691135479100358,2
864691135429495600,864691135489028410,1
864691135429506352,864691135488896570,1
864691135429585712,864691135488936762,1
864691135429586992,864691135479223238,1
864691135429586992,864691135479243462,1
864691135429593648,864691135478383528,1
864691135429597232,864691135479339462,1
864691135429597232,864691135479622086,1
864691135429597232,864691135489028410,1
864691135429610288,864691135489177658,1
864691135429753904,864691135488936762,1
864691135429763120,864691135488425274,1
864691135429912112,864691135479407558,1
864691135429912112,864691135488715066,1
864691135429932848,864691135479396550,1
864691135430038064,864691135490316346,1
864691135430169648,864691135488425274,1
864691135430275120,864691135488715066,1
864691135430388784,864691135488999226,1
864691135430398000,864691135479243462,2
864691135430398000,864691135488719674,1
864691135430640688,864691135489512250,1
864691135430727984,864691135479622086,1
864691135430747184,864691135478383528,1
864691135430747184,864691135478785990,1
864691135431088176,864691135489841466,10
864691135431239216,864691135489077562,1
864691135431288112,864691135479396550,1
864691135431456816,864691135478326952,2
864691135431456816,864691135478748358,2
864691135431456816,864691135478785990,1
864691135431456816,864691135488253242,1
864691135431579440,864691135478338728,1
864691135431675696,864691135489841466,1
864691135431677744,864691135479223238,2
864691135431710256,864691135490316346,1
864691135431812656,864691135489841466,2
864691135431820848,864691135479223238,2
864691135431820848,864691135479243462,1
864691135431870256,864691135478326952,2
864691135431870256,864691135478589352,3
864691135431870256,864691135479010502,3
864691135431870256,864691135479028678,2
864691135431870256,864691135488425274,1
864691135431870256,864691135488715066,1
864691135431870256,864691135488722746,2
864691135431870256,864691135489841466,3
864691135431931184,864691135489025850,2
864691135431931184,864691135490326074,1
864691135431976496,864691135488256570,1
864691135431978800,864691135489098042,4
864691135431993904,864691135488896570,3
864691135431993904,864691135489421114,1
864691135432016432,864691135489421114,1
864691135440456264,864691135479616454,1
864691135440464968,864691135478327208,1
864691135440475464,864691135479132614,1
864691135440487240,864691135478796230,1
864691135440492872,864691135490326074,1
864691135440500808,864691135489024058,1
864691135440501064,864691135488896570,1
864691135440501064,864691135489421114,1
864691135440517448,864691135489098042,1
864691135440517704,864691135478796230,1
864691135440776776,864691135488715066,1
864691135441478984,864691135479243462,2
864691135441489736,864691135478338728,1
864691135441494088,864691135489177658,1
864691135441564744,864691135479243462,1
864691135441569864,864691135479144902,1
864691135441576776,864691135488256570,1
864691135441593672,864691135479245254,1
864691135441633608,864691135479245254,1
864691135441778504,864691135478309830,1
864691135441778504,864691135489421114,2
864691135441778504,864691135490326074,1
864691135441787208,864691135478577576,1
864691135441788488,864691135478734790,1
864691135441822792,864691135479928774,1
864691135441988424,864691135479407558,2
864691135442044744,864691135479339462,1
864691135442304584,864691135488956986,1
864691135442356808,864691135479355846,1
864691135442682696,864691135489512250,13
864691135442781512,864691135489114938,1
864691135442839112,864691135478326952,2
864691135442839112,864691135478327208,1
864691135442839112,864691135478383528,2
864691135442839112,864691135478589352,3
864691135442839112,864691135479028678,1
864691135442839112,864691135479112902,1
864691135442839112,864691135479237318,6
864691135442839112,864691135488425274,8
864691135442839112,864691135488722746,4
864691135442839112,864691135489114938,1
864691135442975048,864691135479355846,1
864691135443029320,864691135488896570,1
864691135445534354,864691135480349638,1
864691135445535634,864691135489024058,1
864691135445541778,864691135488682692,3
864691135445560466,864691135489028410,1
864691135445912978,864691135479100358,1
864691135445915026,864691135488256570,1
864691135445993618,864691135478734022,1
864691135446037394,864691135478734022,4
864691135446049682,864691135479223238,3
864691135446065810,864691135478267590,1
864691135446065810,864691135479031238,1
864691135446065810,864691135489141818,8
864691135446112658,864691135489433914,1
864691135446326674,864691135478690246,2
864691135446406290,864691135488933690,1
864691135446494610,864691135479243462,1
864691135446598290,864691135489421114,1
864691135446598740,864691135479223238,1
864691135446601812,864691135479339462,1
864691135446609236,864691135479396550,1
864691135446618196,864691135489028410,1
864691135446631252,864691135489182522,1
864691135446698130,864691135479248582,1
864691135446808722,864691135479339462,3
864691135446808722,864691135488751162,1
864691135446837138,864691135488719674,1
864691135446939476,864691135489433914,1
864691135446953556,864691135488936762,1
864691135446982596,864691135479248582,1
864691135447145874,864691135489486650,1
864691135447260562,864691135478748358,1
864691135447348308,864691135488722746,1
864691135447536980,864691135489486650,1
864691135447560276,864691135489024058,2
864691135447581780,864691135479245254,1
864691135447581780,864691135489189178,1
864691135447587156,864691135490316346,1
864691135447628372,864691135489841466,4
864691135447686996,864691135479370694,1
864691135447701332,864691135478267590,1
864691135447701332,864691135489191482,2
864691135447806036,864691135489024058,1
864691135447820946,864691135490230119,1
864691135447888274,864691135479245254,1
864691135447906132,864691135489421114,1
864691135447993746,864691135489421114,1
864691135448069106,864691135478690246,2
864691135448069106,864691135479048390,1
864691135448256146,864691135488715066,1
864691135448316562,864691135488715066,1
864691135448343442,864691135478326952,1
864691135448361044,864691135479237318,1
864691135448520276,864691135488682692,1
864691135448780884,864691135479243462,2
864691135448820564,864691135479243462,1
864691135448834132,864691135488425274,1
864691135449838578,864691135479243462,1
864691135451100146,864691135489486650,1
864691135454049130,864691135489433914,1
864691135454050154,864691135478338728,1
864691135454091114,864691135488719674,1
864691135454458986,864691135478796230,1
864691135454458986,864691135488728634,1
864691135454507114,864691135489486650,1
864691135454893930,864691135479144902,1
864691135454908522,864691135479622086,1
864691135455051114,864691135489098042,1
864691135455056234,864691135489841466,1
864691135455218026,864691135479355846,2
864691135455279466,864691135479028678,3
864691135455279466,864691135479237318,3
864691135455485802,864691135488682692,1
864691135455819114,864691135478589352,1
864691135455977578,864691135479112902,1
864691135455977578,864691135490326074,1
864691135456054212,864691135488247866,3
864691135456054212,864691135488936762,2
864691135456076138,864691135488715066,1
864691135456172394,864691135488253242,1
864691135456535658,864691135478326952,1
864691135456535658,864691135478383528,1
864691135456535658,864691135478589352,2
864691135456535658,864691135479237318,6
864691135456535658,864691135488425274,2
864691135456535658,864691135488722746,6
864691135456837994,864691135489177658,1
864691135458321707,864691135488722746,1
864691135462244509,864691135489024058,1
864691135462268573,864691135489433914,1
864691135462270365,864691135489191482,1
864691135462291613,864691135489177658,2
864691135462686526,864691135479248582,1
864691135462749246,864691135478326952,1
864691135462749246,864691135479622086,6
864691135462749246,864691135488722746,1
864691135462749246,864691135489028410,1
864691135462749246,864691135489191482,1
864691135462760254,864691135489177658,1
864691135462890397,864691135479616454,1
864691135462918301,864691135478338728,1
864691135462918301,864691135488715066,1
864691135462943389,864691135488247866,1
864691135462948765,864691135481147846,2
864691135462948765,864691135490316346,1
864691135462999870,864691135478748358,1
864691135463090750,864691135479132614,1
864691135463094846,864691135489177658,1
864691135463137086,864691135480349638,2
864691135463178909,864691135488682692,2
864691135463193245,864691135478690246,1
864691135463234717,864691135489177658,2
864691135463337373,864691135479248070,1
864691135463351965,864691135490316346,1
864691135463464254,864691135489044026,1
864691135463500613,864691135488719674,1
864691135463579966,864691135480152262,1
864691135463617342,864691135488933690,1
864691135463639965,864691135488933690,1
864691135463640894,864691135488893754,1
864691135463640894,864691135489403194,1
864691135463641330,864691135489841466,2
864691135463646014,864691135479243462,1
864691135463653438,864691135489841466,1
864691135463695429,864691135478338728,1
864691135463696958,864691135478785990,1
864691135463696958,864691135479622086,6
864691135463696958,864691135489028410,1
864691135463719837,864691135478326952,1
864691135463719837,864691135478577576,3
864691135463723582,864691135479237318,1
864691135463820445,864691135489512250,1
864691135463881790,864691135488715066,1
864691135463896894,864691135479243462,2
864691135463950910,864691135479683014,1
864691135463978302,864691135489403194,1
864691135464065854,864691135488956986,1
864691135464076701,864691135489098042,1
864691135464243774,864691135479683014,1
864691135464273982,864691135479031238,1
864691135464273982,864691135480152262,7
864691135464273982,864691135488751162,3
864691135464289093,864691135478796230,1
864691135464289093,864691135489141818,1
864691135464384669,864691135481147846,1
864691135464392005,864691135479245254,1
864691135464392005,864691135489486650,1
864691135464405317,864691135479243462,3
864691135464463173,864691135479339462,1
864691135464497053,864691135479245254,1
864691135464593470,864691135488719674,1
864691135464709533,864691135478326952,1
864691135464709533,864691135478338728,1
864691135464789310,864691135479396550,2
864691135464796222,864691135478338728,1
864691135464921406,864691135478326952,1
864691135464921406,864691135478338728,1
864691135464921406,864691135478589352,4
864691135464921406,864691135479010502,6
864691135464921406,864691135488722746,12
864691135464921406,864691135489028410,3
864691135464921406,864691135489114938,3
864691135465001373,864691135479370694,1
864691135465005374,864691135478327208,1
864691135465107869,864691135489098042,1
864691135465138077,864691135479396550,1
864691135465142429,864691135478589352,2
864691135465142429,864691135479237318,1
864691135465142429,864691135488715066,1
864691135465142429,864691135488896570,3
864691135465170238,864691135479223238,1
864691135465170238,864691135488719674,1
864691135465194141,864691135479396550,1
864691135465197981,864691135488682692,1
864691135465205573,864691135488896570,1
864691135465220926,864691135478577576,1
864691135465220926,864691135479010502,1
864691135465220926,864691135489486650,1
864691135465254469,864691135478338728,1
864691135465254469,864691135488715066,2
864691135465261725,864691135479355846,1
864691135465292357,864691135488999226,1
864691135465614149,864691135489486650,1
864691135465880901,864691135490316346,1
864691135466229317,864691135478577576,1
864691135466405957,864691135479396550,1
864691135466405957,864691135488896570,1
864691135466405957,864691135489421114,1
864691135466508613,864691135479407558,1
864691135467536780,864691135489141818,2
864691135467539340,864691135489031226,1
864691135467967116,864691135489177658,1
864691135468013964,864691135479100358,1
864691135468075916,864691135479248582,1
864691135468075916,864691135489141818,1
864691135468141650,864691135489044026,1
864691135468150866,864691135479243462,1
864691135468152658,864691135479683014,1
864691135468394380,864691135478327208,1
864691135468408402,864691135488751162,2
864691135468408402,864691135489141818,4
864691135468412498,864691135488933690,1
864691135468501132,864691135490316346,1
864691135468527244,864691135488719674,1
864691135468528268,864691135489177658,1
864691135468535692,864691135479100358,2
864691135468655500,864691135479112902,1
864691135468682636,864691135489182522,1
864691135468706700,864691135479355846,2
864691135468854156,864691135489141818,1
864691135468948364,864691135478326952,1
864691135468967308,864691135488715066,1
864691135469071954,864691135479339462,1
864691135469077330,864691135479132614,1
864691135469090898,864691135488751162,1
864691135469312594,864691135489486650,1
864691135469349970,864691135488896570,1
864691135469460876,864691135478326952,1
864691135469490514,864691135488751162,2
864691135469512332,864691135479245254,2
864691135469552978,864691135479245254,1
864691135469566802,864691135479407558,1
864691135469651282,864691135478338728,1
864691135469802124,864691135479223238,1
864691135469802124,864691135479243462,3
864691135469885068,864691135479407558,1
864691135469895308,864691135490326074,1
864691135469919884,864691135478338728,2
864691135469919884,864691135478383528,1
864691135469936268,864691135488896570,1
864691135469963148,864691135479245254,1
864691135470235986,864691135488719674,2
864691135470680658,864691135488715066,1
864691135470680658,864691135489486650,1
864691135470728786,864691135489421114,1
864691135470776146,864691135479370694,1
864691135470787666,864691135481147846,1
864691135470850898,864691135479028678,1
864691135471233732,864691135478637766,1
864691135472008242,864691135479407558,1
864691135472067890,864691135478637766,1
864691135472127538,864691135478401448,1
864691135472290866,864691135489177658,1
864691135472373810,864691135488247866,1
864691135472379698,864691135489841466,1
864691135472427314,864691135490247015,1
864691135472454962,864691135488933690,1
864691135472721714,864691135488956986,1
864691135472874802,864691135479248070,1
864691135472921138,864691135479048390,1
864691135472949554,864691135478309830,1
864691135472997682,864691135479355846,3
864691135473001522,864691135489126458,1
864691135473444658,864691135479339462,1
864691135473517874,864691135478383528,1
864691135474199492,864691135479243462,1
864691135474312754,864691135478309830,2
864691135474312754,864691135479112902,1
864691135474312754,864691135479396550,1
864691135474312754,864691135488893754,1
864691135474312754,864691135488896570,3
864691135474312754,864691135489421114,7
864691135474362930,864691135488715066,1
864691135474481458,864691135479243462,4
864691135474602048,864691135479245254,2
864691135474602048,864691135489486650,1
864691135474608192,864691135488933690,1
864691135474608192,864691135488999226,2
864691135474609984,864691135489031226,1
864691135474611776,864691135479396550,3
864691135474611776,864691135489421114,2
864691135474615616,864691135478383528,1
864691135474615616,864691135479010502,1
864691135474615616,864691135479245254,1
864691135474623040,864691135488933690,1
864691135474641202,864691135479396550,1
864691135474678848,864691135489031226,1
864691135474686272,864691135489177658,1
864691135474686528,864691135479243462,1
864691135474698816,864691135479223238,1
864691135474716736,864691135490247015,1
864691135474732096,864691135489028410,1
864691135474745664,864691135479010502,1
864691135474769984,864691135479245254,1
864691135474771264,864691135479339462,2
864691135474779634,864691135478690246,1
864691135474942784,864691135488728634,1
864691135475126848,864691135480152262,1
864691135475143232,864691135478645190,1
864691135475514944,864691135489486650,1
864691135475523904,864691135479243462,1
864691135475545152,864691135489098042,1
864691135475679296,864691135489025850,1
864691135475713344,864691135478338728,1
864691135475753024,864691135488722746,1
864691135475770176,864691135478267590,1
864691135475995968,864691135478796230,2
864691135475995968,864691135480152262,1
864691135475995968,864691135489512250,2
864691135476041792,864691135479243462,3
864691135476041792,864691135489421114,1
864691135476148544,864691135479407558,1
864691135476169384,864691135479144902,1
864691135476234304,864691135479031238,4
864691135476234304,864691135489141818,1
864691135476251200,864691135480152262,1
864691135476322624,864691135488933690,1
864691135476335016,864691135478796230,1
864691135476335016,864691135479622086,1
864691135476390312,864691135479168454,1
864691135476390312,864691135489189178,1
864691135476393792,864691135479243462,2
864691135476393792,864691135488956986,1
864691135476523840,864691135489191482,1
864691135476524712,864691135490230119,1
864691135476528704,864691135478338728,1
864691135476561320,864691135488893754,1
864691135476561320,864691135488896570,1
864691135476566696,864691135478796230,2
864691135476566696,864691135479248582,1
864691135476566696,864691135489512250,1
864691135476566696,864691135490230119,1
864691135476584512,864691135488896570,1
864691135476604992,864691135478326952,1
864691135476669248,864691135489486650,1
864691135476770216,864691135479616454,1
864691135476819624,864691135489841466,1
864691135476844712,864691135489486650,1
864691135476902208,864691135478401448,1
864691135476902208,864691135479928774,1
864691135476902208,864691135489486650,1
864691135476921000,864691135490316346,1
864691135476968000,864691135478326952,5
864691135476968000,864691135478383528,1
864691135476968000,864691135478589352,2
864691135476968000,864691135479010502,4
864691135476968000,864691135488722746,3
864691135476968000,864691135489114938,7
864691135476987304,864691135489433914,1
864691135476989864,864691135479048390,1
864691135477013928,864691135490316346,1
864691135477016488,864691135479339462,2
864691135477021096,864691135489177658,1
864691135477079104,864691135479370694,1
864691135477216424,864691135488956218,2
864691135477375808,864691135479407558,1
864691135477375808,864691135488715066,1
864691135477418920,864691135488896570,2
864691135477418920,864691135489421114,2
864691135477442880,864691135488715066,1
864691135477469352,864691135488896570,1
864691135477469864,864691135478645190,1
864691135477474624,864691135488896570,2
864691135477476928,864691135478327208,1
864691135477511592,864691135490316346,1
864691135477555112,864691135489077562,1
864691135477584704,864691135478383528,1
864691135477617832,864691135488896570,1
864691135477976744,864691135479243462,1
864691135478171048,864691135479112902,2
864691135478171048,864691135489421114,3
864691135478175656,864691135478267590,2
864691135478175656,864691135489191482,1
864691135478189480,864691135478577576,1
864691135478267590,864691135478267590,6
864691135478277288,864691135488722746,1
864691135478284456,864691135488719674,1
864691135478285766,864691135478577576,1
864691135478289606,864691135480349638,1
864691135478308038,864691135478308038,4
864691135478309830,864691135478309830,7
864691135478326214,864691135478326214,7
864691135478326952,864691135478326952,8
864691135478327208,864691135478327208,15
864691135478383528,864691135478383528,9
864691135478383528,864691135488253242,1
864691135478404520,864691135478327208,1
864691135478433192,864691135478338728,1
864691135478466984,864691135479407558,1
864691135478504211,864691135478504211,1
864691135478540230,864691135478401448,1
864691135478543272,864691135478589352,1
864691135478577576,864691135478577576,11
864691135478577576,864691135489841466,1
864691135478585798,864691135478585798,7
864691135478625448,864691135488715066,1
864691135478637766,864691135478637766,27
864691135478645190,864691135478645190,10
864691135478687686,864691135478734022,1
864691135478690246,864691135478690246,17
864691135478734022,864691135478734022,9
864691135478748358,864691135478748358,6
864691135478775238,864691135480349638,1
864691135478775238,864691135489177658,1
864691135478785990,864691135478785990,8
864691135479031238,864691135479031238,8
864691135479048390,864691135479048390,11
864691135479100358,864691135479100358,19
864691135479103174,864691135479103174,2
864691135479144902,864691135479144902,17
864691135479144902,864691135489177402,1
864691135479168454,864691135479168454,9
864691135479183814,864691135479183814,40
864691135479223238,864691135479223238,16
864691135479241414,864691135488247866,1
864691135479243462,864691135479223238,1
864691135479243462,864691135479243462,16
864691135479248070,864691135479248070,13
864691135479248582,864691135479248582,12
864691135479395526,864691135479028678,1
864691135479396550,864691135479396550,9
864691135479404230,864691135479243462,1
864691135479407558,864691135479407558,19
864691135479440070,864691135488751162,1
864691135479440070,864691135489512250,1
864691135479516102,864691135490247015,1
864691135479683014,864691135479683014,11
864691135480152262,864691135480152262,16
864691135480311494,864691135479407558,1
864691135480311494,864691135489177658,1
864691135480349638,864691135480349638,6
864691135480537542,864691135479396550,1
864691135480537542,864691135488715066,1
864691135480553414,864691135478734022,1
864691135480553414,864691135479168454,2
864691135480553414,864691135479248070,1
864691135480553414,864691135479248582,8
864691135480553414,864691135488751162,4
864691135480553414,864691135489433914,1
864691135480592838,864691135478267590,3
864691135480592838,864691135478748358,1
864691135480592838,864691135479031238,1
864691135480592838,864691135489191482,2
864691135480678086,864691135489098042,2
864691135480874950,864691135479243462,1
864691135481007814,864691135478338728,2
864691135481007814,864691135478589352,2
864691135481144518,864691135478796230,3
864691135483124267,864691135483124267,4
864691135485627076,864691135489141818,2
864691135488247866,864691135488247866,24
864691135488248890,864691135489098042,1
864691135488254266,864691135489182522,1
864691135488256570,864691135488256570,6
864691135488275258,864691135488275258,12
864691135488580292,864691135488247866,1
864691135488642106,864691135479683014,1
864691135488682692,864691135488682692,3
864691135488719674,864691135488719674,7
864691135488719674,864691135488956986,1
864691135488728634,864691135488728634,10
864691135488751162,864691135488751162,14
864691135488893754,864691135488893754,7
864691135488896570,864691135488896570,10
864691135488956218,864691135488956218,10
864691135488981818,864691135488275258,1
864691135488981818,864691135489177402,1
864691135488999226,864691135488999226,10
864691135489025850,864691135489025850,10
864691135489027642,864691135489027642,10
864691135489028410,864691135489028410,6
864691135489038906,864691135479100358,1
864691135489044026,864691135489044026,4
864691135489077562,864691135489077562,5
864691135489080378,864691135479223238,2
864691135489098042,864691135489098042,13
864691135489114938,864691135489114938,6
864691135489126458,864691135489126458,16
864691135489141818,864691135489141818,13
864691135489143098,864691135489143098,5
864691135489152826,864691135489152826,6
864691135489177402,864691135489177402,11
864691135489177658,864691135478326214,2
864691135489177658,864691135489177658,27
864691135489182522,864691135489182522,11
864691135489193530,864691135479132614,1
864691135489343802,864691135481147846,1
864691135489403194,864691135489403194,6
864691135489421114,864691135489421114,12
864691135489433914,864691135489433914,30
864691135489467194,864691135478748358,1
864691135489486650,864691135488715066,2
864691135489486650,864691135489486650,31
864691135489512250,864691135488999226,2
864691135489512250,864691135489512250,5
864691135489943354,864691135479616454,1
864691135490054202,864691135479616454,1
864691135490054202,864691135488719674,2
864691135490054202,864691135489031226,1
864691135490101818,864691135489421114,2
864691135490110010,864691135488256570,1
864691135490110266,864691135489512250,1
864691135490228839,864691135489486650,1
864691135490230119,864691135490230119,21
864691135490246503,864691135490246503,4
864691135490247015,864691135490247015,8
864691135490254183,864691135479132614,1
864691135490262887,864691135489433914,1
864691135490316346,864691135490316346,18
864691135490461754,864691135479237318,5
864691135490461754,864691135488425274,4
864691135490461754,864691135488896570,4
864691135490461754,864691135489421114,3
864691135490466362,864691135479245254,1
864691135490483514,864691135489114938,1
864691135490552378,864691135478327208,1
864691135490552378,864691135478401448,1
864691135490552378,864691135479370694,2
864691135490552378,864691135489077562,1
864691135490554682,864691135479928774,1
864691135490584634,864691135478338728,3
864691135490584634,864691135478577576,2
864691135490584634,864691135478589352,2
864691135490585402,864691135488253242,1
864691135490588986,864691135479112902,1
864691135490588986,864691135488425274,3
864691135490588986,864691135488715066,1
864691135490588986,864691135488896570,2
864691135490588986,864691135489421114,2
864691135490589799,864691135488247866,2
864691135490589799,864691135488728634,3
864691135490600935,864691135479132614,1
864691135490603066,864691135479396550,1
864691135490603066,864691135488715066,3
864691135490608103,864691135480349638,1
864691135490611431,864691135479616454,1
864691135490826855,864691135488893754,1
864691135490896103,864691135479370694,1
864691135490897639,864691135488896570,1
864691135490946151,864691135479132614,1
864691135491031143,864691135479168454,1
864691135491040359,864691135490230119,1
864691135491044967,864691135479223238,1
864691135491093095,864691135479243462,1
864691135491109991,864691135479243462,1
864691135491111527,864691135488256570,1
864691135491132263,864691135478338728,1
864691135491211359,864691135478589352,1
864691135491211359,864691135479407558,1
864691135491211359,864691135489841466,1
864691135491217503,864691135478785990,1
864691135491221087,864691135488719674,2
864691135491226207,864691135489182522,5
864691135491226207,864691135489433914,1
864691135491282791,864691135478338728,1
864691135491314151,864691135478326214,1
864691135491314151,864691135489177658,2
864691135491384551,864691135479928774,1
864691135491436519,864691135479168454,1
864691135491593447,864691135488247866,2
864691135491593447,864691135488936762,9
864691135491629919,864691135489177658,2
864691135491665639,864691135488751162,1
864691135491684583,864691135478338728,4
864691135491684583,864691135478589352,1
864691135491703015,864691135479928774,2
864691135491712607,864691135490316346,1
864691135492015335,864691135478326214,1
864691135492050663,864691135488936762,17
864691135492090463,864691135479144902,1
864691135492156767,864691135488247866,1
864691135492200039,864691135489841466,1
864691135492219743,864691135479370694,1
864691135492274791,864691135489841466,1
864691135492348255,864691135488256570,1
864691135492349023,864691135478338728,2
864691135492361567,864691135489512250,1
864691135492371303,864691135489841466,1
864691135492398055,864691135489028410,1
864691135492405863,864691135478796230,1
864691135492405863,864691135479622086,1
864691135492405863,864691135488751162,1
864691135492405863,864691135490230119,1
864691135492423143,864691135478327208,3
864691135492423143,864691135489077562,1
864691135492431719,864691135478734022,1
864691135492431719,864691135488247866,3
864691135492431719,864691135488936762,4
864691135492431719,864691135489433914,1
864691135492481511,864691135489421114,1
864691135492595559,864691135489841466,1
864691135492595807,864691135479407558,2
864691135492595807,864691135489421114,1
864691135492595807,864691135489841466,2
864691135492602215,864691135488956218,1
864691135492614239,864691135479396550,1
864691135492623591,864691135479245254,1
864691135492623591,864691135479339462,2
864691135492623591,864691135489512250,1
864691135492665959,864691135490326074,4
864691135492706919,864691135490230119,1
864691135492768863,864691135479396550,1
864691135492871783,864691135478327208,1
864691135492879463,864691135489421114,1
864691135492906591,864691135489841466,1
864691135492992754,864691135489841466,1
864691135493047391,864691135478577576,1
864691135493079783,864691135488247866,1
864691135493112671,864691135488956218,1
864691135493122535,864691135488896570,1
864691135493149927,864691135478327208,1
864691135493149927,864691135479396550,1
864691135493217511,864691135488722746,1
864691135493218023,864691135489841466,1
864691135493222375,864691135479237318,1
864691135493222375,864691135488425274,1
864691135493222375,864691135488896570,2
864691135493222375,864691135489421114,1
864691135493224167,864691135481147846,2
864691135493280743,864691135489486650,1
864691135493467487,864691135489421114,1
864691135493593951,864691135489486650,1
864691135493665631,864691135478401448,1
864691135493665631,864691135479622086,1
864691135493690463,864691135478383528,4
864691135493964944,864691135490247015,1
864691135493976464,864691135479339462,1
864691135493997456,864691135479245254,1
864691135494048656,864691135478267590,1
864691135494051216,864691135488247866,1
864691135494053520,864691135488893754,1
864691135494054032,864691135488425274,1
864691135494070416,864691135488247866,1
864691135494079888,864691135479132614,1
864691135494786192,864691135478338728,1
864691135494876816,864691135478645190,1
864691135494982288,864691135479100358,1
864691135495042704,864691135489177658,2
864691135495047824,864691135478589352,1
864691135495146640,864691135478309830,10
864691135495146640,864691135488893754,1
864691135495146640,864691135489403194,3
864691135495146640,864691135490326074,1
864691135495150736,864691135478645190,1
864691135495170448,864691135479028678,1
864691135495173776,864691135478796230,1
864691135495181712,864691135489031226,1
864691135495314320,864691135489486650,1
864691135495561104,864691135488256570,1
864691135495796880,864691135479243462,5
864691135496222352,864691135479616454,2
864691135496381840,864691135478338728,1
864691135497629203,864691135489126458,1
864691135497637907,864691135478401448,1
864691135497658899,864691135479048390,1
864691135497912851,864691135489433914,1
864691135497962003,864691135479248582,2
864691135498073363,864691135479223238,1
864691135498084371,864691135489177658,1
864691135498348051,864691135489403194,1
864691135498467091,864691135478577576,1
864691135498544915,864691135478326952,1
864691135498569491,864691135479396550,1
864691135498605843,864691135479248582,1
864691135498607379,864691135479928774,1
864691135498684691,864691135488936762,1
864691135498806547,864691135479031238,1
864691135499379475,864691135478577576,1
864691135499379475,864691135489841466,1
864691135499490579,864691135478338728,1
864691135499490579,864691135489486650,1
864691135499599123,864691135479928774,3
864691135499616019,864691135478326952,6
864691135499616019,864691135479370694,1
864691135499777811,864691135489024058,1
864691135499804947,864691135479245254,1
864691135499967251,864691135479223238,1
864691135500020755,864691135489421114,2
864691135501543234,864691135479616454,1
864691135501548098,864691135489403194,1
864691135501553730,864691135489191482,1
864691135501587010,864691135480349638,1
864691135501595458,864691135488719674,1
864691135501802077,864691135479100358,6
864691135501802077,864691135489024058,1
864691135501814109,864691135479339462,1
864691135501836637,864691135490230119,1
864691135501836893,864691135479048390,1
864691135501844573,864691135489177402,1
864691135502042805,864691135480349638,1
864691135502054069,864691135488256570,1
864691135502074690,864691135488253242,1
864691135502074717,864691135489031226,1
864691135502076597,864691135489512250,1
864691135502105949,864691135490316346,1
864691135502119261,864691135478577576,1
864691135502135362,864691135489512250,1
864691135502179933,864691135490316346,2
864691135502324573,864691135478690246,1
864691135502360413,864691135488256570,1
864691135502438581,864691135490230119,1
864691135502489666,864691135480349638,1
864691135502535349,864691135488956986,1
864691135502550453,864691135490230119,1
864691135502610269,864691135479407558,1
864691135502618434,864691135488247866,5
864691135502618434,864691135488936762,1
864691135502624066,864691135479248070,2
864691135502626626,864691135479396550,1
864691135502639197,864691135479407558,1
864691135502667101,864691135489182522,1
864691135502721373,864691135479243462,1
864691135502763869,864691135479243462,2
864691135502772061,864691135479223238,1
864691135502774109,864691135478383528,1
864691135502788789,864691135489177658,1
864691135502833077,864691135479223238,1
864691135502841437,864691135478589352,1
864691135502841437,864691135489028410,1
864691135502842205,864691135478401448,1
864691135502989237,864691135479245254,1
864691135503001781,864691135479245254,1
864691135503135837,864691135478748358,1
864691135503136949,864691135478338728,1
864691135503150685,864691135488933690,1
864691135503244381,864691135489177658,1
864691135503361858,864691135479183814,1
864691135503439170,864691135489841466,1
864691135503443549,864691135479245254,1
864691135503448898,864691135489841466,1
864691135503466818,864691135478734022,4
864691135503501749,864691135479248582,1
864691135503501749,864691135488751162,1
864691135503501749,864691135489433914,4
864691135503512898,864691135478690246,1
864691135503554485,864691135478796230,1
864691135503554485,864691135490230119,1
864691135503644226,864691135479243462,2
864691135503681717,864691135479248070,1
864691135503681717,864691135488751162,1
864691135503703477,864691135489421114,1
864691135503724354,864691135479010502,1
864691135503724354,864691135488896570,1
864691135503724354,864691135489421114,2
864691135503959221,864691135478267590,1
864691135503962717,864691135488896570,1
864691135503963202,864691135488896570,2
864691135504202845,864691135479622086,3
864691135504221021,864691135479112902,1
864691135504230837,864691135489077562,1
864691135504279901,864691135489486650,1
864691135504279901,864691135489841466,1
864691135504330677,864691135481147846,1
864691135508679177,864691135489098042,1
864691135508680969,864691135489486650,1
864691135508715017,864691135488247866,3
864691135508719625,864691135489177658,1
864691135508726281,864691135479183814,1
864691135508730633,864691135488936762,2
864691135509002249,864691135489512250,1
864691135509036553,864691135478585798,1
864691135509434633,864691135488936762,1
864691135509476617,864691135479223238,1
864691135509647625,864691135479132614,1
864691135509651209,864691135488719674,1
864691135509679113,864691135480152262,1
864691135509711369,864691135479103174,1
864691135509900297,864691135488751162,1
864691135510031625,864691135489841466,1
864691135510161673,864691135479243462,1
864691135510161673,864691135489025850,3
864691135510267401,864691135489841466,1
864691135510357513,864691135489077562,1
864691135510360329,864691135479243462,1
864691135510379529,864691135489098042,1
864691135510410704,864691135488896570,1
864691135510432464,864691135489433914,1
864691135510433232,864691135479133126,1
864691135510470352,864691135489025850,1
864691135510474960,864691135489028410,1
864691135510477264,864691135489189178,1
864691135510482640,864691135488256570,3
864691135510489552,864691135489031226,1
864691135510493705,864691135489512250,1
864691135510502352,864691135478796230,1
864691135510607369,864691135479223238,4
864691135510607369,864691135479243462,2
864691135510643408,864691135479031238,1
864691135510887376,864691135489486650,1
864691135510933200,864691135489841466,1
864691135511199753,864691135479223238,2
864691135511208400,864691135488999226,1
864691135511256585,864691135479243462,2
864691135511274704,864691135479243462,1
864691135511283465,864691135488896570,1
864691135511297232,864691135479396550,1
864691135511311824,864691135488956986,1
864691135511311824,864691135489031226,1
864691135511353040,864691135479243462,2
864691135511417097,864691135478327208,1
864691135511417097,864691135479396550,1
864691135511421449,864691135478309830,4
864691135511421449,864691135479396550,1
864691135511421449,864691135489421114,5
864691135511466192,864691135489177658,2
864691135511467529,864691135479243462,1
864691135511476489,864691135480152262,1
864691135511484368,864691135490247015,1
864691135511493328,864691135480349638,1
864691135511790800,864691135489126458,1
864691135512020944,864691135488247866,1
864691135512026064,864691135479133126,1
864691135512118224,864691135479396550,1
864691135512118224,864691135479683014,1
864691135512647632,864691135479245254,1
864691135512647632,864691135489189178,1
864691135515909075,864691135479396550,1
864691135515911635,864691135489841466,3
864691135515913683,864691135479243462,1
864691135515938259,864691135488936762,1
864691135515947475,864691135488893754,1
864691135516058067,864691135479028678,1
864691135516296147,864691135478637766,1
864691135516372435,864691135488933690,4
864691135516673491,864691135489177658,1
864691135516677331,864691135489141818,1
864691135516879827,864691135488247866,7
864691135516879827,864691135488728634,1
864691135516884691,864691135479028678,1
864691135516888787,864691135489098042,2
864691135516889299,864691135478401448,1
864691135516889299,864691135490316346,1
864691135516890835,864691135488896570,1
864691135516904659,864691135489433914,1
864691135516905171,864691135490230119,1
864691135516954067,864691135478267590,1
864691135516954067,864691135488751162,1
864691135516996051,864691135488936762,1
864691135516996051,864691135489433914,1
864691135517201875,864691135488253242,1
864691135517230035,864691135479407558,1
864691135517230035,864691135488715066,1
864691135517315795,864691135479245254,1
864691135517328778,864691135478577576,1
864691135517328778,864691135488715066,1
864691135517332106,864691135489126458,1
864691135517343626,864691135479183814,3
864691135517343626,864691135489841466,1
864691135517348490,864691135479245254,1
864691135517371530,864691135489189178,1
864691135517372810,864691135478637766,1
864691135517589203,864691135479928774,1
864691135517589203,864691135481147846,1
864691135517655538,864691135489141818,1
864691135517678730,864691135478309830,1
864691135517678730,864691135479396550,7
864691135517711827,864691135478748358,1
864691135517773706,864691135479112902,1
864691135517773706,864691135488425274,1
864691135517773706,864691135489421114,1
864691135518229386,864691135479132614,1
864691135518276563,864691135479396550,1
864691135518277258,864691135479100358,1
864691135518370698,864691135479112902,1
864691135518381706,864691135488719674,2
864691135518464906,864691135479248582,1
864691135518495699,864691135478267590,1
864691135518495699,864691135478589352,2
864691135518495699,864691135489841466,1
864691135518520531,864691135488719674,1
864691135518698890,864691135479245254,1
864691135518928522,864691135488722746,1
864691135519126154,864691135480349638,1
864691135519404682,864691135488253242,2
864691135519404682,864691135488722746,1
864691135519404682,864691135489114938,1
864691135519432330,864691135478589352,2
864691135519432330,864691135489114938,1
864691135519468170,864691135479112902,1
864691135519572874,864691135488896570,1
864691135519632266,864691135479248070,1
864691135519632266,864691135489433914,2
864691135519657354,864691135490316346,1
864691135520007562,864691135479396550,1
864691135520071306,864691135488715066,1
864691135520092810,864691135489421114,1
864691135520262282,864691135478589352,1
864691135520262282,864691135488715066,1
864691135526057563,864691135479370694,1
864691135526085467,864691135478734022,1
864691135526092635,864691135479616454,1
864691135526097243,864691135479243462,2
864691135526284891,864691135490247015,1
864691135526287707,864691135478637766,1
864691135526287707,864691135479144902,1
864691135526405723,864691135489141818,1
864691135526412635,864691135488728634,1
864691135526432242,864691135489177658,1
864691135526528603,864691135490230119,1
864691135526666075,864691135490247015,1
864691135526732379,864691135479407558,1
864691135526796123,864691135489177658,1
864691135526825307,864691135489421114,1
864691135526884187,864691135489044026,1
864691135526899547,864691135489433914,1
864691135526906203,864691135479396550,2
864691135526906203,864691135479407558,1
864691135526906971,864691135489486650,1
864691135526912091,864691135479248070,1
864691135526922075,864691135479223238,2
864691135526922075,864691135488896570,2
864691135526932059,864691135488936762,1
864691135527165892,864691135481147846,1
864691135527289435,864691135488936762,1
864691135527361371,864691135478577576,1
864691135527531099,864691135478326952,2
864691135528099163,864691135479243462,1
864691135528193883,864691135478338728,14
864691135528200539,864691135479928774,1
864691135528204379,864691135479223238,1
864691135528204379,864691135488896570,2
864691135528255940,864691135478309830,1
864691135535774148,864691135479396550,1
864691135538051442,864691135478401448,1
864691135538067570,864691135478338728,1
864691135538101618,864691135489177658,1
864691135538114034,864691135489027642,1
864691135538120562,864691135479048390,1
864691135538121074,864691135489044026,1
864691135538146418,864691135479622086,1
864691135538172274,864691135479248582,1
864691135538998898,864691135479048390,1
864691135539019890,864691135489177658,1
864691135539070322,864691135489177402,1
864691135539085682,864691135479031238,1
864691135539118194,864691135480152262,1
864691135539629170,864691135479112902,1
864691135539629170,864691135488896570,1
864691135539684722,864691135489421114,1
864691135539775858,864691135479243462,3
864691135539923954,864691135479100358,1
864691135539923954,864691135488936762,2
864691135539923954,864691135489143098,1
864691135540002930,864691135479223238,4
864691135540002930,864691135479243462,2
864691135540028274,864691135479396550,1
864691135540028274,864691135488896570,4
864691135540028530,864691135478309830,7
864691135540028530,864691135488893754,9
864691135540028530,864691135489421114,2
864691135540334194,864691135478690246,1
864691135540334194,864691135489486650,1
864691135540440178,864691135478338728,1
864691135540696946,864691135479407558,1
864691135544369192,864691135488247866,2
864691135544383016,864691135479248582,1
864691135544396072,864691135479168454,1
864691135544396072,864691135479248070,1
864691135544396072,864691135488751162,2
864691135544396072,864691135489433914,2
864691135544647976,864691135488728634,1
864691135545266216,864691135478383528,1
864691135545266216,864691135479245254,1
864691135545266216,864691135489512250,1
864691135545293096,864691135479100358,1
864691135545321768,864691135490230119,1
864691135545381160,864691135481147846,1
864691135545405992,864691135478308038,1
864691135545409064,864691135488936762,1
864691135545411112,864691135490230119,2
864691135545417256,864691135488247866,1
864691135546142504,864691135488933690,2
864691135546329384,864691135479223238,1
864691135546418984,864691135489421114,1
864691135546506536,864691135479243462,1
864691135546635560,864691135479683014,1
864691135547150632,864691135479407558,2
864691135551415748,864691135479243462,1
864691135552225732,864691135488719674,1
864691135558675908,864691135479396550,1
864691135560474593,864691135479248582,1
864691135560482273,864691135478577576,1
864691135560510689,864691135480349638,1
864691135560510689,864691135489433914,1
864691135560818913,864691135478326952,1
864691135560820193,864691135490230119,1
864691135560821473,864691135488247866,1
864691135560857057,864691135478734022,1
864691135560857057,864691135488728634,1
864691135560863969,864691135478383528,1
864691135560863969,864691135479245254,2
864691135560932833,864691135488722746,1
864691135561048033,864691135488933690,1
864691135561418482,864691135489177402,1
864691135561512673,864691135479616454,1
864691135561529057,864691135488247866,2
864691135561529057,864691135488728634,1
864691135561529057,864691135490230119,1
864691135561530849,864691135479132614,1
864691135561548257,864691135478309830,2
864691135561548257,864691135489403194,2
864691135561548257,864691135489421114,1
864691135561637601,864691135478338728,1
864691135561685217,864691135479396550,3
864691135561846002,864691135479100358,1
864691135562001633,864691135478327208,4
864691135562001633,864691135479237318,1
864691135562048225,864691135479683014,1
864691135562057953,864691135488719674,1
864691135562141153,864691135478326952,1
864691135562474977,864691135490316346,1
864691135563021281,864691135488956986,1
864691135563024097,864691135479243462,2
864691135563024097,864691135490316346,2
864691135563031265,864691135479248070,1
864691135563031265,864691135480349638,1
864691135563031265,864691135488751162,1
864691135563052513,864691135479396550,1
864691135563052513,864691135481147846,1
864691135563059681,864691135488751162,2
864691135563059681,864691135488933690,1
864691135563184370,864691135489024058,1
864691135564524311,864691135488956986,1
864691135564530199,864691135489841466,1
864691135564532759,864691135479031238,1
864691135564545047,864691135488956218,1
864691135564547351,864691135489421114,1
864691135564549655,864691135488247866,1
864691135564557335,864691135479237318,1
864691135564557335,864691135488425274,1
864691135564558359,864691135478309830,2
864691135564558359,864691135488893754,1
864691135564565271,864691135479100358,1
864691135564565271,864691135488936762,1
864691135564665687,864691135488728634,1
864691135564682007,864691135489191482,1
864691135564682071,864691135489044026,1
864691135564689239,864691135479243462,1
864691135564721751,864691135490230119,1
864691135564734039,864691135479031238,1
864691135564734039,864691135480152262,1
864691135564734039,864691135488751162,2
864691135564734039,864691135489141818,2
864691135564734039,864691135489182522,1
864691135564886551,864691135488936762,1
864691135564903191,864691135478326214,1
864691135564985943,864691135479339462,1
864691135565063767,864691135479048390,1
864691135565109527,864691135479144902,1
864691135565300247,864691135489152826,1
864691135565331479,864691135489024058,1
864691135565343831,864691135478796230,1
864691135565343831,864691135479339462,1
864691135565343831,864691135489512250,1
864691135565350743,864691135489177658,1
864691135565361175,864691135480152262,1
864691135565361175,864691135488751162,4
864691135565361175,864691135489433914,1
864691135565418327,864691135478995910,1
864691135565433367,864691135488247866,4
864691135565489239,864691135479370694,1
864691135565544727,864691135488728634,2
864691135565547095,864691135489028410,1
864691135565560087,864691135488956986,1
864691135565569623,864691135489024058,1
864691135565580311,864691135479407558,1
864691135565583895,864691135479339462,1
864691135565631063,864691135479339462,1
864691135565664791,864691135479103174,1
864691135565872919,864691135478338728,1
864691135566459671,864691135478577576,1
864691135566459671,864691135489841466,1
864691135566499415,864691135488719674,2
864691135566523159,864691135479407558,1
864691135566523159,864691135488715066,1
864691135566580311,864691135488719674,1
864691135566705943,864691135478326952,1
864691135566705943,864691135479396550,2
864691135566761815,864691135478785990,2
864691135566761815,864691135488253242,1
864691135566825495,864691135489486650,2
864691135566979927,864691135479407558,1
864691135566979927,864691135481147846,1
864691135566979927,864691135489486650,1
864691135567011095,864691135488896570,1
864691135567047191,864691135481147846,1
864691135567103831,864691135479407558,1
864691135567103831,864691135488425274,1
864691135567123543,864691135479243462,1
864691135567180823,864691135478338728,2
864691135567206743,864691135479223238,1
864691135567206743,864691135479243462,2
864691135567206743,864691135479928774,1
864691135567761132,864691135479245254,2
864691135567950828,864691135478796230,1
864691135567950828,864691135479248582,2
864691135567950828,864691135488247866,1
864691135567950828,864691135488936762,1
864691135567950828,864691135489433914,3
864691135567950828,864691135490230119,1
864691135568165356,864691135489189178,1
864691135568283116,864691135479245254,2
864691135568537836,864691135488256570,1
864691135568539372,864691135490316346,1
864691135568571628,864691135489024058,1
864691135568669676,864691135479243462,1
864691135568672748,864691135490247015,1
864691135568759532,864691135479243462,1
864691135568791020,864691135489077562,1
864691135568817900,864691135489486650,1
864691135568833004,864691135479223238,1
864691135568833004,864691135479243462,2
864691135568891014,864691135489189178,1
864691135568900742,864691135479223238,1
864691135568904070,864691135479100358,3
864691135568925830,864691135489841466,1
864691135568964844,864691135490316346,1
864691135568991980,864691135479683014,1
864691135568998124,864691135479243462,1
864691135569307014,864691135479245254,1
864691135569309318,864691135489126458,1
864691135569527686,864691135490230119,3
864691135569690092,864691135479237318,23
864691135569690092,864691135488896570,4
864691135569690092,864691135489421114,1
864691135569772934,864691135489191482,1
864691135569791110,864691135479928774,1
864691135569831814,864691135488896570,1
864691135569974150,864691135479248582,1
864691135570000006,864691135479103174,1
864691135570024326,864691135488896570,2
864691135570037126,864691135479237318,1
864691135570037126,864691135479407558,1
864691135570107782,864691135488751162,1
864691135570110342,864691135489433914,1
864691135570155142,864691135488936762,1
864691135570155142,864691135489433914,1
864691135570156934,864691135478338728,1
864691135570230252,864691135480152262,1
864691135570230252,864691135488751162,1
864691135570270956,864691135489486650,1
864691135570288262,864691135480152262,1
864691135570320620,864691135479396550,1
864691135570351750,864691135479243462,1
864691135570502790,864691135479223238,1
864691135570652909,864691135479132614,1
864691135570703597,864691135478338728,1
864691135570703597,864691135479010502,3
864691135570703597,864691135489114938,2
864691135570730886,864691135489098042,1
864691135570730886,864691135490247015,1
864691135570734317,864691135488728634,2
864691135570737389,864691135489126458,1
864691135571097990,864691135489486650,1
864691135571108742,864691135478326952,1
864691135571108742,864691135478338728,1
864691135571108742,864691135478785990,1
864691135571108742,864691135479622086,1
864691135571108742,864691135488722746,1
864691135571108742,864691135489028410,2
864691135571108742,864691135489114938,2
864691135571138438,864691135478577576,2
864691135571138438,864691135489841466,1
864691135571155693,864691135478796230,1
864691135571193478,864691135488425274,1
864691135571193478,864691135488896570,1
864691135571193478,864691135489421114,7
864691135571219749,864691135479243462,1
864691135571236742,864691135488247866,1
864691135571236742,864691135489512250,1
864691135571248421,864691135479132614,1
864691135571250469,864691135488999226,1
864691135571267365,864691135489421114,1
864691135571277093,864691135479183814,2
864691135571295366,864691135478338728,2
864691135571461766,864691135478326952,1
864691135571461766,864691135478338728,1
864691135571501093,864691135489512250,1
864691135571502373,864691135489177658,1
864691135571524486,864691135479112902,2
864691135571524486,864691135479237318,1
864691135571524486,864691135488682692,1
864691135571524486,864691135489421114,1
864691135571558693,864691135479132614,1
864691135571567653,864691135479100358,1
864691135571567653,864691135489143098,1
864691135571582598,864691135489841466,2
864691135571632518,864691135488896570,2
864691135571651718,864691135479243462,1
864691135571683053,864691135488425274,1
864691135571683309,864691135479243462,2
864691135571712237,864691135479132614,1
864691135571768045,864691135478995910,1
864691135571814381,864691135479103174,6
864691135571814381,864691135479622086,1
864691135571814381,864691135489028410,1
864691135571814381,864691135489191482,1
864691135571819501,864691135488682692,1
864691135571820013,864691135489421114,1
864691135571972389,864691135479183814,1
864691135571985189,864691135479245254,1
864691135572028197,864691135489177658,1
864691135572053029,864691135479243462,1
864691135572106477,864691135479168454,1
864691135572136229,864691135490247015,1
864691135572151589,864691135489189178,1
864691135572155373,864691135478734022,1
864691135572220141,864691135478796230,1
864691135572256805,864691135488936762,1
864691135572259365,864691135479243462,1
864691135572276773,864691135479243462,1
864691135572373229,864691135479112902,1
864691135572373229,864691135479223238,1
864691135572373229,864691135489025850,2
864691135572535845,864691135479243462,3
864691135572537893,864691135489182522,2
864691135572770029,864691135479237318,1
864691135572772077,864691135479248070,1
864691135572772077,864691135488751162,1
864691135572772077,864691135489512250,1
864691135572991469,864691135479245254,1
864691135573020141,864691135478338728,1
864691135573020141,864691135478383528,1
864691135573276197,864691135479616454,1
864691135573276197,864691135488715066,1
864691135573288685,864691135478327208,1
864691135573322021,864691135481147846,1
864691135573378797,864691135478326952,1
864691135573378797,864691135478785990,3
864691135573378797,864691135488722746,7
864691135573407269,864691135489486650,1
864691135573421861,864691135478327208,9
864691135573421861,864691135479407558,1
864691135573421861,864691135481147846,8
864691135573421861,864691135489077562,1
864691135573421861,864691135489421114,2
864691135573421861,864691135490326074,4
864691135573434093,864691135489025850,1
864691135573434093,864691135489421114,1
864691135575085342,864691135479243462,1
864691135575088670,864691135479223238,1
864691135575132958,864691135479243462,1
864691135575139614,864691135479100358,1
864691135575207108,864691135479223238,2
864691135575362078,864691135488936762,1
864691135575395102,864691135479144902,1
864691135575395102,864691135489177658,1
864691135575533086,864691135488722746,1
864691135575550494,864691135480349638,1
864691135575594014,864691135488719674,2
864691135575613214,864691135488936762,1
864691135575613214,864691135489141818,4
864691135575845150,864691135488247866,1
864691135575893278,864691135490316346,1
864691135576022814,864691135489114938,1
864691135576062238,864691135479028678,1
864691135576100382,864691135489486650,1
864691135576108830,864691135479243462,1
864691135576140830,864691135489841466,1
864691135576142366,864691135480349638,1
864691135576383774,864691135488715066,1
864691135576455966,864691135489433914,1
864691135576894494,864691135479396550,1
864691135576939269,864691135489177658,1
864691135577202181,864691135479223238,2
864691135577202181,864691135488719674,1
864691135577240350,864691135489025850,1
864691135577247774,864691135479616454,1
864691135577248005,864691135488247866,2
864691135577262366,864691135489841466,1
864691135577269765,864691135478338728,2
864691135577269765,864691135489421114,1
864691135577486853,864691135479245254,1
864691135577486853,864691135489028410,1
864691135577592606,864691135479370694,1
864691135577607198,864691135479223238,7
864691135577607198,864691135479243462,1
864691135577651230,864691135479245254,1
864691135577752094,864691135488896570,2
864691135577753630,864691135478327208,1
864691135577798174,864691135490316346,1
864691135577816862,864691135481147846,1
864691135577817630,864691135488896570,1
864691135577855006,864691135479243462,5
864691135577855006,864691135488719674,3
864691135577866757,864691135490230119,2
864691135578098949,864691135478338728,1
864691135578098949,864691135478748358,4
864691135578103301,864691135479248582,1
864691135578156549,864691135479243462,1
864691135578156549,864691135481147846,2
864691135578234373,864691135479396550,1
864691135578345733,864691135479010502,1
864691135578464773,864691135479396550,1
864691135578600965,864691135489403194,1
864691135578620421,864691135488896570,1
864691135578866693,864691135488896570,2
864691135579081221,864691135478401448,1
864691135579081221,864691135490316346,1
864691135579159813,864691135478401448,1
864691135579180293,864691135478748358,1
864691135581327044,864691135478401448,1
864691135581574253,864691135488682692,1
864691135581588845,864691135479248070,2
864691135581615213,864691135478690246,1
864691135581798765,864691135479237318,1
864691135581798765,864691135479396550,1
864691135581798765,864691135488715066,1
864691135582364525,864691135479928774,1
864691135582539373,864691135489098042,1
864691135582629997,864691135489177658,3
864691135582633325,864691135478796230,1
864691135582633325,864691135490230119,1
864691135582886253,864691135479112902,1
864691135582973549,864691135478401448,1
864691135583033197,864691135479168454,3
864691135583033197,864691135488933690,1
864691135583130989,864691135478338728,3
864691135583660152,864691135488956986,1
864691135583688568,864691135479183814,1
864691135583702136,864691135479223238,2
864691135583815800,864691135479028678,2
864691135583907693,864691135479396550,1
864691135583907693,864691135488253242,1
864691135583988722,864691135479622086,9
864691135584019053,864691135478327208,2
864691135584019053,864691135478401448,2
864691135584019053,864691135479112902,1
864691135584019053,864691135481147846,1
864691135584019053,864691135488425274,1
864691135584019053,864691135490326074,1
864691135584193912,864691135488893754,1
864691135584193912,864691135489403194,1
864691135584266093,864691135488751162,1
864691135584272248,864691135479245254,1
864691135584272248,864691135479339462,1
864691135584333688,864691135478645190,1
864691135584519533,864691135479396550,1
864691135584519533,864691135488893754,2
864691135584519533,864691135488896570,1
864691135584548973,864691135488425274,1
864691135584548973,864691135488722746,1
864691135584551032,864691135478326952,2
864691135584630125,864691135478785990,1
864691135584704109,864691135479396550,1
864691135584704109,864691135488896570,1
864691135584767096,864691135488956986,1
864691135584771181,864691135479223238,1
864691135584771181,864691135489025850,1
864691135584791160,864691135488956986,1
864691135584793197,864691135488715066,1
864691135584800632,864691135479355846,3
864691135584811128,864691135478327208,1
864691135584813176,864691135479396550,1
864691135584815736,864691135479243462,2
864691135584820856,864691135489433914,2
864691135584827768,864691135490230119,2
864691135584858488,864691135478796230,1
864691135584858488,864691135479339462,1
864691135584904312,864691135479100358,1
864691135584930546,864691135489486650,2
864691135585012856,864691135479248070,1
864691135585103228,864691135479245254,1
864691135585107836,864691135479616454,1
864691135585115516,864691135479132614,1
864691135585135740,864691135478748358,1
864691135585146748,864691135488933690,1
864691135585148796,864691135489433914,1
864691135585208899,864691135478267590,1
864691135585213816,864691135479112902,1
864691135585266296,864691135479248070,1
864691135585266296,864691135489433914,1
864691135585266808,864691135489486650,1
864691135585307256,864691135478338728,1
864691135585307256,864691135490326074,1
864691135585317752,864691135489191482,1
864691135585436284,864691135490316346,2
864691135585839740,864691135479248582,1
864691135585889656,864691135478338728,1
864691135585916280,864691135479396550,1
864691135585917820,864691135479339462,1
864691135585945980,864691135489486650,1
864691135585952892,864691135490246503,1
864691135586012024,864691135479928774,1
864691135586012024,864691135489077562,1
864691135586087804,864691135490316346,1
864691135586097020,864691135479031238,1
864691135586097020,864691135480152262,1
864691135586097020,864691135488751162,3
864691135586144892,864691135478327208,1
864691135586202232,864691135489141818,2
864691135586283644,864691135479245254,1
864691135586283644,864691135488751162,1
864691135586487932,864691135478796230,1
864691135586487932,864691135480349638,1
864691135586487932,864691135488751162,1
864691135586491260,864691135489512250,2
864691135586491260,864691135490230119,4
864691135586724220,864691135479616454,1
864691135586773628,864691135489841466,1
864691135586774908,864691135478326952,1
864691135586774908,864691135488722746,1
864691135586793340,864691135478326952,1
864691135586830716,864691135488247866,1
864691135587164796,864691135479243462,1
864691135587183996,864691135489841466,1
864691135587472252,864691135478326952,3
864691135587472252,864691135478589352,1
864691135587472252,864691135478785990,1
864691135587472252,864691135488253242,1
864691135587472252,864691135488722746,1
864691135587532924,864691135478338728,1
864691135587532924,864691135489486650,1
864691135587714428,864691135488715066,1
864691135587862652,864691135478577576,1
864691135587867004,864691135478401448,1
864691135587867004,864691135490316346,1
864691135588085700,864691135488256570,1
864691135589945099,864691135478309830,1
864691135589949707,864691135488728634,1
864691135590371851,864691135489403194,1
864691135590435339,864691135488936762,1
864691135590435339,864691135489433914,1
864691135590552075,864691135478338728,2
864691135590568459,864691135489433914,1
864691135590699019,864691135488956218,1
864691135590875147,864691135489191482,1
864691135590879755,864691135478338728,1
864691135590975243,864691135479243462,1
864691135590978571,864691135489486650,1
864691135590998027,864691135479339462,2
864691135591052299,864691135478326952,1
864691135591244555,864691135479144902,1
864691135591305227,864691135490230119,1
864691135591726091,864691135489098042,1
864691135591822347,864691135489025850,2
864691135591993355,864691135488256570,1
864691135592059147,864691135479243462,1
864691135592063243,864691135488896570,1
864691135592444171,864691135478326952,1
864691135592837899,864691135478401448,1
864691135592837899,864691135489077562,2
864691135592837899,864691135489421114,1
864691135592872203,864691135481147846,1
864691135592888587,864691135490326074,2
864691135593093131,864691135478589352,4
864691135593133067,864691135478326952,1
864691135593200395,864691135478326952,5
864691135593200395,864691135478383528,1
864691135593200395,864691135478785990,1
864691135593200395,864691135479237318,1
864691135593200395,864691135488253242,1
864691135593530411,864691135479683014,1
864691135593541419,864691135478748358,1
864691135593546539,864691135478637766,1
864691135593547051,864691135480349638,1
864691135593754411,864691135488256570,1
864691135593807147,864691135488715066,1
864691135593829163,864691135489141818,1
864691135593829163,864691135489182522,3
864691135593829163,864691135489433914,2
864691135593858091,864691135479355846,1
864691135593949483,864691135479248582,1
864691135593978155,864691135488896570,1
864691135594101291,864691135478338728,1
864691135594101291,864691135489189178,1
864691135594197803,864691135489433914,1
864691135594240811,864691135488893754,1
864691135594315819,864691135490316346,1
864691135594447915,864691135488247866,2
864691135594447915,864691135488728634,1
864691135594462507,864691135479133126,2
864691135594606379,864691135479248582,1
864691135594606379,864691135488936762,2
864691135594639403,864691135479243462,2
864691135595051972,864691135478577576,2
864691135595120939,864691135478589352,1
864691135595121195,864691135478338728,1
864691135595121195,864691135478748358,1
864691135595250731,864691135479112902,1
864691135595457067,864691135488719674,1
864691135595583275,864691135489841466,1
864691135595712811,864691135481147846,1
864691135595810859,864691135478326952,1
864691135595810859,864691135478401448,3
864691135595810859,864691135479112902,1
864691135595947307,864691135479243462,2
864691135595947819,864691135488896570,1
864691135596033835,864691135478326952,1
864691135596033835,864691135479245254,3
864691135596105003,864691135479010502,1
864691135596105003,864691135479028678,1
864691135609449479,864691135490230119,1
864691135609488647,864691135479144902,1
864691135609787143,864691135489486650,1
864691135609803783,864691135489141818,2
864691135610319367,864691135478690246,1
864691135610319367,864691135479048390,1
864691135610665735,864691135489077562,1
864691135610718215,864691135479407558,1
864691135610721543,864691135488715066,1
864691135611072519,864691135488896570,1
864691135611331079,864691135479396550,1
864691135611337735,864691135489421114,1
864691135611350791,864691135488956218,1
864691135611515655,864691135479683014,1
864691135611592967,864691135479407558,3
864691135611592967,864691135479616454,1
864691135611656455,864691135479237318,1
864691135611748615,864691135478326952,1
864691135611789831,864691135488999226,1
864691135611789831,864691135489098042,1
864691135611824135,864691135479396550,1
864691135611869191,864691135478401448,2
864691135611869191,864691135481147846,1
864691135611879943,864691135479407558,2
864691135611879943,864691135488956218,1
864691135613005508,864691135489841466,1
864691135614121675,864691135489189178,1
864691135614124747,864691135478401448,1
864691135614142411,864691135489177658,3
864691135614142411,864691135490247015,2
864691135614143947,864691135479248070,1
864691135614143947,864691135488247866,1
864691135614143947,864691135488936762,1
864691135614143947,864691135489143098,2
864691135614343883,864691135490230119,1
864691135614367947,864691135480152262,3
864691135614429387,864691135490316346,1
864691135614525643,864691135478734022,1
864691135614525643,864691135479100358,1
864691135614525643,864691135488247866,1
864691135614542283,864691135488682692,1
864691135614842827,864691135479243462,3
864691135614842827,864691135490316346,1
864691135614868427,864691135479622086,3
864691135614876363,864691135489031226,1
864691135614936267,864691135478577576,1
864691135615011019,864691135490247015,1
864691135615012299,864691135479028678,1
864691135615057355,864691135489143098,2
864691135615073739,864691135488936762,1
864691135615084747,864691135479223238,1
864691135615248075,864691135478338728,1
864691135615438795,864691135478796230,2
864691135615438795,864691135489512250,7
864691135615438795,864691135490230119,1
864691135615516363,864691135490247015,1
864691135615530187,864691135480349638,1
864691135615571403,864691135479370694,1
864691135615571403,864691135489191482,1
864691135615757515,864691135488719674,1
864691135615796841,864691135488896570,1
864691135615805643,864691135488253242,1
864691135616048587,864691135479370694,1
864691135616070347,864691135479010502,1
864691135616070347,864691135488425274,1
864691135616106601,864691135478267590,1
864691135616106601,864691135489191482,3
864691135616235979,864691135489486650,2
864691135616235979,864691135489841466,1
864691135616312011,864691135489098042,1
864691135616338793,864691135489403194,1
864691135616353385,864691135488719674,1
864691135616376681,864691135480152262,1
864691135616533451,864691135488722746,1
864691135616568523,864691135479396550,2
864691135616568523,864691135479407558,1
864691135616568523,864691135488893754,1
864691135616568523,864691135489421114,1
864691135616568523,864691135489841466,1
864691135616577641,864691135478995910,1
864691135616598219,864691135478401448,1
864691135616649833,864691135479370694,1
864691135616717673,864691135478645190,1
864691135616720489,864691135478796230,1
864691135616735593,864691135479370694,1
864691135616812649,864691135479245254,1
864691135616867177,864691135489512250,2
864691135616869481,864691135478401448,1
864691135616872041,864691135489841466,1
864691135616879721,864691135478309830,1
864691135616879721,864691135488896570,1
864691135616887657,864691135489486650,1
864691135616896873,864691135480349638,1
864691135616994153,864691135479103174,1
864691135616994153,864691135489177402,1
864691135617099113,864691135489025850,1
864691135617224809,864691135478734022,1
864691135617260649,864691135479396550,1
864691135617726351,864691135490247015,1
864691135617729679,864691135479396550,1
864691135617737615,864691135489141818,1
864691135617740431,864691135478326952,1
864691135617740431,864691135489114938,2
864691135617748367,864691135479010502,2
864691135617751183,864691135480349638,1
864691135617757071,864691135479132614,1
864691135617757071,864691135489024058,1
864691135617759375,864691135478585798,1
864691135617787279,864691135488999226,1
864691135617801103,864691135479243462,3
864691135617872489,864691135479407558,1
864691135617880937,864691135479407558,2
864691135617989737,864691135479243462,1
864691135618011535,864691135478690246,1
864691135618011535,864691135488719674,17
864691135618011535,864691135489031226,6
864691135618295183,864691135478338728,1
864691135618310249,864691135488682692,1
864691135618356841,864691135479243462,3
864691135618375785,864691135479112902,2
864691135618375785,864691135488425274,5
864691135618375785,864691135488896570,2
864691135618375785,864691135489421114,2
864691135618500239,864691135488715066,1
864691135618500239,864691135489841466,1
864691135618573199,864691135479183814,1
864691135618602383,864691135489177658,1
864691135618653033,864691135490316346,1
864691135618693007,864691135479100358,1
864691135618694287,864691135479339462,1
864691135618694543,864691135488933690,1
864691135618694543,864691135489098042,1
864691135618705295,864691135479248070,2
864691135618705295,864691135489177658,1
864691135618925455,864691135479112902,1
864691135618925455,864691135490326074,1
864691135618947215,864691135479248582,1
864691135619317391,864691135478401448,2
864691135619317391,864691135489077562,1
864691135619885711,864691135489421114,2
864691135619942287,864691135478401448,1
864691135638560196,864691135488715066,1
864691135638977595,864691135488275258,1
864691135639000379,864691135479396550,1
864691135639012155,864691135479132614,1
864691135639228987,864691135479031238,1
864691135639698747,864691135480349638,1
864691135639870779,864691135478327208,1
864691135639871803,864691135478796230,1
864691135639874619,864691135479683014,1
864691135639874619,864691135488256570,3
864691135639904059,864691135479339462,1
864691135639910459,864691135488751162,1
864691135639910459,864691135489182522,1
864691135640038971,864691135478338728,1
864691135640074811,864691135488956218,1
864691135640074811,864691135489486650,1
864691135640087611,864691135480349638,1
864691135640089659,864691135488719674,1
864691135640508731,864691135479243462,2
864691135640680763,864691135479243462,1
864691135640985028,864691135479355846,2
864691135640985028,864691135479928774,1
864691135641352507,864691135478383528,6
864691135641352507,864691135488253242,2
864691135641354043,864691135488425274,1
864691135641407803,864691135479243462,1
864691135641460539,864691135488253242,1
864691135641491003,864691135489841466,1
864691135641518395,864691135479112902,1
864691135644359876,864691135489177658,1
864691135644566767,864691135489486650,1
864691135644607983,864691135479183814,4
864691135644634863,864691135489141818,1
864691135644634863,864691135489182522,3
864691135644635375,864691135489028410,1
864691135644665583,864691135479407558,1
864691135644670191,864691135478589352,1
864691135644670191,864691135479028678,1
864691135644709871,864691135479144902,1
864691135644720367,864691135489141818,2
864691135644767727,864691135479100358,1
864691135644767727,864691135489024058,2
864691135644804591,864691135488933690,1
864691135645081327,864691135479100358,1
864691135645130223,864691135479396550,1
864691135645494255,864691135479100358,1
864691135645551599,864691135488936762,1
864691135645750767,864691135479622086,1
864691135645751791,864691135479248582,1
864691135645751791,864691135480349638,2
864691135645789679,864691135489098042,1
864691135645819375,864691135478796230,1
864691135645819375,864691135490230119,1
864691135645926127,864691135479407558,1
864691135645926127,864691135489841466,1
864691135646026735,864691135489098042,1
864691135646616815,864691135479396550,1
864691135646616815,864691135479407558,2
864691135646616815,864691135488715066,1
864691135646618863,864691135478577576,1
864691135646618863,864691135488715066,1
864691135646705903,864691135478748358,2
864691135646796015,864691135488896570,1
864691135646796015,864691135489421114,1
864691135646833903,864691135479112902,1
864691135646841327,864691135489141818,1
864691135647000815,864691135478327208,1
864691135654032578,864691135479223238,1
864691135654043586,864691135489114938,1
864691135654047682,864691135478338728,1
864691135654057922,864691135478637766,1
864691135654062018,864691135480349638,1
864691135654062018,864691135490247015,1
864691135654106306,864691135488253242,1
864691135654270658,864691135479683014,1
864691135654529730,864691135489126458,1
864691135654544578,864691135480349638,1
864691135654591426,864691135490230119,1
864691135654879426,864691135488896570,1
864691135654983362,864691135489177658,1
864691135655013826,864691135478690246,1
864691135655078850,864691135478308038,1
864691135655112642,864691135488933690,1
864691135655124162,864691135489024058,1
864691135655126978,864691135479245254,1
864691135655134658,864691135489486650,1
864691135655135426,864691135489028410,2
864691135655140802,864691135489143098,1
864691135655142594,864691135488936762,1
864691135655142594,864691135489143098,1
864691135655143106,864691135489177658,3
864691135655158722,864691135488751162,1
864691135655168706,864691135478267590,1
864691135655400386,864691135490247015,1
864691135655521986,864691135489841466,1
864691135655535042,864691135478326952,1
864691135655572930,864691135489421114,1
864691135656073410,864691135479223238,4
864691135656073410,864691135479243462,1
864691135656073410,864691135488896570,1
864691135656090306,864691135479616454,1
864691135656253122,864691135479245254,1
864691135656631490,864691135478326952,2
864691135656631490,864691135479407558,2
864691135656654530,864691135488896570,2
864691135656778946,864691135478796230,1
864691135656778946,864691135479245254,1
864691135656778946,864691135479339462,2
864691135656799682,864691135489114938,1
864691135656799682,864691135489486650,1
864691135656800706,864691135488896570,1
864691135657770882,864691135479407558,1
864691135657795714,864691135488933690,1
864691135657805186,864691135489177658,1
864691135657810050,864691135479048390,1
864691135658163586,864691135488682692,2
864691135658163842,864691135489486650,1
864691135658266498,864691135478796230,1
864691135658871170,864691135479028678,1
864691135658892162,864691135479243462,1
864691135658954370,864691135489077562,1
864691135658954882,864691135479407558,1
864691135659207554,864691135488715066,1
864691135659207554,864691135488956218,2
864691135659355266,864691135488425274,1
864691135659404418,864691135478401448,1
864691135659498114,864691135488751162,2
864691135659498114,864691135489512250,2
864691135659637122,864691135480152262,4
864691135659687554,864691135479010502,3
864691135659732866,864691135490326074,1
864691135660494320,864691135479168454,1
864691135660504560,864691135488933690,1
864691135660547824,864691135478309830,1
864691135660549872,864691135479100358,2
864691135660702704,864691135488719674,1
864691135660768496,864691135488751162,2
864691135660823792,864691135488893754,1
864691135660830704,864691135479100358,1
864691135660830704,864691135489024058,1
864691135660886000,864691135479144902,1
864691135660970992,864691135488936762,1
864691135661106499,864691135479622086,1
864691135661130224,864691135478338728,1
864691135661135856,864691135488247866,1
864691135661373168,864691135489177658,1
864691135661381872,864691135489421114,1
864691135661415920,864691135479103174,1
864691135661429744,864691135488936762,1
864691135661431024,864691135489189178,1
864691135661447664,864691135479622086,1
864691135661591792,864691135479132614,1
864691135661671664,864691135479100358,2
864691135661919472,864691135479683014,1
864691135662000112,864691135478401448,1
864691135662008816,864691135488896570,1
864691135662008816,864691135489025850,1
864691135662008816,864691135489421114,5
864691135662059248,864691135479010502,1
864691135662199280,864691135479616454,1
864691135662283248,864691135489031226,1
864691135662448880,864691135479622086,2
864691135662888944,864691135488425274,1
864691135662922224,864691135479245254,1
864691135662924784,864691135478338728,1
864691135674382020,864691135488751162,1
864691135677044978,864691135488936762,1
864691135678315204,864691135489512250,1
864691135682294932,864691135489141818,1
864691135683220210,864691135478401448,1
864691135683223026,864691135478327208,1
864691135683242738,864691135479223238,1
864691135683244018,864691135479616454,1
864691135683681522,864691135488893754,1
864691135683738354,864691135478690246,1
864691135683738354,864691135489031226,1
864691135683777266,864691135479248582,1
864691135683777266,864691135488247866,3
864691135683777266,864691135488936762,2
864691135683816178,864691135479616454,1
864691135683946935,864691135488247866,2
864691135683946935,864691135488936762,1
864691135683957687,864691135479339462,2
864691135683964855,864691135489177658,2
864691135683968695,864691135488247866,2
864691135683968695,864691135488728634,2
864691135683980983,864691135479396550,1
864691135683981495,864691135489403194,1
864691135684124146,864691135488247866,1
864691135684234482,864691135479248070,1
864691135684245234,864691135490247015,1
864691135684284914,864691135478690246,1
864691135684284914,864691135488956986,1
864691135684284914,864691135489031226,5
864691135684321522,864691135489098042,1
864691135684395703,864691135489025850,1
864691135684426994,864691135478338728,2
864691135684492215,864691135478326952,1
864691135684555703,864691135489421114,1
864691135684568503,864691135489182522,1
864691135684568503,864691135489433914,2
864691135684574391,864691135480152262,1
864691135684655031,864691135490230119,1
864691135684657079,864691135480349638,1
864691135684657079,864691135488751162,1
864691135684663991,864691135478338728,1
864691135684663991,864691135489841466,1
864691135684809458,864691135489841466,1
864691135684921271,864691135489486650,4
864691135684981687,864691135479245254,1
864691135684987319,864691135480152262,1
864691135685025463,864691135490230119,1
864691135685029303,864691135479622086,1
864691135685040567,864691135490230119,1
864691135685082807,864691135479339462,1
864691135685090743,864691135489141818,1
864691135685092023,864691135489433914,1
864691135685098423,864691135478267590,1
864691135685098423,864691135479355846,1
864691135685598450,864691135479683014,1
864691135685598450,864691135489486650,1
864691135685601522,864691135489098042,1
864691135685645810,864691135480152262,1
864691135685691122,864691135478309830,2
864691135685691122,864691135489421114,3
864691135685720050,864691135479112902,2
864691135685720050,864691135479237318,1
864691135685720050,864691135488425274,7
864691135685720050,864691135488896570,4
864691135685757879,864691135489098042,1
864691135685773495,864691135489028410,1
864691135685877943,864691135489152826,1
864691135686296759,864691135479407558,1
864691135686296759,864691135489421114,1
864691135686386615,864691135479112902,1
864691135686386615,864691135479396550,1
864691135686442423,864691135489841466,1
864691135686449591,864691135481147846,2
864691135686559415,864691135478326952,1
864691135686568119,864691135479396550,1
864691135686568119,864691135488425274,1
864691135686568119,864691135488896570,1
864691135686568119,864691135489421114,1
864691135686743479,864691135479245254,1
864691135686743479,864691135489841466,1
864691135686755511,864691135478326952,5
864691135686755511,864691135478383528,2
864691135686755511,864691135478589352,1
864691135686755511,864691135479010502,15
864691135686755511,864691135479028678,1
864691135686755511,864691135479245254,1
864691135686755511,864691135488722746,9
864691135686755511,864691135489114938,6
864691135686800567,864691135489421114,1
864691135686818743,864691135479407558,2
864691135686879968,864691135488275258,1
864691135686898912,864691135479339462,1
864691135686898912,864691135489028410,1
864691135686905824,864691135489177658,2
864691135686932704,864691135489177658,1
864691135686938080,864691135479396550,1
864691135687217632,864691135479339462,1
864691135687268064,864691135478734022,1
864691135687364064,864691135480349638,3
864691135687575264,864691135478796230,1
864691135687689696,864691135488247866,1
864691135687690464,864691135489177658,1
864691135687713504,864691135488956218,1
864691135687818464,864691135479355846,1
864691135687863264,864691135489841466,1
864691135688419296,864691135479407558,1
864691135688807136,864691135488256570,1
864691135688826592,864691135488719674,1
864691135688915168,864691135488715066,1
864691135688960736,864691135478309830,2
864691135688960736,864691135479396550,1
864691135688960736,864691135488896570,1
864691135688960736,864691135489403194,1
864691135688967392,864691135479616454,1
864691135689062880,864691135488247866,1
864691135689187808,864691135478796230,1
864691135689617376,864691135478338728,1
864691135689646304,864691135478589352,1
864691135689646304,864691135479407558,1
864691135689692384,864691135478589352,1
864691135689692384,864691135479245254,1
864691135689692384,864691135479248070,2
864691135689692384,864691135489098042,2
864691135689700320,864691135488425274,3
864691135689724896,864691135479396550,1
864691135689724896,864691135488896570,2
864691135689735904,864691135478326952,3
864691135689735904,864691135478383528,1
864691135689735904,864691135478785990,1
864691135689735904,864691135488253242,4
864691135689760736,864691135488682692,1
864691135691309716,864691135489177658,1
864691135691365012,864691135489177658,1
864691135691365012,864691135490247015,1
864691135692709823,864691135489486650,1
864691135692730047,864691135489028410,1
864691135692733631,864691135488253242,1
864691135692847764,864691135478796230,4
864691135692847764,864691135479168454,1
864691135692847764,864691135489512250,3
864691135692847764,864691135490230119,5
864691135693533887,864691135480152262,1
864691135693559743,864691135479248070,1
864691135693610687,864691135478326214,1
864691135693629119,864691135479168454,1
864691135693629119,864691135480349638,2
864691135693677247,864691135488719674,1
864691135693691071,864691135479010502,1
864691135693705407,864691135488751162,1
864691135693705407,864691135490230119,1
864691135693710271,864691135489141818,1
864691135694014911,864691135479168454,1
864691135694014911,864691135489433914,3
864691135694113215,864691135488751162,2
864691135694119615,864691135478796230,1
864691135694119615,864691135479407558,1
864691135694119615,864691135488715066,1
864691135694119615,864691135489512250,1
864691135694341567,864691135478577576,2
864691135694341567,864691135488715066,1
864691135694341567,864691135489841466,1
864691135694753727,864691135488956218,1
864691135694753727,864691135489486650,1
864691135695042751,864691135478577576,1
864691135695146943,864691135478327208,1
864691135695197375,864691135478309830,1
864691135695197375,864691135488893754,1
864691135695197375,864691135488896570,6
864691135695941530,864691135479132614,1
864691135695941530,864691135489024058,3
864691135695975322,864691135479616454,1
864691135695984538,864691135480349638,1
864691135695989658,864691135479132614,1
864691135695994778,864691135489024058,1
864691135696412570,864691135478734022,1
864691135696418714,864691135489024058,1
864691135696763028,864691135479168454,1
864691135696891802,864691135488275258,1
864691135696900506,864691135488719674,2
864691135696900506,864691135488956986,1
864691135696901530,864691135489403194,1
864691135696921754,864691135479223238,1
864691135696935066,864691135479407558,1
864691135696938650,864691135479243462,2
864691135696940186,864691135488936762,1
864691135697143194,864691135479223238,1
864691135697380629,864691135489031226,1
864691135697389077,864691135478785990,1
864691135697391125,864691135479132614,1
864691135697400085,864691135488682692,1
864691135697410325,864691135489028410,4
864691135697526293,864691135488999226,1
864691135697605530,864691135478267590,1
864691135697676053,864691135478401448,5
864691135697865882,864691135489189178,1
864691135697865882,864691135489512250,1
864691135697865882,864691135490230119,5
864691135698016410,864691135478383528,1
864691135698287125,864691135479243462,1
864691135698339994,864691135478577576,1
864691135698356757,864691135489433914,2
864691135698362901,864691135488896570,1
864691135698401045,864691135490316346,1
864691135698415381,864691135479243462,1
864691135698451610,864691135478734022,1
864691135698454549,864691135490230119,1
864691135698480026,864691135479407558,1
864691135698529178,864691135479396550,1
864691135698529178,864691135488896570,4
864691135698533274,864691135489841466,1
864691135698565653,864691135478338728,1
864691135698627349,864691135488719674,1
864691135698685461,864691135489403194,1
864691135699131540,864691135489177658,1
864691135699133717,864691135489512250,1
864691135699254050,864691135479245254,1
864691135699292962,864691135488896570,1
864691135699305506,864691135479339462,1
864691135699346965,864691135479396550,2
864691135699346965,864691135488425274,2
864691135699346965,864691135488715066,1
864691135699346965,864691135488896570,3
864691135699356437,864691135489841466,1
864691135699550754,864691135489028410,1
864691135699562274,864691135479370694,1
864691135699562274,864691135481147846,1
864691135699562274,864691135489077562,1
864691135699570210,864691135478309830,1
864691135699607829,864691135479028678,1
864691135699771925,864691135479396550,2
864691135699818005,864691135488425274,2
864691135699818005,864691135488896570,2
864691135699818005,864691135489421114,2
864691135699905557,864691135478327208,3
864691135699905557,864691135478401448,4
864691135699905557,864691135479370694,8
864691135699905557,864691135489077562,3
864691135699905557,864691135490326074,1
864691135700144930,864691135490247015,1
864691135700147234,864691135479243462,2
864691135700148002,864691135488936762,1
864691135700149794,864691135488896570,2
864691135700167714,864691135479133126,1
864691135700213627,864691135488247866,1
864691135700223867,864691135479616454,1
864691135700247163,864691135488247866,1
864691135700259106,864691135479616454,1
864691135700262690,864691135479248070,2
864691135700266107,864691135478326952,1
864691135700267131,864691135488247866,1
864691135700272162,864691135488751162,1
864691135700272674,864691135488936762,1
864691135700335227,864691135479112902,1
864691135700409211,864691135489841466,1
864691135700409211,864691135490230119,1
864691135700648226,864691135489421114,1
864691135700683554,864691135490230119,1
864691135700739106,864691135479339462,1
864691135700750971,864691135479144902,1
864691135700750971,864691135489177658,1
864691135700945275,864691135478326952,1
864691135701092219,864691135489512250,1
864691135701161506,864691135479339462,2
864691135701194274,864691135479223238,1
864691135701200930,864691135488999226,1
864691135701223547,864691135478734022,1
864691135701223547,864691135479248582,1
864691135701228155,864691135480152262,1
864691135701270139,864691135488715066,1
864691135701272610,864691135489486650,2
864691135701359227,864691135490246503,1
864691135701388155,864691135489177658,1
864691135701424507,864691135479243462,1
864691135701436027,864691135479243462,3
864691135701478690,864691135479407558,1
864691135701566587,864691135489512250,1
864691135701592699,864691135488936762,1
864691135701624699,864691135490230119,1
864691135701800994,864691135478338728,1
864691135701876514,864691135479370694,2
864691135701898786,864691135488896570,3
864691135701907234,864691135478338728,1
864691135701907234,864691135479245254,2
864691135701917563,864691135479010502,1
864691135701917563,864691135488722746,1
864691135702146683,864691135479243462,2
864691135702516091,864691135479243462,2
864691135702609275,864691135479237318,1
864691135702609275,864691135488425274,1
864691135702609275,864691135488715066,1
864691135702609275,864691135488896570,1
864691135702914427,864691135479243462,1
864691135703055995,864691135479396550,1
864691135703055995,864691135489421114,2
864691135703291771,864691135488722746,1
864691135704914580,864691135490230119,1
864691135711594388,864691135478796230,4
864691135711594388,864691135490230119,2
864691135715209498,864691135479248582,1
864691135715213594,864691135479616454,1
864691135715300500,864691135478796230,3
864691135715300500,864691135490230119,1
864691135715312154,864691135479243462,1
864691135715450394,864691135480349638,1
864691135715478810,864691135489433914,2
864691135715631898,864691135488893754,1
864691135715909402,864691135478309830,1
864691135716038938,864691135479243462,2
864691135716059930,864691135478338728,1
864691135716116250,864691135478690246,1
864691135716116506,864691135489044026,1
864691135716147482,864691135488256570,1
864691135716147482,864691135488719674,1
864691135716157722,864691135478796230,1
864691135716157722,864691135489512250,1
864691135716172058,864691135479100358,1
864691135716180506,864691135488715066,2
864691135716237594,864691135489126458,1
864691135716237594,864691135489177402,1
864691135716274458,864691135479168454,2
864691135716274458,864691135489512250,1
864691135716301338,864691135479223238,1
864691135716337178,864691135488728634,1
864691135716390682,864691135479396550,1
864691135716553876,864691135489143098,2
864691135716709146,864691135489486650,1
864691135716843802,864691135489486650,1
864691135716869658,864691135479396550,2
864691135716929562,864691135478326952,2
864691135716929562,864691135478338728,2
864691135716929562,864691135478383528,1
864691135716929562,864691135478785990,1
864691135716929562,864691135479245254,1
864691135716929562,864691135488253242,2
864691135716929562,864691135489114938,1
864691135716975130,864691135479407558,2
864691135717171226,864691135489841466,1
864691135717230106,864691135489486650,1
864691135717275162,864691135478401448,4
864691135717308442,864691135478401448,1
864691135717308442,864691135488933690,1
864691135717345562,864691135490316346,1
864691135717365018,864691135479407558,1
864691135717414682,864691135479616454,1
864691135717424154,864691135478401448,1
864691135717424154,864691135479223238,1
864691135717424154,864691135479243462,4
864691135717442074,864691135478589352,1
864691135717457178,864691135478589352,1
864691135717457178,864691135479243462,1
864691135717457178,864691135479407558,1
864691135717528346,864691135479112902,1
864691135717528346,864691135489421114,3
864691135718228372,864691135488247866,3
864691135718228372,864691135488936762,1
864691135718228372,864691135489433914,1
864691135718228372,864691135490230119,1
864691135718456625,864691135489152826,1
864691135718463793,864691135479112902,1
864691135718473521,864691135479132614,1
864691135718815793,864691135478383528,1
864691135718815793,864691135479010502,1
864691135718815793,864691135488253242,1
864691135719193649,864691135488936762,1
864691135719346225,864691135479683014,1
864691135719426609,864691135488256570,2
864691135719446577,864691135489433914,1
864691135719446833,864691135488247866,1
864691135719446833,864691135488936762,1
864691135719448212,864691135489024058,3
864691135719738929,864691135488256570,1
864691135719782449,864691135478796230,1
864691135719782449,864691135490230119,2
864691135719913521,864691135479183814,1
864691135719946289,864691135488719674,1
864691135719951921,864691135479616454,1
864691135720335665,864691135478796230,1
864691135720335665,864691135479103174,1
864691135720335665,864691135479339462,1
864691135720335665,864691135488751162,2
864691135720335665,864691135490230119,2
864691135720337201,864691135478267590,3
864691135720337201,864691135479928774,1
864691135720337201,864691135489191482,2
864691135720343089,864691135479028678,1
864691135720402481,864691135488956218,2
864691135720675889,864691135489189178,1
864691135720759345,864691135479243462,1
864691135724202667,864691135488425274,3
864691135724208811,864691135489486650,1
864691135724350868,864691135489177658,1
864691135724393131,864691135479031238,1
864691135724557483,864691135480349638,1
864691135724585131,864691135479223238,1
864691135724597419,864691135489191482,1
864691135724847787,864691135489098042,1
864691135724856747,864691135478401448,1
864691135724945835,864691135479010502,1
864691135724945835,864691135488722746,1
864691135724960427,864691135479144902,1
864691135725084587,864691135479100358,1
864691135725135531,864691135479928774,1
864691135725213867,864691135488933690,1
864691135725228203,864691135478308038,1
864691135725379243,864691135483124267,1
864691135725481387,864691135489141818,7
864691135725642815,864691135488719674,1
864691135725646251,864691135488893754,1
864691135725766463,864691135489098042,1
864691135725824575,864691135489126458,1
864691135725915199,864691135479243462,2
864691135725929279,864691135478309830,1
864691135725929279,864691135479223238,1
864691135725929279,864691135489025850,1
864691135725953195,864691135479183814,1
864691135725989439,864691135478309830,1
864691135726033727,864691135479168454,4
864691135726033727,864691135480349638,1
864691135726064555,864691135479616454,1
864691135726077611,864691135478326952,1
864691135726113451,864691135478267590,1
864691135726113451,864691135478748358,3
864691135726204843,864691135478338728,1
864691135726207551,864691135479355846,1
864691135726214571,864691135478401448,1
864691135726214571,864691135479355846,1
864691135726214571,864691135479370694,1
864691135726214571,864691135481147846,1
864691135726272427,864691135481147846,1
864691135726292031,864691135478401448,1
864691135726318143,864691135478690246,2
864691135726476607,864691135479028678,2
864691135726477119,864691135479223238,1
864691135726481727,864691135490230119,1
864691135726597803,864691135489841466,1
864691135726773419,864691135478401448,1
864691135726773419,864691135479223238,1
864691135726773419,864691135481147846,1
864691135726773419,864691135489421114,1
864691135726840491,864691135489486650,1
864691135726891071,864691135479248070,2
864691135726910891,864691135490247015,1
864691135726960555,864691135478338728,1
864691135726969259,864691135478401448,2
864691135726969259,864691135490326074,3
864691135726995627,864691135478309830,1
864691135727138623,864691135489486650,1
864691135727459903,864691135479355846,1
864691135727459903,864691135479370694,2
864691135727546943,864691135479355846,1
864691135727591743,864691135479223238,1
864691135727613503,864691135489486650,1
864691135727741503,864691135478338728,1
864691135727929663,864691135478267590,1
864691135727929663,864691135481147846,1
864691135728018751,864691135479370694,4
864691135728119103,864691135478309830,4
864691135728119103,864691135488893754,1
864691135728119103,864691135488896570,1
864691135730098361,864691135479132614,1
864691135730105785,864691135478338728,1
864691135730133177,864691135489421114,1
864691135730138297,864691135479132614,1
864691135730164921,864691135480152262,1
864691135730190521,864691135489841466,1
864691135730193081,864691135489177658,8
864691135730194873,864691135489028410,1
864691135730618297,864691135479183814,1
864691135730650297,864691135489126458,1
864691135730678201,864691135489189178,1
864691135730802873,864691135479144902,1
864691135730895289,864691135479028678,2
864691135731038137,864691135479223238,1
864691135731115193,864691135489177658,1
864691135731185081,864691135479245254,3
864691135731225785,864691135480349638,1
864691135731229625,864691135479144902,1
864691135731238073,864691135488247866,1
864691135731260345,864691135488275258,1
864691135731918521,864691135488933690,1
864691135731918521,864691135489841466,2
864691135731965076,864691135480152262,2
864691135731965076,864691135489098042,3
864691135732038329,864691135490326074,1
864691135732142521,864691135488896570,4
864691135732172692,864691135478796230,1
864691135732172692,864691135479622086,1
864691135732172692,864691135488751162,1
864691135732172692,864691135489189178,1
864691135732172692,864691135489512250,1
864691135732191673,864691135478748358,1
864691135732209593,864691135479370694,1
864691135732392889,864691135489025850,3
864691135732587449,864691135478309830,1
864691135732587449,864691135479112902,1
864691135732587449,864691135479407558,1
864691135732587449,864691135489421114,2
864691135732616377,864691135490316346,1
864691135732715961,864691135478748358,2
864691135732715961,864691135479028678,2
864691135732715961,864691135479237318,1
864691135732715961,864691135489486650,1
864691135732877972,864691135488751162,3
864691135732877972,864691135489182522,3
864691135735690388,864691135488247866,1
864691135736296084,864691135479248582,1
864691135736296084,864691135488751162,2
864691135736296084,864691135489512250,9
864691135736296084,864691135490230119,3
864691135736876932,864691135488425274,1
864691135736893572,864691135479243462,1
864691135736904580,864691135479183814,8
864691135736931716,864691135489028410,1
864691135736934020,864691135478995910,1
864691135737101700,864691135478326214,2
864691135737101700,864691135489126458,2
864691135737101700,864691135489177658,1
864691135737101700,864691135490247015,2
864691135737125508,864691135479223238,1
864691135737262468,864691135488999226,1
864691135737262468,864691135489486650,1
864691135737280132,864691135489512250,1
864691135737501844,864691135478796230,3
864691135737501844,864691135479339462,1
864691135737616260,864691135479144902,1
864691135737617300,864691135489141818,1
864691135737643924,864691135478796230,1
864691135737643924,864691135489512250,3
864691135737644932,864691135479031238,1
864691135737743473,864691135479339462,2
864691135737758084,864691135488751162,1
864691135737788548,864691135489177658,1
864691135737799537,864691135479132614,1
864691135738112916,864691135488751162,1
864691135738112916,864691135489141818,1
864691135738112916,864691135489433914,1
864691135738151812,864691135478267590,1
864691135738266500,864691135489841466,1
864691135738287985,864691135490326074,2
864691135738351985,864691135488936762,2
864691135738387076,864691135478785990,2
864691135738387076,864691135479245254,8
864691135738480497,864691135488275258,1
864691135738481009,864691135479243462,1
864691135738498673,864691135488956218,1
864691135738506609,864691135479031238,1
864691135738623857,864691135479396550,1
864691135738623857,864691135488896570,1
864691135739013745,864691135478338728,2
864691135739124593,864691135479243462,1
864691135739149956,864691135478309830,1
864691135739149956,864691135479396550,3
864691135739182980,864691135490316346,1
864691135739222129,864691135479396550,2
864691135739222129,864691135488896570,1
864691135739247236,864691135478401448,1
864691135739272324,864691135478401448,3
864691135739308164,864691135488896570,1
864691135739315076,864691135488896570,1
864691135739348372,864691135489512250,1
864691135739364209,864691135488896570,1
864691135739429489,864691135478338728,1
864691135739429489,864691135479339462,1
864691135739538033,864691135478577576,1
864691135739538033,864691135479407558,1
864691135739563924,864691135488956986,1
864691135739572884,864691135489841466,1
864691135739581332,864691135489024058,1
864691135739587988,864691135478338728,1
864691135739587988,864691135478785990,1
864691135739600788,864691135490230119,2
864691135739602580,864691135479248070,1
864691135739614577,864691135478267590,1
864691135739623572,864691135488728634,1
864691135739623572,864691135489512250,1
864691135739627156,864691135489182522,1
864691135739627156,864691135489433914,4
864691135739670129,864691135488715066,1
864691135739686769,864691135479339462,1
864691135739753073,864691135478326952,2
864691135739753073,864691135478785990,1
864691135739753073,864691135488253242,2
864691135739753073,864691135489486650,7
864691135739870868,864691135479168454,1
864691135739896724,864691135479144902,1
864691135739896724,864691135479245254,1
864691135740009620,864691135488247866,1
864691135740182891,864691135481147846,2
864691135740209515,864691135489433914,2
864691135740215659,864691135489177658,1
864691135740252779,864691135490230119,1
864691135740270443,864691135488936762,1
864691135740333716,864691135479168454,1
864691135740457876,864691135479144902,1
864691135740527764,864691135489126458,1
864691135740551828,864691135478637766,1
864691135740557204,864691135478637766,1
864691135740574356,864691135489189178,1
864691135740660587,864691135489126458,5
864691135740692843,864691135488933690,1
864691135740752020,864691135479243462,1
864691135740848532,864691135488896570,1
864691135740939115,864691135479248070,1
864691135741090196,864691135478327208,1
864691135741090196,864691135478383528,3
864691135741213803,864691135478589352,1
864691135741218196,864691135479370694,1
864691135741360235,864691135488247866,1
864691135741371755,864691135488936762,1
864691135741389675,864691135489177658,1
864691135741512596,864691135478338728,3
864691135741512596,864691135488722746,1
864691135741612692,864691135478267590,1
864691135741612692,864691135478326952,1
864691135741612692,864691135479245254,1
864691135741612692,864691135489486650,1
864691135741612692,864691135490326074,2
864691135741757844,864691135489486650,1
864691135741801364,864691135478401448,1
864691135741810580,864691135488896570,2
864691135741817236,864691135479237318,1
864691135741817236,864691135479396550,1
864691135741817236,864691135488896570,1
864691135741817236,864691135490316346,1
864691135741830804,864691135478401448,1
864691135741862804,864691135479616454,1
864691135741865108,864691135479355846,1
864691135741874836,864691135478338728,2
864691135742102635,864691135490316346,1
864691135742154603,864691135479133126,1
864691135742211476,864691135479616454,1
864691135742211476,864691135489841466,1
864691135742366827,864691135489512250,1
864691135742400107,864691135489841466,1
864691135742499435,864691135488715066,2
864691135742664043,864691135478338728,1
864691135742826603,864691135478338728,1
864691135742828395,864691135478338728,1
864691135742867307,864691135488956218,2
864691135742895723,864691135478577576,1
864691135742895723,864691135479396550,1
864691135742998379,864691135478589352,2
864691135742998379,864691135479028678,1
864691135742998379,864691135479237318,1
864691135742998379,864691135488425274,2
864691135743183723,864691135488715066,1
864691135743183723,864691135488896570,1
864691135743183723,864691135489421114,1
864691135743196523,864691135478326952,1
864691135743196523,864691135488896570,1
864691135743269739,864691135478309830,1
864691135743269739,864691135488896570,2
864691135748548137,864691135478308038,1
864691135748588329,864691135479168454,1
864691135748589609,864691135479103174,2
864691135748733737,864691135489841466,1
864691135748793897,864691135488682692,1
864691135748860713,864691135488751162,1
864691135748985641,864691135479223238,1
864691135749021225,864691135479248070,1
864691135749021225,864691135489433914,1
864691135749141801,864691135479339462,1
864691135749141801,864691135488728634,1
864691135749308201,864691135488896570,1
864691135749358121,864691135479243462,1
864691135749474345,864691135490316346,2
864691135749570345,864691135479243462,1
864691135749570345,864691135490316346,1
864691135749577513,864691135479100358,1
864691135749582377,864691135479243462,1
864691135749582377,864691135479370694,1
864691135749853225,864691135488728634,2
864691135749936681,864691135478338728,1
864691135749936681,864691135479112902,1
864691135750377257,864691135479396550,1
864691135750377257,864691135489421114,1
864691135750452777,864691135479243462,1
864691135750642473,864691135478401448,2
864691135750779433,864691135481147846,1
864691135750799145,864691135479245254,2
864691135750931497,864691135489841466,1
864691135751064873,864691135479396550,1
864691135751064873,864691135489421114,1
864691135751064873,864691135489841466,1
864691135751097385,864691135478995910,1
864691135753611725,864691135479248070,1
864691135753617101,864691135488999226,1
864691135753663949,864691135488247866,1
864691135753665485,864691135489044026,1
864691135753666765,864691135479223238,1
864691135753677005,864691135489031226,4
864691135753678029,864691135489421114,1
864691135753727181,864691135479396550,1
864691135754126285,864691135478637766,1
864691135754185933,864691135478796230,1
864691135754185933,864691135488751162,1
864691135754195661,864691135489114938,1
864691135754442445,864691135489177658,1
864691135754532050,864691135479683014,1
864691135754541266,864691135478401448,1
864691135754580173,864691135488719674,1
864691135754676941,864691135481147846,1
864691135754680525,864691135479396550,1
864691135754696141,864691135489486650,1
864691135754705869,864691135479243462,1
864691135754713037,864691135489433914,4
864691135755043021,864691135489486650,1
864691135755062994,864691135479103174,1
864691135755123922,864691135479339462,1
864691135755192018,864691135489098042,1
864691135755388621,864691135488719674,1
864691135755425746,864691135479245254,1
864691135755456466,864691135479243462,1
864691135755589586,864691135479245254,1
864691135755610317,864691135478326952,1
864691135755610317,864691135478589352,1
864691135755632338,864691135478796230,1
864691135755632338,864691135479339462,1
864691135755707597,864691135478748358,1
864691135755721682,864691135489189178,3
864691135755874765,864691135488999226,1
864691135755983314,864691135479245254,2
864691135755992018,864691135490316346,1
864691135756085453,864691135479010502,1
864691135756096717,864691135478338728,1
864691135756096717,864691135478577576,3
864691135756096717,864691135479407558,1
864691135756096717,864691135489486650,2
864691135756279757,864691135478401448,1
864691135756311245,864691135479243462,4
864691135756523986,864691135479168454,1
864691135756681170,864691135479031238,2
864691135756681170,864691135479248070,1
864691135756681170,864691135489182522,2
864691135756681170,864691135489433914,1
864691135756844242,864691135478327208,1
864691135756844242,864691135478338728,1
864691135756844242,864691135479112902,4
864691135756844242,864691135479407558,2
864691135756844242,864691135481147846,1
864691135756844242,864691135489841466,1
864691135756990674,864691135479243462,1
864691135757186258,864691135478338728,2
864691135757188562,864691135488896570,1
864691135757196242,864691135478401448,1
864691135757239506,864691135489421114,1
864691135758459214,864691135488728634,1
864691135758499150,864691135489433914,1
864691135758502734,864691135488936762,1
864691135758518350,864691135489177658,2
864691135758559566,864691135489841466,1
864691135758869838,864691135490230119,1
864691135758879822,864691135478326214,1
864691135758979150,864691135489841466,1
864691135758981454,864691135488936762,1
864691135758981454,864691135490230119,1
864691135759141454,864691135479243462,1
864691135759194190,864691135489182522,2
864691135759422798,864691135489189178,1
864691135759530830,864691135489028410,1
864691135759616701,864691135488247866,1
864691135759616701,864691135488936762,2
864691135759627342,864691135489486650,2
864691135759815758,864691135489025850,1
864691135760194382,864691135478338728,1
864691135760319822,864691135489486650,1
864691135760374862,864691135479028678,1
864691135760441277,864691135478734790,1
864691135760441678,864691135488682692,2
864691135760577870,864691135478796230,1
864691135760614222,864691135479031238,5
864691135760614222,864691135480152262,4
864691135760614222,864691135489141818,2
864691135760728910,864691135479928774,1
864691135761069902,864691135488896570,1
864691135761515830,864691135478326952,1
864691135761516598,864691135478734790,1
864691135761517366,864691135489027642,1
864691135761528886,864691135480349638,1
864691135761543734,864691135478338728,2
864691135761826614,864691135478326214,2
864691135761826614,864691135479144902,5
864691135761826614,864691135489177402,1
864691135761994038,864691135488728634,5
864691135761996342,864691135488896570,2
864691135762187062,864691135489512250,1
864691135762278966,864691135479010502,1
864691135762282550,864691135479928774,1
864691135762437430,864691135489421114,2
864691135762576950,864691135488715066,1
864691135762651446,864691135489177658,1
864691135762778678,864691135488247866,1
864691135762845238,864691135488247866,2
864691135762845238,864691135488936762,2
864691135763079734,864691135488956986,1
864691135763127350,864691135488247866,1
864691135763127350,864691135488936762,1
864691135763244086,864691135489024058,1
864691135763433270,864691135479245254,1
864691135763531830,864691135479048390,1
864691135763833398,864691135488722746,1
864691135763941174,864691135478338728,1
864691135763987254,864691135488253242,1
864691135764060470,864691135488956218,1
864691135764201782,864691135478383528,1
864691135764201782,864691135478785990,1
864691135764263222,864691135478796230,1
864691135764263222,864691135479339462,2
864691135764263222,864691135479622086,3
864691135764263222,864691135490230119,2
864691135764585014,864691135488715066,1
864691135764631862,864691135478326952,1
864691135764678198,864691135478267590,3
864691135764678198,864691135479112902,1
864691135764678198,864691135481147846,4
864691135764678198,864691135490326074,7
864691135764859702,864691135488253242,1
864691135764890678,864691135478327208,1
864691135764890678,864691135481147846,2
864691135764932662,864691135488956218,1
864691135764932662,864691135489486650,1
864691135765105206,864691135490230119,3
864691135767342013,864691135489177402,2
864691135771625467,864691135488247866,1
864691135771627515,864691135488936762,1
864691135771632379,864691135478637766,1
864691135771684171,864691135489433914,1
864691135771696971,864691135489486650,1
864691135771704139,864691135479396550,1
864691135771706443,864691135478734790,1
864691135771716939,864691135478637766,1
864691135772014331,864691135479339462,2
864691135772053835,864691135488728634,1
864691135772054603,864691135489126458,1
864691135772238411,864691135488715066,1
864691135772261115,864691135479396550,1
864691135772336123,864691135490316346,1
864691135772410875,864691135479339462,1
864691135772450379,864691135478309830,1
864691135772473419,864691135478637766,1
864691135772531019,864691135488893754,3
864691135772608507,864691135488719674,1
864691135772799739,864691135478748358,1
864691135772799739,864691135483124267,1
864691135772851787,864691135478995910,2
864691135773208651,864691135489191482,1
864691135773208651,864691135489486650,2
864691135773615867,864691135478309830,2
864691135773615867,864691135488715066,1
864691135773617995,864691135479245254,1
864691135773673803,864691135489486650,1
864691135773727739,864691135489028410,1
864691135773779275,864691135478383528,1
864691135773779275,864691135478785990,4
864691135773779275,864691135480152262,1
864691135773779275,864691135488253242,1
864691135773779275,864691135488722746,1
864691135773910603,864691135490326074,1
864691135774221643,864691135478326952,1
864691135774221643,864691135478327208,1
864691135774221643,864691135478383528,1
864691135774221643,864691135478401448,4
864691135774221643,864691135489077562,2
864691135774246731,864691135488896570,1
864691135774275147,864691135489486650,1
864691135774389755,864691135489486650,2
864691135774413307,864691135479243462,1
864691135774414843,864691135479223238,1
864691135774429435,864691135478338728,1
864691135774514507,864691135478327208,1
864691135774514507,864691135478338728,1
864691135774514507,864691135478589352,1
864691135774514507,864691135479237318,1
864691135774514507,864691135488722746,1
864691135774514507,864691135489486650,1
864691135774549323,864691135478577576,1
864691135774552059,864691135478338728,2
864691135774581835,864691135478327208,2
864691135774581835,864691135488896570,1
864691135775817645,864691135489098042,1
864691135776047277,864691135488256570,1
864691135776127149,864691135488936762,1
864691135776197549,864691135488933690,1
864691135776235949,864691135488936762,1
864691135776249773,864691135479144902,1
864691135776266157,864691135479144902,1
864691135776266157,864691135489177658,1
864691135776532320,864691135479339462,1
864691135776541536,864691135479132614,1
864691135776542560,864691135478338728,1
864691135776558688,864691135479339462,1
864691135776560992,864691135479144902,1
864691135776581549,864691135479144902,1
864691135776583520,864691135479243462,2
864691135776594272,864691135489024058,1
864691135776626272,864691135489141818,1
864691135776643424,864691135489025850,1
864691135776661856,864691135478796230,10
864691135776661856,864691135488728634,1
864691135776661856,864691135490230119,1
864691135776664672,864691135489841466,2
864691135776697005,864691135478690246,2
864691135776816301,864691135479248070,1
864691135776853933,864691135489486650,1
864691135776874157,864691135479031238,1
864691135776882093,864691135479248070,1
864691135776899245,864691135478338728,3
864691135776899245,864691135488253242,1
864691135776904800,864691135488956986,1
864691135776909741,864691135478326952,1
864691135776909741,864691135479407558,1
864691135776915117,864691135479339462,1
864691135776918368,864691135488722746,1
864691135776918368,864691135489114938,1
864691135777030496,864691135488425274,1
864691135777069408,864691135488715066,1
864691135777109181,864691135479683014,1
864691135777129661,864691135489177658,1
864691135777130429,864691135488936762,1
864691135777142717,864691135488936762,1
864691135777145277,864691135489177658,1
864691135777155005,864691135479243462,1
864691135777162685,864691135489486650,1
864691135777166176,864691135478796230,1
864691135777166176,864691135479339462,1
864691135777166176,864691135488751162,1
864691135777166176,864691135490230119,1
864691135777170365,864691135479683014,1
864691135777253549,864691135490230119,2
864691135777263789,864691135488933690,1
864691135777419965,864691135480152262,1
864691135777432237,864691135489098042,1
864691135777461181,864691135488247866,1
864691135777471149,864691135479245254,1
864691135777573821,864691135479245254,1
864691135777581664,864691135489182522,1
864691135777607520,864691135489433914,1
864691135777608800,864691135489098042,2
864691135777623648,864691135488896570,1
864691135777623648,864691135489421114,1
864691135777678013,864691135490316346,1
864691135777733821,864691135479223238,2
864691135777733821,864691135489025850,1
864691135777789357,864691135478338728,1
864691135777789357,864691135490326074,1
864691135777819837,864691135488956986,1
864691135777840992,864691135479245254,1
864691135777900221,864691135489177402,1
864691135777933501,864691135488253242,1
864691135777976765,864691135478338728,1
864691135777987005,864691135479243462,1
864691135778084285,864691135488751162,1
864691135778115517,864691135478577576,1
864691135778115517,864691135479245254,1
864691135778116013,864691135478327208,1
864691135778116013,864691135479112902,5
864691135778116013,864691135489421114,1
864691135778116013,864691135490326074,1
864691135778135997,864691135488751162,1
864691135778135997,864691135490247015,3
864691135778231136,864691135478338728,1
864691135778467517,864691135478309830,1
864691135778467517,864691135489421114,1
864691135778488416,864691135479243462,1
864691135778525280,864691135489024058,1
864691135778542509,864691135478383528,1
864691135778563261,864691135479248582,1
864691135778563261,864691135488247866,4
864691135778563261,864691135488936762,1
864691135778572973,864691135489028410,1
864691135778610365,864691135488247866,2
864691135778659501,864691135478401448,1
864691135778668973,864691135478796230,1
864691135778668973,864691135479248582,1
864691135778668973,864691135490230119,2
864691135778716589,864691135489025850,2
864691135778792800,864691135479683014,1
864691135778794336,864691135479243462,5
864691135778815421,864691135478401448,1
864691135778825133,864691135479683014,1
864691135779107005,864691135479243462,3
864691135779161440,864691135478327208,1
864691135779161440,864691135478401448,2
864691135779161440,864691135479243462,2
864691135779199584,864691135479112902,2
864691135779199584,864691135479396550,2
864691135779199584,864691135488896570,1
864691135779199584,864691135489421114,2
864691135779449533,864691135478796230,4
864691135779518909,864691135481147846,1
864691135780824400,864691135479245254,3
864691135780825936,864691135479683014,2
864691135780834384,864691135479168454,1
864691135780836688,864691135489126458,1
864691135780846672,864691135489512250,3
864691135781081680,864691135478796230,4
864691135781081680,864691135488751162,2
864691135781263696,864691135478734790,1
864691135781263696,864691135488728634,1
864691135781816144,864691135489486650,1
864691135781825872,864691135489189178,1
864691135781834320,864691135480152262,1
864691135781844048,864691135479622086,1
864691135781970512,864691135479407558,1
864691135782119760,864691135490230119,3
864691135782145872,864691135490316346,1
864691135782265424,864691135479248070,1
864691135782361936,864691135478645190,1
864691135782382387,864691135479243462,3
864691135782384435,864691135478690246,1
864691135782404403,864691135489841466,2
864691135782416179,864691135489512250,1
864691135782603088,864691135488896570,1
864691135782620240,864691135478589352,1
864691135782620240,864691135479622086,1
864691135782698035,864691135478690246,1
864691135782737203,864691135479928774,1
864691135782747443,864691135479245254,1
864691135782747443,864691135479616454,1
864691135782747443,864691135489486650,1
864691135782798160,864691135488956986,1
864691135782865459,864691135479248070,1
864691135782865459,864691135489512250,2
864691135782870864,864691135488682692,1
864691135783108403,864691135488247866,1
864691135783213619,864691135489152826,1
864691135783322704,864691135479010502,1
864691135783332915,864691135480152262,1
864691135783368499,864691135479133126,1
864691135783548467,864691135488751162,1
864691135783764019,864691135478309830,2
864691135783764019,864691135479396550,1
864691135783764019,864691135488893754,1
864691135783764019,864691135490326074,2
864691135783764275,864691135490230119,1
864691135783909427,864691135489433914,1
864691135784320307,864691135479223238,2
864691135784326195,864691135479243462,2
864691135784326195,864691135488896570,1
864691135784359475,864691135488425274,1
864691135784359475,864691135488896570,2
864691135784859699,864691135478401448,2
864691135784997939,864691135479245254,1
864691135785241796,864691135479237318,2
864691135785241796,864691135479407558,1
864691135785242308,864691135489177658,2
864691135785245892,864691135479243462,1
864691135785246148,864691135479243462,3
864691135785262020,864691135488719674,1
864691135785432004,864691135489028410,1
864691135785483716,864691135479622086,1
864691135785636804,864691135479339462,1
864691135785661892,864691135489177658,1
864691135785720260,864691135478338728,2
864691135785771460,864691135489143098,2
864691135785810884,864691135490247015,1
864691135785816004,864691135480349638,1
864691135785958340,864691135478637766,1
864691135786076100,864691135489031226,1
864691135786125252,864691135479243462,2
864691135786161860,864691135488936762,1
864691135786211268,864691135489841466,2
864691135786323396,864691135479396550,1
864691135786323396,864691135488715066,2
864691135786353604,864691135479339462,1
864691135786358980,864691135488715066,1
864691135786536132,864691135490316346,1
864691135786647236,864691135478383528,1
864691135787264964,864691135489486650,1
864691135787345860,864691135488896570,2
864691135787345860,864691135489421114,1
864691135787495108,864691135479237318,1
864691135799742306,864691135479243462,2
864691135799773026,864691135478338728,2
864691135799773026,864691135478401448,1
864691135800051042,864691135479132614,1
864691135800135266,864691135488893754,1
864691135800511842,864691135479183814,1
864691135800544866,864691135479243462,1
864691135800585058,864691135479339462,2
864691135800644962,864691135478338728,1
864691135800680802,864691135479243462,1
864691135800708450,864691135479223238,1
864691135800721506,864691135478308038,1
864691135800737634,864691135488719674,1
864691135800896610,864691135479248070,1
864691135801039970,864691135479243462,1
864691135801088610,864691135479245254,5
864691135801088610,864691135488253242,1
864691135801088610,864691135488933690,1
864691135801088610,864691135489028410,5
864691135801463650,864691135478338728,1
864691135801463650,864691135478401448,1
864691135802105954,864691135479407558,1
864691135802341986,864691135488425274,1
864691135802341986,864691135488896570,1
864691135802389858,864691135478267590,1
864691135802389858,864691135478327208,1
864691135802389858,864691135479355846,1
864691135802389858,864691135481147846,1
864691135802389858,864691135490326074,2
864691135802415458,864691135479112902,1
864691135802415458,864691135479407558,1
864691135802521186,864691135489841466,1
864691135802660450,864691135488751162,1
864691135802787938,864691135478577576,1
864691135807191069,864691135479339462,1
864691135807205661,864691135479168454,1
864691135807210525,864691135479100358,1
864691135807235357,864691135488933690,2
864691135807262749,864691135478637766,1
864691135807278877,864691135478796230,1
864691135807285789,864691135489025850,1
864691135807305245,864691135478995910,1
864691135807321117,864691135479132614,2
864691135807487005,864691135488956986,2
864691135807487005,864691135489025850,1
864691135807697693,864691135489028410,1
864691135807758365,864691135479144902,1
864691135807777053,864691135488719674,1
864691135807910941,864691135489177658,1
864691135808299037,864691135478589352,1
864691135808367645,864691135478796230,4
864691135808598045,864691135489141818,1
864691135808625181,864691135478267590,1
864691135808625181,864691135489486650,1
864691135808877341,864691135479248070,1
864691135808925981,864691135488715066,1
864691135809432524,864691135489182522,1
864691135809448908,864691135488751162,1
864691135809460940,864691135489025850,1
864691135809479884,864691135490230119,1
864691135809487901,864691135489027642,1
864691135809496268,864691135479100358,1
864691135809507532,864691135489025850,1
864691135809509917,864691135488715066,1
864691135809509917,864691135490230119,2
864691135809511628,864691135478748358,1
864691135809511628,864691135479245254,1
864691135809512140,864691135478785990,1
864691135809512140,864691135479622086,1
864691135809512140,864691135489028410,1
864691135809519308,864691135488275258,1
864691135809568029,864691135479370694,1
864691135809898269,864691135488715066,2
864691135809903564,864691135479031238,2
864691135809903564,864691135489141818,1
864691135809903564,864691135490247015,1
864691135809945036,864691135489841466,1
864691135809954589,864691135478577576,1
864691135809954589,864691135488956218,1
864691135809954589,864691135489841466,1
864691135809954845,864691135479112902,1
864691135810079517,864691135478309830,4
864691135810079517,864691135488893754,2
864691135810079517,864691135489421114,2
864691135810265885,864691135479616454,1
864691135810265885,864691135479928774,2
864691135810265885,864691135489077562,2
864691135810300876,864691135490247015,1
864691135810346956,864691135489027642,1
864691135810347468,864691135479243462,1
864691135810372556,864691135488936762,1
864691135810378188,864691135479243462,1
864691135810507468,864691135478338728,1
864691135810507468,864691135478589352,1
864691135810514205,864691135479237318,1
864691135810527773,864691135478589352,1
864691135810527773,864691135488715066,1
864691135810527773,864691135489841466,1
864691135810552349,864691135479928774,1
864691135810557469,864691135479028678,1
864691135810597917,864691135478326952,1
864691135810604492,864691135479683014,1
864691135810618909,864691135479010502,4
864691135810618909,864691135479028678,2
864691135810618909,864691135479355846,1
864691135810643485,864691135479243462,1
864691135810656029,864691135479237318,2
864691135810656029,864691135488425274,2
864691135810656029,864691135488896570,10
864691135810982860,864691135478401448,1
864691135811624908,864691135489841466,1
864691135811646924,864691135479237318,1
864691135811646924,864691135488896570,1
864691135811646924,864691135489421114,1
864691135811734220,864691135479339462,2
864691135811734988,864691135479010502,3
864691135811734988,864691135479237318,1
864691135811734988,864691135489841466,1
864691135815470671,864691135488247866,1
864691135815478607,864691135489177658,3
864691135815481935,864691135479248582,1
864691135815482959,864691135488933690,2
864691135815497295,864691135489031226,1
864691135815506255,864691135479100358,1
864691135815709519,864691135478338728,1
864691135816001871,864691135479100358,1
864691135816194639,864691135488247866,1
864691135816221519,864691135478401448,1
864691135816237391,864691135478401448,1
864691135816240207,864691135488425274,1
864691135816381263,864691135479407558,2
864691135816474703,864691135478383528,1
864691135816508751,864691135479031238,1
864691135816508751,864691135489182522,1
864691135816513103,864691135490230119,1
864691135816516687,864691135479248070,1
864691135816689231,864691135480152262,1
864691135817132879,864691135478734022,4
864691135817132879,864691135479248582,3
864691135817132879,864691135488936762,1
864691135817223503,864691135478308038,1
864691135817292367,864691135478577576,1
864691135817292367,864691135489841466,3
864691135817411663,864691135479407558,1
864691135817535823,864691135488956218,1
864691135817737295,864691135489841466,1
864691135817993807,864691135488896570,1
864691135818016335,864691135488715066,4
864691135837179283,864691135479407558,1
864691135837183123,864691135478327208,1
864691135837189267,864691135479243462,1
864691135837189267,864691135489031226,1
864691135837212051,864691135488722746,1
864691135837587603,864691135488728634,1
864691135837587603,864691135489141818,1
864691135837587603,864691135489433914,1
864691135837783187,864691135488936762,1
864691135838220435,864691135489177658,1
864691135838494867,864691135478338728,1
864691135838494867,864691135478748358,1
864691135838494867,864691135478785990,1
864691135838640275,864691135479396550,1
864691135838648467,864691135478267590,1
864691135838648467,864691135479616454,1
864691135838672019,864691135479407558,2
864691135838672019,864691135488956218,1
864691135838738579,864691135478326952,1
864691135838738579,864691135489841466,1
864691135839072915,864691135479010502,2
864691135839248787,864691135478401448,1
864691135839415187,864691135479243462,1
864691135839577235,864691135481147846,2
864691135839630227,864691135478748358,1
864691135839999379,864691135478401448,2
864691135840035219,864691135478338728,1
864691135840082835,864691135478338728,1
864691135841354979,864691135479243462,1
864691135841354979,864691135488256570,1
864691135841410787,864691135488728634,1
864691135841410787,864691135490230119,1
864691135841654243,864691135478796230,1
864691135841718499,864691135488933690,1
864691135841781731,864691135479144902,1
864691135841783523,864691135488715066,1
864691135841797091,864691135488682692,1
864691135841941219,864691135479100358,1
864691135841947875,864691135489182522,1
864691135841947875,864691135489433914,1
864691135842153187,864691135479223238,2
864691135842153187,864691135490316346,1
864691135842160611,864691135488275258,1
864691135842160611,864691135489433914,1
864691135842920419,864691135478267590,1
864691135842920419,864691135478383528,2
864691135843118051,864691135479339462,12
864691135843242211,864691135478326952,1
864691135843242211,864691135479237318,1
864691135843242211,864691135488425274,1
864691135843301603,864691135488715066,1
864691135843337187,864691135478401448,2
864691135847913566,864691135488247866,1
864691135847913566,864691135488936762,2
864691135847913566,864691135489433914,1
864691135847916382,864691135488715066,4
864691135847924318,864691135489031226,1
864691135847927646,864691135479248070,1
864691135847931998,864691135480152262,1
864691135847931998,864691135488933690,1
864691135847984478,864691135479132614,1
864691135847984478,864691135479168454,2
864691135847984478,864691135489024058,1
864691135848222302,864691135479223238,2
864691135848306526,864691135478267590,1
864691135848306526,864691135489191482,1
864691135848308830,864691135478796230,1
864691135848308830,864691135490230119,1
864691135848346718,864691135488936762,1
864691135848460894,864691135488896570,2
864691135848552030,864691135478637766,1
864691135848624222,864691135479243462,1
864691135848628574,864691135478267590,1
864691135848628574,864691135489191482,1
864691135848671582,864691135488936762,1
864691135848716638,864691135489433914,2
864691135848776542,864691135479243462,1
864691135848843870,864691135479243462,4
864691135848858206,864691135488247866,1
864691135848977502,864691135489025850,1
864691135849191262,864691135478383528,1
864691135849261662,864691135479683014,3
864691135849378142,864691135488722746,1
864691135849720670,864691135488247866,1
864691135849720670,864691135488936762,1
864691135849824606,864691135490316346,1
864691135849909598,864691135488719674,1
864691135849931358,864691135478338728,1
864691135850021726,864691135488896570,1
864691135850134878,864691135478338728,1
864691135850145630,864691135479243462,2
864691135850159966,864691135488682692,1
864691135850459847,864691135479245254,1
864691135850460871,864691135479396550,2
864691135850467271,864691135488933690,1
864691135850824903,864691135488896570,1
864691135850850247,864691135489025850,1
864691135850881991,864691135490230119,2
864691135850986183,864691135478796230,1
864691135851046087,864691135478785990,1
864691135851052743,864691135489031226,1
864691135851141575,864691135489403194,1
864691135851388103,864691135479248582,1
864691135851411399,864691135489841466,1
864691135851491783,864691135478637766,1
864691135851605447,864691135489027642,1
864691135851743431,864691135490230119,1
864691135852283847,864691135478338728,1
864691135853034439,864691135479112902,1
864691135853034439,864691135489421114,2
864691135853059271,864691135479245254,1
864691135853066439,864691135478401448,1
864691135853198023,864691135489486650,2
864691135853362887,864691135478309830,1
864691135853373895,864691135479928774,1
864691135855565614,864691135489024058,1
864691135855575342,864691135490247015,1
864691135855575854,864691135489024058,1
864691135855609902,864691135479132614,2
864691135855640878,864691135488896570,1
864691135855655726,864691135479048390,1
864691135855669550,864691135479031238,1
864691135855669550,864691135489141818,1
864691135855692590,864691135489024058,2
864691135855860782,864691135479031238,1
864691135856000558,864691135478796230,2
864691135856001070,864691135488751162,1
864691135856185134,864691135478690246,2
864691135856314158,864691135490230119,1
864691135856477742,864691135478338728,1
864691135856547630,864691135480349638,1
864691135856581422,864691135488719674,1
864691135856661550,864691135479243462,1
864691135856783662,864691135479616454,1
864691135856788270,864691135479243462,1
864691135856797230,864691135488719674,1
864691135857326638,864691135479407558,1
864691135857450030,864691135479248070,1
864691135857554734,864691135488256570,1
864691135857578798,864691135478785990,1
864691135857724206,864691135478338728,2
864691135857754670,864691135479245254,1
864691135857881390,864691135479112902,2
864691135857881390,864691135490326074,1
864691135857976366,864691135479031238,1
864691135858007854,864691135489486650,1
864691135858007854,864691135489841466,1
864691135858216494,864691135478577576,1
864691135858282030,864691135478326952,4
864691135858282030,864691135478327208,1
864691135858282030,864691135479010502,2
864691135858282030,864691135479237318,1
864691135858282030,864691135488715066,1
864691135858282030,864691135490326074,1
864691135858298670,864691135478326952,1
864691135858354990,864691135489421114,1
864691135858363694,864691135478327208,3
864691135858363694,864691135479112902,2
864691135858363694,864691135489077562,1
864691135858363694,864691135490326074,1
864691135858491438,864691135478326952,1
864691135858491438,864691135478338728,2
864691135858491438,864691135478577576,1
864691135858491438,864691135478589352,1
864691135858491438,864691135478748358,1
864691135858491438,864691135479010502,1
864691135858491438,864691135479028678,2
864691135858491438,864691135479103174,1
864691135858491438,864691135479132614,1
864691135858491438,864691135479168454,1
864691135858491438,864691135479396550,1
864691135858491438,864691135488253242,1
864691135858491438,864691135488722746,1
864691135858491438,864691135488896570,1
864691135858491438,864691135489024058,2
864691135858491438,864691135489177658,2
864691135858491438,864691135489486650,1
864691135858491438,864691135489841466,1
864691135858641454,864691135488425274,1
864691135858641454,864691135489421114,1
864691135858710120,864691135489024058,1
864691135858920040,864691135489114938,1
864691135858957416,864691135489177658,1
864691135859005288,864691135478796230,2
864691135859005288,864691135479103174,1
864691135859005288,864691135488751162,1
864691135859005288,864691135490230119,1
864691135859066984,864691135489433914,1
864691135859122280,864691135489025850,1
864691135859130472,864691135488751162,1
864691135859141224,864691135489841466,2
864691135859420264,864691135479243462,1
864691135859478632,864691135488751162,1
864691135859589992,864691135479031238,1
864691135859692904,864691135479243462,1
864691135859692904,864691135488719674,1
864691135859705192,864691135479339462,1
864691135859777128,864691135478645190,1
864691135859777128,864691135489027642,1
864691135860296296,864691135479243462,1
864691135860646248,864691135478338728,1
864691135860803944,864691135479112902,1
864691135860948072,864691135479028678,1
864691135860948072,864691135479112902,1
864691135860948072,864691135479407558,1
864691135860948072,864691135488425274,3
864691135860948072,864691135488896570,2
864691135860948072,864691135489421114,4
864691135860973416,864691135478577576,1
864691135864068734,864691135479622086,1
864691135864079486,864691135488751162,1
864691135864347518,864691135479132614,3
864691135864349310,864691135488722746,1
864691135864353150,864691135490247015,1
864691135864380798,864691135489177658,2
864691135864448894,864691135479245254,1
864691135864448894,864691135479339462,1
864691135864667868,864691135489191482,1
864691135864699612,864691135488936762,2
864691135864701660,864691135479132614,2
864691135864714460,864691135489177658,2
864691135864748252,864691135488933690,1
864691135864786814,864691135488247866,1
864691135864828798,864691135479048390,1
864691135864835036,864691135479243462,1
864691135864835036,864691135488956986,1
864691135864835036,864691135490316346,1
864691135864850814,864691135480349638,1
864691135864869758,864691135480152262,1
864691135864968062,864691135488893754,1
864691135864974206,864691135479396550,1
864691135864978814,864691135479339462,1
864691135865012700,864691135479103174,3
864691135865020892,864691135489191482,1
864691135865070044,864691135490230119,1
864691135865071580,864691135478690246,1
864691135865214590,864691135479223238,3
864691135865214590,864691135488719674,1
864691135865216476,864691135478796230,1
864691135865375196,864691135488956986,1
864691135865411804,864691135489182522,1
864691135865453276,864691135479243462,1
864691135865489285,864691135489486650,1
864691135865490309,864691135488719674,1
864691135865505925,864691135488719674,1
864691135865511388,864691135488719674,1
864691135865512837,864691135488719674,2
864691135865516165,864691135479144902,1
864691135865538437,864691135489433914,1
864691135865543557,864691135479031238,3
864691135865544325,864691135489098042,2
864691135865558917,864691135489025850,1
864691135865566341,864691135479048390,1
864691135865576581,864691135478796230,2
864691135865596805,864691135489403194,1
864691135865597829,864691135488256570,1
864691135865600133,864691135488896570,1
864691135865602437,864691135478309830,1
864691135865612252,864691135488722746,1
864691135865646812,864691135488896570,2
864691135865652188,864691135479616454,1
864691135865680860,864691135488896570,1
864691135865681116,864691135480152262,3
864691135865681116,864691135488751162,1
864691135865687260,864691135480349638,1
864691135865689052,864691135479031238,2
864691135865689052,864691135489098042,4
864691135865694940,864691135479243462,1
864691135865700572,864691135478338728,1
864691135865702620,864691135478326952,1
864691135865705436,864691135488247866,4
864691135865705436,864691135488936762,3
864691135865707228,864691135489141818,8
864691135865707228,864691135489433914,1
864691135865840510,864691135478577576,2
864691135865840510,864691135489841466,2
864691135865866110,864691135478796230,2
864691135865866110,864691135490230119,11
864691135865964158,864691135478401448,1
864691135865964158,864691135478748358,3
864691135865964158,864691135479339462,2
864691135865964158,864691135480152262,1
864691135865964158,864691135488722746,2
864691135866009221,864691135488956986,1
864691135866022620,864691135479339462,1
864691135866064766,864691135488719674,1
864691135866086021,864691135478796230,2
864691135866086021,864691135488247866,1
864691135866086021,864691135490230119,1
864691135866089349,864691135479223238,4
864691135866089349,864691135488896570,2
864691135866097285,864691135481147846,1
864691135866109317,864691135478326952,1
864691135866117340,864691135489841466,2
864691135866124926,864691135489486650,1
864691135866141061,864691135480152262,1
864691135866164357,864691135478326952,1
864691135866290046,864691135488956218,1
864691135866355932,864691135490326074,1
864691135866362390,864691135488247866,1
864691135866367766,864691135479245254,1
864691135866368389,864691135479031238,1
864691135866376581,864691135489044026,1
864691135866381590,864691135479355846,1
864691135866384150,864691135489098042,1
864691135866391004,864691135478589352,1
864691135866393878,864691135490230119,1
864691135866400278,864691135489025850,1
864691135866400901,864691135479243462,1
864691135866406782,864691135490230119,2
864691135866410774,864691135488896570,1
864691135866413701,864691135479339462,1
864691135866418710,864691135479622086,1
864691135866510206,864691135489841466,2
864691135866519004,864691135478796230,2
864691135866529157,864691135488247866,1
864691135866577285,864691135489028410,1
864691135866579333,864691135478589352,1
864691135866597253,864691135488425274,1
864691135866606469,864691135479031238,1
864691135866606469,864691135488751162,1
864691135866607237,864691135488719674,1
864691135866677125,864691135490247015,1
864691135866720476,864691135479243462,1
864691135866722181,864691135478326952,2
864691135866722181,864691135478383528,1
864691135866751196,864691135479223238,3
864691135866751196,864691135479243462,2
864691135866751870,864691135478327208,1
864691135866807941,864691135481147846,1
864691135866809052,864691135479243462,1
864691135866809733,864691135479243462,1
864691135866870294,864691135479243462,1
864691135866925590,864691135489031226,2
864691135866963478,864691135488936762,1
864691135866965270,864691135479396550,2
864691135866965886,864691135479396550,1
864691135866965886,864691135488896570,1
864691135866975708,864691135478338728,1
864691135866987740,864691135489421114,1
864691135867002750,864691135479396550,1
864691135867002750,864691135488425274,1
864691135867002750,864691135488896570,3
864691135867002750,864691135489421114,1
864691135867033726,864691135479237318,1
864691135867033726,864691135479396550,2
864691135867033726,864691135488896570,19
864691135867033982,864691135479396550,8
864691135867058140,864691135478326952,12
864691135867058140,864691135478383528,1
864691135867058140,864691135478785990,5
864691135867058140,864691135488253242,1
864691135867072534,864691135488253242,1
864691135867074012,864691135489841466,1
864691135867139205,864691135478338728,1
864691135867139548,864691135489841466,1
864691135867406102,864691135488933690,1
864691135867536406,864691135479407558,1
864691135867536406,864691135488715066,1
864691135867590422,864691135480349638,1
864691135867616022,864691135489152826,1
864691135867616278,864691135489098042,1
864691135867627542,864691135478338728,1
864691135867628310,864691135479248070,1
864691135867628310,864691135488751162,1
864691135867635222,864691135479396550,1
864691135867642134,864691135488247866,1
864691135867643158,864691135479243462,1
864691135867649046,864691135478734022,3
864691135867649046,864691135488247866,5
864691135867649046,864691135488728634,2
864691135867650582,864691135488956218,1
864691135867652118,864691135479223238,1
864691135867805061,864691135479622086,1
864691135867955990,864691135479010502,1
864691135868025878,864691135479103174,1
864691135868075141,864691135479370694,1
864691135868077957,864691135479248582,1
864691135868077957,864691135489433914,1
864691135868116869,864691135478327208,1
864691135868116869,864691135481147846,1
864691135868142102,864691135478326952,3
864691135868228630,864691135479683014,1
864691135868228630,864691135488956986,1
864691135868279830,864691135489841466,1
864691135868652822,864691135478338728,1
864691135868916246,864691135488896570,1
864691135868916246,864691135489512250,1
864691135868919318,864691135479112902,1
864691135868919318,864691135479407558,2
864691135868946966,864691135489841466,1
864691135869067286,864691135490326074,1
864691135869457430,864691135478327208,9
864691135869457430,864691135478401448,1
864691135869457430,864691135479370694,1
864691135869457430,864691135479407558,1
864691135869457430,864691135479928774,1
864691135869457430,864691135488425274,1
864691135869457430,864691135488715066,1
864691135870233441,864691135479100358,1
864691135871870028,864691135478796230,1
864691135871870028,864691135490230119,1
864691135872962657,864691135489841466,1
864691135873610382,864691135479622086,1
864691135873610382,864691135480152262,1
864691135873610382,864691135489098042,1
864691135873614990,864691135489486650,1
864691135873643662,864691135490246503,2
864691135873646478,864691135479144902,1
864691135873823118,864691135479396550,2
864691135873823118,864691135488896570,1
864691135873823630,864691135489126458,1
864691135873841038,864691135478796230,1
864691135873841038,864691135490230119,1
864691135873858190,864691135489403194,1
864691135874440334,864691135489177658,1
864691135874443662,864691135479168454,1
864691135874470798,864691135490316346,1
864691135874570894,864691135479248070,1
864691135874736782,864691135489126458,9
864691135874782350,864691135478338728,2
864691135874782350,864691135478401448,1
864691135874861454,864691135489486650,2
864691135875493518,864691135478309830,3
864691135875569550,864691135479112902,2
864691135875569550,864691135488893754,3
864691135875569550,864691135488896570,1
864691135875569550,864691135489421114,3
864691135875807118,864691135488956986,1
864691135876028243,864691135488247866,1
864691135876040078,864691135478327208,1
864691135876040078,864691135488896570,1
864691135876099726,864691135489027642,1
864691135876105614,864691135488893754,1
864691135876304467,864691135489177402,1
864691135876446803,864691135478338728,1
864691135876446803,864691135479339462,2
864691135876810067,864691135490316346,1
864691135876848211,864691135479100358,1
864691135876917075,864691135488751162,1
864691135876935251,864691135479031238,3
864691135876935251,864691135479144902,1
864691135876935251,864691135488751162,1
864691135876935251,864691135489141818,3
864691135876948563,864691135479243462,1
864691135876952915,864691135488715066,1
864691135876956499,864691135479243462,1
864691135877099603,864691135479223238,1
864691135877099603,864691135479243462,1
864691135877220179,864691135480349638,1
864691135877396563,864691135479248070,1
864691135877398355,864691135480152262,1
864691135877471315,864691135479396550,1
864691135877471315,864691135488896570,1
864691135877620307,864691135478309830,2
864691135878346579,864691135488715066,3
864691135878555987,864691135488715066,2
864691135878665811,864691135479370694,8
864691135878720595,864691135478326952,1
864691135878780499,864691135479223238,1
864691135878780499,864691135479243462,3
864691135883844976,864691135489141818,1
864691135883870320,864691135479370694,1
864691135883870320,864691135479928774,1
864691135883876464,864691135479132614,1
864691135883880304,864691135488275258,1
864691135884111728,864691135479243462,1
864691135884175216,864691135478401448,1
864691135884234864,864691135479339462,1
864691135884256624,864691135478309830,1
864691135884256624,864691135489403194,1
864691135884346480,864691135489421114,2
864691135884359280,864691135488893754,1
864691135884377968,864691135489177402,1
864691135884445296,864691135489141818,1
864691135884596592,864691135488715066,1
864691135884601200,864691135479243462,1
864691135884604272,864691135480152262,4
864691135884755312,864691135489141818,1
864691135884796784,864691135490247015,1
864691135884799088,864691135479370694,1
864691135884871792,864691135478267590,1
864691135884871792,864691135479103174,1
864691135884875888,864691135489421114,4
864691135884882288,864691135490230119,2
864691135884890992,864691135490316346,1
864691135885111664,864691135489433914,1
864691135885221488,864691135479031238,9
864691135885221488,864691135480152262,1
864691135885298544,864691135489841466,1
864691135885343856,864691135479243462,1
864691135885365360,864691135478577576,1
864691135885674352,864691135488715066,1
864691135885764464,864691135479396550,2
864691135885764464,864691135488425274,1
864691135885764464,864691135488896570,9
864691135885996912,864691135478327208,1
864691135885996912,864691135478401448,1
864691135886156912,864691135479407558,1
864691135886189168,864691135489028410,1
864691135886293872,864691135479243462,4
864691135886293872,864691135489025850,1
864691135886345072,864691135478326952,2
864691135886345072,864691135478338728,1
864691135886345072,864691135478383528,2
864691135886345072,864691135479245254,2
864691135886345072,864691135479407558,10
864691135886345072,864691135488715066,2
864691135886415472,864691135478327208,2
864691135886415472,864691135479112902,1
864691135886415472,864691135479370694,1
864691135886415472,864691135479928774,1
864691135886415472,864691135490326074,2
864691135888486281,864691135479683014,1
864691135888488073,864691135489177658,1
864691135888496009,864691135478637766,1
864691135888514697,864691135479223238,1
864691135888521097,864691135479928774,1
864691135888521865,864691135489177658,1
864691135888521865,864691135490247015,1
864691135888577417,864691135489486650,2
864691135888747657,864691135488715066,1
864691135888811913,864691135479248582,1
864691135888905865,864691135489486650,1
864691135888930441,864691135479407558,1
864691135888983689,864691135488247866,1
864691135889248393,864691135478327208,1
864691135889248393,864691135478401448,1
864691135889251721,864691135479396550,1
864691135889283465,864691135488751162,1
864691135889411721,864691135489177658,1
864691135889445257,864691135489177658,1
864691135889537417,864691135479243462,3
864691135889563017,864691135479243462,1
864691135889566857,864691135488936762,1
864691135889729929,864691135490247015,1
864691135889749641,864691135480152262,1
864691135889925513,864691135478308038,1
864691135890079369,864691135478326952,1
864691135890079369,864691135478338728,2
864691135890197385,864691135479112902,1
864691135890229129,864691135478327208,1
864691135890238601,864691135479683014,1
864691135890238601,864691135489841466,1
864691135890472073,864691135478401448,1
864691135890472073,864691135479928774,1
864691135890572169,864691135488936762,1
864691135890602377,864691135478326214,1
864691135890651529,864691135489028410,1
864691135890781577,864691135478338728,1
864691135890781577,864691135489841466,1
864691135890948233,864691135479223238,1
864691135891497097,864691135489486650,1
864691135891510153,864691135479396550,1
864691135891510153,864691135488896570,2
864691135891510153,864691135489421114,1
864691135891579017,864691135478327208,1
864691135891716745,864691135481147846,1
864691135891719305,864691135478401448,1
864691135891719305,864691135490316346,1
864691135891874185,864691135488936762,2
864691135892048777,864691135489486650,1
864691135892228489,864691135479243462,1
864691135892234633,864691135478589352,2
864691135892234633,864691135488722746,1
864691135892319113,864691135488896570,1
864691135892333961,864691135478338728,2
864691135892415881,864691135478338728,1
864691135892441225,864691135479683014,1
864691135909121889,864691135488999226,1
864691135909729193,864691135490316346,1
864691135909729961,864691135488999226,1
864691135909749929,864691135488256570,1
864691135909758121,864691135488936762,1
864691135909765545,864691135479243462,1
864691135909785769,864691135479144902,1
864691135910214825,864691135488247866,1
864691135910253737,864691135488751162,1
864691135910386857,864691135479616454,1
864691135910402985,864691135480349638,1
864691135910659753,864691135478308038,1
864691135910670249,864691135479243462,1
864691135910670249,864691135489152826,1
864691135910676137,864691135488751162,1
864691135910690729,864691135479622086,1
864691135910863273,864691135488715066,1
864691135910863273,864691135488896570,1
864691135911208105,864691135479245254,1
864691135911208105,864691135489486650,1
864691135911242409,864691135478734022,4
864691135911788457,864691135489486650,1
864691135911939497,864691135489512250,9
864691135911939497,864691135490230119,2
864691135912358569,864691135488715066,1
864691135912367785,864691135479112902,2
864691135912367785,864691135488896570,5
864691135912367785,864691135489421114,2
864691135912410281,864691135478326952,1
864691135915193702,864691135478401448,1
864691135915193702,864691135479928774,1
864691135915197030,864691135479223238,1
864691135915343462,864691135489433914,1
864691135915343462,864691135490247015,1
864691135915394662,864691135488715066,2
864691135915467110,864691135479100358,3
864691135915467110,864691135489024058,1
864691135915592038,864691135479248582,2
864691135915636326,864691135479245254,1
864691135915903334,864691135478690246,1
864691135916238182,864691135488936762,1
864691135916240998,864691135489433914,1
864691135916676198,864691135488999226,1
864691135917535590,864691135478577576,1
864691135917583462,864691135479248070,1
864691135917583462,864691135480152262,2
864691135917583462,864691135488751162,2
864691135917650534,864691135479112902,1
864691135917650534,864691135489421114,1
864691135918320048,864691135479168454,1
864691135918320048,864691135489024058,1
864691135918322352,864691135478796230,1
864691135918329264,864691135489433914,1
864691135918336688,864691135480349638,1
864691135918342064,864691135489028410,1
864691135918344112,864691135479396550,1
864691135918344112,864691135488682692,1
864691135918344112,864691135489421114,1
864691135918345904,864691135479144902,1
864691135918600880,864691135479168454,1
864691135919170736,864691135478796230,9
864691135919170736,864691135489512250,1
864691135919356592,864691135480152262,1
864691135919388848,864691135479243462,2
864691135919400368,864691135489512250,1
864691135919463600,864691135479407558,1
864691135919720624,864691135489126458,2
864691135919823024,864691135488425274,2
864691135919823792,864691135489841466,1
864691135919826352,864691135479339462,1
864691135919826352,864691135489189178,1
864691135919901616,864691135479622086,1
864691135919901616,864691135489191482,1
864691135920018608,864691135478589352,1
864691135920136624,864691135489841466,1
864691135920254128,864691135489841466,1
864691135920492976,864691135479010502,1
864691135920492976,864691135479245254,3
864691135920492976,864691135488722746,3
864691135920492976,864691135489114938,1
864691135920492976,864691135489486650,1
864691135920699824,864691135489177658,2
864691135920755120,864691135479616454,1
864691135920858288,864691135488896570,1
864691135920880304,864691135488722746,2
864691135920880304,864691135488896570,8
864691135920880304,864691135489421114,4
864691135920894128,864691135478309830,1
864691135920894128,864691135478577576,1
864691135920894128,864691135479112902,2
864691135920894128,864691135479237318,1
864691135920894128,864691135479407558,2
864691135920930224,864691135479010502,1
864691135920930224,864691135479237318,1
864691135920930224,864691135488722746,3
864691135925500174,864691135489024058,3
864691135925541390,864691135489177658,1
864691135925547534,864691135479183814,1
864691135925562638,864691135489177658,1
864691135925564430,864691135478995910,1
864691135925567246,864691135488933690,1
864691135925568782,864691135490230119,1
864691135926067214,864691135478796230,1
864691135926143246,864691135489177402,1
864691135926304468,864691135478401448,1
864691135926304468,864691135490326074,1
864691135926305236,864691135489177658,2
864691135926323412,864691135489486650,1
864691135926440148,864691135479243462,1
864691135926557140,864691135479396550,1
864691135926568206,864691135488247866,1
864691135926572046,864691135489512250,1
864691135926597134,864691135488936762,1
864691135926608142,864691135488933690,1
864691135926614740,864691135488719674,1
864691135926614798,864691135479243462,1
864691135927136526,864691135479245254,1
864691135927217364,864691135488999226,1
864691135927217364,864691135489486650,1
864691135927224846,864691135480152262,1
864691135927224846,864691135488751162,1
864691135927224846,864691135489098042,1
864691135927241940,864691135488956986,1
864691135927295956,864691135489031226,1
864691135927326676,864691135489141818,1
864691135927334612,864691135489141818,1
864691135927336148,864691135478309830,2
864691135927344596,864691135490247015,1
864691135927381774,864691135489841466,1
864691135927398868,864691135480152262,1
864691135927651540,864691135479616454,3
864691135927689486,864691135479683014,1
864691135927766542,864691135478338728,1
864691135927766542,864691135489191482,1
864691135927921876,864691135489841466,2
864691135927995662,864691135478577576,1
864691135927995662,864691135489486650,1
864691135928151310,864691135489841466,3
864691135928196622,864691135489841466,1
864691135928366292,864691135479396550,1
864691135928377102,864691135478327208,1
864691135928377102,864691135488715066,1
864691135928528852,864691135488715066,2
864691135928849620,864691135478338728,1
864691135929206740,864691135478401448,2
864691135929207508,864691135478577576,1
864691135937153796,864691135479243462,2
864691135937191684,864691135489177658,2
864691135937193220,864691135479100358,1
864691135937193220,864691135488247866,2
864691135937211652,864691135488936762,4
864691135937339189,864691135479223238,1
864691135937351477,864691135480152262,3
864691135937351477,864691135489433914,2
864691135937353013,864691135480349638,1
864691135937366069,864691135479132614,1
864691135937372213,864691135478785990,1
864691135937403701,864691135489841466,1
864691135937404469,864691135488719674,1
864691135937411381,864691135478796230,1
864691135937411893,864691135488253242,1
864691135937462276,864691135479132614,1
864691135937484597,864691135488751162,1
864691135937494788,864691135488256570,1
864691135937515061,864691135479132614,1
864691135937607684,864691135479339462,1
864691135937638404,864691135489841466,1
864691135937654276,864691135480152262,2
864691135937687044,864691135488999226,1
864691135937703940,864691135479407558,1
864691135937816629,864691135489177658,1
864691135937861941,864691135489152826,1
864691135937926660,864691135481147846,1
864691135937950212,864691135478401448,2
864691135938077700,864691135479100358,1
864691135938147076,864691135489024058,1
864691135938155524,864691135479248582,1
864691135938166276,864691135489182522,1
864691135938236676,864691135489433914,1
864691135938238980,864691135488936762,1
864691135938247989,864691135478577576,1
864691135938354229,864691135488247866,1
864691135938398468,864691135488247866,2
864691135938404356,864691135488256570,1
864691135938404356,864691135488719674,1
864691135938404612,864691135479407558,1
864691135938404612,864691135489841466,1
864691135938430980,864691135478796230,2
864691135938430980,864691135480152262,1
864691135938430980,864691135490230119,2
864691135938451765,864691135489841466,1
864691135938467844,864691135478326952,6
864691135938467844,864691135478383528,10
864691135938474037,864691135479031238,1
864691135938499637,864691135479168454,1
864691135938504501,864691135479132614,1
864691135938516021,864691135480349638,1
864691135938516021,864691135488933690,1
864691135938516533,864691135489421114,1
864691135938560004,864691135478338728,1
864691135938560004,864691135479245254,1
864691135938614069,864691135478338728,4
864691135938777604,864691135478326214,3
864691135938777604,864691135488275258,1
864691135938797316,864691135489512250,2
864691135938804996,864691135488719674,3
864691135939017525,864691135488425274,1
864691135939072004,864691135479243462,2
864691135939072004,864691135488719674,2
864691135939114293,864691135489841466,1
864691135939254069,864691135479243462,1
864691135939271169,864691135478577576,1
864691135939276289,864691135479396550,1
864691135939276545,864691135481147846,1
864691135939276545,864691135490326074,1
864691135939289345,864691135478645190,1
864691135939289345,864691135489177658,1
864691135939290113,864691135488751162,1
864691135939290113,864691135490230119,1
864691135939297537,864691135478734790,2
864691135939320833,864691135488936762,1
864691135939323905,864691135488936762,1
864691135939328257,864691135478577576,1
864691135939328257,864691135489486650,1
864691135939329537,864691135489141818,1
864691135939345921,864691135489177402,1
864691135939349761,864691135489433914,1
864691135939355137,864691135488751162,1
864691135939355649,864691135489177658,1
864691135939355905,864691135479248582,3
864691135939360257,864691135479144902,1
864691135939366657,864691135479100358,1
864691135939366657,864691135479132614,1
864691135939375617,864691135488719674,1
864691135939391029,864691135488728634,1
864691135939399169,864691135488256570,1
864691135939406081,864691135488728634,1
864691135939407873,864691135489403194,1
864691135939412737,864691135479223238,1
864691135939421185,864691135489152826,1
864691135939469569,864691135479248070,1
864691135939493685,864691135489421114,1
864691135939555585,864691135480152262,1
864691135939590657,864691135489098042,1
864691135939592196,864691135488425274,4
864691135939601412,864691135478338728,1
864691135939601412,864691135478589352,2
864691135939601412,864691135479010502,1
864691135939601412,864691135489841466,1
864691135939604533,864691135479223238,2
864691135939604533,864691135479243462,1
864691135939604533,864691135488719674,1
864691135939604533,864691135489031226,1
864691135939612420,864691135479407558,1
864691135939612420,864691135488715066,1
864691135939631620,864691135479112902,1
864691135939633318,864691135489031226,1
864691135939638694,864691135488256570,1
864691135939645444,864691135479248582,1
864691135939645444,864691135479339462,1
864691135939645444,864691135479622086,2
864691135939645444,864691135488728634,1
864691135939645444,864691135489028410,2
864691135939674534,864691135488956986,1
864691135939674534,864691135489486650,1
864691135939703300,864691135479243462,1
864691135939704580,864691135488425274,1
864691135939704580,864691135488896570,8
864691135939799041,864691135489177658,1
864691135939975169,864691135478326952,1
864691135939975169,864691135478338728,1
864691135939977269,864691135488896570,1
864691135939988021,864691135479243462,3
864691135940086325,864691135489025850,1
864691135940128934,864691135479144902,1
864691135940128934,864691135489177402,1
864691135940217857,864691135490230119,1
864691135940378625,864691135479223238,1
864691135940391078,864691135488256570,1
864691135940445953,864691135479396550,1
864691135940525734,864691135490230119,1
864691135940549798,864691135488936762,1
864691135940615078,864691135480152262,1
864691135940615078,864691135488751162,2
864691135940616358,864691135480152262,2
864691135940618662,864691135489177402,1
864691135940634278,864691135479132614,1
864691135940635046,864691135480349638,2
864691135940835750,864691135479248582,1
864691135940867841,864691135489031226,1
864691135940886529,864691135479248070,1
864691135941039361,864691135488751162,2
864691135941039361,864691135489512250,1
864691135941061633,864691135479103174,1
864691135941108596,864691135479243462,1
864691135941122676,864691135489031226,1
864691135941128449,864691135489025850,1
864691135941131636,864691135478338728,1
864691135941142132,864691135479237318,1
864691135941153140,864691135489177658,1
864691135941153140,864691135490247015,1
864691135941163636,864691135489025850,1
864691135941168756,864691135488719674,1
864691135941180020,864691135488256570,1
864691135941182068,864691135479048390,1
864691135941192820,864691135489512250,1
864691135941277044,864691135478796230,1
864691135941277044,864691135488936762,1
864691135941277044,864691135490246503,1
864691135941303462,864691135488896570,1
864691135941530996,864691135478748358,2
864691135941611430,864691135478401448,1
864691135941613684,864691135489433914,3
864691135941655974,864691135488256570,1
864691135941708033,864691135479622086,1
864691135941708033,864691135479928774,1
864691135941725556,864691135488751162,1
864691135941852020,864691135479133126,1
864691135941886118,864691135478327208,1
864691135941899777,864691135479622086,3
864691135941899777,864691135480152262,1
864691135941899777,864691135489028410,2
864691135941900660,864691135488936762,1
864691135941904385,864691135479183814,2
864691135941935782,864691135478401448,1
864691135941935782,864691135479928774,1
864691135941984116,864691135489841466,2
864691135942004852,864691135480349638,1
864691135942007297,864691135488425274,1
864691135942018164,864691135479245254,1
864691135942035110,864691135479243462,1
864691135942044929,864691135489191482,2
864691135942133108,864691135489126458,1
864691135942163201,864691135478577576,1
864691135942163201,864691135489486650,1
864691135942310260,864691135488751162,1
864691135942322433,864691135478338728,1
864691135942322433,864691135478401448,1
864691135942322433,864691135489421114,1
864691135943009908,864691135488719674,1
864691135943029620,864691135479028678,1
864691135943471732,864691135478326952,1
864691135943566964,864691135479622086,1
864691135943622772,864691135479028678,1
864691135943820148,864691135478327208,1
864691135943820148,864691135488896570,3
864691135943820148,864691135489421114,2
864691135943820916,864691135478401448,3
864691135943820916,864691135488956986,3
864691135943820916,864691135490316346,2
864691135943913332,864691135479112902,3
864691135944010356,864691135479243462,2
864691135944010356,864691135479396550,1
864691135944010356,864691135479407558,3
864691135944010356,864691135481147846,7
864691135944010356,864691135488715066,1
864691135944010356,864691135490326074,1
864691135945234378,864691135489512250,1
864691135945378596,864691135479407558,2
864691135945405732,864691135479144902,1
864691135945405732,864691135489177402,1
864691135945411364,864691135479248070,1
864691135945423652,864691135479132614,1
864691135945429796,864691135489486650,1
864691135945453860,864691135479031238,1
864691135945455652,864691135489177658,2
864691135945468708,864691135488896570,1
864691135945480228,864691135479100358,1
864691135945488676,864691135479048390,2
864691135945509668,864691135488682692,1
864691135945516836,864691135479183814,1
864691135945544740,864691135478734790,1
864691135945664804,864691135489189178,1
864691135945670692,864691135479237318,1
864691135945901860,864691135490230119,2
864691135945931556,864691135488722746,1
864691135945964580,864691135479010502,2
864691135945998116,864691135488936762,1
864691135946285604,864691135479183814,3
864691135946339876,864691135479339462,1
864691135946382884,864691135478309830,1
864691135946565412,864691135489433914,1
864691135946578724,864691135489512250,1
864691135946583844,864691135488933690,1
864691135946598948,864691135479243462,1
864691135946604836,864691135478338728,1
864691135946621476,864691135479100358,1
864691135946629668,864691135488247866,1
864691135946629668,864691135488728634,1
864691135946636385,864691135488719674,1
864691135946639969,864691135490316346,1
864691135946645857,864691135478338728,1
864691135946689889,864691135479407558,1
864691135946694753,864691135479370694,1
864691135946694753,864691135490316346,1
864691135946699617,864691135479407558,1
864691135946706017,864691135478645190,1
864691135946994785,864691135478577576,1
864691135947044388,864691135479407558,1
864691135947044388,864691135489841466,1
864691135947158308,864691135479248070,1
864691135947158308,864691135479248582,3
864691135947158308,864691135489433914,1
864691135947170596,864691135488936762,1
864691135947175265,864691135489512250,1
864691135947366692,864691135489841466,2
864691135947401569,864691135479223238,1
864691135947435361,864691135489024058,1
864691135947515745,864691135490230119,1
864691135947525985,864691135480152262,1
864691135947615073,864691135488893754,1
864691135947617060,864691135489421114,1
864691135947626081,864691135478267590,2
864691135947626081,864691135489191482,1
864691135947629348,864691135479112902,1
864691135947650340,864691135479243462,3
864691135947666980,864691135489421114,1
864691135947763492,864691135479048390,1
864691135947787556,864691135489841466,1
864691135947805988,864691135479616454,1
864691135947805988,864691135488999226,2
864691135948179492,864691135479616454,1
864691135948433956,864691135479407558,1
864691135948433956,864691135488896570,2
864691135948458532,864691135478338728,1
864691135948458532,864691135479245254,1
864691135948462433,864691135479168454,3
864691135948462433,864691135488751162,1
864691135948721249,864691135488956218,1
864691135948721249,864691135489486650,1
864691135948814433,864691135488896570,5
864691135948962401,864691135479237318,1
864691135949046625,864691135479028678,1
864691135949056353,864691135479010502,1
864691135949056353,864691135479112902,1
864691135949111649,864691135488896570,3
864691135949111649,864691135489421114,4
864691135949112417,864691135478327208,1
864691135949112417,864691135478589352,2
864691135949112417,864691135488425274,1
864691135949112417,864691135488715066,1
864691135949112417,864691135488722746,2
864691135951958819,864691135488719674,1
864691135951959331,864691135478645190,1
864691135951970339,864691135488256570,1
864691135951993123,864691135478309830,1
864691135951997987,864691135489421114,1
864691135952006179,864691135479168454,1
864691135952006691,864691135479168454,3
864691135952022819,864691135489177658,1
864691135952203555,864691135478326952,1
864691135952203555,864691135488722746,1
864691135952215075,864691135478326952,1
864691135952696099,864691135479243462,2
864691135952724771,864691135489141818,1
864691135952808483,864691135478401448,1
864691135952858403,864691135490316346,1
864691135952917283,864691135489028410,2
864691135952917539,864691135478796230,2
864691135952917539,864691135490230119,1
864691135952934947,864691135489177658,1
864691135952936995,864691135488247866,2
864691135952952355,864691135478785990,1
864691135952952355,864691135479339462,2
864691135952952355,864691135479622086,3
864691135952952355,864691135489028410,2
864691135953188387,864691135490230119,1
864691135953352995,864691135490316346,1
864691135953479459,864691135489098042,1
864691135953712419,864691135488896570,1
864691135953736456,864691135489024058,2
864691135953738760,864691135478690246,1
864691135953764616,864691135489177402,1
864691135953766152,864691135489177658,1
864691135953768200,864691135489177658,3
864691135953781256,864691135488256570,1
864691135953783816,864691135479622086,1
864691135953856547,864691135479245254,1
864691135953856547,864691135479339462,1
864691135953920291,864691135479243462,1
864691135953969699,864691135479243462,1
864691135954133000,864691135478267590,1
864691135954181667,864691135488682692,1
864691135954349064,864691135478637766,1
864691135954393891,864691135488896570,1
864691135954573064,864691135479339462,1
864691135954603043,864691135489114938,1
864691135954635272,864691135488936762,1
864691135954665480,864691135489098042,3
864691135954690568,864691135489141818,1
864691135954690568,864691135489433914,1
864691135954699299,864691135479355846,1
864691135954699299,864691135479370694,3
864691135954699299,864691135489077562,1
864691135954767624,864691135479370694,1
864691135954783011,864691135478401448,1
864691135954795272,864691135488936762,1
864691135954810147,864691135490326074,2
864691135954813448,864691135488936762,2
864691135954844963,864691135479223238,1
864691135954844963,864691135479243462,2
864691135954961928,864691135479245254,1
864691135954961928,864691135479339462,1
864691135955262472,864691135478326952,1
864691135955268616,864691135479355846,1
864691135955268616,864691135481147846,2
864691135955268616,864691135489027642,1
864691135955268616,864691135489077562,3
864691135955320328,864691135478338728,14
864691135955398664,864691135479339462,1
864691135955691016,864691135479245254,1
864691135955797962,864691135489024058,1
864691135955817480,864691135490247015,1
864691135955919880,864691135478338728,1
864691135955919880,864691135479112902,1
864691135955919880,864691135488896570,3
864691135955919880,864691135489421114,5
864691135955954696,864691135479396550,1
864691135955954696,864691135489421114,1
864691135955970312,864691135488425274,1
864691135956022024,864691135478690246,1
864691135957223626,864691135489512250,1
864691135957715658,864691135480349638,1
864691135960960714,864691135480152262,1
864691135963906762,864691135478796230,3
864691135963906762,864691135479103174,3
864691135963906762,864691135489512250,1
864691135963906762,864691135490230119,1
864691135964837066,864691135488247866,4
864691135964837066,864691135488728634,1
864691135964837066,864691135488936762,1
864691135964837066,864691135489433914,1
864691135965047754,864691135488751162,1
864691135965047754,864691135489141818,2
864691135965419722,864691135489177658,1
864691135966401994,864691135478796230,1
864691135966688970,864691135478326214,1
864691135968152522,864691135490247015,1
864691135968896101,864691135488956218,1
864691135968900197,864691135478338728,1
864691135968920677,864691135480349638,1
864691135968921189,864691135479339462,1
864691135968921189,864691135489189178,1
864691135968924261,864691135488247866,1
864691135969505637,864691135488933690,1
864691135969658469,864691135478690246,1
864691135969746533,864691135488728634,1
864691135969793637,864691135479928774,1
864691135970031717,864691135488893754,2
864691135970037093,864691135478338728,1
864691135970206821,864691135479168454,1
864691135970279936,864691135489024058,1
864691135970292837,864691135489841466,2
864691135970376138,864691135489098042,1
864691135970497125,864691135489486650,1
864691135970744933,864691135488719674,1
864691135970744933,864691135489031226,2
864691135971172197,864691135488893754,1
864691135971252837,864691135478401448,1
864691135971252837,864691135488896570,2
864691135971552101,864691135478338728,1
864691135971725157,864691135478327208,1
864691135971725157,864691135479683014,1
864691135971725157,864691135481147846,1
864691135971734373,864691135478401448,1
864691135971734373,864691135479396550,1
864691135971734373,864691135489421114,2
864691135971736933,864691135488896570,1
864691135971743845,864691135478401448,1
864691135974464623,864691135478585798,1
864691135974485871,864691135479132614,1
864691135974742383,864691135479132614,1
864691135974857583,864691135478796230,3
864691135974857583,864691135490230119,2
864691135974871919,864691135490230119,2
864691135974906735,864691135479132614,1
864691135975210351,864691135479223238,1
864691135975321199,864691135488247866,1
864691135975445059,864691135488956986,1
864691135975446595,864691135478796230,2
864691135975446595,864691135489433914,1
864691135975446595,864691135490230119,2
864691135975453807,864691135479245254,1
864691135975455599,864691135488715066,1
864691135975464303,864691135479168454,1
864691135975464559,864691135489141818,1
864691135975469423,864691135479243462,2
864691135975475011,864691135479245254,1
864691135975476291,864691135488715066,1
864691135975508591,864691135489189178,1
864691135975539779,864691135488751162,1
864691135975571311,864691135489024058,1
864691135975643971,864691135488719674,1
864691135975739203,864691135488933690,1
864691135975764591,864691135479339462,3
864691135975764591,864691135488933690,1
864691135975777347,864691135479243462,3
864691135975836015,864691135488999226,1
864691135975843395,864691135489126458,1
864691135975995715,864691135488247866,1
864691135976155459,864691135478577576,2
864691135976343754,864691135479100358,1
864691135976343754,864691135489143098,1
864691135976425327,864691135489486650,1
864691135976486467,864691135488719674,1
864691135976518467,864691135480349638,1
864691135976520047,864691135478785990,1
864691135976572015,864691135479407558,1
864691135976759663,864691135481147846,1
864691135976813935,864691135488936762,1
864691135976944239,864691135478401448,1
864691135976968259,864691135488936762,1
864691135976979567,864691135478338728,1
864691135977005891,864691135489421114,1
864691135977114735,864691135478338728,1
864691135977151811,864691135478589352,1
864691135977151811,864691135488722746,1
864691135977213295,864691135478327208,1
864691135977253187,864691135478338728,1
864691135977309763,864691135479370694,1
864691135977416003,864691135488956986,1
864691135977418307,864691135488682692,1
864691135977636675,864691135489421114,1
864691135977735235,864691135479243462,1
864691135977736259,864691135478401448,1
864691135977736259,864691135488425274,1
864691135977736259,864691135489098042,1
864691135977750851,864691135479112902,1
864691135977807427,864691135479407558,1
864691135977925187,864691135478267590,1
864691135977925187,864691135478748358,2
864691135977925187,864691135489191482,4
864691135983638730,864691135489189178,1
864691135986210979,864691135479132614,2
864691135986889475,864691135479616454,1
864691135986889475,864691135479928774,1
864691135986889731,864691135479407558,1
864691135986895875,864691135479031238,1
864691135986899459,864691135479339462,1
864691135986904067,864691135479100358,1
864691135986918915,864691135488247866,1
864691135986918915,864691135488728634,1
864691135986930179,864691135478401448,1
864691135986935043,864691135479245254,1
864691135986937347,864691135479339462,1
864691135986937347,864691135489028410,1
864691135986937859,864691135489098042,1
864691135987277827,864691135488893754,1
864691135987325699,864691135489177402,1
864691135987382787,864691135479248070,1
864691135987424259,864691135478338728,3
864691135987984387,864691135479223238,1
864691135987987203,864691135489025850,1
864691135988018179,864691135488896570,1
864691135988107523,864691135479028678,2
864691135988107523,864691135479237318,1
864691135988291584,864691135490246503,1
864691135988292608,864691135480152262,1
864691135988292608,864691135489098042,1
864691135988312832,864691135479132614,1
864691135988643584,864691135489031226,2
864691135988800000,864691135479010502,1
864691135988800000,864691135489114938,1
864691135988824067,864691135479928774,1
864691135989017603,864691135479048390,2
864691135989131776,864691135489025850,1
864691135989245696,864691135489141818,1
864691135989246976,864691135479132614,1
864691135989301760,864691135488247866,1
864691135989336320,864691135478338728,3
864691135989344512,864691135479133126,1
864691135989352963,864691135488956986,1
864691135989472515,864691135488893754,1
864691135989573635,864691135479683014,1
864691135989668096,864691135479355846,1
864691135989688832,864691135488253242,1
864691135989702915,864691135478326952,1
864691135989702915,864691135478401448,2
864691135989702915,864691135478577576,1
864691135989721600,864691135479243462,1
864691135989739011,864691135479396550,1
864691135989739011,864691135488896570,1
864691135989817088,864691135479103174,1
864691135989836288,864691135490230119,2
864691135989860867,864691135479243462,1
864691135989860867,864691135488719674,1
864691135989860867,864691135490326074,1
864691135990009600,864691135489028410,1
864691135990093312,864691135479355846,2
864691135990148608,864691135489486650,1
864691135990277376,864691135488896570,1
864691135990277376,864691135489421114,1
864691135990450432,864691135478309830,1
864691135990450432,864691135488893754,1
864691135990450432,864691135489403194,2
864691135990729728,864691135489841466,2
864691135990793216,864691135481147846,1
864691135990793216,864691135483124267,2
864691135990793216,864691135490326074,1
864691135990851584,864691135488247866,1
864691135990851584,864691135488936762,1
864691135990890496,864691135478267590,1
864691135990890496,864691135478338728,4
864691135990890496,864691135478383528,1
864691135990890496,864691135478748358,1
864691135990890496,864691135479112902,1
864691135990890496,864691135479245254,1
864691135990890496,864691135488722746,1
864691135991049472,864691135489421114,3
864691135991162112,864691135478327208,1
864691135991197184,864691135478327208,1
864691135991197184,864691135479112902,1
864691135991197184,864691135488425274,2
864691135991197184,864691135488896570,1
864691135991496129,864691135479031238,1
864691135991502785,864691135478326214,2
864691135991502785,864691135489177658,3
864691135991505345,864691135479132614,2
864691135991510465,864691135479245254,1
864691135991515585,864691135489024058,1
864691135991524801,864691135479243462,4
864691135991785153,864691135488256570,2
864691135991800001,864691135489024058,1
864691135991801025,864691135479243462,3
864691135991870401,864691135489182522,1
864691135991870401,864691135489433914,1
864691135991879617,864691135479100358,1
864691135991879617,864691135490230119,1
864691135991938753,864691135479339462,2
864691135992431306,864691135489177658,1
864691135992463809,864691135479396550,3
864691135992463809,864691135488896570,1
864691135992477377,864691135489191482,1
864691135992496833,864691135479243462,1
864691135992671690,864691135478796230,2
864691135992790209,864691135489486650,2
864691135992899521,864691135478748358,1
864691135992906177,864691135479237318,1
864691135993066442,864691135490247015,1
864691135993113025,864691135479168454,1
864691135993333923,864691135489433914,1
864691135993711297,864691135479407558,1
864691135993770945,864691135489126458,1
864691135993787585,864691135479339462,3
864691135993787585,864691135479616454,1
864691135993787585,864691135489098042,1
864691135993807297,864691135479100358,2
864691135993815489,864691135479928774,1
864691135994053057,864691135479248070,1
864691135994053057,864691135480152262,2
864691135994077377,864691135489841466,1
864691135994127779,864691135478637766,1
864691135994226881,864691135478338728,1
864691135994229194,864691135478796230,1
864691135994229194,864691135489512250,1
864691135994453953,864691135488999226,1
864691135994453953,864691135489098042,2
864691135994470337,864691135478748358,2
864691135994473153,864691135478309830,1
864691135994473153,864691135479407558,1
864691135994473153,864691135489421114,2
864691135994483137,864691135479243462,1
864691135994532778,864691135488715066,1
864691135994553770,864691135488275258,1
864691135994554538,864691135488956218,1
864691135994554538,864691135489841466,1
864691135994561194,864691135479100358,1
864691135994561962,864691135479396550,1
864691135994567594,864691135489512250,1
864691135994577066,864691135479223238,1
864691135994643370,864691135488728634,2
864691135994661802,864691135479100358,1
864691135994819754,864691135478309830,1
864691135994819754,864691135488893754,1
864691135994819754,864691135489403194,1
864691135994834346,864691135479183814,1
864691135994837418,864691135478401448,1
864691135994874794,864691135479622086,1
864691135994874794,864691135489028410,1
864691135995019434,864691135489182522,8
864691135995019434,864691135489433914,7
864691135995088074,864691135489486650,1
864691135995104714,864691135478796230,5
864691135995104714,864691135479248582,1
864691135995104714,864691135479339462,1
864691135995104714,864691135489512250,1
864691135995104714,864691135490230119,1
864691135995171274,864691135490230119,1
864691135995272874,864691135488956986,2
864691135995307946,864691135489027642,2
864691135995450282,864691135489512250,1
864691135995482026,864691135489841466,1
864691135995487402,864691135478637766,1
864691135995495594,864691135488751162,1
864691135995586506,864691135489177402,1
864691135995644074,864691135489433914,1
864691135995711402,864691135478401448,3
864691135995787434,864691135489486650,1
864691135995804074,864691135479339462,2
864691135995804586,864691135489098042,2
864691135995836074,864691135479243462,1
864691135995909546,864691135489486650,1
864691135996158378,864691135479243462,2
864691135996249002,864691135478326952,2
864691135996249002,864691135478383528,5
864691135996294314,864691135479396550,1
864691135996759498,864691135478796230,1
864691135996759498,864691135489512250,1
864691135996759498,864691135490230119,1
864691135996891050,864691135479031238,1
864691135996891050,864691135488751162,1
864691135996950954,864691135479243462,1
864691135997153450,864691135479243462,2
864691135997352874,864691135488425274,1
864691135997393834,864691135479396550,1
864691135997567146,864691135479245254,1
864691135997567146,864691135479339462,1
864691135997680042,864691135478309830,3
864691135997680042,864691135479112902,1
864691135997680042,864691135488893754,1
864691135998685130,864691135488275258,1
864691136000086730,864691135478796230,1
864691136000341194,864691135489177658,3
864691136001075146,864691135489141818,1
864691136001738442,864691135488247866,2
864691136001738442,864691135488728634,1
864691136001850275,864691135479144902,1
864691136001931978,864691135478796230,2
864691136001931978,864691135490230119,3
864691136003918538,864691135478734022,1
864691136003918538,864691135479103174,1
864691136004724938,864691135479683014,1
864691136004733130,864691135479396550,1
864691136004734666,864691135479245254,1
864691136004747978,864691135489191482,2
864691136004756170,864691135489182522,1
864691136004768458,864691135479622086,1
864691136004773066,864691135488936762,1
864691136004885706,864691135480152262,2
864691136005069514,864691135479245254,2
864691136005150154,864691135479622086,2
864691136005150154,864691135489098042,1
864691136005335498,864691135489433914,1
864691136005569738,864691135489098042,3
864691136005575626,864691135480349638,1
864691136005693130,864691135489433914,1
864691136005716938,864691135488719674,1
864691136005840586,864691135479243462,6
864691136006161610,864691135488247866,1
864691136006161610,864691135488728634,1
864691136006400931,864691135479100358,1
864691136006400931,864691135479132614,1
864691136006619850,864691135478690246,1
864691136006725834,864691135489841466,2
864691136006828490,864691135489403194,1
864691136007095498,864691135488896570,1
864691136007237578,864691135478401448,1
864691136007237578,864691135481147846,3
864691136007237578,864691135490326074,2
864691136007308234,864691135479396550,1
864691136007393994,864691135488425274,1
864691136008463276,864691135479243462,2
864691136008478380,864691135489044026,1
864691136008575150,864691135489177658,3
864691136008779948,864691135479100358,1
864691136008812204,864691135479622086,1
864691136008907180,864691135489141818,1
864691136008917164,864691135478734790,1
864691136008966574,864691135478734022,1
864691136008966574,864691135479248582,1
864691136008966574,864691135488247866,1
864691136008966574,864691135489141818,2
864691136008966574,864691135489182522,1
864691136008968622,864691135488936762,1
864691136008983726,864691135479144902,1
864691136008983726,864691135489177658,1
864691136009238958,864691135489433914,1
864691136009318062,864691135490230119,3
864691136009383596,864691135488893754,1
864691136009427628,864691135489114938,1
864691136009428396,864691135479245254,1
864691136009448364,864691135488247866,1
864691136009459374,864691135478577576,1
864691136009497518,864691135479243462,5
864691136009499822,864691135488956986,1
864691136009506734,864691135489025850,1
864691136009513902,864691135478785990,1
864691136009515438,864691135478690246,1
864691136009526702,864691135479100358,1
864691136009840556,864691135490316346,1
864691136009864110,864691135478309830,1
864691136009883054,864691135478326952,1
864691136009890476,864691135479622086,1
864691136009890476,864691135488722746,2
864691136010018220,864691135489841466,2
864691136010028974,864691135479103174,1
864691136010068142,864691135488999226,1
864691136010401454,864691135488956218,2
864691136010434732,864691135478401448,1
864691136010488492,864691135489841466,1
864691136010513326,864691135489191482,1
864691136010575278,864691135479396550,1
864691136010575278,864691135488896570,1
864691136010653356,864691135479237318,1
864691136010687404,864691135479223238,1
864691136010717356,864691135489191482,1
864691136010777774,864691135479355846,1
864691136010778796,864691135479243462,2
864691136010800812,864691135479407558,1
864691136010884259,864691135481147846,1
864691136010886051,864691135479407558,1
864691136010917283,864691135480152262,1
864691136010928046,864691135488715066,1
864691136010928046,864691135488933690,1
864691136010928046,864691135489841466,1
864691136010928046,864691135490316346,1
864691136010935971,864691135489098042,1
864691136010938019,864691135479144902,1
864691136010953379,864691135478309830,2
864691136011005859,864691135489177658,1
864691136011027875,864691135488247866,1
864691136011067054,864691135489044026,1
864691136011315619,864691135480349638,1
864691136011339939,864691135489098042,1
864691136011458734,864691135478327208,2
864691136011458734,864691135478401448,2
864691136011458734,864691135479112902,1
864691136011458734,864691135479928774,1
864691136011458734,864691135489421114,1
864691136011485614,864691135478327208,3
864691136011485614,864691135479223238,1
864691136011485614,864691135479243462,2
864691136011485614,864691135490316346,1
864691136011600302,864691135479407558,1
864691136011622819,864691135488719674,1
864691136011646627,864691135479339462,1
864691136011667374,864691135489486650,1
864691136011733934,864691135478401448,1
864691136011782318,864691135478326952,17
864691136011782318,864691135488253242,1
864691136011782318,864691135489114938,1
864691136011793582,864691135478338728,1
864691136011798435,864691135478637766,1
864691136011857059,864691135488253242,1
864691136011888803,864691135479100358,1
864691136011900835,864691135489114938,2
864691136011903395,864691135489141818,2
864691136011903395,864691135489182522,2
864691136011906723,864691135479243462,2
864691136011920035,864691135488751162,1
864691136011969187,864691135478338728,3
864691136012167075,864691135488715066,1
864691136012173475,864691135478401448,1
864691136012302755,864691135479243462,1
864691136012413347,864691135489486650,4
864691136012430755,864691135479396550,1
864691136012563619,864691135479112902,1
864691136012563619,864691135489421114,2
864691136012936355,864691135479616454,1
864691136012942499,864691135479028678,1
864691136012942499,864691135489421114,1
864691136012948387,864691135480152262,3
864691136013000867,864691135489841466,1
864691136013160611,864691135479243462,1
864691136013242787,864691135479245254,1
864691136013242787,864691135488933690,1
864691136013242787,864691135488999226,1
864691136013367715,864691135481147846,1
864691136013367715,864691135488896570,1
864691136013367715,864691135489421114,1
864691136013653411,864691135478309830,3
864691136013653411,864691135488893754,2
864691136013653411,864691135489421114,3
864691136013734307,864691135488715066,1
864691136020232184,864691135478308038,1
864691136020244728,864691135488933690,1
864691136020249848,864691135489433914,1
864691136020267512,864691135488936762,1
864691136020284408,864691135478326214,1
864691136020311800,864691135479183814,1
864691136020325880,864691135489141818,1
864691136020325880,864691135489433914,1
864691136020717816,864691135488893754,4
864691136021214456,864691135479339462,1
864691136021230328,864691135479223238,2
864691136021262584,864691135479237318,1
864691136021273336,864691135488999226,1
864691136021287160,864691135489027642,3
864691136021299448,864691135478308038,1
864691136021299448,864691135488719674,2
864691136021592568,864691135478308038,1
864691136021895416,864691135479031238,1
864691136021895416,864691135479339462,1
864691136021895416,864691135488751162,1
864691136021895416,864691135489182522,1
864691136021895416,864691135489433914,1
864691136021961720,864691135479028678,1
864691136021961720,864691135488425274,1
864691136022079992,864691135489486650,1
864691136022165240,864691135488956986,1
864691136022659832,864691135489191482,1
864691136022684408,864691135479243462,1
864691136023764025,864691135480152262,1
864691136023764025,864691135488751162,1
864691136023772473,864691135488896570,1
864691136023775801,864691135489027642,1
864691136023811641,864691135479132614,1
864691136023811897,864691135479396550,2
864691136023825721,864691135479243462,1
864691136024633913,864691135488682692,1
864691136024641081,864691135489486650,1
864691136024677945,864691135489098042,1
864691136024751161,864691135479237318,1
864691136024751161,864691135489421114,1
864691136024769593,864691135490230119,1
864691136024813369,864691135479339462,2
864691136024813369,864691135489512250,1
864691136024813369,864691135490230119,1
864691136024828729,864691135480152262,1
864691136024869945,864691135481147846,1
864691136024968505,864691135478308038,1
864691136025093689,864691135489433914,1
864691136025237817,864691135488956986,1
864691136025504569,864691135478327208,1
864691136025504569,864691135490326074,1
864691136025913913,864691135478267590,1
864691136025913913,864691135479112902,1
864691136025913913,864691135481147846,1
864691136026234169,864691135479237318,1
864691136026263353,864691135488896570,4
864691136026382137,864691135479243462,1
864691136026394425,864691135478383528,1
864691136026848478,864691135479048390,1
864691136031645115,864691135488956986,2
864691136031645627,864691135479243462,2
864691136031650491,864691135488715066,1
864691136031682235,864691135479223238,1
864691136031695291,864691135488247866,1
864691136031700411,864691135478637766,1
864691136031715515,864691135489177658,1
864691136031719867,864691135489177402,1
864691136031722683,864691135479144902,1
864691136031724731,864691135479048390,1
864691136031733691,864691135488275258,2
864691136031737275,864691135479048390,1
864691136031739579,864691135489025850,1
864691136031769275,864691135488682692,1
864691136031783099,864691135490316346,1
864691136032206011,864691135479144902,2
864691136032533947,864691135489177658,1
864691136032587707,864691135489486650,1
864691136032650939,864691135478401448,1
864691136032650939,864691135479355846,2
864691136032650939,864691135489077562,1
864691136032654523,864691135479248070,1
864691136032654523,864691135489177658,4
864691136032680891,864691135490230119,1
864691136032698811,864691135479243462,1
864691136033279419,864691135478589352,1
864691136033332155,864691135478589352,1
864691136033332155,864691135479010502,1
864691136033414843,864691135479339462,2
864691136033465275,864691135479223238,1
864691136033465275,864691135479243462,1
864691136033725883,864691135479112902,1
864691136034011579,864691135478338728,2
864691136034086587,864691135478326952,2
864691136034086587,864691135478383528,1
864691136034171323,864691135489486650,1
864691136034292155,864691135479616454,3
864691136034294459,864691135488933690,1
864691136034454971,864691135489421114,1
864691136034478779,864691135478326952,1
864691136034478779,864691135488896570,1
864691136034487483,864691135479370694,1
864691136034487483,864691135479928774,2
864691136034592443,864691135488722746,2
864691136034604987,864691135489421114,1
864691136039352830,864691135488253242,1
864691136039381246,864691135489098042,1
864691136039407870,864691135489024058,1
864691136039723262,864691135481147846,1
864691136039723262,864691135490326074,1
864691136039810558,864691135479396550,1
864691136040148734,864691135489098042,2
864691136040169726,864691135480152262,1
864691136040223998,864691135488719674,1
864691136040237822,864691135489433914,1
864691136040311806,864691135489486650,1
864691136040516350,864691135478645190,2
864691136040542718,864691135488256570,1
864691136040787198,864691135488719674,1
864691136040859646,864691135479370694,1
864691136040892158,864691135488722746,1
864691136040986710,864691135479396550,1
864691136040999254,864691135479168454,1
864691136041000278,864691135489177402,1
864691136041021526,864691135479132614,1
864691136041021782,864691135488728634,2
864691136041030230,864691135488275258,2
864691136041035350,864691135488247866,1
864691136041041750,864691135479103174,1
864691136041041750,864691135479339462,1
864691136041046782,864691135479132614,1
864691136041046782,864691135489024058,1
864691136041061462,864691135489044026,1
864691136041076990,864691135489421114,1
864691136041504254,864691135479010502,2
864691136041510398,864691135488425274,1
864691136041535998,864691135478338728,1
864691136041575678,864691135488715066,1
864691136041604438,864691135489486650,1
864691136041642494,864691135478327208,2
864691136041642494,864691135479396550,2
864691136041642494,864691135488896570,1
864691136041642494,864691135489421114,2
864691136041679702,864691135479248070,1
864691136041679702,864691135489141818,1
864691136041679702,864691135489182522,1
864691136041679702,864691135489433914,5
864691136041694718,864691135489841466,1
864691136041907542,864691135489177658,1
864691136041929046,864691135488933690,1
864691136042007126,864691135488956986,1
864691136042054486,864691135488893754,1
864691136042085718,864691135479168454,1
864691136042163542,864691135479243462,1
864691136042350422,864691135478748358,1
864691136042350422,864691135478796230,1
864691136042373462,864691135478401448,1
864691136042537302,864691135488722746,1
864691136042548054,864691135480152262,1
864691136042628694,864691135479928774,1
864691136042785622,864691135488719674,1
864691136042854742,864691135488682692,1
864691136042957398,864691135478589352,1
864691136042957398,864691135479028678,1
864691136043245654,864691135479622086,1
864691136043245654,864691135480152262,6
864691136043245654,864691135488751162,1
864691136043352150,864691135479407558,1
864691136043384406,864691135478577576,1
864691136043397206,864691135479407558,1
864691136043604822,864691135488896570,1
864691136043604822,864691135489421114,1
864691136050804723,864691135479223238,2
864691136050817267,864691135489486650,3
864691136050839283,864691135479048390,2
864691136050839283,864691135489044026,1
864691136050843123,864691135488247866,1
864691136050852083,864691135478326214,1
864691136050865139,864691135479396550,1
864691136050904819,864691135479031238,1
864691136050904819,864691135488751162,1
864691136050904819,864691135489141818,1
864691136050904819,864691135489433914,2
864691136051071987,864691135479396550,1
864691136051119347,864691135489177658,2
864691136051130867,864691135479168454,1
864691136051619827,864691135488896570,1
864691136051650547,864691135479100358,1
864691136051650547,864691135479132614,1
864691136051711731,864691135479339462,1
864691136051757555,864691135489177658,1
864691136051762675,864691135480152262,3
864691136051762675,864691135488896570,1
864691136051807987,864691135479245254,1
864691136051816179,864691135478401448,2
864691136051830771,864691135488728634,1
864691136051830771,864691135488936762,1
864691136051858419,864691135489191482,1
864691136051920115,864691135479928774,1
864691136052039155,864691135479248070,1
864691136052151283,864691135489841466,1
864691136052178675,864691135479243462,1
864691136052587507,864691135488719674,1
864691136052588787,864691135488933690,1
864691136052738803,864691135478401448,1
864691136052738803,864691135489077562,1
864691136052772595,864691135488956218,1
864691136052791027,864691135479112902,1
864691136052918515,864691135489403194,1
864691136053140723,864691135479683014,1
864691136053140723,864691135489841466,1
864691136053225715,864691135479245254,1
864691136053305075,864691135479928774,1
864691136053505267,864691135479112902,1
864691136053537779,864691135479031238,2
864691136053537779,864691135489141818,2
864691136053645299,864691135478338728,1
864691136053645299,864691135489028410,1
864691136053824243,864691135478338728,2
864691136056312536,864691135488256570,6
864691136056321496,864691135489177402,1
864691136056324056,864691135478796230,1
864691136056324056,864691135479339462,2
864691136056324056,864691135489189178,1
864691136056326616,864691135479168454,3
864691136056335064,864691135489189178,1
864691136056375256,864691135488751162,1
864691136056386008,864691135479223238,1
864691136056387032,864691135489177402,2
864691136056399064,864691135479100358,1
864691136056733656,864691135480349638,1
864691136056791256,864691135489421114,1
864691136057117144,864691135479132614,1
864691136057161688,864691135489433914,1
864691136057205208,864691135489486650,1
864691136057325784,864691135488682692,1
864691136057332184,864691135479622086,7
864691136057333976,864691135479245254,2
864691136057352664,864691135489433914,2
864691136057489368,864691135479355846,2
864691136057569496,864691135489141818,1
864691136057707992,864691135479248582,1
864691136057723352,864691135479396550,2
864691136057775320,864691135478589352,1
864691136057962200,864691135479407558,1
864691136057962200,864691135488896570,1
864691136058023640,864691135489841466,1
864691136058116568,864691135479396550,1
864691136058116568,864691135488896570,2
864691136058116568,864691135489421114,1
864691136058267352,864691135479237318,1
864691136058459096,864691135478401448,1
864691136058690264,864691135479407558,1
864691136058690264,864691135488896570,2
864691136058752216,864691135488425274,2
864691136058810328,864691135478383528,1
864691136058810328,864691135479237318,1
864691136058810328,864691135488425274,4
864691136058831832,864691135479243462,2
864691136058885080,864691135488719674,1
864691136058963160,864691135479396550,1
864691136058963160,864691135488425274,3
864691136058963160,864691135488896570,1
864691136058994904,864691135479407558,1
864691136059003864,864691135488722746,1
864691136065219992,864691135489486650,1
864691136065221784,864691135488722746,1
864691136065224344,864691135479223238,1
864691136065229720,864691135489028410,1
864691136065237400,864691135489024058,2
864691136065238168,864691135489177658,1
864691136065268120,864691135489421114,1
864691136065270680,864691135489031226,2
864691136065271960,864691135478401448,1
864691136065286296,864691135478690246,1
864691136065287832,864691135490316346,1
864691136065291672,864691135479243462,1
864691136065297560,864691135479339462,1
864691136065298584,864691135479100358,1
864691136065298584,864691135479132614,1
864691136065683864,864691135478309830,10
864691136065725336,864691135489025850,1
864691136065790104,864691135479243462,1
864691136065851288,864691135488247866,1
864691136066253720,864691135479168454,1
864691136066253720,864691135489433914,1
864691136066516376,864691135490247015,1
864691136066516888,864691135479616454,1
864691136066748056,864691135489031226,1
864691136066751640,864691135489421114,1
864691136066832792,864691135488751162,1
864691136067018392,864691135478383528,1
864691136067018392,864691135479245254,2
864691136067294872,864691135479243462,1
864691136067382936,864691135479243462,1
864691136067536792,864691135479112902,1
864691136067615384,864691135478338728,2
864691136067615384,864691135479407558,1
864691136067718040,864691135479407558,2
864691136067718040,864691135488715066,1
864691136067766936,864691135479243462,1
864691136067819416,864691135478327208,2
864691136067819416,864691135479223238,2
864691136067819416,864691135479243462,3
864691136067819416,864691135488719674,1
864691136067819416,864691135488956986,1
864691136084037484,864691135488682692,1
864691136084040556,864691135479407558,1
864691136084053612,864691135479622086,2
864691136084053612,864691135489028410,1
864691136084053612,864691135489098042,1
864691136084056684,864691135479010502,1
864691136084060524,864691135479031238,1
864691136084060524,864691135489141818,2
864691136084060524,864691135489433914,1
864691136084062828,864691135479144902,1
864691136084077676,864691135488751162,2
864691136084077932,864691135478995910,1
864691136084081516,864691135489486650,1
864691136084081516,864691135489841466,1
864691136084083820,864691135488936762,1
864691136084303468,864691135478309830,1
864691136084303468,864691135488896570,1
864691136084428908,864691135479223238,1
864691136084466028,864691135488936762,1
864691136084590444,864691135479100358,1
864691136084664940,864691135478690246,4
864691136084664940,864691135489027642,1
864691136084664940,864691135489031226,5
864691136084702316,864691135478785990,1
864691136084721260,864691135489433914,1
864691136084887404,864691135480152262,1
864691136085012332,864691135479245254,1
864691136085030252,864691135479100358,1
864691136085166188,864691135479370694,1
864691136085261932,864691135479243462,2
864691136085267052,864691135479031238,1
864691136085267052,864691135489141818,1
864691136085468780,864691135489433914,2
864691136085711468,864691135479243462,2
864691136085810028,864691135479133126,2
864691136086239084,864691135479622086,1
864691136086239084,864691135480152262,4
864691136086239084,864691135489191482,3
864691136086639212,864691135479407558,1
864691136086645356,864691135489486650,1
864691136086667628,864691135490316346,1
864691136086705260,864691135479112902,1
864691136086705260,864691135488722746,1
864691136086705260,864691135490326074,1
864691136086744684,864691135488715066,2
864691136086755436,864691135479243462,1
864691136086755436,864691135479683014,1
864691136086772844,864691135478338728,1
864691136086772844,864691135478383528,4
864691136086772844,864691135479245254,2
864691136086772844,864691135488253242,2
864691136086840428,864691135478326952,2
864691136086840428,864691135478589352,1
864691136086840428,864691135483124267,1
864691136088927543,864691135479243462,1
864691136088937015,864691135479223238,1
864691136088938551,864691135489433914,1
864691136088958007,864691135489126458,1
864691136088958263,864691135479100358,1
864691136088958263,864691135488936762,1
864691136088969271,864691135488247866,3
864691136088971319,864691135478308038,1
864691136088974135,864691135488933690,1
864691136089178679,864691135490247015,1
864691136089261623,864691135478734022,1
864691136089261623,864691135490230119,1
864691136089422903,864691135488719674,2
864691136089450807,864691135478309830,2
864691136089575479,864691135478326214,1
864691136090001719,864691135489141818,1
864691136090001719,864691135489433914,1
864691136090095671,864691135488247866,1
864691136090479159,864691135478267590,1
864691136090479159,864691135478785990,1
864691136090508087,864691135479183814,2
864691136090728247,864691135479407558,1
864691136090778679,864691135478326952,1
864691136090789175,864691135490247015,2
864691136090870071,864691135478401448,1
864691136090923188,864691135489098042,1
864691136090936756,864691135488751162,1
864691136090939316,864691135488247866,1
864691136090939316,864691135488936762,2
864691136090941108,864691135488936762,1
864691136091074615,864691135478383528,1
864691136091074615,864691135488722746,1
864691136091232180,864691135479243462,1
864691136091235127,864691135479243462,1
864691136091263543,864691135479112902,1
864691136091310391,864691135488247866,3
864691136091310391,864691135488728634,1
864691136091413428,864691135479183814,1
864691136091430324,864691135488896570,1
864691136091451060,864691135478589352,1
864691136091526836,864691135489421114,3
864691136091532855,864691135478338728,1
864691136091634487,864691135478267590,1
864691136091670196,864691135480349638,1
864691136091718711,864691135489028410,3
864691136091777847,864691135490326074,1
864691136091799220,864691135479168454,1
864691136091893172,864691135489433914,1
864691136091895220,864691135488719674,1
864691136091973300,864691135479048390,1
864691136092002740,864691135478308038,2
864691136092002740,864691135489152826,3
864691136092121780,864691135478326952,1
864691136092231604,864691135478577576,3
864691136092231604,864691135489841466,1
864691136092359604,864691135479223238,1
864691136092483508,864691135478785990,1
864691136092646836,864691135479243462,1
864691136092658356,864691135479245254,1
864691136092950964,864691135479396550,1
864691136092950964,864691135488896570,4
864691136092950964,864691135489421114,4
864691136093111476,864691135478577576,1
864691136093111476,864691135489486650,1
864691136093298100,864691135479407558,1
864691136093396404,864691135478401448,1
864691136093396404,864691135479223238,1
864691136093465524,864691135489028410,1
864691136099759477,864691135479243462,1
864691136099762805,864691135489512250,1
864691136099774581,864691135488682692,1
864691136099777397,864691135488956218,1
864691136099778677,864691135490316346,1
864691136099785333,864691135479622086,1
864691136099788405,864691135479168454,1
864691136099791221,864691135480152262,2
864691136099791221,864691135488751162,1
864691136099795829,864691135479100358,1
864691136099795829,864691135479132614,1
864691136099824501,864691135479031238,1
864691136099824501,864691135489141818,1
864691136099825013,864691135489486650,1
864691136099837813,864691135488936762,1
864691136099864949,864691135488728634,1
864691136099864949,864691135489433914,1
864691136099900021,864691135489433914,1
864691136100075125,864691135490230119,1
864691136100209781,864691135479355846,1
864691136100634997,864691135488956218,1
864691136100646517,864691135488256570,2
864691136100701301,864691135489098042,1
864691136100760693,864691135479031238,1
864691136100778613,864691135488956986,1
864691136100789621,864691135488893754,1
864691136100848757,864691135488256570,1
864691136100882037,864691135478589352,1
864691136100882037,864691135479028678,1
864691136100882037,864691135479407558,2
864691136100924789,864691135489512250,2
864691136101136757,864691135489182522,2
864691136101136757,864691135489433914,1
864691136101520245,864691135479243462,1
864691136102267253,864691135489421114,1
864691136105462745,864691135489028410,1
864691136105507289,864691135490230119,2
864691136105521113,864691135488933690,1
864691136105521113,864691135489486650,1
864691136105576409,864691135490326074,1
864691136105748441,864691135489098042,1
864691136106218201,864691135489433914,1
864691136106304729,864691135479048390,1
864691136106315737,864691135478338728,1
864691136106426329,864691135489024058,1
864691136106473433,864691135490247015,1
864691136106515929,864691135479243462,1
864691136106523353,864691135479396550,1
864691136106541785,864691135479339462,1
864691136106571225,864691135478326952,1
864691136106635737,864691135479248582,1
864691136106743513,864691135489141818,2
864691136106935001,864691135478577576,1
864691136106935001,864691135489841466,1
864691136107251929,864691135489841466,1
864691136107273945,864691135488715066,1
864691136107283417,864691135479370694,1
864691136107948249,864691135488896570,1
864691136107980761,864691135489433914,1
864691136108025561,864691135479243462,1
864691136108370905,864691135478326952,1
864691136108370905,864691135478338728,64
864691136108370905,864691135489486650,4
864691136108411097,864691135478338728,2
864691136108411097,864691135479407558,1
864691136108482009,864691135479237318,1
864691136108519129,864691135479622086,2
864691136108519129,864691135489028410,1
864691136108611033,864691135479396550,1
864691136108611033,864691135488896570,7
864691136108611033,864691135489421114,1
864691136108622041,864691135479112902,1
864691136108627417,864691135489512250,1
864691136108649433,864691135490316346,1
864691136108662745,864691135490316346,1
864691136108698040,864691135478589352,1
864691136108701880,864691135479243462,3
864691136108702392,864691135488425274,1
864691136108703107,864691135479183814,1
864691136108704217,864691135489182522,1
864691136108726712,864691135488936762,2
864691136108739512,864691135479928774,1
864691136108759224,864691135479223238,1
864691136108938168,864691135488896570,1
864691136108938168,864691135489141818,1
864691136108938168,864691135490230119,1
864691136109091512,864691135489025850,1
864691136109164216,864691135489044026,1
864691136109189304,864691135479243462,1
864691136109230776,864691135478338728,2
864691136109323448,864691135479048390,2
864691136109347256,864691135479339462,1
864691136109347256,864691135489028410,1
864691136109348024,864691135489841466,1
864691136109358264,864691135489044026,1
864691136109385912,864691135478338728,4
864691136109720248,864691135480349638,1
864691136109729976,864691135488247866,3
864691136109815992,864691135490316346,1
864691136109892792,864691135478338728,1
864691136109892792,864691135478577576,1
864691136109898936,864691135489189178,1
864691136110107576,864691135479223238,1
864691136110206904,864691135479031238,1
864691136110206904,864691135479248070,1
864691136110206904,864691135488751162,1
864691136110362296,864691135479622086,2
864691136110362296,864691135488751162,1
864691136110685880,864691135479248582,5
864691136110685880,864691135489433914,5
864691136110891192,864691135488719674,1
864691136111084728,864691135478338728,2
864691136111176888,864691135479112902,2
864691136111176888,864691135488425274,1
864691136111185336,864691135478309830,1
864691136111185336,864691135489025850,2
864691136111185336,864691135489421114,1
864691136111240017,864691135489025850,1
864691136111293624,864691135488425274,1
864691136111403192,864691135479370694,1
864691136111411896,864691135478338728,1
864691136111461048,864691135488715066,1
864691136111461560,864691135478326952,1
864691136111461560,864691135489028410,1
864691136111536568,864691135479223238,1
864691136111602360,864691135489025850,1
864691136116149412,864691135479245254,2
864691136116155044,864691135478401448,1
864691136116155044,864691135479243462,2
864691136116177572,864691135489512250,1
864691136116177572,864691135490230119,1
864691136116186788,864691135488933690,1
864691136116186788,864691135489512250,6
864691136116195492,864691135479100358,1
864691136116447908,864691135479248582,1
864691136116447908,864691135488247866,1
864691136116888484,864691135488896570,1
864691136116899492,864691135489024058,1
864691136116994980,864691135480349638,1
864691136117069220,864691135479223238,2
864691136117220772,864691135489421114,1
864691136117228196,864691135479396550,1
864691136117695908,864691135479622086,1
864691136118242179,864691135489044026,1
864691136118412824,864691135478308038,1
864691136118421784,864691135478589352,1
864691136118431396,864691135479396550,1
864691136118440984,864691135489433914,1
864691136118441496,864691135478734022,4
864691136118441496,864691135488936762,1
864691136118667428,864691135478338728,1
864691136118878116,864691135478326952,5
864691136118878116,864691135478327208,2
864691136118878116,864691135479237318,1
864691136118878116,864691135479370694,1
864691136118878116,864691135479928774,3
864691136118878116,864691135488722746,1
864691136118878116,864691135490326074,2
864691136118991524,864691135489114938,1
864691136119017636,864691135488425274,4
864691136119203096,864691135481147846,1
864691136119208984,864691135479168454,1
864691136119295000,864691135489512250,1
864691136119405848,864691135490230119,1
864691136119645464,864691135488247866,1
864691136119692824,864691135479339462,1
864691136119692824,864691135488999226,1
864691136119692824,864691135489177658,1
864691136119809048,864691135479928774,1
864691136119862808,864691135479112902,2
864691136119929368,864691135480152262,1
864691136120064536,864691135479616454,1
864691136120137752,864691135478326952,1
864691136120137752,864691135478589352,2
864691136120137752,864691135479010502,17
864691136120137752,864691135479237318,1
864691136120137752,864691135488722746,2
864691136120137752,864691135489114938,7
864691136120578072,864691135479407558,2
864691136120642584,864691135479031238,1
864691136120642584,864691135488751162,3
864691136120658712,864691135478338728,3
864691136120658712,864691135479407558,1
864691136120658712,864691135488751162,1
864691136120658712,864691135489141818,1
864691136120753176,864691135479223238,1
864691136120844312,864691135488893754,1
864691136121016600,864691135478338728,2
864691136121048401,864691135479223238,1
864691136123681830,864691135490247015,1
864691136123711526,864691135488247866,1
864691136123726118,864691135478995910,4
864691136123727910,864691135488728634,1
864691136123728422,864691135488936762,1
864691136123729702,864691135489028410,1
864691136123732262,864691135489031226,1
864691136123733286,864691135478796230,3
864691136123738150,864691135490230119,1
864691136123739942,864691135480349638,1
864691136123752998,864691135488247866,1
864691136123777318,864691135478309830,1
864691136123782438,864691135479223238,1
864691136124142118,864691135479100358,1
864691136124234534,864691135490316346,1
864691136124381478,864691135479144902,1
864691136124467238,864691135488719674,1
864691136124474662,864691135479103174,2
864691136124474662,864691135489028410,1
864691136124515366,864691135489189178,1
864691136124603174,864691135489141818,1
864691136124604710,864691135488936762,1
864691136124607782,864691135488425274,1
864691136124613926,864691135490230119,1
864691136124629542,864691135478577576,1
864691136124889894,864691135480152262,1
864691136125352742,864691135479339462,1
864691136125440038,864691135490316346,1
864691136125497382,864691135479243462,1
864691136125573414,864691135490316346,1
864691136125594406,864691135478326952,1
864691136125670950,864691135488896570,1
864691136125840678,864691135489841466,1
864691136126144294,864691135478383528,1
864691136126144294,864691135488253242,1
864691136126483238,864691135478401448,2
864691136126615590,864691135479010502,1
864691136126709542,864691135490316346,1
864691136134403211,864691135479243462,1
864691136134411915,864691135478401448,1
864691136134413195,864691135488247866,1
864691136134418315,864691135479243462,2
864691136134418571,864691135480152262,1
864691136134430603,864691135479339462,1
864691136134455947,864691135489024058,1
864691136134718091,864691135479031238,4
864691136134718091,864691135488751162,6
864691136134726795,864691135479243462,1
864691136134834571,864691135479245254,1
864691136134834571,864691135479339462,1
864691136134908043,864691135489512250,1
864691136134930315,864691135488275258,1
864691136134942347,864691135479103174,3
864691136134942347,864691135479339462,1
864691136134953867,864691135490246503,1
864691136135208587,864691135479339462,1
864691136135300491,864691135489841466,1
864691136135316363,864691135489421114,1
864691136135418507,864691135489177402,1
864691136135430539,864691135479048390,1
864691136135442571,864691135489433914,1
864691136135509131,864691135479339462,1
864691136135512971,864691135479010502,1
864691136135533195,864691135479245254,1
864691136135536011,864691135479243462,1
864691136135544971,864691135479396550,2
864691136135707787,864691135479355846,1
864691136135752843,864691135479622086,1
864691136135856011,864691135479339462,1
864691136135912843,864691135478785990,1
864691136136104843,864691135488715066,1
864691136136564349,864691135478338728,1
864691136136579197,864691135488682692,1
864691136136587389,864691135488247866,1
864691136136590205,864691135479132614,1
864691136136590205,864691135489024058,1
864691136136594301,864691135479132614,1
864691136136597629,864691135479132614,1
864691136136621949,864691135479683014,1
864691136136637309,864691135489486650,2
864691136136645757,864691135479248070,1
864691136136645757,864691135488936762,1
864691136136645757,864691135489433914,1
864691136136646013,864691135490230119,1
864691136136647805,864691135478785990,2
864691136136647805,864691135479622086,1
864691136136647805,864691135488253242,1
864691136136649085,864691135488936762,1
864691136136650109,864691135479144902,1
864691136136855947,864691135478690246,1
864691136136855947,864691135489031226,1
864691136136934013,864691135478690246,1
864691136137006717,864691135489126458,2
864691136137006717,864691135489177658,4
864691136137054077,864691135479112902,1
864691136137140093,864691135478267590,2
864691136137140093,864691135478796230,1
864691136137140093,864691135489141818,2
864691136137140093,864691135489189178,2
864691136137140093,864691135489191482,1
864691136137140093,864691135489433914,1
864691136137168779,864691135478327208,1
864691136137168779,864691135479928774,1
864691136137210507,864691135479928774,1
864691136137210507,864691135490326074,1
864691136137293195,864691135489421114,1
864691136137381245,864691135488425274,1
864691136137401483,864691135478326952,1
864691136137401483,864691135478327208,1
864691136137401483,864691135478338728,1
864691136137401483,864691135478383528,2
864691136137401483,864691135478785990,2
864691136137401483,864691135479028678,1
864691136137401483,864691135488722746,5
864691136137401483,864691135489114938,1
864691136137405835,864691135479010502,1
864691136137409661,864691135489421114,1
864691136137463435,864691135489177658,1
864691136137463435,864691135489486650,1
864691136137463691,864691135488956986,1
864691136137586301,864691135479132614,1
864691136137611901,864691135490316346,1
864691136137630845,864691135479100358,1
864691136137644925,864691135488247866,1
864691136137647485,864691135479103174,1
864691136137662077,864691135490316346,1
864691136137663869,864691135490316346,1
864691136137665661,864691135489141818,2
864691136137834877,864691135479031238,1
864691136138131325,864691135478326952,1
864691136138131325,864691135479616454,1
864691136138196349,864691135488719674,1
864691136138335101,864691135488933690,1
864691136138335101,864691135489126458,1
864691136138335101,864691135489486650,1
864691136138476925,864691135478338728,1
864691136138622333,864691135478338728,1
864691136138622333,864691135478785990,5
864691136138622333,864691135479112902,2
864691136138622333,864691135488722746,2
864691136138622333,864691135490326074,1
864691136138756221,864691135478338728,1
864691136138807165,864691135479339462,1
864691136138838141,864691135480152262,1
864691136139009149,864691135488425274,3
864691136139009149,864691135488722746,1
864691136139009149,864691135488896570,9
864691136139009149,864691135489421114,3
864691136139103613,864691135490326074,1
864691136139155837,864691135488719674,1
864691136139180413,864691135479031238,1
864691136139180413,864691135489182522,2
864691136143358516,864691135489152826,1
864691136143365684,864691135479248070,1
864691136143373876,864691135481147846,1
864691136143380276,864691135479339462,1
864691136143392564,864691135488999226,1
864691136143392564,864691135489177658,1
864691136143392564,864691135490247015,1
864691136143416116,864691135479243462,1
864691136143422516,864691135489512250,1
864691136143688756,864691135478326952,1
864691136143824180,864691135479132614,1
864691136143951924,864691135489098042,1
864691136143964724,864691135479168454,1
864691136144057908,864691135489191482,1
864691136144465716,864691135489189178,1
864691136144525108,864691135488896570,1
864691136144533300,864691135489433914,1
864691136144542260,864691135489141818,1
864691136144547892,864691135479928774,1
864691136144591924,864691135479010502,1
864691136144610100,864691135478796230,2
864691136144610100,864691135479248582,1
864691136144610100,864691135490230119,1
864691136144631860,864691135480152262,1
864691136144673588,864691135480349638,1
864691136144769844,864691135478637766,1
864691136144827444,864691135489486650,1
864691136144968500,864691135479245254,4
864691136145176628,864691135490247015,1
864691136145243956,864691135478589352,1
864691136145351476,864691135479223238,1
864691136145574196,864691135481147846,1
864691136145574196,864691135489421114,1
864691136145574196,864691135490326074,1
864691136174997510,864691135479031238,1
864691136174997510,864691135489141818,1
864691136175001350,864691135489182522,1
864691136175021318,864691135479183814,1
864691136175021830,864691135480152262,2
864691136175026182,864691135479183814,1
864691136175034374,864691135480152262,1
864691136175043590,864691135488256570,1
864691136175048198,864691135478338728,1
864691136175064070,864691135479396550,1
864691136175067142,864691135488893754,1
864691136175085830,864691135489024058,1
864691136175437830,864691135478309830,1
864691136175531782,864691135479183814,1
864691136175581446,864691135488715066,1
864691136175637510,864691135488719674,1
864691136176054534,864691135489126458,1
864691136176125190,864691135488936762,1
864691136176211206,864691135479243462,2
864691136176211462,864691135489189178,2
864691136176217862,864691135488933690,1
864691136176660742,864691135478338728,2
864691136176677382,864691135479396550,1
864691136177254406,864691135479144902,1
864691136177254406,864691135480152262,1
864691136177254406,864691135488751162,3
864691136177300998,864691135481147846,1
864691136177312518,864691135479622086,1
864691136177312518,864691135489028410,1
864691136177312518,864691135489191482,1
864691136177467142,864691135478338728,1
864691136177732614,864691135479245254,2
864691136177732870,864691135489841466,1
864691136194007254,864691135479407558,2
864691136194007254,864691135489841466,1
864691136194012118,864691135478995910,1
864691136194016214,864691135479100358,2
864691136194016214,864691135488247866,1
864691136194016214,864691135488728634,1
864691136194018006,864691135489486650,1
864691136194037718,864691135490230119,1
864691136194052310,864691135479100358,1
864691136194058454,864691135479133126,1
864691136194086614,864691135479048390,1
864691136194094806,864691135478308038,1
864691136194097622,864691135489024058,1
864691136194108118,864691135490230119,1
864691136194163176,864691135489182522,1
864691136194191592,864691135489433914,1
864691136194195432,864691135479100358,1
864691136194207976,864691135479243462,1
864691136194208232,864691135478338728,1
864691136194208232,864691135489486650,2
864691136194284776,864691135489433914,1
864691136194299980,864691135479243462,1
864691136194317388,864691135488956218,1
864691136194321740,864691135479132614,1
864691136194328652,864691135488247866,2
864691136194371798,864691135479103174,1
864691136194465494,864691135489177658,1
864691136194509132,864691135489024058,1
864691136194648040,864691135490247015,1
864691136194654184,864691135489421114,1
864691136194744908,864691135490230119,1
864691136194802902,864691135479031238,2
864691136194925270,864691135489025850,1
864691136195002344,864691135489177658,1
864691136195041356,864691135489177402,1
864691136195060712,864691135488256570,1
864691136195064278,864691135478309830,1
864691136195072470,864691135479407558,1
864691136195083990,864691135488936762,1
864691136195110988,864691135479245254,1
864691136195114828,864691135479248070,1
864691136195127628,864691135489126458,1
864691136195161832,864691135490247015,1
864691136195175500,864691135479237318,6
864691136195189324,864691135489177658,1
864691136195216460,864691135479339462,1
864691136195227980,864691135488999226,1
864691136195265768,864691135489189178,1
864691136195327564,864691135479928774,1
864691136195388748,864691135488425274,1
864691136195488982,864691135489433914,1
864691136195526120,864691135478785990,1
864691136195539414,864691135489841466,1
864691136195617494,864691135478785990,1
864691136195617494,864691135479245254,1
864691136195783912,864691135480152262,1
864691136195783912,864691135489098042,4
864691136195783912,864691135489177658,1
864691136195787240,864691135489486650,1
864691136195787240,864691135489841466,1
864691136195796182,864691135478383528,1
864691136195796182,864691135479237318,6
864691136195802344,864691135488751162,2
864691136195802344,864691135489098042,7
864691136195928652,864691135489841466,1
864691136196009960,864691135479396550,3
864691136196009960,864691135490316346,1
864691136196023116,864691135479339462,1
864691136196023116,864691135479622086,1
864691136196023116,864691135489028410,1
864691136196023116,864691135489191482,2
864691136196045014,864691135489841466,1
864691136196075340,864691135479396550,1
864691136196141644,864691135478338728,1
864691136196463948,864691135479396550,1
864691136196484428,864691135479010502,1
864691136196484428,864691135489177402,1
864691136196893004,864691135479396550,2
864691136197172556,864691135478338728,1
864691136205491390,864691135479248582,1
864691136205491390,864691135488751162,1
864691136205491390,864691135489141818,1
864691136205491390,864691135489182522,1
864691136205491390,864691135489433914,1
864691136208990908,864691135479243462,2
864691136208995772,864691135489182522,1
864691136208995772,864691135489433914,2
864691136208997820,864691135488956986,1
864691136209002684,864691135489031226,1
864691136209011132,864691135489025850,2
864691136209013436,864691135479144902,1
864691136209016252,864691135489512250,1
864691136209018044,864691135489512250,1
864691136209020604,864691135480349638,1
864691136209034428,864691135489841466,1
864691136209119932,864691135478401448,1
864691136209357500,864691135489433914,1
864691136209381308,864691135489044026,1
864691136209615804,864691135479245254,1
864691136209615804,864691135479339462,4
864691136209866428,864691135490316346,1
864691136209883836,864691135479112902,1
864691136209933244,864691135489126458,1
864691136210143420,864691135479243462,1
864691136210193852,864691135479339462,1
864691136210257852,864691135479245254,1
864691136210266812,864691135479683014,1
864691136210266812,864691135488425274,1
864691136210420924,864691135478401448,1
864691136210483900,864691135488893754,1
864691136210847932,864691135490316346,1
864691136210974908,864691135479243462,1
864691136211187900,864691135479103174,1
864691136211404988,864691135489403194,1
864691136211411644,864691135489841466,1
864691136211430588,864691135479237318,1
864691136211430588,864691135479407558,2
864691136215646142,864691135478734790,1
864691136221076926,864691135488247866,1
864691136225203646,864691135488936762,1
864691136226959441,864691135488715066,1
864691136226969169,864691135479396550,1
864691136226975569,864691135478637766,1
864691136227265361,864691135489433914,1
864691136227652945,864691135480349638,1
864691136227810641,864691135490230119,2
864691136227906129,864691135479010502,1
864691136227906129,864691135488722746,1
864691136227906129,864691135489114938,1
864691136227916625,864691135479243462,1
864691136227916625,864691135490316346,1
864691136227926097,864691135479031238,1
864691136227928401,864691135479370694,1
864691136227944785,864691135488893754,2
864691136227966545,864691135479245254,1
864691136227966545,864691135479339462,1
864691136228235089,864691135480349638,1
864691136228235089,864691135489177658,1
864691136228336721,864691135489177658,1
864691136228538961,864691135479103174,1
864691136228718673,864691135489486650,1
864691136228914001,864691135488722746,1
864691136228954449,864691135479183814,1
864691136228954449,864691135479683014,2
864691136229303121,864691135488425274,1
864691136229395793,864691135479396550,5
864691136229395793,864691135488896570,1
864691136229395793,864691135489421114,1
864691136229436497,864691135488728634,1
864691136229439825,864691135479103174,1
864691136236654863,864691135479223238,1
864691136236667407,864691135489189178,1
864691136236669455,864691135478690246,1
864691136236674575,864691135479243462,2
864691136236701967,864691135489177658,1
864691136236706831,864691135489024058,1
864691136236713999,864691135489098042,10
864691136236713999,864691135489177658,1
864691136236719375,864691135479031238,1
864691136236722191,864691135488719674,1
864691136236730895,864691135490316346,2
864691136236739343,864691135479223238,2
864691136236741135,864691135479396550,1
864691136236910351,864691135479031238,1
864691136236910351,864691135479248582,2
864691136236910351,864691135489141818,2
864691136236910351,864691135489182522,2
864691136237217039,864691135489141818,1
864691136237434639,864691135479616454,1
864691136237448252,864691135488719674,1
864691136237448252,864691135490316346,1
864691136237478159,864691135490230119,1
864691136237482511,864691135478401448,1
864691136237489980,864691135479133126,1
864691136237490748,864691135479168454,1
864691136237495612,864691135478309830,1
864691136237495612,864691135479396550,1
864691136237502735,864691135479370694,1
864691136237503036,864691135489177402,1
864691136237505852,864691135479243462,1
864691136237517628,864691135479223238,1
864691136237523772,864691135489025850,1
864691136237534780,864691135478748358,1
864691136237613583,864691135489098042,1
864691136237724943,864691135479010502,1
864691136237774095,864691135478785990,1
864691136237785404,864691135479183814,1
864691136237790991,864691135489028410,2
864691136238248975,864691135479243462,1
864691136238319420,864691135480349638,1
864691136238319420,864691135489841466,1
864691136238349116,864691135489433914,1
864691136238353724,864691135489177658,1
864691136238377788,864691135488933690,1
864691136238505276,864691135479407558,1
864691136238531132,864691135478577576,1
864691136238531132,864691135489486650,1
864691136238610447,864691135479112902,1
864691136238651964,864691135488933690,2
864691136238694460,864691135478327208,1
864691136238694460,864691135488896570,1
864691136238697487,864691135488896570,1
864691136238699279,864691135479396550,1
864691136238715151,864691135479355846,1
864691136238742076,864691135479112902,1
864691136238760207,864691135478326952,2
864691136238777871,864691135479370694,1
864691136238806031,864691135478267590,1
864691136238806031,864691135478748358,1
864691136238806031,864691135478785990,5
864691136238806031,864691135479245254,1
864691136238806031,864691135479622086,3
864691136238806031,864691135489028410,2
864691136238829116,864691135479168454,2
864691136238829116,864691135488247866,1
864691136238829116,864691135489189178,1
864691136238868284,864691135479248070,1
864691136238939196,864691135479407558,1
864691136238939196,864691135488715066,3
864691136239047740,864691135479407558,1
864691136239047740,864691135489841466,2
864691136239914300,864691135479407558,1
864691136239914300,864691135488722746,1
864691136239914300,864691135489114938,1
864691136239917884,864691135479396550,1
864691136239919932,864691135488715066,1
864691136240028220,864691135479407558,1
864691136240028220,864691135489421114,1
864691136240041532,864691135478338728,2
864691136240041532,864691135480152262,2
864691136240041532,864691135488722746,1
864691136240041532,864691135489486650,2
864691136240041532,864691135489841466,2
864691136244120254,864691135488275258,1
864691136255240382,864691135488936762,1
864691136260378509,864691135479048390,1
864691136262170340,864691135489025850,1
864691136262786788,864691135489025850,1
864691136263676900,864691135479223238,1
864691136266409972,864691135489841466,1
864691136266413300,864691135489841466,1
864691136266417652,864691135489486650,1
864691136266427124,864691135489024058,1
864691136266436852,864691135489098042,1
864691136266437876,864691135479168454,1
864691136266811892,864691135490230119,2
864691136266830836,864691135479248582,1
864691136266973684,864691135479407558,1
864691136267151860,864691135478401448,1
864691136267184884,864691135479168454,1
864691136267184884,864691135489024058,1
864691136267217908,864691135478577576,1
864691136267393780,864691135479223238,1
864691136267393780,864691135479243462,1
864691136267396084,864691135488728634,1
864691136267540468,864691135488247866,1
864691136267608820,864691135489841466,1
864691136267609332,864691135479100358,1
864691136267609332,864691135489024058,1
864691136267705332,864691135489189178,1
864691136267946996,864691135479237318,1
864691136267946996,864691135479407558,1
864691136267946996,864691135488715066,1
864691136267946996,864691135489114938,1
864691136268046836,864691135481147846,1
864691136268234228,864691135479396550,2
864691136268300788,864691135478383528,3
864691136268898292,864691135478785990,1
864691136272989630,864691135488751162,1
864691136273011134,864691135489421114,1
864691136273012158,864691135489044026,1
864691136273013694,864691135479248070,1
864691136273610253,864691135480349638,1
864691136273621261,864691135489841466,1
864691136273628941,864691135488956986,1
864691136273629453,864691135488719674,1
864691136273638157,864691135489028410,1
864691136273645837,864691135479248582,1
864691136273677581,864691135489841466,1
864691136273681677,864691135488751162,1
864691136273705406,864691135479396550,1
864691136273753790,864691135479243462,1
864691136273786302,864691135489433914,1
864691136273832382,864691135478589352,1
864691136273832382,864691135489114938,2
864691136273884350,864691135488719674,1
864691136273900222,864691135489024058,2
864691136273902782,864691135478796230,1
864691136273908158,864691135488247866,2
864691136273908158,864691135488728634,3
864691136273908158,864691135489433914,3
864691136273909438,864691135489512250,1
864691136273909438,864691135490230119,1
864691136273915326,864691135489433914,1
864691136273981965,864691135489841466,1
864691136274021133,864691135480349638,1
864691136274094782,864691135478645190,1
864691136274110989,864691135478796230,2
864691136274110989,864691135489512250,1
864691136274153997,864691135479168454,1
864691136274181133,864691135479168454,2
864691136274182157,864691135478995910,2
864691136274220990,864691135489486650,2
864691136274641165,864691135488275258,1
864691136274650814,864691135488956986,1
864691136274680845,864691135478401448,1
864691136274680845,864691135479928774,1
864691136274755341,864691135488936762,1
864691136274761997,864691135488936762,1
864691136274763533,864691135489182522,1
864691136274772237,864691135489433914,1
864691136274777357,864691135478326952,1
864691136274974477,864691135488956986,1
864691136275031565,864691135489141818,1
864691136275223821,864691135478690246,2
864691136275255309,864691135478338728,1
864691136275497406,864691135488425274,1
864691136275919117,864691135478338728,1
864691136275919117,864691135479407558,1
864691136275919117,864691135481147846,1
864691136276010765,864691135478326952,1
864691136276126221,864691135479396550,3
864691136276126221,864691135488896570,1
864691136276283149,864691135478401448,1
864691136276283149,864691135481147846,1
864691136276454413,864691135478338728,1
864691136286545603,864691135479616454,1
864691136286559683,864691135489031226,3
864691136286568131,864691135490230119,1
864691136286576835,864691135488751162,1
864691136286587331,864691135488896570,2
864691136286594243,864691135488719674,1
864691136286864579,864691135479223238,1
864691136287237059,864691135479048390,1
864691136287300035,864691135488682692,1
864691136287304387,864691135479144902,1
864691136287441859,864691135478589352,1
864691136287512771,864691135488247866,3
864691136287529411,864691135478796230,1
864691136287529411,864691135490230119,3
864691136287736259,864691135479248582,1
864691136287840451,864691135489841466,2
864691136287987651,864691135478338728,1
864691136287987651,864691135479339462,1
864691136288080323,864691135478577576,1
864691136288145347,864691135490316346,1
864691136288604355,864691135481147846,2
864691136288605379,864691135478338728,1
864691136288727747,864691135478327208,1
864691136288727747,864691135489025850,1
864691136288727747,864691135489421114,1
864691136288807619,864691135488956218,1
864691136288856003,864691135479223238,1
864691136288920259,864691135479407558,1
864691136288920259,864691135488715066,1
864691136289134231,864691135489025850,3
864691136296646171,864691135489024058,1
864691136296648219,864691135488719674,1
864691136296651803,864691135479100358,1
864691136296655387,864691135479144902,1
864691136296658715,864691135479243462,1
864691136296669211,864691135488256570,2
864691136296670491,864691135478338728,1
864691136296673307,864691135480152262,3
864691136296694043,864691135489403194,1
864691136296697627,864691135479048390,1
864691136296700187,864691135479031238,1
864691136296709147,864691135479168454,1
864691136296732955,864691135479243462,1
864691136296740891,864691135488719674,1
864691136296819483,864691135488933690,1
864691136297255707,864691135479248070,2
864691136297320219,864691135479133126,1
864691136297320219,864691135479370694,2
864691136297322011,864691135478734022,1
864691136297322011,864691135489433914,1
864691136297638171,864691135488256570,1
864691136297782811,864691135488247866,2
864691136297937435,864691135489098042,2
864691136298115099,864691135488751162,1
864691136298115099,864691135489433914,1
864691136298115099,864691135489512250,1
864691136298180123,864691135488751162,1
864691136298466587,864691135478338728,2
864691136298576667,864691135478589352,1
864691136298624539,864691135488933690,1
864691136298896155,864691135478401448,2
864691136298896155,864691135479407558,1
864691136298913563,864691135479112902,3
864691136298913563,864691135481147846,3
864691136298913563,864691135488893754,1
864691136298913563,864691135489421114,2
864691136298913563,864691135490326074,7
864691136298997275,864691135488715066,1
864691136299036443,864691135479243462,2
864691136299054875,864691135478326952,1
864691136299118363,864691135479243462,1
864691136299163419,864691135479339462,3
864691136309626970,864691135479168454,1
864691136309642842,864691135488956986,1
864691136309643354,864691135489027642,1
864691136309762138,864691135479396550,1
864691136309895002,864691135479237318,1
864691136309904986,864691135478308038,1
864691136309978202,864691135489177402,1
864691136309998170,864691135480349638,1
864691136310074458,864691135479339462,1
864691136310494298,864691135489177658,2
864691136310551642,864691135488933690,2
864691136310659674,864691135479100358,1
864691136310672474,864691135490247015,1
864691136310682458,864691135488682692,1
864691136310683994,864691135488751162,4
864691136310694746,864691135489126458,2
864691136310695514,864691135488936762,1
864691136310774362,864691135479010502,1
864691136310802266,864691135488719674,1
864691136310810202,864691135479248070,1
864691136310917466,864691135489486650,1
864691136311098970,864691135479355846,4
864691136311098970,864691135479928774,1
864691136311106650,864691135490230119,1
864691136311179354,864691135489841466,1
864691136311213914,864691135478401448,2
864691136311213914,864691135479112902,1
864691136311213914,864691135481147846,1
864691136311213914,864691135488425274,1
864691136311213914,864691135489077562,1
864691136311213914,864691135489421114,1
864691136311213914,864691135490326074,1
864691136311330906,864691135479010502,9
864691136311749693,864691135479168454,1
864691136311759706,864691135479245254,1
864691136311762266,864691135489841466,1
864691136311765309,864691135478401448,1
864691136311771709,864691135489141818,1
864691136311772733,864691135478327208,1
864691136311780954,864691135478326952,1
864691136311780954,864691135478338728,1
864691136311780954,864691135479407558,1
864691136311780954,864691135489841466,1
864691136311781693,864691135489027642,1
864691136311797565,864691135488425274,1
864691136311805757,864691135479048390,2
864691136311814205,864691135479223238,1
864691136311832125,864691135479048390,1
864691136311866714,864691135479010502,1
864691136311909181,864691135488425274,1
864691136312057178,864691135479112902,3
864691136312057178,864691135479928774,2
864691136312057178,864691135488425274,2
864691136312057178,864691135488896570,1
864691136312067133,864691135488275258,1
864691136312150874,864691135478401448,3
864691136312150874,864691135490326074,1
864691136312211802,864691135488933690,1
864691136312254554,864691135478338728,1
864691136312284250,864691135488682692,2
864691136312445786,864691135478327208,2
864691136312445786,864691135479112902,9
864691136312445786,864691135489421114,1
864691136312445786,864691135490326074,1
864691136312466010,864691135488722746,3
864691136312475994,864691135488253242,1
864691136312507197,864691135488936762,1
864691136312554586,864691135488896570,4
864691136312671037,864691135480349638,1
864691136312671037,864691135489177658,1
864691136312711229,864691135488893754,1
864691136312766013,864691135489512250,1
864691136312787261,864691135479048390,1
864691136312846397,864691135488719674,1
864691136312992061,864691135479248582,1
864691136313445724,864691135478734022,1
864691136313833021,864691135479245254,10
864691136313847869,864691135488896570,3
864691136313869885,864691135479028678,1
864691136314042685,864691135488715066,2
864691136314077757,864691135481147846,3
864691136314078013,864691135478401448,2
864691136314078013,864691135478577576,1
864691136314078013,864691135479112902,1
864691136314078013,864691135481147846,1
864691136314078013,864691135490326074,1
864691136314114621,864691135478401448,1
864691136314120765,864691135479112902,11
864691136314120765,864691135490326074,6
864691136314126653,864691135478326952,1
864691136314126653,864691135478338728,1
864691136314144829,864691135489841466,1
864691136314282301,864691135488896570,2
864691136314326333,864691135489114938,2
864691136314485053,864691135478690246,1
864691136314485053,864691135479407558,1
864691136314485053,864691135488956986,1
864691136314491965,864691135478338728,2
864691136314548285,864691135489027642,1
864691136314593341,864691135479028678,2
864691136319575518,864691135479183814,1
864691136321830295,864691135479223238,1
864691136326192535,864691135478309830,2
864691136326192535,864691135488893754,3
864691136326192535,864691135488896570,1
864691136328883434,864691135479223238,1
864691136328887018,864691135479048390,1
864691136328891370,864691135479243462,1
864691136328902378,864691135489841466,1
864691136328912618,864691135479103174,1
864691136328922858,864691135480349638,1
864691136329067498,864691135490230119,1
864691136329373162,864691135488682692,1
864691136329403114,864691135479683014,3
864691136329662954,864691135488896570,1
864691136329759722,864691135479133126,1
864691136329872874,864691135488936762,1
864691136329875946,864691135488751162,1
864691136329903338,864691135489433914,1
864691136329904874,864691135479243462,1
864691136329915114,864691135488896570,1
864691136329915114,864691135490246503,1
864691136329950442,864691135478383528,1
864691136329950442,864691135479407558,2
864691136330101226,864691135479407558,2
864691136330234346,864691135479183814,1
864691136330320106,864691135479103174,1
864691136331215850,864691135488896570,1
864691136331421674,864691135479010502,1
864691136331421674,864691135479112902,1
864691136331448810,864691135490326074,1
864691136331512298,864691135479243462,1
864691136331610346,864691135481147846,1
864691136333741491,864691135488719674,1
864691136333752243,864691135479370694,1
864691136333758131,864691135479928774,1
864691136333760691,864691135489189178,1
864691136333762995,864691135479100358,2
864691136333842654,864691135488256570,1
864691136333865395,864691135479100358,1
864691136333973171,864691135489024058,1
864691136333976499,864691135479243462,1
864691136334214579,864691135489177658,1
864691136334333875,864691135479245254,1
864691136334622387,864691135489044026,1
864691136334709171,864691135479010502,1
864691136334738867,864691135489177658,1
864691136334793395,864691135488719674,1
864691136334810547,864691135489028410,1
864691136334873523,864691135488275258,1
864691136335027635,864691135489433914,1
864691136335041715,864691135478309830,3
864691136335041715,864691135488893754,3
864691136335041715,864691135488896570,2
864691136335079603,864691135489421114,1
864691136335276211,864691135479243462,1
864691136335434931,864691135488715066,1
864691136335689907,864691135478401448,1
864691136335817395,864691135489421114,1
864691136335964083,864691135479243462,2
864691136336019891,864691135479396550,3
864691136336087731,864691135479112902,2
864691136336252339,864691135479223238,2
864691136336252339,864691135489025850,1
864691136336252339,864691135489421114,2
864691136336252339,864691135490326074,1
864691136336274867,864691135478589352,1
864691136336274867,864691135479010502,2
864691136336274867,864691135479112902,1
864691136336274867,864691135488682692,2
864691136336279987,864691135479928774,1
864691136361481442,864691135490316346,1
864691136361490914,864691135488728634,1
864691136361491938,864691135488956218,1
864691136361491938,864691135488956986,1
864691136361517794,864691135490230119,2
864691136361520610,864691135478577576,1
864691136361538270,864691135479183814,1
864691136361860834,864691135489177658,1
864691136362033890,864691135489182522,1
864691136362188258,864691135479339462,1
864691136362230754,864691135479048390,1
864691136362313442,864691135489433914,1
864691136362328546,864691135489433914,1
864691136362375138,864691135479223238,1
864691136362455266,864691135490230119,1
864691136362464994,864691135489152826,1
864691136362477794,864691135489177658,1
864691136362479330,864691135488896570,1
864691136362480610,864691135479243462,1
864691136362485218,864691135488751162,1
864691136362485218,864691135489433914,1
864691136362493666,864691135479243462,1
864691136362494434,864691135479928774,1
864691136362585570,864691135479355846,1
864691136362775266,864691135481147846,1
864691136362829538,864691135480349638,1
864691136362829538,864691135488936762,1
864691136362849506,864691135488719674,1
864691136363207394,864691135478401448,1
864691136363207394,864691135479355846,1
864691136363473634,864691135478326952,1
864691136363567074,864691135478796230,2
864691136363567074,864691135489512250,1
864691136363640034,864691135479183814,1
864691136363769826,864691135478589352,3
864691136363769826,864691135479010502,1
864691136363769826,864691135488722746,2
864691136363769826,864691135489114938,7
864691136363981282,864691135478338728,14
864691136364026082,864691135479112902,1
864691136364083170,864691135488896570,1
864691136364239842,864691135489177658,1
864691136364332002,864691135478338728,2
864691136364332002,864691135488253242,1
864691136370783368,864691135479928774,1
864691136370799240,864691135478383528,1
864691136370804360,864691135488936762,1
864691136370827656,864691135488896570,2
864691136370839432,864691135488247866,1
864691136370988936,864691135489486650,1
864691136371203976,864691135488936762,4
864691136371320712,864691135478401448,1
864691136371340424,864691135488936762,1
864691136371499400,864691135478401448,1
864691136371557768,864691135479168454,1
864691136371609480,864691135490230119,1
864691136371736968,864691135490230119,1
864691136371786888,864691135479928774,1
864691136371836040,864691135478589352,1
864691136372040840,864691135480349638,1
864691136372463240,864691135478637766,1
864691136372820360,864691135479010502,1
864691136372941448,864691135479407558,1
864691136372945032,864691135479028678,1
864691136372945032,864691135479396550,1
864691136373149064,864691135479396550,1
864691136373149064,864691135479407558,2
864691136373155208,864691135489841466,1
864691136378741461,864691135488893754,1
864691136378756309,864691135479248070,1
864691136378756309,864691135488275258,1
864691136378758613,864691135490316346,1
864691136378759637,864691135489098042,1
864691136378760661,864691135479683014,3
864691136378763477,864691135489512250,1
864691136378774485,864691135490247015,1
864691136378780629,864691135488247866,1
864691136378786005,864691135489024058,1
864691136378789845,864691135479132614,1
864691136379156949,864691135489841466,2
864691136379307477,864691135479243462,1
864691136379654101,864691135488896570,1
864691136379790037,864691135479243462,1
864691136379811797,864691135478267590,1
864691136379811797,864691135480152262,1
864691136379971541,864691135478338728,2
864691136380102613,864691135489433914,1
864691136380103125,864691135488715066,1
864691136380160725,864691135478401448,2
864691136380314069,864691135488956986,3
864691136380324821,864691135478338728,3
864691136380324821,864691135479245254,1
864691136380324821,864691135489191482,1
864691136380732629,864691135478338728,1
864691136380789717,864691135479683014,1
864691136380789717,864691135489841466,1
864691136380916949,864691135488682692,1
864691136380916949,864691135488956218,2
864691136380916949,864691135489486650,1
864691136381089237,864691135478589352,2
864691136381089237,864691135479112902,1
864691136381159381,864691135479683014,1
864691136381198805,864691135479396550,1
864691136381198805,864691135479683014,1
864691136381198805,864691135488719674,1
864691136381199317,864691135479237318,1
864691136381227477,864691135479010502,1
864691136381267157,864691135488999226,1
864691136381324501,864691135478327208,1
864691136381324501,864691135478401448,3
864691136381324501,864691135481147846,4
864691136381325781,864691135478267590,1
864691136381349589,864691135481147846,1
864691136381454549,864691135478326952,2
864691136388258167,864691135489177658,1
864691136388259959,864691135489024058,1
864691136388266615,864691135488933690,1
864691136388268151,864691135478748358,1
864691136388559120,864691135489841466,1
864691136388566647,864691135490316346,1
864691136388571767,864691135478309830,1
864691136388576631,864691135488256570,1
864691136388577552,864691135489841466,1
864691136388589072,864691135488936762,1
864691136388601360,864691135488956986,1
864691136388668535,864691135479103174,1
864691136388745488,864691135480152262,1
864691136388859408,864691135479928774,1
864691136388956688,864691135488936762,1
864691136388968567,864691135478995910,1
864691136388974199,864691135479100358,2
864691136388997239,864691135488936762,2
864691136389040247,864691135479100358,1
864691136389040247,864691135479132614,1
864691136389050487,864691135479396550,1
864691136389059191,864691135489025850,1
864691136389115511,864691135489098042,1
864691136389133687,864691135489486650,1
864691136389152784,864691135478796230,1
864691136389152784,864691135488751162,2
864691136389152784,864691135490230119,4
864691136389173111,864691135488936762,1
864691136389175415,864691135489191482,1
864691136389260663,864691135479622086,1
864691136389274231,864691135479248070,1
864691136389283959,864691135479243462,2
864691136389283959,864691135488719674,1
864691136389356919,864691135488425274,2
864691136389446672,864691135488722746,1
864691136389460240,864691135479223238,4
864691136389463312,864691135490316346,2
864691136389551991,864691135479223238,1
864691136389630736,864691135479396550,1
864691136389644816,864691135480152262,1
864691136389679223,864691135478401448,1
864691136389679223,864691135490326074,1
864691136389683984,864691135478785990,1
864691136389687312,864691135488896570,1
864691136389700624,864691135479396550,2
864691136389787511,864691135479396550,1
864691136389797392,864691135488936762,1
864691136389854224,864691135489098042,1
864691136389861136,864691135489126458,1
864691136389861392,864691135479223238,1
864691136390072439,864691135489098042,1
864691136390261520,864691135478327208,1
864691136390289936,864691135488956986,2
864691136390289936,864691135489031226,3
864691136390360447,864691135479132614,1
864691136390363920,864691135490316346,1
864691136390364031,864691135488682692,1
864691136390391935,864691135489177658,1
864691136390414975,864691135481147846,1
864691136390426495,864691135488256570,1
864691136390426495,864691135489044026,2
864691136390515583,864691135478734022,1
864691136390593143,864691135489421114,1
864691136390676343,864691135479223238,1
864691136390676343,864691135479243462,3
864691136390676343,864691135479683014,1
864691136390677264,864691135488253242,1
864691136390695031,864691135478338728,1
864691136390695031,864691135478577576,1
864691136390697591,864691135479407558,1
864691136390718736,864691135478401448,1
864691136390718736,864691135489077562,1
864691136390718736,864691135490326074,1
864691136390803839,864691135479407558,1
864691136390808336,864691135478327208,1
864691136390816639,864691135489177658,3
864691136390816895,864691135488715066,1
864691136390905207,864691135478326952,1
864691136390905207,864691135478338728,1
864691136390905207,864691135478589352,3
864691136390905207,864691135479010502,1
864691136390905207,864691135479112902,2
864691136390905207,864691135479237318,1
864691136390905207,864691135488715066,1
864691136390905207,864691135490326074,1
864691136390918672,864691135479028678,1
864691136390918672,864691135488896570,1
864691136390920976,864691135488715066,2
864691136391023120,864691135478327208,1
864691136391023120,864691135488425274,1
864691136391023120,864691135489077562,4
864691136391023120,864691135490326074,2
864691136391042167,864691135478327208,1
864691136391042167,864691135478338728,1
864691136391072119,864691135478589352,1
864691136391072127,864691135488936762,1
864691136391093008,864691135478327208,1
864691136391132688,864691135478338728,2
864691136391242512,864691135479396550,1
864691136391242512,864691135488896570,4
864691136391376511,864691135488247866,1
864691136391376511,864691135488728634,2
864691136391382143,864691135479339462,1
864691136391383423,864691135478267590,2
864691136391383423,864691135489191482,2
864691136391392639,864691135479245254,1
864691136391508095,864691135479339462,1
864691136391832447,864691135489027642,2
864691136392120447,864691135479407558,1
864691136392354943,864691135479683014,2
864691136392381311,864691135479396550,2
864691136392381311,864691135479407558,1
864691136392404607,864691135479183814,1
864691136392461695,864691135488247866,6
864691136392608127,864691135479223238,2
864691136392608127,864691135479243462,3
864691136392738943,864691135479339462,1
864691136392754047,864691135488715066,1
864691136392754047,864691135489421114,1
864691136392827519,864691135488896570,1
864691136392865407,864691135479133126,1
864691136392865407,864691135489486650,1
864691136392877695,864691135479243462,2
864691136418633111,864691135489114938,1
864691136418644119,864691135479616454,1
864691136418877335,864691135489433914,1
864691136418925719,864691135490230119,1
864691136418967703,864691135489486650,1
864691136419221911,864691135479048390,1
864691136419280023,864691135488956986,1
864691136419280023,864691135489031226,1
864691136419351959,864691135478401448,1
864691136419351959,864691135479355846,3
864691136419442327,864691135479048390,1
864691136419491479,864691135478785990,1
864691136419504535,864691135480349638,1
864691136419512471,864691135479245254,1
864691136419533719,864691135489486650,1
864691136419566487,864691135478338728,1
864691136419741591,864691135490230119,1
864691136419769751,864691135479396550,1
864691136419778199,864691135479396550,1
864691136420195223,864691135478338728,1
864691136420602519,864691135478338728,1
864691136420790167,864691135479031238,2
864691136420801687,864691135488715066,1
864691136421164951,864691135489028410,1
864691136421230487,864691135478309830,1
864691136421271447,864691135488722746,1
864691136421308311,864691135479245254,2
864691136421319063,864691135478338728,1
864691136422825775,864691135489512250,3
864691136422830383,864691135479223238,1
864691136422832687,864691135479183814,1
864691136422834223,864691135489025850,1
864691136422861103,864691135478748358,1
864691136422868015,864691135488933690,1
864691136423019055,864691135488253242,1
864691136423058991,864691135479031238,1
864691136423110191,864691135490230119,1
864691136423138351,864691135479616454,1
864691136423169327,864691135488256570,1
864691136423368495,864691135489098042,1
864691136423456303,864691135479243462,2
864691136423508015,864691135489189178,1
864691136423540527,864691135478734022,1
864691136423548207,864691135489182522,1
864691136423676463,864691135478327208,1
864691136423695919,864691135479243462,6
864691136423697711,864691135479223238,1
864691136423892015,864691135478327208,1
864691136424054575,864691135479245254,3
864691136424054575,864691135489486650,1
864691136424241967,864691135478577576,2
864691136424289839,864691135479245254,3
864691136424289839,864691135488253242,1
864691136424305711,864691135478327208,1
864691136424309295,864691135489486650,1
864691136424353583,864691135478577576,1
864691136424437551,864691135479223238,1
864691136424437551,864691135489025850,1
864691136424737583,864691135488896570,7
864691136425708591,864691135478338728,1
864691136425751087,864691135479010502,1
864691136425751087,864691135479028678,3
864691136425751087,864691135479237318,1
864691136425751087,864691135488722746,3
864691136425761327,864691135479245254,1
864691136425782575,864691135479396550,1
864691136436365982,864691135478645190,1
864691136436397214,864691135488936762,1
864691136436397214,864691135489143098,1
864691136436409246,864691135480349638,1
864691136436410270,864691135479132614,1
864691136436414878,864691135478690246,1
864691136436421534,864691135479407558,1
864691136436421534,864691135489841466,2
864691136436743838,864691135479100358,1
864691136436788382,864691135488715066,1
864691136436960926,864691135479223238,1
864691136437359006,864691135489098042,1
864691136437410974,864691135488936762,1
864691136437413278,864691135479243462,1
864691136437415070,864691135488896570,1
864691136437437854,864691135479223238,1
864691136437633950,864691135479223238,1
864691136437633950,864691135488719674,1
864691136437633950,864691135489031226,1
864691136437633950,864691135489421114,1
864691136437673118,864691135478338728,1
864691136437673118,864691135488722746,1
864691136437876126,864691135488956986,1
864691136438372254,864691135478338728,10
864691136438372254,864691135489486650,1
864691136438426526,864691135479103174,2
864691136438462622,864691135478327208,1
864691136438584478,864691135479103174,1
864691136438584478,864691135479622086,3
864691136438584478,864691135488253242,1
864691136438584478,864691135489028410,1
864691136438585502,864691135478338728,1
864691136438585502,864691135478401448,1
864691136438775966,864691135478338728,1
864691136438775966,864691135488722746,1
864691136438820254,864691135479928774,1
864691136438882974,864691135478645190,1
864691136443712899,864691135479243462,1
864691136443722371,864691135478645190,1
864691136443726723,864691135489191482,1
864691136443726723,864691135490230119,1
864691136443730819,864691135489486650,1
864691136443748227,864691135479132614,1
864691136443750787,864691135490326074,1
864691136444087683,864691135490230119,1
864691136444160899,864691135488425274,1
864691136444216195,864691135478326952,1
864691136444576643,864691135489177658,1
864691136444596099,864691135488256570,1
864691136444692611,864691135489077562,1
864691136444711811,864691135479223238,1
864691136444744323,864691135489031226,1
864691136444760195,864691135488936762,1
864691136445245571,864691135488719674,2
864691136445249923,864691135489191482,1
864691136445557123,864691135488896570,1
864691136445557123,864691135489421114,2
864691136445763203,864691135479243462,7
864691136445763203,864691135488719674,1
864691136451062271,864691135489025850,1
864691136451068415,864691135479183814,1
864691136451084799,864691135479245254,2
864691136451088895,864691135478637766,2
864691136451100159,864691135478637766,1
864691136451111167,864691135489028410,1
864691136451324927,864691135478995910,1
864691136451331071,864691135488956218,1
864691136451350015,864691135479132614,1
864691136451351295,864691135489077562,1
864691136451400959,864691135489098042,1
864691136451414015,864691135479112902,1
864691136451414527,864691135488751162,2
864691136451478527,864691135489024058,1
864691136451484415,864691135489024058,1
864691136451496959,864691135480349638,1
864691136451496959,864691135489177658,1
864691136451496959,864691135490247015,1
864691136451700479,864691135478401448,1
864691136451806719,864691135489189178,1
864691136451919103,864691135488247866,1
864691136451972095,864691135488719674,1
864691136451990015,864691135488715066,1
864691136451990783,864691135488722746,2
864691136451992575,864691135488682692,1
864691136451997439,864691135489024058,1
864691136452344063,864691135479245254,1
864691136452579839,864691135489841466,1
864691136452716799,864691135479248070,1
864691136452840447,864691135489027642,1
864691136452920319,864691135488715066,2
864691136453017599,864691135478338728,1
864691136453017599,864691135488253242,1
864691136453017855,864691135479223238,1
864691136453017855,864691135489025850,1
864691136453085695,864691135479622086,1
864691136453098239,864691135488719674,1
864691136453253887,864691135488425274,1
864691136453384959,864691135479237318,1
864691136453384959,864691135479245254,2
864691136453433343,864691135479396550,1
864691136453523455,864691135489486650,2
864691136453524735,864691135478338728,1
864691136453524735,864691135479339462,1
864691136453590783,864691135478401448,1
864691136482857004,864691135489841466,1
864691136482876204,864691135489028410,1
864691136482877484,864691135479144902,1
864691136482877484,864691135488936762,1
864691136482885420,864691135489141818,1
864691136482885420,864691135489182522,1
864691136482896172,864691135488728634,1
864691136482908460,864691135489177658,1
864691136482916396,864691135490230119,1
864691136482918444,864691135481147846,1
864691136482962220,864691135478796230,1
864691136482962220,864691135489028410,1
864691136482962220,864691135490230119,2
864691136483105836,864691135489028410,1
864691136483185708,864691135479100358,1
864691136483292460,864691135489512250,2
864691136483690796,864691135489141818,1
864691136483791404,864691135478309830,1
864691136483845932,864691135479245254,1
864691136483851052,864691135479248070,1
864691136483900460,864691135479223238,1
864691136483911980,864691135479168454,1
864691136484092204,864691135489486650,1
864691136484207404,864691135478309830,1
864691136484207404,864691135479112902,4
864691136484207404,864691135488893754,1
864691136484207404,864691135489421114,1
864691136484525100,864691135479243462,1
864691136484814636,864691135478338728,1
864691136484824108,864691135478734022,1
864691136484824108,864691135488728634,1
864691136484824108,864691135490230119,1
864691136484948012,864691135489191482,1
864691136485033516,864691135488719674,1
864691136485089068,864691135479223238,6
864691136485089068,864691135488719674,1
864691136485102892,864691135479407558,1
864691136485145900,864691135478327208,2
864691136485145900,864691135478401448,3
864691136485237036,864691135478589352,1
864691136485237036,864691135489114938,1
864691136485237036,864691135489486650,1
864691136486752018,864691135479683014,1
864691136486761234,864691135489024058,1
864691136486763282,864691135479133126,1
864691136486766098,864691135488719674,1
864691136486775314,864691135489486650,1
864691136486787090,864691135489025850,1
864691136486808594,864691135489177658,1
864691136486928658,864691135489177402,1
864691136486987026,864691135490230119,1
864691136487012882,864691135479355846,1
864691136487134738,864691135478338728,1
864691136487134738,864691135478589352,1
864691136487186450,864691135489024058,2
864691136487187730,864691135479168454,1
864691136487252498,864691135479407558,2
864691136487851794,864691135478734022,1
864691136487851794,864691135488247866,1
864691136487933714,864691135489126458,3
864691136487986962,864691135479243462,1
864691136487987218,864691135489177658,1
864691136488002834,864691135489024058,1
864691136488009234,864691135489512250,1
864691136488326162,864691135489486650,1
864691136488439570,864691135479245254,1
864691136489080850,864691135479243462,2
864691136489263122,864691135478338728,3
864691136489452050,864691135479355846,1
864691136489452050,864691135479928774,1
864691136489591058,864691135489841466,4
864691136489712914,864691135478401448,1
864691136489712914,864691135489077562,2
864691136489758482,864691135478401448,1
864691136489874194,864691135478267590,5
864691136489874194,864691135479245254,3
864691136489874194,864691135489486650,1
864691136489880594,864691135478327208,2
864691136489880594,864691135478401448,4
864691136489880594,864691135481147846,13
864691136489880594,864691135489421114,1
864691136489880594,864691135490326074,13
864691136518063505,864691135489031226,1
864691136521559697,864691135479243462,1
864691136521564817,864691135489126458,1
864691136521567889,864691135490316346,1
864691136521595537,864691135489177658,1
864691136521831825,864691135479112902,1
864691136521831825,864691135489421114,1
864691136521831825,864691135489433914,1
864691136522399889,864691135490316346,1
864691136522469777,864691135478309830,1
864691136522563217,864691135479396550,1
864691136522563473,864691135478690246,1
864691136522576529,864691135488933690,2
864691136522582929,864691135488256570,1
864691136523216017,864691135479370694,1
864691136523216017,864691135488715066,1
864691136523889553,864691135478589352,3
864691136523889553,864691135479237318,3
864691136523889553,864691135488715066,2
864691136523889553,864691135488722746,7
864691136523889553,864691135489486650,1
864691136523971473,864691135478309830,2
864691136523971473,864691135478327208,1
864691136523971473,864691135478589352,1
864691136523971473,864691135479028678,1
864691136523971473,864691135479112902,2
864691136523971473,864691135481147846,1
864691136523974289,864691135488896570,1
864691136524017297,864691135478326952,1
864691136524017297,864691135479243462,1
864691136524255121,864691135479237318,1
864691136524258449,864691135478401448,1
864691136524295313,864691135489421114,2
864691136524371345,864691135478327208,5
864691136524430481,864691135479396550,1
864691136524445329,864691135479243462,1
864691136524448913,864691135488425274,6
864691136524448913,864691135488896570,1
864691136524481937,864691135479144902,1
864691136524481937,864691135489191482,1
864691136524481937,864691135489486650,1
864691136524481937,864691135490326074,1
864691136534274466,864691135479339462,2
864691136534303906,864691135478796230,1
864691136534303906,864691135489512250,1
864691136534964898,864691135489177658,1
864691136535063202,864691135489177658,3
864691136535481250,864691135479031238,1
864691136536121506,864691135478796230,3
864691136536121506,864691135488247866,2
864691136536121506,864691135490230119,2
864691136536183202,864691135480152262,1
864691136536766114,864691135479248070,1
864691136537323426,864691135480152262,2
864691136537349282,864691135479339462,1
864691136540364962,864691135479248070,3
864691136540452258,864691135479248070,1
864691136542240930,864691135479248582,1
864691136543315362,864691135479031238,1
864691136543315362,864691135488751162,2
864691136544548514,864691135489024058,1
864691136544611234,864691135478796230,1
864691136544611234,864691135490230119,1
864691136546771618,864691135478734022,1
864691136546771618,864691135478796230,1
864691136546864034,864691135478796230,2
864691136546864034,864691135490230119,4
864691136549347234,864691135488751162,1
864691136550045346,864691135488751162,1
864691136550154402,864691135489141818,1
864691136551550370,864691135478326214,1
864691136553125026,864691135478326214,1
864691136553414818,864691135480349638,1
864691136554277282,864691135488936762,1
864691136556146594,864691135478326214,1
864691136558078370,864691135489098042,1
864691136560783266,864691135489177658,1
864691136561325730,864691135479339462,1
864691136561731746,864691135489177658,1
864691136562153469,864691135488728634,1
864691136564095906,864691135479248070,1
864691136570938786,864691135489141818,2
864691136571494818,864691135479168454,1
864691136577470228,864691135488893754,1
864691136577477908,864691135488896570,2
864691136577480468,864691135479248582,1
864691136577514516,864691135479223238,2
864691136577517588,864691135488956986,1
864691136577522452,864691135489486650,1
864691136577957908,864691135479622086,1
864691136577957908,864691135489028410,1
864691136577957908,864691135489512250,2
864691136577971732,864691135479622086,1
864691136578218516,864691135479928774,1
864691136578525460,864691135489486650,1
864691136578532116,864691135479031238,1
864691136578536468,864691135479243462,1
864691136578546196,864691135489044026,1
864691136578681108,864691135489433914,1
864691136578982164,864691135478267590,1
864691136579014676,864691135479396550,1
864691136579063828,864691135488751162,1
864691136579325204,864691135479243462,1
864691136579327650,864691135479248582,1
864691136580009236,864691135479370694,1
864691136580071188,864691135489486650,1
864691136580085012,864691135478338728,1
864691136580085012,864691135479028678,1
864691136580085012,864691135479031238,1
864691136580085012,864691135479407558,1
864691136580583842,864691135489177658,1
864691136593436066,864691135488247866,2
864691136594486946,864691135488719674,1
864691136594506146,864691135489512250,1
864691136594510242,864691135490230119,1
864691136594510498,864691135478796230,1
864691136594510498,864691135479248582,2
864691136594610850,864691135488751162,1
864691136594749090,864691135478326952,1
864691136594749090,864691135478383528,1
864691136594801058,864691135489177658,1
864691136594823842,864691135478308038,1
864691136594933922,864691135488933690,1
864691136595307938,864691135479245254,1
864691136595488674,864691135478267590,1
864691136595488674,864691135490326074,1
864691136595489442,864691135488728634,1
864691136595496866,864691135490247015,1
864691136595501730,864691135489433914,2
864691136595504802,864691135479622086,1
864691136595522210,864691135489177658,1
864691136595572386,864691135488933690,1
864691136595999650,864691135478785990,1
864691136595999650,864691135488253242,1
864691136596107938,864691135488896570,1
864691136596168354,864691135479133126,1
864691136596249762,864691135488719674,1
864691136596787362,864691135489126458,1
864691136596815778,864691135478326952,1
864691136596964258,864691135479396550,1
864691136596964258,864691135488256570,1
864691136596964258,864691135488896570,18
864691136596965026,864691135479237318,1
864691136596990626,864691135489486650,1
864691136597003170,864691135479223238,1
864691136597043106,864691135478327208,1
864691136597043106,864691135479112902,2
864691136597043106,864691135488896570,2
864691136597043106,864691135489421114,6
864691136601559505,864691135488956986,1
864691136601585617,864691135488728634,1
864691136601586385,864691135488247866,1
864691136601594833,864691135489141818,1
864691136601796049,864691135489024058,1
864691136601875409,864691135478338728,2
864691136602187217,864691135478796230,1
864691136602228177,864691135489027642,1
864691136602506193,864691135479144902,1
864691136602779857,864691135488956986,1
864691136602787537,864691135489141818,2
864691136602790609,864691135488275258,1
864691136602796753,864691135488933690,1
864691136602797777,864691135479339462,2
864691136602806993,864691135490316346,1
864691136602819281,864691135479237318,1
864691136602899665,864691135478734022,3
864691136602899665,864691135488728634,1
864691136603066833,864691135478338728,1
864691136603793617,864691135478338728,2
864691136604118481,864691135488715066,1
864691136604219857,864691135478577576,1
864691136604219857,864691135489486650,2
864691136617137627,864691135479100358,1
864691136617142491,864691135488896570,1
864691136617148379,864691135478637766,1
864691136617565403,864691135479183814,4
864691136617707739,864691135479028678,1
864691136617927899,864691135489024058,1
864691136617987803,864691135488728634,1
864691136618065371,864691135479223238,1
864691136618073307,864691135479028678,1
864691136618168027,864691135490247015,1
864691136618230491,864691135489028410,1
864691136618246107,864691135489841466,1
864691136618435469,864691135479243462,1
864691136618473101,864691135488715066,1
864691136618479067,864691135489486650,1
864691136618488205,864691135478748358,1
864691136618560475,864691135479396550,2
864691136618560475,864691135488715066,1
864691136618596493,864691135479355846,1
864691136618705037,864691135488936762,2
864691136618894043,864691135479223238,1
864691136618894043,864691135479243462,10
864691136619119835,864691135479396550,2
864691136619195021,864691135489098042,1
864691136619354765,864691135489421114,1
864691136619372507,864691135478338728,1
864691136619378061,864691135489024058,2
864691136619422427,864691135488425274,1
864691136619516045,864691135489486650,1
864691136619592845,864691135479622086,5
864691136619592845,864691135489191482,1
864691136619605467,864691135479370694,1
864691136619729371,864691135478748358,4
864691136619729371,864691135481147846,3
864691136619729371,864691135489191482,4
864691136619737819,864691135479028678,1
864691136619828877,864691135489841466,1
864691136619939213,864691135479616454,5
864691136619939213,864691135489841466,1
864691136620132237,864691135489189178,1
864691136620154509,864691135489025850,1
864691136620192653,864691135479112902,1
864691136620192653,864691135490316346,1
864691136620486029,864691135479243462,3
864691136620894093,864691135479112902,1
864691136620894093,864691135490326074,2
864691136621082253,864691135479223238,2
864691136621082253,864691135479243462,9
864691136621099149,864691135478338728,2
864691136621099149,864691135478589352,1
864691136621099149,864691135479245254,2
864691136621099149,864691135479248582,1
864691136621099149,864691135488722746,1
864691136651627261,864691135488247866,1
864691136652239869,864691135488247866,4
864691136652239869,864691135488936762,2
864691136653112061,864691135489433914,1
864691136656750077,864691135479248582,1
864691136662187230,864691135478401448,1
864691136662197214,864691135490247015,1
864691136662198238,864691135489189178,1
864691136662200286,864691135488253242,1
864691136662210014,864691135479237318,1
864691136662219230,864691135479243462,2
864691136662219230,864691135488719674,1
864691136662383326,864691135479223238,2
864691136662390494,864691135479248070,1
864691136662393054,864691135488247866,1
864691136662393054,864691135488936762,1
864691136662393054,864691135489189178,1
864691136662393310,864691135478645190,1
864691136662437598,864691135488256570,1
864691136662440670,864691135478796230,2
864691136662440670,864691135488751162,1
864691136662659806,864691135478748358,4
864691136662860766,864691135488956986,2
864691136662914014,864691135479223238,1
864691136662914014,864691135489025850,1
864691136662983165,864691135488247866,1
864691136663080158,864691135489512250,1
864691136663167454,864691135489024058,2
864691136663185630,864691135479243462,1
864691136663207134,864691135488715066,1
864691136663348958,864691135488719674,1
864691136663528670,864691135478796230,1
864691136663666685,864691135488728634,1
864691136663690718,864691135489031226,1
864691136664084446,864691135490316346,1
864691136664127454,864691135479010502,1
864691136664127454,864691135488751162,1
864691136664648158,864691135479223238,1
864691136664648158,864691135479243462,1
864691136664680926,864691135489841466,1
864691136664868062,864691135479010502,1
864691136665155294,864691135478401448,1
864691136665210846,864691135481147846,1
864691136665210846,864691135489191482,1
864691136667909373,864691135488247866,1
864691136671433981,864691135488936762,1
864691136672414461,864691135479132614,1
864691136672626567,864691135479248582,1
864691136672647047,864691135488896570,1
864691136672649863,864691135488256570,1
864691136672658823,864691135488719674,1
864691136672661127,864691135489177658,1
864691136672664199,864691135490230119,1
864691136672684167,864691135489044026,1
864691136672971143,864691135489177658,2
864691136672980359,864691135479245254,1
864691136672997511,864691135478637766,1
864691136673148295,864691135489512250,1
864691136673171591,864691135489114938,1
864691136673303431,864691135489433914,1
864691136673596807,864691135489027642,1
864691136673716871,864691135488247866,2
864691136673721223,864691135489177658,1
864691136673915271,864691135479622086,1
864691136673937543,864691135488425274,1
864691136674065543,864691135490316346,2
864691136674363783,864691135479245254,1
864691136674654087,864691135490316346,1
864691136674954631,864691135479112902,1
864691136675020935,864691135479396550,5
864691136675020935,864691135489841466,1
864691136675151751,864691135478309830,2
864691136675151751,864691135488893754,1
864691136675151751,864691135489421114,1
864691136675182215,864691135478267590,1
864691136675476359,864691135478577576,1
864691136675476359,864691135489486650,2
864691136675573127,864691135490316346,4
864691136675813511,864691135479245254,1
864691136675847559,864691135478338728,1
864691136675875719,864691135488956986,1
864691136675875719,864691135490246503,1
864691136675909767,864691135489421114,1
864691136675980935,864691135489025850,1
864691136681300590,864691135479223238,3
864691136681300590,864691135489025850,1
864691136685329149,864691135488728634,1
864691136686269550,864691135478401448,1
864691136690256637,864691135488247866,1
864691136691955054,864691135478308038,1
864691136695243517,864691135489182522,1
864691136700892270,864691135489841466,1
864691136708261494,864691135479355846,1
864691136710057582,864691135479396550,1
864691136715377774,864691135489031226,1
864691136715814510,864691135488719674,1
864691136716771694,864691135488956986,2
864691136723304189,864691135489841466,1
864691136723351037,864691135488956218,1
864691136723359485,864691135479168454,1
864691136723364349,864691135479243462,1
864691136723368445,864691135489403194,1
864691136723378173,864691135479339462,1
864691136723385597,864691135479339462,1
864691136723386365,864691135478589352,1
864691136723388925,864691135489028410,1
864691136723388925,864691135489512250,8
864691136723388925,864691135490230119,1
864691136723391741,864691135489177658,2
864691136723394557,864691135479168454,1
864691136723394557,864691135488247866,1
864691136723407613,864691135479100358,1
864691136723429885,864691135488247866,2
864691136723443453,864691135488719674,1
864691136723476221,864691135478401448,1
864691136723477501,864691135488719674,1
864691136723499261,864691135480349638,1
864691136723509245,864691135488719674,1
864691136723521277,864691135478401448,2
864691136723549693,864691135479223238,1
864691136723556093,864691135478577576,2
864691136723556093,864691135489841466,1
864691136723585277,864691135489143098,2
864691136723586557,864691135478796230,1
864691136723590397,864691135480349638,1
864691136723594493,864691135489177658,1
864691136723598845,864691135488936762,1
864691136723637501,864691135478796230,1
864691136724092413,864691135479245254,1
864691136724092413,864691135489486650,1
864691136724327165,864691135488893754,1
864691136724398589,864691135479683014,1
864691136724575485,864691135479168454,2
864691136724605949,864691135478796230,1
864691136724803581,864691135479168454,1
864691136725057789,864691135479112902,1
864691136725114109,864691135489044026,1
864691136725292285,864691135488719674,1
864691136725455357,864691135479103174,1
864691136725455357,864691135479622086,1
864691136725717245,864691135489841466,4
864691136725762557,864691135478577576,1
864691136725790973,864691135488893754,1
864691136731992686,864691135479616454,1
864691136731992686,864691135488956986,1
864691136731992686,864691135489027642,1
864691136731992686,864691135489031226,1
864691136734927214,864691135479144902,1
864691136734927214,864691135489177658,1
864691136740403804,864691135488719674,1
864691136740433500,864691135489024058,1
864691136740438620,864691135479248070,1
864691136740438620,864691135489433914,1
864691136740442204,864691135478690246,1
864691136740442204,864691135488256570,1
864691136740445276,864691135480152262,2
864691136740460636,864691135479031238,1
864691136740547420,864691135488896570,1
864691136740790876,864691135478338728,3
864691136740790876,864691135488722746,1
864691136740814940,864691135489028410,1
864691136740818012,864691135478589352,1
864691136740841564,864691135488751162,1
864691136740851036,864691135489025850,1
864691136740918108,864691135479183814,1
864691136740924764,864691135479031238,1
864691136740924764,864691135488751162,1
864691136740924764,864691135489433914,1
864691136740998236,864691135478645190,1
864691136741385308,864691135490230119,1
864691136741470812,864691135489421114,1
864691136741482076,864691135489182522,2
864691136741495900,864691135488247866,1
864691136741530460,864691135479223238,1
864691136741530460,864691135479243462,1
864691136741545564,864691135488936762,7
864691136741583214,864691135488956218,1
864691136741583214,864691135489486650,1
864691136741774684,864691135479928774,1
864691136741870940,864691135480349638,1
864691136742178652,864691135479622086,1
864691136742393436,864691135479370694,1
864691136742422108,864691135488715066,1
864691136742524782,864691135489024058,1
864691136742623580,864691135489486650,4
864691136742737756,864691135488999226,3
864691136742770268,864691135490230119,2
864691136742800476,864691135479223238,1
864691136742990428,864691135478327208,1
864691136743169116,864691135479407558,1
864691136743169116,864691135488715066,3
864691136743282524,864691135489098042,1
864691136743319132,864691135488247866,1
864691136743319132,864691135488728634,1
864691136743319132,864691135490230119,1
864691136743457884,864691135479248070,1
864691136743826798,864691135479339462,1
864691136744376804,864691135479243462,2
864691136753222510,864691135489177658,1
864691136757349998,864691135479223238,1
864691136757647214,864691135481147846,1
864691136763884142,864691135479248070,4
864691136766683758,864691135479248582,1
864691136766683758,864691135488247866,4
864691136766683758,864691135488728634,4
864691136766683758,864691135488936762,1
864691136768713582,864691135480152262,1
864691136772814446,864691135488247866,1
864691136775138158,864691135479683014,1
864691136775185774,864691135479010502,1
864691136775185774,864691135489486650,1
864691136776466798,864691135479396550,1
864691136784146286,864691135479616454,2
864691136792371310,864691135479248582,1
864691136799636078,864691135488275258,1
864691136807442286,864691135489031226,1
864691136811792243,864691135478401448,2
864691136811794291,864691135488999226,1
864691136811821427,864691135488896570,1
864691136811836275,864691135478785990,1
864691136811836275,864691135479622086,1
864691136812081779,864691135489182522,1
864691136812224115,864691135478734790,1
864691136812302451,864691135489421114,1
864691136812397171,864691135489177658,1
864691136812420979,864691135489044026,1
864691136812672627,864691135488893754,1
864691136812672627,864691135489403194,1
864691136812696179,864691135480152262,1
864691136812696691,864691135479243462,1
864691136812922227,864691135489141818,1
864691136812942963,864691135478785990,1
864691136812955251,864691135478326214,1
864691136813310067,864691135489024058,1
864691136813428595,864691135488722746,1
864691136813708142,864691135479243462,1
864691136813807475,864691135479243462,2
864691136813807475,864691135489077562,1
864691136813846899,864691135479396550,1
864691136814269811,864691135479010502,1
864691136814271603,864691135488956986,1
864691136814315123,864691135490326074,1
864691136814343283,864691135478577576,1
864691136814343283,864691135489841466,1
864691136814357619,864691135480349638,1
864691136814575731,864691135489421114,1
864691136814586995,864691135479028678,1
864691136814586995,864691135488722746,1
864691136814606958,864691135479223238,1
864691136814606958,864691135479243462,1
864691136814606958,864691135479616454,1
864691136814627955,864691135479243462,1
864691136814703987,864691135481147846,2
864691136814761075,864691135478338728,3
864691136814761075,864691135479112902,2
864691136814761075,864691135488722746,2
864691136814970734,864691135490316346,2
864691136817301870,864691135479223238,1
864691136818701166,864691135478338728,3
864691136818869614,864691135479243462,4
864691136819672942,864691135479223238,3
864691136823885422,864691135489152826,1
864691136834782830,864691135478690246,1
864691136837374436,864691135479223238,1
864691136840277102,864691135489191482,2
864691136849072750,864691135478577576,1
864691136854218350,864691135479243462,1
864691136861209710,864691135489031226,1
864691136881607534,864691135479622086,2
864691136881607534,864691135489028410,1
864691136885541230,864691135479245254,1
864691136896116334,864691135478645190,1
864691136903019954,864691135479622086,1
864691136903052978,864691135478796230,3
864691136903052978,864691135479168454,1
864691136903144370,864691135488425274,1
864691136903144370,864691135488715066,1
864691136903192498,864691135479616454,1
864691136903357618,864691135489841466,1
864691136903454386,864691135488956986,1
864691136903487410,864691135479339462,1
864691136903954866,864691135488719674,1
864691136903964338,864691135479616454,1
864691136903973042,864691135479168454,1
864691136904007858,864691135479243462,1
864691136904032946,864691135479183814,1
864691136904049586,864691135488719674,1
864691136904061874,864691135479248070,4
864691136904061874,864691135480152262,1
864691136904061874,864691135489177658,1
864691136904083378,864691135479100358,1
864691136904761266,864691135478338728,1
864691136904761266,864691135479339462,1
864691136904761266,864691135489177402,2
864691136905147314,864691135479243462,4
864691136905147314,864691135488719674,1
864691136905290930,864691135479243462,1
864691136905290930,864691135489025850,1
864691136905373618,864691135489841466,1
864691136905576626,864691135490316346,1
864691136905852338,864691135478577576,1
864691136905852338,864691135489486650,1
864691136905852338,864691135489841466,3
864691136905988274,864691135488896570,1
864691136906687342,864691135488253242,1
864691136906696558,864691135479103174,2
864691136906761838,864691135489098042,1
864691136907021422,864691135489028410,1
864691136907591534,864691135478796230,4
864691136907591534,864691135490230119,1
864691136907634542,864691135488933690,1
864691136908080238,864691135478796230,1
864691136908080238,864691135489512250,1
864691136911644913,864691135489098042,1
864691136911864561,864691135479031238,1
864691136911864561,864691135488751162,3
864691136911864561,864691135489141818,1
864691136911879022,864691135479245254,2
864691136911992561,864691135489141818,1
864691136912017393,864691135479103174,1
864691136912125681,864691135479103174,1
864691136912231409,864691135478401448,1
864691136912623857,864691135488936762,1
864691136912660977,864691135488256570,1
864691136912665329,864691135488751162,1
864691136912690417,864691135480152262,1
864691136912690417,864691135488751162,1
864691136912690417,864691135489098042,1
864691136912796145,864691135488896570,1
864691136912828145,864691135479396550,1
864691136912964081,864691135478327208,1
864691136913170929,864691135479248070,2
864691136913383921,864691135478338728,1
864691136913383921,864691135479112902,1
864691136913401841,864691135479243462,1
864691136913401841,864691135488719674,1
864691136913401841,864691135488956986,1
864691136913458929,864691135479243462,1
864691136913493233,864691135480349638,2
864691136913779185,864691135488256570,1
864691136913826289,864691135488933690,1
864691136913956849,864691135479223238,1
864691136913993713,864691135478326952,2
864691136914038513,864691135480152262,1
864691136914038513,864691135489098042,1
864691136914081521,864691135479248582,2
864691136914081521,864691135489141818,1
864691136914081521,864691135489433914,1
864691136914089713,864691135481147846,1
864691136914235889,864691135478327208,1
864691136914235889,864691135478401448,1
864691136914235889,864691135481147846,8
864691136914235889,864691135489077562,1
864691136914241521,864691135478577576,1
864691136914241521,864691135489486650,1
864691136914541297,864691135479243462,1
864691136914555121,864691135479928774,1
864691136922728932,864691135489177402,1
864691136922729188,864691135489025850,1
864691136922732004,864691135488722746,3
864691136922732516,864691135479248070,1
864691136922751204,864691135488936762,6
864691136922768868,864691135479028678,1
864691136922773220,864691135488896570,1
864691136922784228,864691135479339462,1
864691136922974692,864691135479245254,1
864691136923469540,864691135479243462,1
864691136923567844,864691135488933690,1
864691136923572196,864691135479144902,1
864691136923617508,864691135488893754,2
864691136923664356,864691135489141818,1
864691136923682532,864691135479132614,1
864691136923741668,864691135489024058,1
864691136923749860,864691135489191482,1
864691136923770852,864691135488936762,2
864691136923773924,864691135488719674,3
864691136923779812,864691135489512250,1
864691136923782116,864691135489177658,1
864691136923788004,864691135478637766,1
864691136923789796,864691135479223238,2
864691136924047588,864691135488425274,1
864691136924174820,864691135489141818,2
864691136924297956,864691135489841466,1
864691136924407780,864691135488933690,1
864691136924636900,864691135479245254,1
864691136924636900,864691135488999226,1
864691136924736740,864691135479245254,2
864691136924736740,864691135479622086,3
864691136924736740,864691135489028410,4
864691136924765412,864691135479245254,1
864691136925014756,864691135479243462,1
864691136925014756,864691135479396550,2
864691136925033956,864691135478796230,1
864691136925033956,864691135479248070,1
864691136925033956,864691135490230119,1
864691136925089508,864691135488896570,8
864691136925089508,864691135489421114,1
864691136925107172,864691135479100358,1
864691136925111012,864691135488896570,5
864691136925333322,864691135488956218,1
864691136925336138,864691135489177402,2
864691136925350730,864691135478338728,1
864691136925350730,864691135479245254,1
864691136925355082,864691135489177658,1
864691136925375306,864691135489031226,1
864691136925382474,864691135489841466,1
864691136925388362,864691135479100358,1
864691136925601354,864691135489433914,1
864691136926266186,864691135479237318,1
864691136926267722,864691135489177658,1
864691136926300746,864691135479683014,1
864691136926411082,864691135490316346,1
864691136926413386,864691135478734022,1
864691136926413386,864691135488936762,1
864691136926414666,864691135489141818,5
864691136926426954,864691135489025850,2
864691136926427978,864691135488253242,1
864691136926438986,864691135488936762,1
864691136926500938,864691135479183814,1
864691136926556490,864691135479243462,1
864691136926789962,864691135479339462,6
864691136927086154,864691135479133126,1
864691136927187786,864691135489486650,1
864691136927491146,864691135478326952,3
864691136927491146,864691135478338728,2
864691136927491146,864691135478383528,8
864691136927491146,864691135478589352,2
864691136927491146,864691135479010502,7
864691136927491146,864691135479237318,4
864691136927491146,864691135488425274,1
864691136927491146,864691135488722746,5
864691136927491146,864691135489114938,7
864691136927514442,864691135488715066,2
864691136927659594,864691135488933690,1
864691136927674954,864691135478589352,1
864691136927732810,864691135478338728,1
864691136927733322,864691135478589352,1
864691136927733322,864691135479010502,2
864691136927782730,864691135478401448,1
864691136927782730,864691135478690246,1
864691136927782730,864691135488956986,1
864691136933206751,864691135488247866,1
864691136933206751,864691135488936762,2
864691136945576671,864691135488247866,2
864691136945612255,864691135488936762,2
864691136945617887,864691135488247866,1
864691136945632479,864691135488936762,2
864691136945632479,864691135489143098,1
864691136945691359,864691135489143098,2
864691136945764319,864691135488275258,3
864691136945772255,864691135488936762,1
864691136949809887,864691135479132614,1
864691136950720223,864691135489024058,1
864691136951201503,864691135479132614,1
864691136951201503,864691135488936762,1
864691136951558879,864691135488247866,3
864691136951558879,864691135488728634,1
864691136951570911,864691135479339462,1
864691136951581663,864691135488247866,1
864691136951593951,864691135478734022,1
864691136951599839,864691135479245254,1
864691136951625183,864691135479183814,4
864691136951625951,864691135489025850,1
864691136951630559,864691135479339462,1
864691136951635423,864691135489177658,1
864691136951652063,864691135479928774,1
864691136951754975,864691135480152262,2
864691136952139743,864691135479132614,1
864691136952201183,864691135489177658,1
864691136952237791,864691135488893754,1
864691136952258015,864691135479100358,1
864691136952276191,864691135488247866,1
864691136952743647,864691135488956986,1
864691136952830943,864691135488275258,1
864691136952881375,864691135489031226,1
864691136952902879,864691135479100358,1
864691136952902879,864691135488247866,1
864691136952921055,864691135489177402,1
864691136952941279,864691135490316346,1
864691136953005535,864691135479355846,1
864691136953221599,864691135489098042,1
864691136953254367,864691135488999226,1
864691136953386207,864691135489028410,1
864691136953451487,864691135479223238,1
864691136953451487,864691135488719674,2
864691136953475039,864691135488719674,1
864691136953952223,864691135481147846,1
864691136954029023,864691135478338728,1
864691136954050527,864691135479243462,1
864691136954077151,864691135478401448,1
864691136954077151,864691135478589352,1
864691136954077151,864691135488425274,1
864691136954129375,864691135478338728,1
864691136965761742,864691135478690246,1
864691136965761742,864691135488956986,3
864691136965763022,864691135489028410,1
864691136965767374,864691135479245254,1
864691136965787854,864691135489189178,1
864691136965803726,864691135489433914,1
864691136965845710,864691135478309830,1
864691136965986254,864691135479248582,2
864691136965986254,864691135489182522,1
864691136965986254,864691135489433914,3
864691136966400974,864691135479223238,1
864691136966473934,864691135489841466,2
864691136966518478,864691135479223238,1
864691136966641102,864691135480349638,1
864691136966673870,864691135490247015,1
864691136966704846,864691135479223238,1
864691136966899662,864691135479396550,1
864691136966951886,864691135478309830,1
864691136966951886,864691135479407558,1
864691136966951886,864691135489841466,1
864691136967336910,864691135490326074,1
864691136967337678,864691135479243462,1
864691136967368398,864691135479243462,1
864691136967789262,864691135489182522,1
864691136967906254,864691135479396550,1
864691136968040398,864691135478401448,1
864691136968152014,864691135488956986,1
864691136968359630,864691135479223238,1
864691136968568014,864691135479396550,1
864691136968568014,864691135488896570,9
864691136968656078,864691135478327208,3
864691136968656078,864691135489077562,1
864691136968656078,864691135490326074,1
864691136968930254,864691135479407558,1
864691136973667868,864691135479243462,2
864691136973696284,864691135479132614,1
864691136973712924,864691135490316346,1
864691136974062620,864691135478637766,1
864691136974064156,864691135488728634,2
864691136974078236,864691135479183814,1
864691136974090524,864691135478690246,2
864691136974090524,864691135489031226,1
864691136974111004,864691135479622086,2
864691136974168860,864691135489421114,1
864691136974353436,864691135478589352,1
864691136974556444,864691135489177658,1
864691136974560028,864691135478796230,1
864691136974561564,864691135478796230,10
864691136974561564,864691135489512250,2
864691136974561564,864691135490230119,1
864691136974572316,864691135479407558,1
864691136974672156,864691135488936762,1
864691136974804252,864691135488936762,1
864691136974805276,864691135479243462,1
864691136974841884,864691135488247866,2
864691136974841884,864691135488936762,1
864691136974876956,864691135489486650,1
864691136974910236,864691135490230119,2
864691136974983196,864691135479031238,1
864691136975161628,864691135489841466,1
864691136975288348,864691135478589352,1
864691136975300636,864691135479243462,1
864691136975332380,864691135479243462,1
864691136975364636,864691135488722746,3
864691136975429148,864691135488715066,1
864691136976019996,864691135488896570,1
864691136976129564,864691135479237318,2
864691136976129564,864691135488425274,6
864691136976129564,864691135488896570,5
864691136976129564,864691135489403194,1
864691136989932693,864691135489177658,1
864691136989933205,864691135488936762,1
864691136989940117,864691135478645190,1
864691136989946261,864691135479103174,6
864691136989954709,864691135479168454,1
864691136989957269,864691135479100358,1
864691136989957269,864691135488936762,1
864691136989960597,864691135489433914,2
864691136989961621,864691135489512250,1
864691136989970837,864691135489486650,1
864691136989999509,864691135479339462,1
864691136990005909,864691135489024058,1
864691136990010005,864691135479243462,1
864691136990012821,864691135489027642,1
864691136990156437,864691135479243462,1
864691136990234261,864691135480152262,1
864691136990234517,864691135479100358,1
864691136990362773,864691135478748358,1
864691136990376341,864691135489098042,2
864691136990381461,864691135489486650,1
864691136990382741,864691135478309830,2
864691136990382741,864691135488893754,1
864691136990522517,864691135490230119,1
864691136990817173,864691135479245254,1
864691136990886805,864691135479339462,1
864691136990906773,864691135489177658,1
864691136990915989,864691135478326952,1
864691136990919317,864691135478308038,1
864691136990940821,864691135488722746,2
864691136990940821,864691135489028410,2
864691136990954645,864691135488275258,1
864691136991031445,864691135489177658,1
864691136991202453,864691135479396550,2
864691136991213461,864691135478577576,3
864691136991213461,864691135478645190,1
864691136991213461,864691135479616454,1
864691136991213461,864691135488956218,3
864691136991354005,864691135488715066,1
864691136991400341,864691135479683014,1
864691136991445909,864691135479243462,2
864691136991924885,864691135490316346,1
864691136991986581,864691135490230119,1
864691136992004501,864691135478309830,1
864691136992004501,864691135488893754,1
864691136992007317,864691135479248582,2
864691136992007317,864691135488751162,1
864691136992007317,864691135489182522,15
864691136992081557,864691135488893754,1
864691136992294549,864691135489421114,1
864691136992383637,864691135478577576,2
864691136992383637,864691135488715066,1
864691136992538005,864691135478326952,1
864691136992538005,864691135490326074,1
864691136992612757,864691135480152262,12
864691136992612757,864691135488751162,10
864691136992612757,864691135489098042,1
864691136992612757,864691135489141818,1
864691136992612757,864691135489433914,7
864691136992612757,864691135490230119,1
864691136992615573,864691135480152262,1
864691137016657262,864691135488247866,1
864691137018050414,864691135479100358,1
864691137019552110,864691135479622086,1
864691137019552110,864691135489028410,1
864691137019552110,864691135489191482,2
864691137019552366,864691135479243462,1
864691137019564910,864691135489191482,1
864691137019576686,864691135488896570,8
864691137019578222,864691135478577576,1
864691137019935342,864691135489433914,2
864691137019955822,864691135479223238,1
864691137020061806,864691135488999226,1
864691137020085870,864691135488956986,1
864691137020487022,864691135488893754,1
864691137020539502,864691135479100358,1
864691137020649070,864691135479616454,1
864691137020663406,864691135479248070,1
864691137020663406,864691135488751162,1
864691137020663406,864691135489433914,1
864691137020671342,864691135480152262,2
864691137020671342,864691135488751162,1
864691137020883054,864691135479248582,1
864691137020936814,864691135490247015,2
864691137020972910,864691135478796230,1
864691137020972910,864691135489512250,5
864691137021166702,864691135478326952,1
864691137021326446,864691135479616454,1
864691137021866862,864691135478327208,1
864691137021910126,864691135478267590,1
864691137021910126,864691135478338728,1
864691137021910126,864691135479245254,4
864691137021910126,864691135481147846,1
864691137022098542,864691135488956986,1
864691137022168686,864691135478267590,2
864691137022180974,864691135479370694,1
864691137022180974,864691135479616454,1
864691137022180974,864691135490316346,3
864691137022200430,864691135488256570,1
864691137022200430,864691135488896570,1
864691137022200430,864691135489421114,1
864691137022222702,864691135489486650,2
864691137022224750,864691135479248070,1
864691137022226286,864691135478327208,1
864691137022226286,864691135478401448,1
864691137022244206,864691135478401448,3
864691137022244206,864691135490326074,1
864691137022263406,864691135488896570,1
864691137022275182,864691135478326952,1
864691137022275182,864691135478589352,1
864691137022278254,864691135481147846,4
864691137022356590,864691135479243462,3
864691137053627510,864691135479183814,1
864691137053628278,864691135479243462,1
864691137053641078,864691135488956218,1
864691137053644918,864691135488682692,1
864691137053647222,864691135478326214,1
864691137053680502,864691135479396550,2
864691137053954166,864691135478748358,1
864691137054226294,864691135488956986,1
864691137054515062,864691135479223238,3
864691137054515062,864691135479243462,1
864691137054582390,864691135479243462,1
864691137054706550,864691135489141818,1
864691137054706806,864691135478690246,1
864691137054709878,864691135488751162,1
864691137054715254,864691135478577576,1
864691137054715254,864691135479683014,1
864691137054763638,864691135479103174,1
864691137054807414,864691135479168454,1
864691137054824054,864691135479243462,1
864691137055089014,864691135478338728,1
864691137055210102,864691135489141818,1
864691137055244406,864691135489841466,1
864691137055541366,864691135479339462,1
864691137055571574,864691135479223238,2
864691137055571574,864691135479243462,2
864691137055668086,864691135480152262,2
864691137055668086,864691135489098042,3
864691137055668086,864691135489191482,1
864691137055911542,864691135488999226,1
864691137056098166,864691135488253242,1
864691137056098166,864691135489191482,1
864691137056098166,864691135489841466,2
864691137056465782,864691135488896570,2
864691137056564086,864691135479112902,2
864691137196896065,864691135489027642,1
864691137196899649,864691135480152262,1
864691137196928065,864691135488719674,2
864691137196931393,864691135479396550,1
864691137196935233,864691135479396550,2
864691137196953409,864691135479100358,1
864691137196953409,864691135490247015,1
864691137197239617,864691135479245254,1
864691137197273921,864691135479616454,1
864691137197275457,864691135479223238,1
864691137197302081,864691135480152262,1
864691137197737793,864691135489028410,1
864691137197943617,864691135489098042,1
864691137197956417,864691135480152262,1
864691137197958977,864691135489512250,1
864691137199039297,864691135479928774,1
864691137199359553,864691135479243462,1
864691137199772993,864691135489421114,1
864691137199772993,864691135490326074,1
864691137199819073,864691135478327208,1
864691137199914561,864691135479112902,1
864691137199914561,864691135481147846,2
864691137199914561,864691135489421114,2
864691137199914561,864691135490326074,1
864691137199973441,864691135478326952,3
864691137199973441,864691135478327208,1
864691137199973441,864691135479245254,1
864691137199973441,864691135479407558,2
864691137199973441,864691135479616454,1
864691137199973441,864691135488722746,1
