pre_pt_root_id,post_pt_root_id,n
864691134884762106,864691135762613558,1
864691134884770298,864691135759410254,1
864691134884789498,864691135759141454,1
864691134884791290,864691135771590395,1
864691134885047290,864691135759105102,1
864691134885142778,864691135762576950,1
864691134885222906,864691135759275854,1
864691134885471994,864691135759422798,1
864691134885471994,864691135762512950,1
864691134885489402,864691135771588091,1
864691134885681914,864691135762426166,1
864691134885683450,864691135762513974,1
864691134885748986,864691135762320438,1
864691134885800698,864691135759835325,1
864691134885805306,864691135759118926,1
864691134885813754,864691135762774838,1
864691134885944058,864691135763962045,1
864691134886006778,864691135762676790,1
864691134886037498,864691135759194190,1
864691134886037498,864691135760962638,1
864691134886037498,864691135762574646,1
864691134886037498,864691135762599990,1
864691134886037498,864691135762613558,1
864691134886350330,864691135763795510,1
864691134886413818,864691135759788989,1
864691134886434298,864691135759872846,1
864691134886528506,864691135759388494,1
864691134886528506,864691135762658614,1
864691134886659834,864691135762026806,1
864691134886770682,864691135762574646,1
864691134887067130,864691135759118926,1
864691134887236346,864691135761029710,1
864691134887260410,864691135763098934,1
864691134887499514,864691135763795510,1
864691134887540986,864691135759361102,1
864691134887540986,864691135763941174,1
864691134887581434,864691135763026230,1
864691134917382666,864691135759872846,1
864691134917415178,864691135759194190,1
864691134917431306,864691135759616701,1
864691134917434122,864691135759118926,1
864691134917488138,864691135761994038,1
864691134917794314,864691135762658614,1
864691134917794314,864691135771617275,1
864691134917901322,864691135759422798,1
864691134917901322,864691135762141238,1
864691134918239498,864691135759616701,1
864691134918279946,864691135762513974,1
864691134918366730,864691135762490678,1
864691134918373898,864691135762774838,3
864691134918384650,864691135759194190,1
864691134918402058,864691135762513974,1
864691134918533130,864691135763026230,1
864691134918579978,864691135762141238,1
864691134918694410,864691135762426166,1
864691134918947338,864691135759978062,1
864691134919570698,864691135759253070,1
864691134919570698,864691135759299406,1
864691134919570698,864691135763686710,1
864691134919748362,864691135759118926,2
864691134919748362,864691135762576950,1
864691134919869706,864691135760005966,1
864691134919869706,864691135763795510,1
864691134919902474,864691135759872846,1
864691134919967498,864691135759118926,1
864691134939963491,864691135759872846,1
864691134939975011,864691135759872846,1
864691134939991651,864691135759422798,1
864691134939997283,864691135762028342,1
864691134940004451,864691135762096438,1
864691134940004451,864691135762599990,1
864691134940005731,864691135759118926,1
864691134940007779,864691135771588091,4
864691134940025955,864691135759410254,1
864691134940025955,864691135759422798,3
864691134940025955,864691135763051318,2
864691134940246115,864691135761994038,1
864691134940342115,864691135763962045,1
864691134940377955,864691135759616701,1
864691134940425059,864691135759361102,1
864691134940874083,864691135760012477,1
864691134940908643,864691135762512950,1
864691134940933475,864691135759194190,2
864691134940933475,864691135760962638,6
864691134940957795,864691135762596797,1
864691134940960867,864691135759835325,2
864691134940965219,864691135759422798,1
864691134940965219,864691135760022606,1
864691134940967267,864691135759422798,1
864691134941000803,864691135760674638,1
864691134941266275,864691135763098934,1
864691134941488995,864691135760674638,1
864691134941490787,864691135763795510,1
864691134941548387,864691135763396406,1
864691134941693027,864691135759118926,1
864691134941714275,864691135759141454,4
864691134941903203,864691135762576950,1
864691134942169955,864691135763081526,1
864691134942315107,864691135762576950,1
864691134942315107,864691135764464438,2
864691134942498147,864691135759872846,1
864691134942498147,864691135762426166,1
864691134942692963,864691135762678838,1
864691134944548610,864691135759614542,1
864691134947384316,864691135759118926,1
864691134947392764,864691135762141238,1
864691134947454972,864691135759118926,1
864691134947454972,864691135771588091,1
864691134947906044,864691135759410254,1
864691134948158972,864691135759280462,1
864691134948365820,864691135762574646,1
864691134948390652,864691135762725430,1
864691134948425724,864691135759118926,1
864691134948511740,864691135760962638,2
864691134948605180,864691135762574646,2
864691134948605180,864691135762678838,1
864691134948748540,864691135763941174,1
864691134949256956,864691135762613558,1
864691134949346044,864691135760674638,1
864691134949391612,864691135771588091,1
864691134949472508,864691135764631862,1
864691134949568764,864691135759141454,1
864691134949568764,864691135762028342,1
864691134949568764,864691135762772534,1
864691134949774844,864691135760962638,1
864691134949774844,864691135762096438,1
864691134949774844,864691135762956086,1
864691134950149116,864691135762689334,1
864691134950149116,864691135763941174,1
864691134950228988,864691135759253070,5
864691134950228988,864691135759299406,5
864691134950228988,864691135762574646,1
864691134950228988,864691135762613558,5
864691134950228988,864691135762658614,2
864691134950228988,864691135763795510,1
864691134950228988,864691135764324918,2
864691134950228988,864691135764631862,1
864691134950228988,864691135771617275,1
864691134950301180,864691135771588091,1
864691134950315772,864691135759118926,1
864691134950317308,864691135759422798,1
864691134950317308,864691135762678838,1
864691134950395132,864691135760005966,1
864691134950395132,864691135762774838,1
864691134950395132,864691135763081526,1
864691134964420383,864691135760012477,1
864691134964437279,864691135762774838,1
864691134964443423,864691135759616701,2
864691134964447263,864691135762043702,1
864691134964466719,864691135771588091,1
864691134964699935,864691135759616701,1
864691134964800799,864691135764464438,1
864691134964801567,864691135759299406,3
864691134964831519,864691135759741629,1
864691134964831519,864691135762967229,1
864691134965171231,864691135762774838,2
864691134965262879,864691135762676790,1
864691134965267743,864691135762967229,1
864691134965378591,864691135762774838,2
864691134965379103,864691135771590395,1
864691134965415455,864691135759788989,1
864691134965425951,864691135759835325,2
864691134965429023,864691135762141238,1
864691134965429023,864691135763051318,2
864691134965437727,864691135759788989,1
864691134965444639,864691135762967229,1
864691134965447967,864691135762576950,1
864691134965579807,864691135762725430,1
864691134965615647,864691135762512950,1
864691134965618719,864691135762678838,1
864691134965718303,864691135759410254,5
864691134965718303,864691135760962638,1
864691134965718303,864691135762141238,2
864691134965885983,864691135763079734,1
864691134966306591,864691135759410254,7
864691134966306591,864691135762512950,2
864691134966306591,864691135762599990,9
864691134966306847,864691135759194190,1
864691134966306847,864691135761994038,2
864691134966306847,864691135762956086,2
864691134966510623,864691135760759374,1
864691134966759711,864691135762689334,2
864691134988375418,864691135759118926,1
864691134988375418,864691135759141454,1
864691134988384378,864691135764464438,1
864691134988395386,864691135759299406,1
864691134988403066,864691135759422798,5
864691134988420474,864691135763112125,5
864691134988424058,864691135759616701,1
864691134988431738,864691135762016566,3
864691134988444282,864691135762658614,1
864691134988480122,864691135762676790,1
864691134988596858,864691135761994038,1
864691134988596858,864691135762141238,1
864691134988596858,864691135763051318,1
864691134988893562,864691135759788989,1
864691134988895610,864691135762599990,1
864691134988930682,864691135762028342,1
864691134988939898,864691135759492430,1
864691134989037690,864691135762596797,1
864691134989163130,864691135760319822,1
864691134989283450,864691135761521462,1
864691134989283450,864691135762678838,1
864691134989392762,864691135759422798,1
864691134989461882,864691135759410254,1
864691134989461882,864691135762599990,2
864691134989471098,864691135762099510,2
864691134989628538,864691135763962045,1
864691134989722746,864691135759118926,1
864691134989726586,864691135760122958,1
864691134989844090,864691135762585398,1
864691134989912698,864691135760005966,3
864691134989920890,864691135763079734,1
864691134990124410,864691135759238222,1
864691134990358138,864691135763364662,1
864691134990544762,864691135763081526,1
864691134990548090,864691135762088758,1
864691134990548090,864691135763795510,1
864691134990596474,864691135763079734,5
864691134990847098,864691135760674638,2
864691134990847098,864691135762576950,1
864691134990847098,864691135762613558,2
864691134990847098,864691135763098934,1
864691134991032954,864691135764464438,1
864691134991040378,864691135762658614,2
864691134991040378,864691135762956598,1
864691134991100794,864691135762576950,1
864691134991229562,864691135760022606,1
864691135012356342,864691135759141454,1
864691135012357366,864691135763962045,2
864691135012411638,864691135759835325,1
864691135012418550,864691135762320438,1
864691135012466166,864691135762426166,1
864691135012494070,864691135759492430,1
864691135012494070,864691135762678838,2
864691135012515830,864691135762658614,1
864691135012530422,864691135760012477,1
864691135012565494,864691135762574646,1
864691135012567542,864691135762692662,1
864691135012865430,864691135771588091,1
864691135012889846,864691135759275854,1
864691135012906646,864691135762490678,1
864691135012925078,864691135771617275,2
864691135012941302,864691135759118926,1
864691135012943094,864691135759238222,1
864691135012944022,864691135759788989,2
864691135012944022,864691135763962045,1
864691135013151990,864691135759141454,1
864691135013300470,864691135759275854,1
864691135013366678,864691135761994038,1
864691135013386230,864691135771588091,1
864691135013554166,864691135763962045,1
864691135013555702,864691135760674638,1
864691135013555702,864691135761029710,1
864691135013677814,864691135759118926,1
864691135013677814,864691135764631862,1
864691135013815702,864691135759616701,3
864691135013838742,864691135760674638,2
864691135013859734,864691135760962638,2
864691135013890038,864691135760674638,2
864691135013904278,864691135759417934,1
864691135013923734,864691135759238222,1
864691135013932438,864691135762141238,1
864691135013958390,864691135759410254,1
864691135013958390,864691135760962638,1
864691135014276342,864691135759422798,5
864691135014276342,864691135759492430,5
864691135014355094,864691135759410254,1
864691135014383254,864691135761994038,1
864691135014442486,864691135762141238,4
864691135014481654,864691135759118926,1
864691135014713590,864691135762512950,1
864691135014741238,864691135759872846,1
864691135014751734,864691135763127862,1
864691135014751734,864691135763941174,2
864691135015288566,864691135760674638,2
864691135015324406,864691135762088758,1
864691135015357078,864691135761994038,1
864691135015364854,864691135763026230,1
864691135015364854,864691135764464438,1
864691135015437462,864691135759118926,3
864691135015437462,864691135762576950,1
864691135015437462,864691135763941174,2
864691135015565206,864691135764324918,1
864691135015605910,864691135763941174,1
864691135015795606,864691135764324918,1
864691135015822742,864691135759253070,3
864691135015822742,864691135759299406,3
864691135015822742,864691135762613558,3
864691135015822742,864691135762658614,1
864691135015822742,864691135771601147,1
864691135058544539,864691135763098934,1
864691135058562715,864691135759616701,2
864691135058562715,864691135760012477,1
864691135058562715,864691135762320438,1
864691135058562715,864691135762692662,1
864691135058616731,864691135759741629,7
864691135058836379,864691135762599990,1
864691135058844827,864691135771617275,1
864691135058889115,864691135759410254,1
864691135058889115,864691135759492430,1
864691135058889115,864691135759788989,1
864691135058889115,864691135762141238,1
864691135058889115,864691135762599990,1
864691135059131291,864691135761994038,1
864691135059373467,864691135763962045,1
864691135059438747,864691135762028342,1
864691135059442843,864691135762967229,1
864691135059443355,864691135759492430,1
864691135059539099,864691135759616701,2
864691135059539099,864691135761994038,4
864691135059539099,864691135763555382,1
864691135059548315,864691135759118926,2
864691135059554971,864691135762426166,1
864691135059557531,864691135762725430,1
864691135059558811,864691135761994038,1
864691135059606683,864691135759253070,1
864691135059740315,864691135759422798,1
864691135060067739,864691135763098934,2
864691135060562587,864691135764062006,1
864691135060603291,864691135764631862,1
864691135060651419,864691135761029710,1
864691135060678299,864691135762576950,2
864691135060678299,864691135764631862,1
864691135060740507,864691135759194190,1
864691135060740507,864691135760962638,2
864691135060740507,864691135762599990,1
864691135060772763,864691135759361102,1
864691135060772763,864691135759978062,1
864691135060772763,864691135761029710,3
864691135060772763,864691135763941174,3
864691135060772763,864691135764631862,1
864691135060842395,864691135760674638,1
864691135060862107,864691135759118926,1
864691135060968091,864691135759253070,1
864691135060968091,864691135759978062,1
864691135060968091,864691135760208974,1
864691135060968091,864691135761029710,2
864691135060968091,864691135771601147,1
864691135060992155,864691135760005966,1
864691135060992155,864691135761029710,6
864691135060992155,864691135764464438,2
864691135060992155,864691135764631862,2
864691135064998212,864691135759410254,1
864691135065001540,864691135762026806,1
864691135065005636,864691135761994038,1
864691135065008452,864691135759616701,2
864691135065008452,864691135759835325,1
864691135065010244,864691135759361102,1
864691135065012804,864691135759872846,1
864691135065012804,864691135762426166,2
864691135065012804,864691135763127862,1
864691135065199684,864691135762774838,2
864691135065334340,864691135762967229,1
864691135065782852,864691135759118926,1
864691135065784900,864691135762028342,1
864691135065851972,864691135759194190,1
864691135065851972,864691135759788989,1
864691135065986116,864691135762028342,1
864691135065986116,864691135762426166,1
864691135065986884,864691135762141238,1
864691135065990468,864691135760812110,1
864691135066000964,864691135761521462,1
864691135066000964,864691135762658614,1
864691135066005572,864691135759118926,1
864691135066014788,864691135759410254,1
864691135066014788,864691135762591286,1
864691135066016324,864691135762490678,1
864691135066101316,864691135759118926,1
864691135066101316,864691135771588091,1
864691135066281540,864691135763098934,1
864691135066349124,864691135759118926,27
864691135066377796,864691135759492430,2
864691135066958404,864691135760005966,1
864691135067053124,864691135759410254,3
864691135067053124,864691135759422798,2
864691135067053124,864691135762141238,6
864691135067053124,864691135762574646,2
864691135067053124,864691135763051318,1
864691135067149636,864691135759194190,1
864691135067149636,864691135759788989,1
864691135067181124,864691135763098934,1
864691135067192900,864691135764062006,1
864691135067476548,864691135760759374,5
864691135067476548,864691135762574646,1
864691135067476548,864691135762613558,1
864691135067476548,864691135762658614,3
864691135067476548,864691135762725430,8
864691135067476548,864691135771617275,1
864691135067645764,864691135762576950,2
864691135067645764,864691135764464438,2
864691135067813188,864691135762585398,1
864691135081640695,864691135759118926,1
864691135081650423,864691135761994038,1
864691135081669623,864691135762141238,1
864691135081672183,864691135759616701,1
864691135081676023,864691135759410254,1
864691135081700087,864691135759141454,2
864691135081708023,864691135763892278,1
864691135081727223,864691135762676790,2
864691135081731063,864691135762599990,1
864691135081740535,864691135759741629,1
864691135081740535,864691135760012477,1
864691135082002679,864691135759616701,1
864691135082003959,864691135762599990,2
864691135082003959,864691135762956086,1
864691135082007287,864691135759194190,6
864691135082007287,864691135761994038,1
864691135082018039,864691135759118926,1
864691135082023927,864691135762596797,1
864691135082074359,864691135763364662,1
864691135082085111,864691135761994038,1
864691135082085111,864691135763555382,3
864691135082121207,864691135761994038,2
864691135082205943,864691135759410254,1
864691135082275831,864691135759388494,1
864691135082420215,864691135759410254,1
864691135082420215,864691135763051318,1
864691135082510583,864691135760759374,1
864691135082525943,864691135759872846,5
864691135082525943,864691135762028342,1
864691135082525943,864691135763127862,1
864691135082584311,864691135762772534,1
864691135082697975,864691135763079734,1
864691135082722807,864691135759194190,1
864691135082735863,864691135759788989,1
864691135082864887,864691135763098934,2
864691135082891255,864691135759388494,1
864691135082891255,864691135762490678,1
864691135083204087,864691135771588091,1
864691135083410423,864691135760005966,1
864691135083474679,864691135764631862,1
864691135083524343,864691135763795510,7
864691135083619831,864691135763241526,1
864691135083683063,864691135760812110,1
864691135083683063,864691135764631862,1
864691135083846903,864691135759118926,11
864691135083846903,864691135759872846,1
864691135083846903,864691135761029710,1
864691135083846903,864691135762576950,1
864691135083846903,864691135763396406,1
864691135083846903,864691135763941174,1
864691135083846903,864691135764464438,1
864691135083846903,864691135771588091,2
864691135083924215,864691135759118926,1
864691135084038647,864691135764631862,3
864691135084102647,864691135771588091,1
864691135084104439,864691135760812110,1
864691135084148983,864691135763364662,2
864691135099850528,864691135760674638,1
864691135099855904,864691135759118926,1
864691135099863072,864691135762967229,1
864691135099864608,864691135759194190,1
864691135100115488,864691135763892278,1
864691135100708640,864691135759422798,1
864691135100784160,864691135762028342,1
864691135100897568,864691135759410254,1
864691135100897568,864691135759422798,1
864691135100904480,864691135759616701,1
864691135100931104,864691135761994038,1
864691135100931104,864691135762692662,1
864691135100940064,864691135762512950,1
864691135101061664,864691135759118926,1
864691135101181984,864691135762774838,1
864691135101640736,864691135762676790,1
864691135101921568,864691135760962638,2
864691135101921568,864691135762574646,1
864691135101921568,864691135762599990,1
864691135101924384,864691135759788989,1
864691135101924384,864691135762956086,3
864691135102241312,864691135763079734,1
864691135102385696,864691135759141454,4
864691135102385696,864691135762426166,2
864691135102390816,864691135759118926,1
864691135102390816,864691135763098934,1
864691135102396704,864691135763941174,1
864691135102444320,864691135760005966,1
864691135102455072,864691135764464438,1
864691135102492960,864691135760005966,1
864691135102492960,864691135760674638,1
864691135102492960,864691135761029710,1
864691135102492960,864691135763241526,2
864691135103983181,864691135763555382,1
864691135103987533,864691135762692662,1
864691135103991117,864691135763962045,2
864691135104001869,864691135762320438,1
864691135104037709,864691135763051318,2
864691135104148045,864691135762774838,1
864691135104245581,864691135762513974,1
864691135104365389,864691135762088758,1
864691135104523597,864691135763241526,1
864691135104535117,864691135759788989,2
864691135104787533,864691135762774838,3
864691135104891981,864691135762320438,1
864691135105015885,864691135762028342,2
864691135105050189,864691135763079734,2
864691135105050189,864691135771588091,1
864691135105051213,864691135759105102,1
864691135105052749,864691135762574646,2
864691135105052749,864691135762599990,1
864691135105055309,864691135760674638,1
864691135105055309,864691135763081526,1
864691135105524557,864691135771617275,1
864691135105721421,864691135759118926,1
864691135105721421,864691135762576950,1
864691135105779021,864691135759417934,1
864691135105812557,864691135763364662,1
864691135105812557,864691135764062006,1
864691135106138445,864691135761994038,1
864691135106189901,864691135762676790,3
864691135106189901,864691135763241526,5
864691135106189901,864691135763364662,4
864691135106468685,864691135763941174,2
864691135106718029,864691135762774838,1
864691135113138073,864691135762576950,2
864691135113164953,864691135762016566,1
864691135113197977,864691135762692662,1
864691135113615769,864691135762599990,1
864691135113649561,864691135762026806,1
864691135113649561,864691135762513974,1
864691135114060185,864691135762576950,1
864691135114164121,864691135759492430,1
864691135114167705,864691135763098934,2
864691135114169753,864691135759422798,2
864691135114169753,864691135760674638,1
864691135114345113,864691135759422798,1
864691135114679705,864691135763026230,2
864691135114911385,864691135760122958,3
864691135115014809,864691135761994038,1
864691135115058329,864691135762576950,1
864691135115225753,864691135764062006,1
864691135115225753,864691135764631862,1
864691135115424665,864691135762576950,1
864691135117783773,864691135763079734,1
864691135117795805,864691135759417934,1
864691135117797341,864691135762772534,2
864691135117801693,864691135762512950,1
864691135117803741,864691135759275854,1
864691135117807837,864691135763962045,1
864691135117809885,864691135759616701,2
864691135117818077,864691135761994038,1
864691135117825245,864691135763962045,1
864691135117826781,864691135762576950,1
864691135118095581,864691135759492430,1
864691135118137309,864691135759422798,1
864691135118157277,864691135759275854,4
864691135118157277,864691135762016566,2
864691135118157277,864691135762692662,1
864691135118247645,864691135759788989,1
864691135118298333,864691135759280462,1
864691135118300637,864691135759253070,1
864691135118446813,864691135762967229,1
864691135118738653,864691135759835325,1
864691135118741725,864691135759422798,3
864691135118756573,864691135762585398,1
864691135118817501,864691135759118926,1
864691135118918109,864691135762513974,1
864691135119436765,864691135759118926,2
864691135119436765,864691135760674638,1
864691135119436765,864691135762576950,3
864691135119506909,864691135762574646,2
864691135119506909,864691135762613558,1
864691135119506909,864691135762725430,1
864691135119726301,864691135759422798,1
864691135119747805,864691135759978062,1
864691135119839453,864691135763941174,1
864691135119877085,864691135762576950,2
864691135119877085,864691135764464438,1
864691135119897821,864691135762426166,1
864691135119924189,864691135761029710,1
864691135122299431,864691135760012477,1
864691135122303015,864691135761994038,2
864691135122342183,864691135762676790,1
864691135122692391,864691135762956086,1
864691135122836519,864691135759616701,1
864691135122836519,864691135759835325,1
864691135123147559,864691135762043702,1
864691135123147559,864691135762490678,1
864691135123288103,864691135762678838,2
864691135123316519,864691135759741629,2
864691135123316519,864691135762596797,1
864691135123334695,864691135759118926,1
864691135123334695,864691135762576950,1
864691135123355431,864691135760012477,2
864691135123355431,864691135762016566,2
864691135123355431,864691135762692662,1
864691135123355431,864691135762967229,2
864691135123355431,864691135763112125,1
864691135123355431,864691135765778365,2
864691135123357991,864691135762692662,1
864691135123508775,864691135759872846,1
864691135123566631,864691135763962045,1
864691135123670055,864691135760674638,1
864691135123793447,864691135762426166,1
864691135123807271,864691135759410254,2
864691135123807271,864691135762678838,1
864691135124199463,864691135759118926,1
864691135124199463,864691135764464438,1
864691135124308007,864691135771588091,2
864691135124508967,864691135759422798,1
864691135124608807,864691135763795510,1
864691135124690215,864691135763098934,1
864691135124690471,864691135760319822,2
864691135124690471,864691135763026230,2
864691135124690471,864691135764464438,1
864691135132654752,864691135759741629,1
864691135132654752,864691135762967229,1
864691135132684704,864691135761994038,1
864691135132913312,864691135759410254,1
864691135133008544,864691135761994038,3
864691135133008544,864691135762141238,1
864691135133065120,864691135761994038,1
864691135133304480,864691135759616701,1
864691135133464480,864691135760962638,1
864691135133478560,864691135763098934,1
864691135133583264,864691135771588091,1
864691135133586080,864691135762772534,1
864691135133598624,864691135762576950,1
864691135133736864,864691135759492430,1
864691135133884320,864691135763051318,1
864691135133884320,864691135763555382,6
864691135133921184,864691135759422798,1
864691135133921184,864691135762141238,1
864691135133978016,864691135762956598,1
864691135133994912,864691135763364662,1
864691135134114976,864691135762574646,1
864691135134134688,864691135764464438,1
864691135134136992,864691135762028342,1
864691135134136992,864691135762426166,2
864691135134146720,864691135762774838,1
864691135134201248,864691135759118926,3
864691135134367136,864691135762774838,2
864691135134507936,864691135760674638,2
864691135134670617,864691135759410254,1
864691135134677017,864691135759194190,1
864691135134695328,864691135763962045,2
864691135134697632,864691135759388494,1
864691135134697632,864691135762088758,1
864691135134711321,864691135763079734,1
864691135134715161,864691135762141238,1
864691135134852256,864691135763081526,5
864691135134901664,864691135760005966,1
864691135134901664,864691135763026230,1
864691135134957472,864691135760674638,1
864691135134957472,864691135764062006,1
864691135134957472,864691135764464438,1
864691135135030688,864691135762689334,2
864691135135035929,864691135760962638,1
864691135135085728,864691135762513974,1
864691135135085728,864691135771588091,2
864691135135085728,864691135771590395,1
864691135135087520,864691135759872846,1
864691135135087520,864691135762426166,1
864691135135087520,864691135764464438,3
864691135135098393,864691135762967229,2
864691135135127200,864691135763396406,1
864691135135180057,864691135771601147,1
864691135135181984,864691135763795510,1
864691135135221529,864691135764631862,1
864691135135379737,864691135762772534,1
864691135135394585,864691135762426166,1
864691135135406617,864691135762678838,9
864691135135483161,864691135758975822,1
864691135135485209,864691135759141454,1
864691135135548185,864691135759616701,1
864691135135669273,864691135759422798,2
864691135135669273,864691135771617275,1
864691135135729689,864691135759118926,1
864691135135994393,864691135763396406,1
864691135136889369,864691135763081526,1
864691135137105177,864691135759872846,1
864691135137105177,864691135763098934,1
864691135137105177,864691135764631862,1
864691135137265689,864691135764464438,1
864691135137357081,864691135759253070,3
864691135137357081,864691135760005966,3
864691135137357081,864691135760208974,1
864691135137357081,864691135760674638,2
864691135137357081,864691135762088758,4
864691135137357081,864691135763081526,1
864691135137357081,864691135763241526,1
864691135137357081,864691135763795510,1
864691135137357081,864691135764324918,1
864691135137357081,864691135771601147,1
864691135149716372,864691135762096438,1
864691135155502692,864691135771588091,1
864691135155514724,864691135759118926,1
864691135155514724,864691135771588091,1
864691135155536740,864691135759417934,1
864691135155539300,864691135762678838,1
864691135155543652,864691135759410254,1
864691135155853412,864691135759194190,1
864691135155879012,864691135762956086,1
864691135156285284,864691135759616701,1
864691135156397668,864691135762028342,1
864691135156406884,864691135762692662,1
864691135156542052,864691135759118926,2
864691135156564836,864691135759422798,1
864691135156571748,864691135763962045,1
864691135156585316,864691135759141454,1
864691135156616036,864691135759422798,1
864691135156774756,864691135761994038,3
864691135156774756,864691135762141238,1
864691135157194596,864691135759118926,1
864691135157194596,864691135760674638,1
864691135157332068,864691135771588091,1
864691135157337444,864691135763795510,1
864691135157619556,864691135759872846,2
864691135157784932,864691135762028342,1
864691135157784932,864691135771588091,1
864691135158055012,864691135759118926,1
864691135162224429,864691135760674638,1
864691135162224429,864691135763241526,1
864691135162225197,864691135763241526,1
864691135162227245,864691135759422798,2
864691135162234413,864691135760012477,1
864691135162598957,864691135759741629,2
864691135162767917,864691135759422798,1
864691135162904621,864691135759410254,2
864691135162905389,864691135762141238,1
864691135163127597,864691135759417934,2
864691135163127597,864691135762956598,2
864691135163136813,864691135759238222,1
864691135163195437,864691135759835325,1
864691135163260717,864691135761994038,1
864691135163359789,864691135759118926,1
864691135163365421,864691135759616701,1
864691135163366445,864691135771588091,2
864691135163372333,864691135762599990,2
864691135163379245,864691135759410254,2
864691135163379245,864691135762141238,5
864691135163446061,864691135759118926,1
864691135163530285,864691135760962638,1
864691135163546157,864691135762512950,1
864691135163734317,864691135763079734,4
864691135163846957,864691135760022606,1
864691135163912237,864691135762088758,1
864691135163912237,864691135762613558,1
864691135163912237,864691135762658614,8
864691135164229165,864691135764631862,1
864691135164408621,864691135760759374,1
864691135164408621,864691135762725430,1
864691135164804909,864691135759872846,1
864691135164804909,864691135763081526,1
864691135164857133,864691135759280462,3
864691135164857133,864691135759435342,1
864691135164857133,864691135762574646,1
864691135164857133,864691135762956598,1
864691135165014829,864691135759422798,1
864691135165036077,864691135771588091,1
864691135165145389,864691135762426166,1
864691135181756930,864691135761521462,1
864691135181763074,864691135762774838,1
864691135181773314,864691135759492430,2
864691135181773314,864691135761994038,1
864691135181780226,864691135765778365,1
864691135181786114,864691135762692662,2
864691135181828866,864691135771588091,1
864691135181830402,864691135762956598,1
864691135181855746,864691135759422798,1
864691135182075906,864691135762141238,1
864691135182497538,864691135759194190,1
864691135182526978,864691135762016566,1
864691135182705410,864691135759118926,1
864691135182713602,864691135759422798,1
864691135182713602,864691135762574646,1
864691135182713602,864691135762678838,3
864691135182726402,864691135762141238,1
864691135182731010,864691135761994038,1
864691135182815234,864691135761994038,1
864691135182824194,864691135759388494,1
864691135183439874,864691135759741629,1
864691135183493378,864691135759194190,1
864691135183493378,864691135760962638,5
864691135183493378,864691135762591286,1
864691135183740930,864691135763098934,1
864691135183789314,864691135761994038,5
864691135183789314,864691135763555382,1
864691135183866114,864691135762088758,1
864691135183968514,864691135762099510,1
864691135183999490,864691135759118926,2
864691135183999490,864691135760674638,1
864691135184046082,864691135759118926,1
864691135184104194,864691135762658614,1
864691135184104194,864691135762956598,1
864691135184126466,864691135760674638,1
864691135184126466,864691135763098934,1
864691135184160002,864691135759361102,1
864691135184160002,864691135759978062,1
864691135184160002,864691135761029710,4
864691135184160002,864691135762576950,1
864691135184160002,864691135763941174,1
864691135184160002,864691135764464438,1
864691135194391338,864691135762585398,1
864691135194421290,864691135762490678,1
864691135194423338,864691135759616701,1
864691135194423338,864691135759835325,3
864691135194441770,864691135762426166,1
864691135194446378,864691135762599990,1
864691135194446634,864691135759616701,1
864691135194753322,864691135759275854,2
864691135194753322,864691135759741629,1
864691135194916650,864691135762658614,1
864691135194940202,864691135759410254,1
864691135194940202,864691135760962638,1
864691135195039530,864691135762490678,1
864691135195139626,864691135762678838,1
864691135195361578,864691135759616701,1
864691135195388458,864691135759616701,2
864691135195404586,864691135763098934,1
864691135195424810,864691135762512950,1
864691135195468586,864691135759238222,1
864691135195468586,864691135762513974,1
864691135195468586,864691135771590395,8
864691135195486250,864691135759118926,1
864691135195486250,864691135762028342,1
864691135195490858,864691135760962638,1
864691135195526954,864691135762658614,1
864691135195530538,864691135762088758,2
864691135195634730,864691135762774838,1
864691135195857450,864691135762426166,1
864691135195857450,864691135763127862,1
864691135196291626,864691135760022606,1
864691135196385578,864691135763241526,1
864691135196720938,864691135759410254,1
864691135196752170,864691135759978062,1
864691135197506215,864691135762426166,1
864691135207714169,864691135759105102,1
864691135207745401,864691135762141238,1
864691135207749241,864691135759253070,1
864691135208060793,864691135759118926,1
864691135208114297,864691135771588091,1
864691135208402297,864691135759835325,1
864691135208423801,864691135762689334,1
864691135208441465,864691135762576950,1
864691135208441721,864691135762574646,1
864691135208522873,864691135762028342,1
864691135208638841,864691135762026806,1
864691135208676985,864691135763962045,1
864691135208692089,864691135762028342,1
864691135208715129,864691135762956086,1
864691135208976761,864691135759422798,1
864691135209080697,864691135759616701,1
864691135209080697,864691135763051318,2
864691135209080697,864691135763555382,1
864691135209292921,864691135762599990,1
864691135209465209,864691135762026806,1
864691135209617273,864691135762772534,1
864691135209775993,864691135759118926,1
864691135209994105,864691135761029710,1
864691135209994105,864691135763941174,1
864691135210002624,864691135759118926,2
864691135210002624,864691135760674638,1
864691135210006208,864691135762585398,1
864691135210017472,864691135763241526,1
864691135210023616,864691135762141238,1
864691135210035392,864691135761994038,1
864691135210042048,864691135759492430,2
864691135210059712,864691135761521462,1
864691135210074048,864691135759388494,1
864691135210074048,864691135761521462,1
864691135210148288,864691135759788989,1
864691135210178169,864691135760319822,6
864691135210178169,864691135764464438,1
864691135210261113,864691135760812110,1
864691135210362816,864691135762692662,2
864691135210364537,864691135763098934,1
864691135210426816,864691135763396406,1
864691135210441152,864691135759422798,1
864691135210446457,864691135762088758,5
864691135210446457,864691135762658614,1
864691135210446457,864691135763081526,1
864691135210446457,864691135763795510,10
864691135210446457,864691135771617275,6
864691135210481017,864691135759118926,1
864691135210800320,864691135762043702,1
864691135210817216,864691135762676790,1
864691135210831296,864691135762956086,1
864691135210860480,864691135760122958,1
864691135210884288,864691135759616701,2
864691135210975680,864691135759788989,1
864691135211105472,864691135759616701,1
864691135211106752,864691135759275854,1
864691135211306176,864691135763098934,2
864691135211318976,864691135759422798,1
864691135211318976,864691135763962045,1
864691135211542208,864691135762725430,1
864691135211591360,864691135759253070,1
864691135211591360,864691135762658614,1
864691135211591360,864691135762774838,1
864691135211658944,864691135762490678,1
864691135212270784,864691135764062006,1
864691135212398528,864691135760005966,2
864691135212411328,864691135762576950,1
864691135212508096,864691135759253070,7
864691135212508096,864691135759299406,2
864691135212508096,864691135760005966,1
864691135212508096,864691135761029710,2
864691135212508096,864691135763795510,1
864691135212508096,864691135771601147,1
864691135212535232,864691135763098934,1
864691135212607168,864691135760674638,2
864691135212607168,864691135762576950,1
864691135212617600,864691135763941174,1
864691135212619136,864691135762521021,1
864691135212619136,864691135762596797,1
864691135212619136,864691135762692662,1
864691135212619136,864691135762967229,3
864691135212625024,864691135760012477,1
864691135212634304,864691135762426166,1
864691135212644736,864691135759616701,1
864691135212669568,864691135761994038,1
864691135212680576,864691135760012477,1
864691135212691584,864691135762692662,1
864691135212693120,864691135759422798,1
864691135212693120,864691135762678838,1
864691135212695424,864691135762320438,2
864691135212698496,864691135759788989,1
864691135212719232,864691135771590395,1
864691135213029944,864691135762512950,1
864691135213047864,864691135759388494,1
864691135213055360,864691135759194190,1
864691135213058872,864691135763962045,1
864691135213060736,864691135759422798,1
864691135213070136,864691135759616701,1
864691135213070136,864691135759835325,2
864691135213073976,864691135763051318,2
864691135213077304,864691135762689334,2
864691135213086848,864691135759118926,1
864691135213090616,864691135762026806,1
864691135213154176,864691135763962045,1
864691135213510968,864691135759788989,1
864691135213511480,864691135759253070,1
864691135213537848,864691135762426166,1
864691135213591168,864691135759616701,1
864691135213625472,864691135762596797,2
864691135213671040,864691135763962045,1
864691135213676160,864691135762676790,1
864691135213682816,864691135762658614,1
864691135213682816,864691135771617275,1
864691135213698176,864691135759118926,1
864691135213708928,864691135760962638,3
864691135213717120,864691135759422798,1
864691135213726848,864691135762512950,2
864691135213755192,864691135762028342,1
864691135213801344,864691135761994038,1
864691135213804344,864691135762585398,1
864691135213846328,864691135760022606,1
864691135213881656,864691135765778365,1
864691135213889336,864691135762692662,1
864691135213925504,864691135759872846,1
864691135213939256,864691135763098934,1
864691135213998136,864691135759616701,1
864691135214032440,864691135762513974,1
864691135214116224,864691135762774838,1
864691135214158648,864691135759872846,1
864691135214246528,864691135763364662,1
864691135214381440,864691135759422798,1
864691135214467640,864691135771588091,1
864691135214900024,864691135760674638,1
864691135214900024,864691135764464438,1
864691135215078712,864691135761029710,1
864691135215120184,864691135759194190,1
864691135215120184,864691135762956086,1
864691135215131776,864691135763026230,1
864691135215148088,864691135762088758,1
864691135215148088,864691135762574646,3
864691135215148088,864691135762658614,8
864691135215170360,864691135763962045,1
864691135215175040,864691135759118926,1
864691135215175040,864691135760674638,8
864691135215175040,864691135764464438,5
864691135215175040,864691135764631862,1
864691135215217280,864691135761029710,1
864691135215217280,864691135764464438,8
864691135215217280,864691135764631862,2
864691135215229056,864691135764464438,1
864691135215254584,864691135763396406,1
864691135233117017,864691135762774838,1
864691135233118809,864691135762043702,1
864691135233406553,864691135761994038,1
864691135233471577,864691135759410254,1
864691135233484377,864691135761994038,1
864691135233495129,864691135763555382,1
864691135233507417,864691135761994038,1
864691135233508441,864691135759253070,1
864691135233537881,864691135763051318,1
864691135233537881,864691135763555382,2
864691135233754713,864691135763962045,2
864691135233866585,864691135762658614,1
864691135233963353,864691135759978062,1
864691135233963353,864691135761081934,1
864691135234043993,864691135762678838,1
864691135234072409,864691135759788989,1
864691135234083673,864691135759614542,1
864691135234084697,864691135762591286,1
864691135234086489,864691135760012477,1
864691135234193753,864691135763941174,9
864691135234402137,864691135760005966,1
864691135234402137,864691135760208974,2
864691135234402137,864691135760812110,1
864691135234402137,864691135762658614,2
864691135234402137,864691135764464438,1
864691135234547033,864691135763098934,1
864691135234759257,864691135760674638,1
864691135234998617,864691135763079734,1
864691135234998617,864691135763941174,1
864691135235196249,864691135759361102,1
864691135235196249,864691135763941174,2
864691135235236185,864691135760319822,1
864691135235236185,864691135760674638,1
864691135235363417,864691135759118926,5
864691135235363417,864691135762676790,1
864691135235386713,864691135759141454,2
864691135235386713,864691135759872846,7
864691135235386713,864691135762028342,1
864691135235386713,864691135762426166,3
864691135235386713,864691135764631862,1
864691135235425113,864691135760122958,1
864691135235425113,864691135763364662,1
864691135235425113,864691135764062006,1
864691135235437913,864691135760005966,2
864691135235437913,864691135760208974,1
864691135235437913,864691135762576950,8
864691135235437913,864691135763026230,1
864691135235446617,864691135759872846,1
864691135235496025,864691135760962638,8
864691135235496025,864691135762599990,1
864691135235509081,864691135763941174,1
864691135235509081,864691135764464438,1
864691135235527513,864691135759361102,1
864691135235527513,864691135760005966,1
864691135235527513,864691135762576950,1
864691135235527513,864691135763026230,1
864691135235527513,864691135763081526,3
864691135235527513,864691135764464438,1
864691135256122799,864691135762774838,1
864691135256151471,864691135763795510,1
864691135256511919,864691135763396406,1
864691135256569263,864691135762141238,1
864691135256569519,864691135763241526,1
864691135257014447,864691135762026806,1
864691135257076911,864691135760012477,1
864691135257225391,864691135762585398,3
864691135257236143,864691135762576950,1
864691135257423535,864691135761994038,1
864691135257589679,864691135762141238,3
864691135257589679,864691135763051318,2
864691135258274735,864691135758672206,2
864691135258274735,864691135759872846,1
864691135258481327,864691135762689334,1
864691135258554031,864691135759118926,2
864691135258635183,864691135763026230,1
864691135258681007,864691135760674638,1
864691135258681007,864691135762088758,3
864691135258757551,864691135771601147,1
864691135258773679,864691135759280462,1
864691135269669797,864691135763112125,2
864691135269669797,864691135765778365,1
864691135269686693,864691135762490678,1
864691135269722021,864691135759741629,1
864691135269722021,864691135762967229,1
864691135269725093,864691135762096438,1
864691135269725605,864691135759105102,1
864691135269732773,864691135762725430,1
864691135269739173,864691135762088758,1
864691135269739173,864691135762099510,1
864691135269753509,864691135759388494,1
864691135269809573,864691135759410254,1
864691135269809573,864691135760962638,1
864691135269814693,864691135762956598,1
864691135269818277,864691135762774838,2
864691135269958565,864691135763962045,1
864691135270327205,864691135762426166,1
864691135270367653,864691135762088758,1
864691135270391717,864691135763962045,1
864691135270561701,864691135763241526,1
864691135270562981,864691135759118926,1
864691135270584485,864691135762043702,1
864691135271394469,864691135759872846,5
864691135271394469,864691135762426166,1
864691135271435173,864691135758672206,1
864691135271535781,864691135760122958,1
864691135271915173,864691135759361102,1
864691135271915173,864691135760674638,1
864691135272073125,864691135763098934,1
864691135272098469,864691135763079734,1
864691135272105125,864691135762026806,2
864691135272105125,864691135762676790,1
864691135272163089,864691135760674638,1
864691135272187045,864691135760812110,1
864691135272187045,864691135762576950,2
864691135272187045,864691135763079734,1
864691135272218021,864691135759410254,1
864691135272218021,864691135759422798,1
864691135272218021,864691135762141238,2
864691135272218021,864691135762678838,2
864691135272268709,864691135760319822,1
864691135272359953,864691135762490678,1
864691135272392465,864691135762591286,1
864691135272979217,864691135762967229,1
864691135273029393,864691135763098934,1
864691135273079057,864691135771588091,1
864691135273084177,864691135759299406,1
864691135273177105,864691135760759374,1
864691135273181457,864691135759194190,1
864691135273248273,864691135759835325,1
864691135273260305,864691135759141454,1
864691135273260305,864691135762028342,1
864691135273287441,864691135759872846,1
864691135273287441,864691135762028342,1
864691135273287441,864691135762426166,1
864691135273287441,864691135763127862,2
864691135274079205,864691135759275854,1
864691135274103781,864691135763892278,1
864691135274105573,864691135762689334,2
864691135274108901,864691135762599990,1
864691135274118373,864691135761994038,1
864691135274118373,864691135762141238,1
864691135274124261,864691135763795510,1
864691135274129381,864691135759788989,1
864691135274129381,864691135762585398,1
864691135274286097,864691135760674638,1
864691135274286097,864691135771588091,2
864691135274520849,864691135759978062,1
864691135274525413,864691135763941174,1
864691135274537445,864691135759835325,1
864691135274537445,864691135763555382,1
864691135274546961,864691135762028342,1
864691135274568933,864691135760812110,1
864691135274599909,864691135761994038,1
864691135274619665,864691135759388494,1
864691135274675941,864691135762956598,1
864691135274738193,864691135758672206,1
864691135274738193,864691135759141454,1
864691135274738193,864691135759872846,1
864691135274738193,864691135762426166,1
864691135274738193,864691135771588091,2
864691135274830353,864691135760005966,1
864691135274860561,864691135764324918,1
864691135274860561,864691135764631862,1
864691135274981093,864691135760122958,1
864691135274981093,864691135762774838,1
864691135275160549,864691135762678838,1
864691135275273189,864691135759280462,1
864691135275348453,864691135760674638,1
864691135275384805,864691135762725430,1
864691135275921637,864691135761994038,1
864691135275939813,864691135763555382,1
864691135275983589,864691135763081526,1
864691135276505573,864691135762576950,1
864691135276759781,864691135771588091,1
864691135276776677,864691135764062006,1
864691135276917733,864691135758975822,2
864691135276917733,864691135761994038,2
864691135276917733,864691135762141238,5
864691135276917733,864691135763051318,2
864691135276917733,864691135763555382,1
864691135276975333,864691135762088758,1
864691135276975333,864691135762613558,1
864691135276975333,864691135762658614,5
864691135276975333,864691135771617275,1
864691135277034725,864691135759118926,1
864691135277221605,864691135762725430,2
864691135277221605,864691135771617275,1
864691135277282021,864691135762426166,1
864691135277337061,864691135759141454,2
864691135277337061,864691135759872846,1
864691135277337061,864691135760319822,1
864691135277615589,864691135764464438,2
864691135277673957,864691135762576950,1
864691135277673957,864691135764631862,1
864691135277713893,864691135759872846,1
864691135277713893,864691135759978062,1
864691135277713893,864691135760812110,1
864691135277713893,864691135762426166,1
864691135277713893,864691135764631862,3
864691135277713893,864691135771601147,1
864691135278194081,864691135763098934,1
864691135278220193,864691135759253070,1
864691135278220193,864691135759978062,1
864691135278229409,864691135759616701,3
864691135278516129,864691135758672206,1
864691135278526625,864691135763079734,1
864691135278526881,864691135762512950,1
864691135278526881,864691135762678838,1
864691135278563489,864691135762141238,1
864691135278563489,864691135762678838,1
864691135278639521,864691135762028342,1
864691135278653089,864691135762426166,1
864691135278973089,864691135762692662,1
864691135278987169,864691135759194190,1
864691135279044257,864691135762692662,1
864691135279120033,864691135763241526,1
864691135279129249,864691135762585398,1
864691135279137185,864691135771617275,1
864691135279472033,864691135759978062,1
864691135279472033,864691135771601147,1
864691135279730337,864691135761521462,1
864691135279936161,864691135760674638,1
864691135279936161,864691135762576950,1
864691135280583329,864691135762774838,1
864691135280638369,864691135759118926,1
864691135280638369,864691135762576950,4
864691135280842145,864691135759492430,1
864691135280860833,864691135764464438,1
864691135280860833,864691135764631862,1
864691135280869537,864691135760319822,1
864691135280879009,864691135759422798,5
864691135281078689,864691135760759374,7
864691135281078689,864691135762574646,2
864691135281078689,864691135762613558,1
864691135281078689,864691135762658614,3
864691135281078689,864691135771617275,1
864691135281208481,864691135762576950,1
864691135281211041,864691135764464438,1
864691135281218977,864691135760319822,1
864691135281218977,864691135763098934,2
864691135281227425,864691135763686710,1
864691135281227425,864691135763795510,4
864691135291755446,864691135763364662,1
864691135291761590,864691135759118926,1
864691135291762870,864691135764631862,1
864691135291930038,864691135763962045,1
864691135291991734,864691135762574646,1
864691135292254902,864691135762967229,1
864691135292277430,864691135759118926,1
864691135292277430,864691135771588091,1
864691135292372918,864691135759105102,2
864691135292744630,864691135760012477,1
864691135292847030,864691135762774838,1
864691135292851382,864691135759835325,1
864691135292890806,864691135762956598,1
864691135293045004,864691135759872846,1
864691135293051916,864691135761994038,1
864691135293051916,864691135763555382,1
864691135293065484,864691135762574646,1
864691135293073676,864691135759194190,1
864691135293343756,864691135763795510,1
864691135293397004,864691135759616701,1
864691135293397004,864691135759835325,1
864691135293486604,864691135759422798,1
864691135293605558,864691135762658614,1
864691135293605558,864691135771617275,1
864691135293619468,864691135759492430,1
864691135293619468,864691135761994038,1
864691135293619468,864691135762141238,1
864691135293678006,864691135760319822,3
864691135293791926,864691135762576950,1
864691135293852684,864691135759118926,1
864691135293852684,864691135771588091,2
864691135293873078,864691135760319822,1
864691135293947660,864691135759118926,1
864691135293947660,864691135771588091,1
864691135293953292,864691135759141454,1
864691135293972236,864691135762774838,1
864691135294032908,864691135762692662,4
864691135294038540,864691135758672206,1
864691135294124812,864691135762141238,2
864691135294149900,864691135771588091,1
864691135294151948,864691135761994038,3
864691135294155020,864691135759141454,1
864691135294164236,864691135763962045,1
864691135294184374,864691135763098934,1
864691135294376630,864691135762772534,1
864691135294376630,864691135763098934,1
864691135294399244,864691135760962638,2
864691135294468876,864691135771588091,1
864691135294573324,864691135760812110,1
864691135294633654,864691135760674638,3
864691135294633654,864691135761029710,1
864691135294633654,864691135763941174,4
864691135294667020,864691135762576950,1
864691135294667020,864691135764631862,3
864691135294695350,864691135759872846,6
864691135294695350,864691135762028342,1
864691135294695350,864691135762426166,5
864691135294695350,864691135764631862,2
864691135294708918,864691135761029710,1
864691135294708918,864691135763081526,3
864691135294708918,864691135763795510,1
864691135294719158,864691135760122958,2
864691135294719158,864691135760759374,1
864691135294719158,864691135762088758,1
864691135294719158,864691135762658614,1
864691135294719158,864691135763081526,1
864691135294719158,864691135763241526,1
864691135294719158,864691135763795510,3
864691135294719158,864691135764631862,2
864691135294772236,864691135762026806,1
864691135294848438,864691135763079734,1
864691135294960054,864691135759194190,1
864691135295021494,864691135759118926,1
864691135295058700,864691135762576950,5
864691135295058700,864691135763941174,1
864691135295058700,864691135764464438,2
864691135295389708,864691135759118926,1
864691135295389708,864691135771588091,3
864691135295412236,864691135760674638,3
864691135303155367,864691135762426166,1
864691135303164839,864691135759741629,2
864691135303168679,864691135762658614,1
864691135303202215,864691135763941174,2
864691135303207079,864691135759422798,2
864691135303209895,864691135762967229,2
864691135303477671,864691135762026806,1
864691135303514791,864691135763941174,1
864691135303943079,864691135763364662,2
864691135304027815,864691135759616701,2
864691135304027815,864691135762320438,1
864691135304088231,864691135759616701,1
864691135304150183,864691135762141238,1
864691135304158887,864691135762026806,1
864691135304158887,864691135763892278,1
864691135304165799,864691135762576950,1
864691135304176039,864691135759422798,1
864691135304416423,864691135759194190,1
864691135304448423,864691135759492430,1
864691135304509607,864691135759872846,1
864691135304560807,864691135760005966,2
864691135305066407,864691135759253070,4
864691135305066407,864691135759299406,6
864691135305066407,864691135761029710,2
864691135305084327,864691135759118926,4
864691135305437863,864691135762028342,1
864691135305488551,864691135760759374,6
864691135305488551,864691135762088758,1
864691135305488551,864691135762574646,1
864691135305488551,864691135762613558,2
864691135305488551,864691135762658614,3
864691135305488551,864691135762725430,4
864691135305585063,864691135764631862,1
864691135305590439,864691135760319822,1
864691135305665959,864691135762043702,1
864691135305730471,864691135759872846,1
864691135305730471,864691135762426166,2
864691135305730471,864691135764464438,1
864691135307501126,864691135760674638,1
864691135307518022,864691135762956598,1
864691135307904838,864691135759788989,1
864691135307965766,864691135758672206,1
864691135307982662,864691135759616701,1
864691135307982662,864691135759741629,2
864691135307982662,864691135760012477,1
864691135307982662,864691135762596797,1
864691135307982662,864691135762967229,1
864691135308062790,864691135759105102,1
864691135308066118,864691135759616701,2
864691135308066118,864691135762678838,7
864691135308067142,864691135762513974,1
864691135308076614,864691135759616701,1
864691135308087878,864691135762658614,1
864691135308284998,864691135762426166,1
864691135308319046,864691135760812110,1
864691135308705350,864691135760005966,1
864691135309045062,864691135760319822,2
864691135309045062,864691135760674638,1
864691135309080646,864691135763079734,1
864691135309325638,864691135759978062,1
864691135309325638,864691135760812110,3
864691135309325638,864691135764324918,1
864691135309607494,864691135763364662,1
864691135309922374,864691135764324918,1
864691135322939548,864691135762774838,1
864691135322943644,864691135762676790,1
864691135322951580,864691135759238222,1
864691135323181212,864691135763941174,3
864691135323202972,864691135759872846,1
864691135323358876,864691135760674638,1
864691135323728540,864691135759410254,1
864691135323728540,864691135759422798,1
864691135323763868,864691135762574646,1
864691135323836828,864691135762591286,1
864691135323951004,864691135762028342,1
864691135323955868,864691135762576950,1
864691135323962524,864691135760122958,1
864691135323978908,864691135760962638,2
864691135323984540,864691135761521462,1
864691135323996572,864691135759422798,1
864691135324047004,864691135763941174,1
864691135324437916,864691135771588091,1
864691135324806044,864691135762426166,1
864691135324967580,864691135760812110,1
864691135324967580,864691135763241526,1
864691135325064604,864691135763026230,2
864691135325547164,864691135762956598,1
864691135325551004,864691135759118926,1
864691135334489065,864691135762576950,1
864691135334519273,864691135762658614,1
864691135334525417,864691135760962638,1
864691135334539241,864691135762678838,2
864691135334561001,864691135759741629,1
864691135334963433,864691135761994038,1
864691135335211241,864691135763098934,1
864691135335242473,864691135759616701,1
864691135335298537,864691135759978062,1
864691135335326697,864691135759872846,1
864691135335744745,864691135763555382,1
864691135335855337,864691135763941174,1
864691135335998953,864691135759105102,1
864691135336055529,864691135764464438,1
864691135336148713,864691135759422798,1
864691135336226537,864691135762320438,1
864691135336616937,864691135759118926,1
864691135336616937,864691135762576950,3
864691135336814569,864691135762725430,1
864691135337004009,864691135762513974,1
864691135337004009,864691135762676790,1
864691135337004009,864691135763079734,2
864691135337004009,864691135763098934,1
864691135337004009,864691135764062006,2
864691135337039337,864691135762576950,1
864691135337671654,864691135762596797,1
864691135337720806,864691135759616701,1
864691135337720806,864691135759835325,1
864691135337720806,864691135762320438,1
864691135337721318,864691135759788989,1
864691135337735654,864691135759788989,2
864691135337737702,864691135760674638,3
864691135337748454,864691135763555382,1
864691135337753062,864691135762026806,1
864691135338024422,864691135759275854,1
864691135338174182,864691135764062006,1
864691135338204134,864691135762141238,1
864691135338204134,864691135763051318,3
864691135338542822,864691135763962045,1
864691135338543078,864691135759616701,1
864691135338584294,864691135759492430,1
864691135338584294,864691135759616701,1
864691135338758374,864691135759616701,1
864691135338759654,864691135771588091,1
864691135338791142,864691135762513974,1
864691135338802150,864691135759422798,1
864691135338803686,864691135759616701,3
864691135338803686,864691135763555382,2
864691135338814438,864691135759492430,2
864691135338816742,864691135758672206,2
864691135338905062,864691135760005966,1
864691135339066342,864691135761994038,1
864691135339066342,864691135762141238,2
864691135339066342,864691135763555382,4
864691135339105510,864691135762026806,1
864691135339408614,864691135771617275,1
864691135339631590,864691135759118926,2
864691135339631590,864691135762676790,4
864691135339673830,864691135762426166,1
864691135339729894,864691135759253070,1
864691135339729894,864691135759299406,1
864691135339826150,864691135762576950,2
864691135339826150,864691135763026230,1
864691135339826150,864691135763941174,1
864691135340055782,864691135760674638,1
864691135340203238,864691135759118926,1
864691135340203238,864691135762576950,1
864691135340244966,864691135759872846,1
864691135340288742,864691135759118926,1
864691135340960709,864691135762774838,1
864691135340974789,864691135763364662,1
864691135340983749,864691135762141238,3
864691135341032901,864691135771590395,1
864691135341033925,864691135759118926,1
864691135341033925,864691135762026806,2
864691135341044421,864691135762028342,1
864691135341123525,864691135759410254,1
864691135341123525,864691135759492430,1
864691135341123525,864691135762141238,8
864691135341123525,864691135763051318,6
864691135341145009,864691135759492430,1
864691135341145009,864691135761994038,1
864691135341150897,864691135759141454,1
864691135341154737,864691135759299406,2
864691135341169329,864691135759788989,1
864691135341186225,864691135759422798,1
864691135341186225,864691135762141238,1
864691135341368517,864691135763555382,2
864691135341505221,864691135762028342,1
864691135341979845,864691135763962045,1
864691135341996485,864691135760012477,1
864691135342006705,864691135759422798,1
864691135342027717,864691135763962045,1
864691135342033605,864691135763962045,1
864691135342044613,864691135759194190,1
864691135342044613,864691135763962045,1
864691135342091697,864691135762678838,1
864691135342106289,864691135762426166,1
864691135342123185,864691135762028342,1
864691135342176177,864691135763555382,1
864691135342211249,864691135761994038,1
864691135342212785,864691135763962045,1
864691135342233285,864691135759872846,1
864691135342233285,864691135762426166,4
864691135342233285,864691135763892278,1
864691135342311877,864691135761994038,3
864691135342389957,864691135762512950,1
864691135342393029,864691135759872846,1
864691135342476209,864691135762141238,5
864691135342476209,864691135763051318,1
864691135342711493,864691135759118926,1
864691135342822833,864691135762956598,1
864691135342876081,864691135759253070,2
864691135342876081,864691135759978062,1
864691135342876081,864691135760674638,1
864691135342876081,864691135762088758,1
864691135342876081,864691135762613558,3
864691135342876081,864691135762658614,1
864691135342876081,864691135763795510,2
864691135342876081,864691135771617275,1
864691135342882245,864691135759388494,3
864691135342930629,864691135759118926,1
864691135342958789,864691135771601147,1
864691135342995377,864691135762028342,1
864691135342995377,864691135763892278,1
864691135343016369,864691135760005966,1
864691135343367877,864691135759118926,2
864691135343427525,864691135762574646,1
864691135343569585,864691135761994038,5
864691135343569585,864691135762141238,2
864691135343588549,864691135759141454,1
864691135343588549,864691135759872846,1
864691135343588549,864691135760319822,1
864691135343616453,864691135761029710,1
864691135343618501,864691135759118926,2
864691135343618501,864691135762513974,1
864691135343625905,864691135759388494,1
864691135343625905,864691135759422798,1
864691135343625905,864691135762512950,5
864691135343625905,864691135762678838,1
864691135343675077,864691135760319822,1
864691135343710641,864691135759118926,1
864691135343840945,864691135760812110,1
864691135343840945,864691135764464438,2
864691135343952049,864691135759118926,1
864691135343952049,864691135760122958,1
864691135343967153,864691135759978062,2
864691135343967153,864691135760812110,1
864691135343974577,864691135759141454,2
864691135343974577,864691135771588091,2
864691135344192945,864691135759141454,1
864691135345103007,864691135760674638,1
864691135345103007,864691135763364662,1
864691135345114015,864691135759105102,1
864691135345127583,864691135759275854,1
864691135345127583,864691135760012477,1
864691135345140639,864691135762043702,1
864691135345145759,864691135760012477,1
864691135345147295,864691135759194190,1
864691135345162655,864691135759788989,1
864691135345166751,864691135760012477,1
864691135345174431,864691135760022606,1
864691135345174431,864691135762574646,2
864691135345174431,864691135762725430,2
864691135345175711,864691135762676790,2
864691135345182879,864691135763079734,1
864691135345190815,864691135762513974,1
864691135345210271,864691135762028342,1
864691135345232287,864691135762692662,1
864691135345235103,864691135759422798,5
864691135345258911,864691135761029710,1
864691135345258911,864691135764324918,1
864691135345517471,864691135762028342,1
864691135345542303,864691135762028342,1
864691135345588127,864691135759388494,1
864691135345618591,864691135759492430,1
864691135345909407,864691135759118926,1
864691135345953439,864691135759194190,1
864691135346100639,864691135762678838,1
864691135346171295,864691135762141238,1
864691135346180511,864691135759388494,1
864691135346302879,864691135759388494,2
864691135346302879,864691135762512950,1
864691135346616479,864691135759422798,1
864691135346692767,864691135762141238,2
864691135346710175,864691135762576950,1
864691135346759839,864691135763079734,1
864691135346887583,864691135760674638,1
864691135346887583,864691135762576950,3
864691135347123103,864691135762576950,2
864691135347593119,864691135764631862,1
864691135347672991,864691135760674638,1
864691135347693215,864691135762576950,1
864691135347849631,864691135759141454,1
864691135348250327,864691135759835325,1
864691135348269271,864691135763051318,1
864691135348269783,864691135763962045,1
864691135348298967,864691135759422798,1
864691135348298967,864691135763051318,2
864691135348306391,864691135759422798,1
864691135348724951,864691135759118926,1
864691135348999639,864691135759422798,1
864691135349080535,864691135759105102,1
864691135349118423,864691135763962045,1
864691135349147095,864691135759614542,1
864691135349205207,864691135762692662,1
864691135350476759,864691135762026806,1
864691135350529495,864691135763079734,1
864691135350977751,864691135761029710,2
864691135350977751,864691135763941174,1
864691135350977751,864691135764631862,1
864691135350993879,864691135760674638,1
864691135351220951,864691135759118926,2
864691135351220951,864691135760962638,1
864691135351291351,864691135759118926,2
864691135354916559,864691135762596797,1
864691135354925775,864691135763112125,1
864691135355027919,864691135759492430,1
864691135355256783,864691135759788989,2
864691135355256783,864691135763962045,1
864691135355473103,864691135762596797,1
864691135355473103,864691135762692662,1
864691135355545295,864691135763962045,1
864691135355708623,864691135762099510,1
864691135355728847,864691135762028342,1
864691135355739343,864691135762725430,1
864691135355757007,864691135759422798,1
864691135355988175,864691135759616701,1
864691135355988175,864691135762320438,1
864691135356087247,864691135760812110,2
864691135356400847,864691135759118926,2
864691135356708303,864691135763364662,1
864691135356717519,864691135763079734,1
864691135356765903,864691135759410254,7
864691135356765903,864691135762141238,2
864691135356765903,864691135763051318,3
864691135356864975,864691135763098934,3
864691135357039567,864691135762613558,1
864691135357059535,864691135760674638,2
864691135357078479,864691135762026806,2
864691135357078479,864691135763079734,8
864691135357078479,864691135764062006,1
864691135357283791,864691135759141454,1
864691135357283791,864691135763098934,1
864691135357328591,864691135763098934,1
864691135357422543,864691135759253070,1
864691135357422543,864691135762658614,1
864691135357422543,864691135763795510,1
864691135357427407,864691135763364662,1
864691135357429199,864691135760005966,3
864691135357429199,864691135763026230,1
864691135357471439,864691135763396406,2
864691135358839128,864691135759616701,2
864691135358848088,864691135761994038,1
864691135359161432,864691135762026806,2
864691135359161432,864691135762426166,1
864691135359161432,864691135771588091,1
864691135359278936,864691135762599990,1
864691135359411800,864691135763081526,1
864691135359628632,864691135762585398,1
864691135359653464,864691135762692662,1
864691135359673944,864691135759788989,1
864691135359710040,864691135759788989,1
864691135359728472,864691135762513974,1
864691135359803736,864691135759835325,1
864691135359806040,864691135762591286,1
864691135359945816,864691135761521462,3
864691135359945816,864691135762088758,3
864691135359945816,864691135762658614,1
864691135359945816,864691135771617275,9
864691135360007512,864691135759118926,1
864691135360123207,864691135759275854,6
864691135360124487,864691135759422798,1
864691135360124487,864691135762141238,1
864691135360126535,864691135761081934,1
864691135360132935,864691135763241526,1
864691135360146503,864691135759616701,1
864691135360153159,864691135759194190,1
864691135360153159,864691135762956086,1
864691135360434247,864691135759194190,1
864691135360604999,864691135761994038,1
864691135360737112,864691135762576950,1
864691135360979015,864691135759616701,1
864691135361052231,864691135759141454,1
864691135361083975,864691135762513974,2
864691135361107015,864691135762043702,1
864691135361108039,864691135759275854,1
864691135361199192,864691135762028342,1
864691135361199192,864691135763127862,1
864691135361231448,864691135760005966,1
864691135361231448,864691135762678838,1
864691135361247815,864691135762585398,1
864691135361314392,864691135760674638,1
864691135361568583,864691135763241526,1
864691135361605703,864691135763081526,1
864691135361619271,864691135762658614,1
864691135362019143,864691135760005966,1
864691135362019143,864691135763026230,1
864691135362052679,864691135759141454,1
864691135362221895,864691135762692662,1
864691135362221895,864691135763962045,1
864691135362526023,864691135759118926,1
864691135362528583,864691135760319822,5
864691135366936825,864691135762088758,2
864691135366936825,864691135762658614,2
864691135366940921,864691135759361102,1
864691135366962169,864691135759410254,1
864691135366974457,864691135759194190,1
864691135366976761,864691135759492430,1
864691135367010041,864691135759118926,1
864691135367436537,864691135759194190,1
864691135367436537,864691135759410254,3
864691135367436537,864691135760962638,2
864691135367436537,864691135762956086,1
864691135367442937,864691135763098934,1
864691135367454457,864691135762320438,1
864691135367479289,864691135761994038,1
864691135367836665,864691135759616701,1
864691135367836665,864691135762141238,1
864691135367873273,864691135760122958,1
864691135367887865,864691135759422798,1
864691135367898361,864691135762576950,1
864691135367962873,864691135759616701,1
864691135368110073,864691135762141238,1
864691135368113913,864691135759422798,1
864691135368425209,864691135762512950,1
864691135368425209,864691135762678838,2
864691135368655609,864691135764062006,2
864691135368655609,864691135764631862,2
864691135368791545,864691135760005966,1
864691135368791545,864691135760208974,1
864691135368860409,864691135760005966,1
864691135368950521,864691135763026230,2
864691135368950521,864691135764464438,1
864691135368954361,864691135760005966,1
864691135369261049,864691135760674638,1
864691135369616377,864691135759872846,1
864691135369616377,864691135762426166,1
864691135369635833,864691135759299406,1
864691135369635833,864691135760005966,1
864691135369697017,864691135760005966,1
864691135369713913,864691135759872846,1
864691135373364936,864691135765778365,1
864691135373384136,864691135759118926,1
864691135373399752,864691135762096438,1
864691135373426120,864691135762490678,1
864691135373618249,864691135762599990,1
864691135373634121,864691135759422798,1
864691135373646153,864691135763112125,1
864691135373647177,864691135759361102,1
864691135373652041,864691135759788989,1
864691135373675081,864691135760962638,1
864691135373675081,864691135762599990,1
864691135373680328,864691135760005966,2
864691135373680328,864691135763026230,1
864691135373687881,864691135762956086,1
864691135373690185,864691135760962638,1
864691135373691465,864691135760962638,1
864691135373693769,864691135759105102,1
864691135373693769,864691135759422798,1
864691135373694537,864691135759616701,1
864691135373703753,864691135759253070,1
864691135373703753,864691135760005966,1
864691135373703753,864691135763795510,2
864691135373713993,864691135759388494,1
864691135373716809,864691135762585398,1
864691135373727561,864691135762678838,1
864691135373753417,864691135759616701,1
864691135373776584,864691135762956086,1
864691135373891016,864691135762088758,1
864691135373891016,864691135771617275,1
864691135373995720,864691135759410254,1
864691135373995720,864691135761521462,1
864691135373995720,864691135762141238,1
864691135374028488,864691135762678838,1
864691135374223816,864691135759275854,1
864691135374241480,864691135762043702,1
864691135374388297,864691135762426166,1
864691135374393929,864691135760208974,1
864691135374398537,864691135763241526,1
864691135374442184,864691135759616701,1
864691135374456008,864691135759361102,2
864691135374457288,864691135760962638,4
864691135374457288,864691135762599990,3
864691135374465480,864691135762774838,1
864691135374711113,864691135759788989,2
864691135374907977,864691135759275854,1
864691135374907977,864691135760012477,1
864691135374957768,864691135762576950,1
864691135375057993,864691135760005966,1
864691135375089993,864691135760319822,1
864691135375179593,864691135759872846,1
864691135375179593,864691135761994038,1
864691135375430985,864691135759141454,4
864691135375430985,864691135759872846,2
864691135375430985,864691135762426166,1
864691135375473993,864691135761521462,1
864691135375473993,864691135761994038,1
864691135375473993,864691135762141238,2
864691135375473993,864691135762512950,1
864691135375498952,864691135762088758,2
864691135375498952,864691135762490678,1
864691135375554889,864691135759118926,1
864691135375749832,864691135760812110,1
864691135375749961,864691135759118926,1
864691135375765321,864691135759118926,1
864691135375765321,864691135762426166,1
864691135375776712,864691135763079734,1
864691135375822792,864691135762956598,1
864691135376030664,864691135771617275,1
864691135376399689,864691135761029710,2
864691135376399689,864691135764631862,3
864691135376429897,864691135759118926,1
864691135376508745,864691135762141238,1
864691135376575049,864691135761029710,2
864691135379650034,864691135762576950,18
864691135382472666,864691135761994038,1
864691135382480346,864691135762692662,1
864691135382502874,864691135762576950,4
864691135382590938,864691135759978062,2
864691135382590938,864691135764324918,1
864691135382853594,864691135763241526,1
864691135382909419,864691135760674638,1
864691135382909419,864691135763241526,1
864691135382942682,864691135762141238,2
864691135382957530,864691135762576950,1
864691135383028698,864691135759194190,1
864691135383272171,864691135763241526,1
864691135383296235,864691135759422798,3
864691135383296235,864691135761994038,1
864691135383334106,864691135762141238,1
864691135383422170,864691135760962638,1
864691135383422170,864691135762599990,1
864691135383494362,864691135759616701,1
864691135383516122,864691135762320438,1
864691135383775450,864691135763241526,1
864691135383783147,864691135759410254,1
864691135383789530,864691135759410254,1
864691135383833306,864691135759422798,4
864691135383850987,864691135759616701,1
864691135383850987,864691135759835325,1
864691135383857387,864691135763098934,1
864691135383936730,864691135759118926,1
864691135383963866,864691135759118926,3
864691135384138475,864691135762774838,1
864691135384251883,864691135763079734,2
864691135384290010,864691135760674638,1
864691135384309210,864691135760674638,1
864691135384450522,864691135759118926,1
864691135384450522,864691135762576950,1
864691135384507610,864691135759417934,1
864691135384507610,864691135762956598,1
864691135384509658,864691135762576950,1
864691135384524779,864691135759118926,1
864691135384758763,864691135759118926,1
864691135384926426,864691135762099510,3
864691135384998379,864691135762576950,1
864691135385020122,864691135760319822,1
864691135385020122,864691135760674638,4
864691135385020122,864691135764464438,1
864691135385126379,864691135759141454,1
864691135385126379,864691135759872846,1
864691135385148139,864691135759118926,1
864691135385174101,864691135762692662,1
864691135385196885,864691135771617275,1
864691135385218133,864691135759835325,1
864691135385218901,864691135762096438,1
864691135385221205,864691135759788989,2
864691135385232725,864691135761994038,1
864691135385246805,864691135762613558,1
864691135385249877,864691135762026806,1
864691135385254229,864691135762574646,1
864691135385254741,864691135762676790,1
864691135385257557,864691135759872846,1
864691135385274709,864691135759118926,1
864691135385290837,864691135762141238,2
864691135385298517,864691135763962045,1
864691135385307477,864691135759422798,1
864691135385307989,864691135759616701,1
864691135385318229,864691135771588091,1
864691135385338453,864691135762028342,1
864691135385346539,864691135759280462,4
864691135385346539,864691135759872846,4
864691135385346539,864691135760812110,1
864691135385346539,864691135762426166,1
864691135385349717,864691135759872846,1
864691135385356629,864691135763795510,1
864691135385366613,864691135762596797,1
864691135385368405,864691135762513974,1
864691135385394411,864691135759141454,1
864691135385394411,864691135762028342,4
864691135385394411,864691135762426166,1
864691135385657941,864691135760012477,1
864691135385683285,864691135759118926,7
864691135385683285,864691135771588091,2
864691135385774165,864691135762028342,2
864691135385820501,864691135762689334,1
864691135385846101,864691135759741629,1
864691135386211157,864691135762774838,1
864691135386221141,864691135761994038,1
864691135386222165,864691135761994038,1
864691135386232405,864691135763079734,1
864691135386257237,864691135759422798,1
864691135386282837,864691135759388494,1
864691135386289749,864691135763098934,1
864691135386303317,864691135759616701,1
864691135386350977,864691135759275854,1
864691135386379093,864691135759788989,1
864691135386385493,864691135762088758,1
864691135386390913,864691135762141238,2
864691135386402433,864691135762967229,1
864691135386409089,864691135762774838,1
864691135386469717,864691135759492430,1
864691135386498433,864691135759410254,1
864691135386498433,864691135760962638,1
864691135386608213,864691135759492430,2
864691135386757973,864691135759422798,1
864691135386891137,864691135762490678,1
864691135386899029,864691135771601147,1
864691135387052417,864691135759872846,1
864691135387181141,864691135763098934,1
864691135387410049,864691135759614542,2
864691135387434113,864691135762599990,1
864691135387445377,864691135762043702,1
864691135387514497,864691135759422798,1
864691135387523969,864691135760122958,1
864691135387529301,864691135760208974,1
864691135387529301,864691135760319822,1
864691135387529301,864691135764631862,1
864691135387557973,864691135759872846,1
864691135387557973,864691135763941174,2
864691135387603585,864691135759616701,1
864691135387603585,864691135759835325,1
864691135387604353,864691135762576950,1
864691135387614849,864691135759616701,1
864691135387614849,864691135759741629,1
864691135387690069,864691135762599990,1
864691135387898965,864691135759388494,1
864691135388015445,864691135760005966,1
864691135388015445,864691135764631862,1
864691135388368001,864691135763396406,1
864691135388368001,864691135763795510,1
864691135388545921,864691135763364662,1
864691135388570497,864691135758672206,1
864691135388660865,864691135760122958,1
864691135388660865,864691135762774838,1
864691135388660865,864691135763364662,1
864691135388961665,864691135762689334,1
864691135389004929,864691135760674638,1
864691135389195137,864691135759417934,1
864691135389231233,864691135762576950,1
864691135389231233,864691135763026230,6
864691135389231233,864691135763081526,1
864691135389231233,864691135764464438,1
864691135389273217,864691135764324918,2
864691135389296769,864691135759872846,1
864691135389296769,864691135762426166,1
864691135389321345,864691135759118926,1
864691135389321345,864691135759872846,1
864691135389321345,864691135760812110,1
864691135389371265,864691135762613558,1
864691135392223218,864691135763079734,1
864691135393965557,864691135763079734,1
864691135393976565,864691135764062006,1
864691135394009077,864691135762088758,1
864691135394025717,864691135759492430,1
864691135394328821,864691135759253070,1
864691135394328821,864691135771601147,1
864691135394438645,864691135762774838,1
864691135394659061,864691135764062006,1
864691135394702581,864691135762426166,1
864691135394924277,864691135759616701,2
864691135394924277,864691135759835325,1
864691135394962677,864691135762028342,1
864691135394966005,864691135771590395,2
864691135394967797,864691135759194190,1
864691135394967797,864691135762956086,1
864691135394969333,864691135762574646,1
864691135394969333,864691135762599990,2
864691135394969333,864691135762774838,1
864691135394982133,864691135760012477,1
864691135394982133,864691135762967229,1
864691135395410677,864691135759141454,4
864691135395410677,864691135759872846,2
864691135395410677,864691135762028342,3
864691135395511029,864691135763892278,1
864691135395577845,864691135759118926,1
864691135395957493,864691135759118926,1
864691135396172533,864691135760208974,1
864691135396342517,864691135761521462,1
864691135396342517,864691135762099510,6
864691135396342517,864691135762512950,1
864691135396570401,864691135763892278,1
864691135396642337,864691135760005966,1
864691135396701429,864691135763364662,1
864691135396702753,864691135759616701,4
864691135396702753,864691135761994038,2
864691135396724725,864691135762576950,1
864691135396794101,864691135771588091,1
864691135396806945,864691135762426166,2
864691135396821281,864691135759388494,1
864691135396821281,864691135762658614,1
864691135396843809,864691135762689334,1
864691135396844577,864691135760012477,1
864691135396902689,864691135758672206,1
864691135396929569,864691135759410254,1
864691135396931573,864691135763241526,1
864691135396940021,864691135761029710,1
864691135397055733,864691135762576950,1
864691135397171745,864691135763941174,1
864691135397234209,864691135759422798,1
864691135397303841,864691135759872846,1
864691135397321761,864691135759422798,1
864691135397385505,864691135759872846,1
864691135397385505,864691135762028342,1
864691135397449249,864691135759835325,2
864691135397464865,864691135759361102,1
864691135397510689,864691135762678838,2
864691135397512737,864691135759118926,1
864691135397528097,864691135759118926,1
864691135397567521,864691135759410254,1
864691135397579553,864691135762099510,2
864691135397846049,864691135763241526,1
864691135398159393,864691135771588091,1
864691135398560801,864691135760122958,1
864691135398717217,864691135762574646,7
864691135398717217,864691135762599990,1
864691135398868257,864691135760674638,1
864691135398925345,864691135763941174,1
864691135398941217,864691135763941174,1
864691135398955809,864691135759872846,2
864691135398985761,864691135759978062,1
864691135398987297,864691135763026230,3
864691135398987297,864691135764631862,4
864691135403744238,864691135762490678,1
864691135403747566,864691135759422798,1
864691135403750894,864691135760122958,1
864691135403757806,864691135764324918,1
864691135403772654,864691135763079734,1
864691135403787246,864691135760759374,2
864691135404115438,864691135759118926,1
864691135404120814,864691135759410254,1
864691135404198126,864691135759788989,1
864691135404198126,864691135763962045,1
864691135404212462,864691135762689334,1
864691135404452590,864691135759105102,1
864691135404606446,864691135759422798,1
864691135404631790,864691135759872846,1
864691135404636654,864691135759141454,2
864691135404644846,864691135763962045,3
864691135404657646,864691135759616701,1
864691135404763374,864691135759492430,1
864691135405325806,864691135759118926,1
864691135405325806,864691135762026806,1
864691135405337326,864691135762141238,1
864691135405337326,864691135764631862,1
864691135405422062,864691135763941174,3
864691135405480430,864691135763941174,3
864691135405480430,864691135764464438,1
864691135405691118,864691135762028342,1
864691135405794030,864691135763941174,1
864691135405876718,864691135763941174,1
864691135407272137,864691135762088758,1
864691135407316681,864691135759835325,2
864691135407553737,864691135759741629,1
864691135407553737,864691135759835325,1
864691135407558345,864691135759741629,4
864691135407558345,864691135760012477,1
864691135407641545,864691135759410254,12
864691135407641545,864691135762141238,2
864691135408117961,864691135759616701,1
864691135408209353,864691135761994038,2
864691135408213193,864691135762576950,1
864691135408445641,864691135759238222,1
864691135409195465,864691135763098934,1
864691135409523401,864691135760812110,5
864691135409554121,864691135760759374,1
864691135409554121,864691135762574646,1
864691135409554121,864691135762613558,1
864691135409554121,864691135762658614,1
864691135409554121,864691135762725430,1
864691135409844169,864691135763396406,2
864691135409856713,864691135759978062,1
864691135409856713,864691135761029710,3
864691135409856713,864691135763941174,3
864691135409856713,864691135764631862,4
864691135409951689,864691135760674638,2
864691135410077897,864691135760005966,2
864691135410077897,864691135762658614,1
864691135410077897,864691135763051318,1
864691135410077897,864691135771617275,1
864691135410116041,864691135759118926,1
864691135410116041,864691135761029710,1
864691135410116041,864691135764324918,1
864691135410116041,864691135771601147,1
864691135410137545,864691135760005966,1
864691135410140361,864691135763098934,1
864691135410186441,864691135761029710,1
864691135410186441,864691135762613558,1
864691135415441850,864691135763098934,1
864691135415449530,864691135762774838,1
864691135415460026,864691135759118926,1
864691135415462074,864691135759105102,3
864691135415483834,864691135771617275,1
864691135415491514,864691135759410254,2
864691135415503290,864691135759388494,1
864691135415503290,864691135763241526,1
864691135415505338,864691135759835325,1
864691135415806650,864691135762028342,1
864691135415928762,864691135759872846,1
864691135415928762,864691135762426166,4
864691135415958202,864691135759417934,1
864691135415989178,864691135762141238,1
864691135416106426,864691135759410254,1
864691135416123322,864691135759105102,1
864691135416531386,864691135760012477,1
864691135416979642,864691135763051318,1
864691135417286842,864691135759275854,1
864691135417564346,864691135759410254,1
864691135417780154,864691135763098934,1
864691135417784506,864691135762772534,1
864691135418002874,864691135761994038,1
864691135418028218,864691135762774838,2
864691135418343866,864691135759118926,3
864691135418355130,864691135762576950,1
864691135418399418,864691135760208974,1
864691135418399418,864691135760674638,1
864691135418399418,864691135763795510,2
864691135418414266,864691135771588091,1
864691135418449850,864691135763127862,1
864691135428491056,864691135759118926,1
864691135428509744,864691135762099510,1
864691135428511792,864691135759118926,1
864691135428515888,864691135762028342,1
864691135428956464,864691135759616701,1
864691135429370928,864691135759118926,1
864691135429447472,864691135762772534,1
864691135429546800,864691135762426166,1
864691135429586992,864691135759872846,2
864691135429586992,864691135762426166,1
864691135429586992,864691135763127862,1
864691135429597232,864691135759253070,2
864691135429597232,864691135761521462,1
864691135429597232,864691135762099510,1
864691135429597232,864691135771617275,2
864691135429612592,864691135759492430,3
864691135429763120,864691135762956086,1
864691135429796656,864691135763962045,1
864691135429875760,864691135763962045,3
864691135430004016,864691135759616701,1
864691135430122800,864691135759118926,1
864691135430275120,864691135759118926,1
864691135430290480,864691135764631862,1
864691135430388784,864691135763241526,1
864691135430561584,864691135762426166,1
864691135430749232,864691135760022606,1
864691135430923824,864691135763396406,2
864691135431063344,864691135763364662,1
864691135431242288,864691135762141238,1
864691135431304496,864691135759141454,1
864691135431456816,864691135759253070,3
864691135431456816,864691135760208974,3
864691135431456816,864691135762088758,2
864691135431456816,864691135762613558,1
864691135431456816,864691135762658614,1
864691135431456816,864691135763795510,2
864691135431579440,864691135759388494,1
864691135431677744,864691135762426166,1
864691135431812656,864691135759410254,2
864691135431820848,864691135762028342,1
864691135431820848,864691135762426166,1
864691135431870256,864691135760208974,2
864691135431870256,864691135762576950,1
864691135431870256,864691135763026230,2
864691135431870256,864691135763081526,1
864691135431870256,864691135764464438,2
864691135431931184,864691135763127862,1
864691135431976496,864691135759118926,1
864691135431976496,864691135762676790,2
864691135431978800,864691135762599990,1
864691135431993904,864691135762576950,2
864691135431993904,864691135763026230,1
864691135432016432,864691135761029710,1
864691135440456264,864691135760122958,1
864691135440463176,864691135759299406,2
864691135440474696,864691135759741629,1
864691135440793672,864691135759741629,1
864691135441286728,864691135759105102,1
864691135441286728,864691135760012477,1
864691135441286728,864691135762967229,1
864691135441307976,864691135759616701,1
864691135441440584,864691135759872846,1
864691135441579080,864691135759616701,2
864691135441585224,864691135759616701,1
864691135441731400,864691135762956086,1
864691135441787208,864691135762676790,1
864691135441788488,864691135759835325,1
864691135441788488,864691135762320438,2
864691135442044744,864691135759388494,1
864691135442209096,864691135763079734,2
864691135442304584,864691135762426166,1
864691135442591048,864691135759118926,1
864691135442682696,864691135759410254,1
864691135442682696,864691135762141238,2
864691135442682696,864691135763051318,3
864691135442781512,864691135761029710,1
864691135442818120,864691135763098934,1
864691135442839112,864691135760005966,6
864691135442839112,864691135760208974,1
864691135442839112,864691135760319822,2
864691135442839112,864691135760674638,1
864691135442839112,864691135760812110,1
864691135442839112,864691135761029710,1
864691135442839112,864691135763026230,10
864691135442839112,864691135763396406,1
864691135442839112,864691135764464438,7
864691135442839112,864691135764631862,6
864691135442858568,864691135760674638,1
864691135445560466,864691135762490678,1
864691135445630610,864691135759299406,1
864691135445638546,864691135762512950,1
864691135445799314,864691135759118926,1
864691135445799314,864691135771588091,1
864691135445939602,864691135761994038,1
864691135445939602,864691135763555382,1
864691135445993618,864691135761994038,1
864691135445997458,864691135760012477,1
864691135445997458,864691135762320438,1
864691135445997458,864691135762692662,1
864691135445997458,864691135763555382,1
864691135445998226,864691135759118926,1
864691135446037394,864691135761994038,1
864691135446049682,864691135762028342,1
864691135446065810,864691135762599990,3
864691135446128274,864691135760759374,1
864691135446311314,864691135759118926,2
864691135446394514,864691135759616701,2
864691135446397842,864691135762585398,1
864691135446432146,864691135762088758,1
864691135446463634,864691135759422798,1
864691135446540434,864691135758975822,1
864691135446560658,864691135763962045,1
864691135446561170,864691135764062006,1
864691135446565010,864691135763962045,1
864691135446618196,864691135763795510,1
864691135446633300,864691135759422798,1
864691135446635092,864691135760962638,1
864691135446725266,864691135761994038,1
864691135446753364,864691135761994038,2
864691135446753364,864691135763051318,1
864691135446785426,864691135759872846,1
864691135446808722,864691135759422798,3
864691135446808722,864691135762678838,1
864691135446857618,864691135762576950,1
864691135446890130,864691135762967229,1
864691135446953556,864691135759492430,1
864691135446953556,864691135760012477,1
864691135446953556,864691135761994038,1
864691135446953556,864691135762141238,1
864691135446953556,864691135763555382,3
864691135446982596,864691135762585398,1
864691135447051860,864691135759616701,1
864691135447069780,864691135760962638,1
864691135447069780,864691135762096438,1
864691135447286868,864691135758643389,1
864691135447286868,864691135763112125,1
864691135447321490,864691135762956598,1
864691135447371922,864691135762088758,1
864691135447402068,864691135759835325,1
864691135447402068,864691135763555382,1
864691135447491668,864691135762576950,1
864691135447551634,864691135762772534,1
864691135447554962,864691135763941174,2
864691135447560532,864691135762426166,1
864691135447628372,864691135760022606,1
864691135447628372,864691135761029710,1
864691135447635346,864691135762043702,1
864691135447686996,864691135760319822,1
864691135447686996,864691135762956598,1
864691135447701332,864691135761081934,1
864691135447701332,864691135762678838,1
864691135447701332,864691135771601147,1
864691135447756628,864691135763098934,1
864691135447777682,864691135761029710,1
864691135447820946,864691135763051318,2
864691135447888274,864691135760674638,1
864691135447888274,864691135762576950,1
864691135447906132,864691135759118926,1
864691135447993746,864691135760674638,1
864691135448024916,864691135762772534,1
864691135448165010,864691135760208974,1
864691135448212882,864691135760812110,1
864691135448256146,864691135760674638,1
864691135448309394,864691135764631862,1
864691135448359314,864691135760812110,1
864691135448374162,864691135759118926,1
864691135448520276,864691135759118926,1
864691135448520276,864691135762576950,2
864691135448743508,864691135763941174,1
864691135448810324,864691135763396406,1
864691135448811860,864691135760674638,1
864691135448820564,864691135759872846,1
864691135454050154,864691135760674638,1
864691135454089578,864691135759978062,2
864691135454090090,864691135762320438,1
864691135454099306,864691135762490678,1
864691135454457450,864691135759388494,1
864691135454878570,864691135759616701,2
864691135454878570,864691135763962045,1
864691135454924650,864691135760012477,1
864691135454989418,864691135759275854,1
864691135455054186,864691135764062006,1
864691135455103338,864691135763941174,1
864691135455485802,864691135759118926,1
864691135455689578,864691135759118926,1
864691135455689578,864691135759872846,1
864691135455819114,864691135760208974,1
864691135455977578,864691135764062006,2
864691135456054212,864691135762956086,2
864691135456076138,864691135760674638,2
864691135456172394,864691135762088758,2
864691135456216426,864691135762774838,1
864691135456535658,864691135760005966,10
864691135456535658,864691135760208974,3
864691135456535658,864691135760319822,1
864691135456535658,864691135761029710,1
864691135456535658,864691135763026230,3
864691135456535658,864691135763081526,2
864691135456535658,864691135763795510,1
864691135456535658,864691135764464438,3
864691135456535658,864691135764631862,1
864691135456920938,864691135760022606,1
864691135456920938,864691135763941174,1
864691135459719108,864691135759788989,1
864691135459719108,864691135762591286,1
864691135459719108,864691135763962045,2
864691135460519876,864691135759275854,1
864691135462241949,864691135762426166,1
864691135462243229,864691135761994038,1
864691135462244509,864691135762490678,1
864691135462259101,864691135763079734,1
864691135462270365,864691135771601147,1
864691135462273949,864691135760962638,2
864691135462688574,864691135764464438,1
864691135462716061,864691135759616701,2
864691135462716061,864691135759835325,1
864691135462722110,864691135759616701,1
864691135462722110,864691135759835325,1
864691135462725694,864691135760759374,1
864691135462731070,864691135762513974,2
864691135462740798,864691135761994038,1
864691135462749246,864691135760759374,1
864691135462749246,864691135761521462,4
864691135462749246,864691135762088758,2
864691135462749246,864691135762099510,1
864691135462749246,864691135762574646,2
864691135462749246,864691135762658614,7
864691135462764957,864691135759978062,1
864691135462857117,864691135759388494,1
864691135462996381,864691135762599990,2
864691135462999870,864691135759299406,1
864691135463098269,864691135759118926,1
864691135463135901,864691135762772534,1
864691135463137598,864691135759872846,1
864691135463171997,864691135759614542,1
864691135463242909,864691135761521462,5
864691135463242909,864691135762658614,2
864691135463400349,864691135762658614,1
864691135463408541,864691135759788989,1
864691135463418525,864691135762574646,2
864691135463496261,864691135762774838,1
864691135463533637,864691135759872846,2
864691135463537214,864691135763079734,1
864691135463551294,864691135759422798,1
864691135463574173,864691135762689334,1
864691135463606846,864691135759118926,1
864691135463606846,864691135760674638,1
864691135463606846,864691135762676790,1
864691135463653438,864691135763079734,1
864691135463670334,864691135762490678,1
864691135463677502,864691135762513974,1
864691135463682110,864691135759422798,1
864691135463692606,864691135759194190,1
864691135463696446,864691135759253070,2
864691135463696446,864691135759978062,1
864691135463696446,864691135764324918,1
864691135463696446,864691135771601147,6
864691135463696958,864691135759422798,1
864691135463696958,864691135771617275,1
864691135463719837,864691135763026230,1
864691135463750813,864691135762658614,1
864691135463750813,864691135771617275,1
864691135463752254,864691135760122958,1
864691135463752254,864691135762043702,1
864691135464076701,864691135759299406,1
864691135464124229,864691135762141238,1
864691135464166718,864691135763098934,1
864691135464273982,864691135759410254,2
864691135464273982,864691135760962638,1
864691135464273982,864691135762574646,1
864691135464273982,864691135762599990,1
864691135464289093,864691135761081934,1
864691135464328005,864691135762774838,1
864691135464392005,864691135760674638,1
864691135464404293,864691135759616701,1
864691135464456005,864691135762099510,1
864691135464471965,864691135762028342,1
864691135464471965,864691135762426166,2
864691135464471965,864691135763127862,1
864691135464471965,864691135763941174,3
864691135464482629,864691135759616701,1
864691135464482629,864691135759741629,1
864691135464602693,864691135762576950,1
864691135464624453,864691135759422798,1
864691135464709533,864691135760674638,1
864691135464726941,864691135764324918,2
864691135464739902,864691135771588091,1
864691135464744861,864691135762574646,1
864691135464775237,864691135762678838,1
864691135464789310,864691135759118926,1
864691135464789310,864691135762576950,2
864691135464796222,864691135764324918,1
864691135464921406,864691135759253070,1
864691135464921406,864691135759299406,1
864691135464921406,864691135760005966,1
864691135464921406,864691135763795510,1
864691135464948381,864691135762426166,1
864691135464969790,864691135763364662,1
864691135465001373,864691135759417934,1
864691135465001373,864691135760674638,1
864691135465001373,864691135762956598,2
864691135465005374,864691135764631862,3
864691135465163677,864691135760022606,1
864691135465194053,864691135764631862,1
864691135465220926,864691135763081526,1
864691135465241157,864691135762774838,1
864691135465306693,864691135759872846,2
864691135465551429,864691135760122958,2
864691135465551429,864691135762774838,1
864691135465551429,864691135763241526,1
864691135466025285,864691135760674638,2
864691135466222149,864691135759118926,1
864691135466222149,864691135764062006,1
864691135466229317,864691135763364662,1
864691135466237509,864691135760674638,1
864691135466237509,864691135763026230,1
864691135466392901,864691135759788989,1
864691135466405957,864691135762028342,1
864691135466408261,864691135763941174,1
864691135466508613,864691135763941174,1
864691135467540108,864691135762490678,1
864691135467548556,864691135762490678,1
864691135467556748,864691135758672206,1
864691135467581324,864691135760674638,1
864691135467875724,864691135763079734,2
864691135468016268,864691135759299406,1
864691135468028044,864691135759422798,1
864691135468061068,864691135760962638,1
864691135468150866,864691135759141454,1
864691135468342866,864691135759788989,2
864691135468385362,864691135759616701,1
864691135468408402,864691135760962638,7
864691135468408402,864691135762096438,1
864691135468408402,864691135762599990,1
864691135468408402,864691135762956086,1
864691135468419212,864691135762676790,1
864691135468494930,864691135771590395,1
864691135468508812,864691135771598075,1
864691135468519564,864691135762678838,4
864691135468526988,864691135771588091,1
864691135468553868,864691135760012477,1
864691135468566668,864691135762585398,1
864691135468643212,864691135771617275,1
864691135468690258,864691135759741629,1
864691135468706700,864691135762574646,1
864691135468887634,864691135759422798,1
864691135468948364,864691135762658614,1
864691135468952972,864691135759118926,1
864691135469077330,864691135759835325,4
864691135469090898,864691135759410254,5
864691135469098066,864691135759118926,1
864691135469460876,864691135762576950,1
864691135469512332,864691135763241526,2
864691135469651282,864691135760005966,1
864691135469770380,864691135759141454,1
864691135469802124,864691135759141454,4
864691135469802124,864691135759872846,2
864691135469802124,864691135762028342,1
864691135469895308,864691135759118926,4
864691135469895308,864691135760005966,1
864691135469895308,864691135760674638,1
864691135469895308,864691135763026230,1
864691135469895308,864691135763127862,1
864691135469895308,864691135763241526,1
864691135469895308,864691135763941174,1
864691135469895308,864691135764631862,1
864691135469919884,864691135761029710,1
864691135470061394,864691135762512950,2
864691135470127698,864691135759118926,1
864691135470235986,864691135771588091,1
864691135470717522,864691135760674638,1
864691135470776146,864691135760319822,1
864691135470776146,864691135760812110,1
864691135470820946,864691135762490678,1
864691135470820946,864691135762512950,1
864691135470833746,864691135762426166,1
864691135470857298,864691135763364662,1
864691135470883922,864691135760319822,1
864691135472038194,864691135762512950,1
864691135472040498,864691135759422798,1
864691135472053042,864691135763962045,1
864691135472289330,864691135762692662,1
864691135472741170,864691135762490678,1
864691135472807474,864691135762512950,1
864691135472815410,864691135759872846,1
864691135472942642,864691135771590395,1
864691135472961842,864691135762026806,1
864691135472972594,864691135762725430,1
864691135472990258,864691135764464438,1
864691135472999986,864691135762692662,3
864691135473444658,864691135759422798,1
864691135473453362,864691135763364662,1
864691135473517874,864691135763081526,2
864691135473893682,864691135759118926,1
864691135473914674,864691135762576950,1
864691135474362930,864691135760674638,1
864691135474394930,864691135762426166,2
864691135474620480,864691135762096438,1
864691135474638898,864691135763962045,1
864691135474687040,864691135762426166,1
864691135474692160,864691135758643389,1
864691135474725696,864691135760962638,1
864691135474727232,864691135762676790,1
864691135474729280,864691135759835325,1
864691135474732096,864691135762099510,1
864691135474756160,864691135759238222,1
864691135474777408,864691135763555382,1
864691135475143232,864691135762956598,2
864691135475356480,864691135759741629,1
864691135475410752,864691135763962045,1
864691135475514944,864691135760208974,1
864691135475575104,864691135759118926,2
864691135475630400,864691135763962045,1
864691135475682112,864691135762678838,1
864691135475695936,864691135759616701,1
864691135475753024,864691135759253070,1
864691135475753024,864691135763081526,2
864691135475797568,864691135762678838,1
864691135475841344,864691135761029710,1
864691135475848768,864691135760962638,1
864691135475914304,864691135759492430,1
864691135475914304,864691135759616701,1
864691135475976768,864691135762141238,1
864691135475995968,864691135759410254,3
864691135475995968,864691135761081934,1
864691135475995968,864691135762141238,2
864691135476142760,864691135763962045,1
864691135476148392,864691135759492430,1
864691135476158888,864691135759194190,1
864691135476161192,864691135762576950,1
864691135476161192,864691135763079734,1
864691135476167592,864691135759422798,1
864691135476219332,864691135759105102,2
864691135476234304,864691135762096438,1
864691135476251200,864691135762725430,3
864691135476335016,864691135761994038,2
864691135476335016,864691135762141238,1
864691135476388520,864691135759422798,1
864691135476393792,864691135762772534,1
864691135476431680,864691135758672206,1
864691135476431680,864691135759872846,1
864691135476431680,864691135762028342,1
864691135476523176,864691135758975822,1
864691135476523840,864691135771601147,2
864691135476562856,864691135771588091,1
864691135476566696,864691135758975822,1
864691135476566696,864691135759422798,1
864691135476566696,864691135761994038,7
864691135476566696,864691135762141238,1
864691135476575144,864691135759299406,1
864691135476575144,864691135762088758,1
864691135476759976,864691135762513974,2
864691135476788648,864691135759872846,1
864691135476839848,864691135759238222,1
864691135476844200,864691135762513974,2
864691135476910248,864691135762028342,1
864691135476917160,864691135762774838,1
864691135476968000,864691135759253070,1
864691135476968000,864691135759299406,2
864691135476968000,864691135760005966,2
864691135476968000,864691135762088758,1
864691135476968000,864691135763081526,1
864691135476968000,864691135763795510,3
864691135476968000,864691135771617275,1
864691135476982696,864691135759872846,1
864691135476982696,864691135762426166,1
864691135476983208,864691135762512950,1
864691135476996520,864691135761994038,1
864691135477012648,864691135759118926,1
864691135477013928,864691135759141454,2
864691135477023912,864691135759118926,1
864691135477026472,864691135762658614,1
864691135477034920,864691135762141238,2
864691135477036200,864691135762043702,1
864691135477037480,864691135759835325,4
864691135477096256,864691135760674638,1
864691135477101224,864691135763079734,1
864691135477204392,864691135762772534,1
864691135477347240,864691135760674638,1
864691135477375808,864691135759118926,1
864691135477375808,864691135762576950,1
864691135477418920,864691135762676790,1
864691135477460544,864691135762725430,1
864691135477476928,864691135759118926,1
864691135477476928,864691135763081526,1
864691135477490496,864691135759253070,1
864691135477490496,864691135762613558,1
864691135478171048,864691135759361102,1
864691135478171048,864691135761029710,2
864691135478171048,864691135762576950,1
864691135478171048,864691135763941174,15
864691135478175656,864691135759978062,4
864691135478175656,864691135761029710,1
864691135478175656,864691135771601147,1
864691135478254248,864691135763026230,1
864691135478273478,864691135771588091,1
864691135478296262,864691135762689334,1
864691135478383528,864691135762088758,1
864691135478404520,864691135759141454,1
864691135478404520,864691135760319822,1
864691135478492840,864691135762774838,1
864691135478492840,864691135763098934,1
864691135478581446,864691135771590395,1
864691135478594728,864691135762576950,1
864691135478622150,864691135762774838,2
864691135478625448,864691135762576950,1
864691135479000518,864691135762141238,3
864691135479045574,864691135771617275,1
864691135479100358,864691135759105102,1
864691135479238342,864691135759118926,2
864691135479240646,864691135763051318,1
864691135479258054,864691135759194190,3
864691135479721414,864691135762676790,2
864691135479885254,864691135760674638,2
864691135480103878,864691135760319822,1
864691135480172742,864691135762774838,1
864691135480537542,864691135762676790,1
864691135480553414,864691135759194190,1
864691135480553414,864691135759410254,6
864691135480553414,864691135761994038,5
864691135480553414,864691135763051318,1
864691135480592838,864691135761081934,1
864691135480592838,864691135762599990,2
864691135480592838,864691135762774838,1
864691135480671430,864691135761994038,1
864691135480855750,864691135762426166,1
864691135480874950,864691135764062006,1
864691135481144518,864691135760962638,1
864691135485627076,864691135759788989,1
864691135488122564,864691135759616701,3
864691135488240954,864691135759105102,1
864691135488254522,864691135761994038,1
864691135488269626,864691135771590395,1
864691135488282426,864691135771590395,1
864691135488497978,864691135760012477,2
864691135488558138,864691135762956086,1
864691135488616762,864691135758672206,1
864691135488719674,864691135762772534,1
864691135489015866,864691135762426166,2
864691135489182522,864691135759788989,1
864691135489352250,864691135762774838,2
864691135489850426,864691135759141454,1
864691135490054202,864691135759238222,1
864691135490110266,864691135761994038,2
864691135490213479,864691135761521462,1
864691135490216807,864691135762490678,3
864691135490240103,864691135759410254,1
864691135490251623,864691135762956598,1
864691135490461754,864691135763026230,2
864691135490461754,864691135764464438,2
864691135490483559,864691135761994038,1
864691135490488935,864691135763241526,1
864691135490491706,864691135760812110,1
864691135490554682,864691135759280462,1
864691135490585402,864691135760674638,1
864691135490588986,864691135759118926,2
864691135490588986,864691135759361102,1
864691135490588986,864691135762576950,1
864691135490588986,864691135763026230,3
864691135490588986,864691135763396406,1
864691135490588986,864691135763941174,1
864691135490589799,864691135759492430,2
864691135490589799,864691135761994038,4
864691135490600935,864691135758643389,1
864691135490600935,864691135762596797,1
864691135490603066,864691135759118926,1
864691135490608871,864691135759238222,1
864691135490946151,864691135759835325,1
864691135490946151,864691135762692662,1
864691135490965351,864691135762774838,1
864691135490969447,864691135763892278,2
864691135491044967,864691135762028342,1
864691135491109991,864691135759141454,1
864691135491111527,864691135771588091,1
864691135491135335,864691135759410254,1
864691135491135335,864691135761994038,1
864691135491135335,864691135763051318,1
864691135491211359,864691135760674638,1
864691135491212127,864691135759105102,1
864691135491226207,864691135759194190,1
864691135491226207,864691135762956086,1
864691135491239007,864691135763127862,1
864691135491272167,864691135763892278,1
864691135491359335,864691135759388494,1
864691135491479655,864691135760812110,1
864691135491532647,864691135759118926,1
864691135491564775,864691135759616701,1
864691135491564775,864691135760012477,1
864691135491571943,864691135762141238,3
864691135491571943,864691135763051318,2
864691135491586655,864691135762513974,1
864691135491589607,864691135759417934,1
864691135491590887,864691135759238222,2
864691135491684583,864691135763795510,1
864691135491847775,864691135759141454,3
864691135492050663,864691135759616701,3
864691135492050663,864691135759741629,1
864691135492050663,864691135759835325,4
864691135492050663,864691135762692662,1
864691135492090463,864691135759788989,1
864691135492135775,864691135759141454,1
864691135492146015,864691135759616701,1
864691135492156767,864691135759616701,1
864691135492182111,864691135762513974,1
864691135492201823,864691135760962638,1
864691135492201823,864691135763962045,1
864691135492219879,864691135760759374,3
864691135492219879,864691135762574646,1
864691135492219879,864691135762725430,2
864691135492290399,864691135759194190,1
864691135492309599,864691135763962045,1
864691135492341599,864691135771588091,1
864691135492352095,864691135762141238,1
864691135492359007,864691135762088758,8
864691135492359007,864691135771617275,7
864691135492372831,864691135759872846,1
864691135492398055,864691135759299406,1
864691135492398055,864691135762658614,1
864691135492405863,864691135761994038,1
864691135492405863,864691135762574646,8
864691135492423143,864691135771588091,1
864691135492431719,864691135760012477,1
864691135492431719,864691135762692662,1
864691135492431719,864691135763051318,1
864691135492431719,864691135763555382,3
864691135492438879,864691135759410254,1
864691135492438879,864691135762141238,1
864691135492481511,864691135763026230,1
864691135492584799,864691135762026806,1
864691135492595559,864691135760674638,1
864691135492595559,864691135762576950,1
864691135492595807,864691135760674638,1
864691135492614239,864691135762576950,2
864691135492623591,864691135759388494,3
864691135492623591,864691135762512950,1
864691135492623591,864691135771617275,1
864691135492665959,864691135759361102,1
864691135492665959,864691135760812110,1
864691135492665959,864691135763941174,4
864691135492665959,864691135764631862,1
864691135492706919,864691135762141238,1
864691135492855399,864691135763795510,1
864691135492855399,864691135771617275,1
864691135492871783,864691135760319822,1
864691135492879463,864691135762676790,1
864691135492906591,864691135760674638,1
864691135493079783,864691135763962045,1
864691135493222375,864691135764464438,4
864691135493241063,864691135764631862,4
864691135493312743,864691135762028342,1
864691135493312743,864691135771588091,2
864691135493375839,864691135759118926,1
864691135493690463,864691135760005966,1
864691135493780831,864691135762026806,1
864691135493941904,864691135771617275,1
864691135493951376,864691135771588091,1
864691135493974672,864691135760122958,2
864691135493976464,864691135759388494,1
864691135493976464,864691135762678838,1
864691135493979024,864691135771617275,1
864691135494051216,864691135762320438,1
864691135494054032,864691135763941174,1
864691135494057360,864691135771588091,1
864691135494079888,864691135758643389,2
864691135494079888,864691135762692662,2
864691135494585744,864691135763892278,1
864691135494685840,864691135760012477,3
864691135494685840,864691135762692662,1
864691135494964880,864691135762043702,1
864691135494982288,864691135759616701,1
864691135495025296,864691135760674638,1
864691135495111312,864691135760012477,1
864691135495146640,864691135762689334,1
864691135495155088,864691135759422798,1
864691135495159696,864691135758672206,2
864691135495167632,864691135759118926,2
864691135495178128,864691135763098934,1
864691135495314320,864691135763241526,1
864691135495796880,864691135759141454,1
864691135496339088,864691135763962045,1
864691135496521104,864691135762772534,1
864691135497743635,864691135759788989,1
864691135497743635,864691135763962045,1
864691135497912851,864691135760962638,1
864691135498407443,864691135771588091,1
864691135498548499,864691135759616701,1
864691135498552083,864691135762028342,1
864691135498552083,864691135762426166,1
864691135498723859,864691135759141454,1
864691135498740755,864691135762028342,1
864691135498979603,864691135759616701,1
864691135498979603,864691135761994038,1
864691135498979603,864691135762141238,1
864691135498979603,864691135762320438,1
864691135499385107,864691135759410254,1
864691135499385107,864691135761994038,1
864691135499385107,864691135762141238,5
864691135499385107,864691135762678838,3
864691135499616019,864691135760005966,9
864691135499616019,864691135760208974,1
864691135499616019,864691135763795510,1
864691135499616019,864691135764631862,1
864691135499804947,864691135763241526,1
864691135499964947,864691135763081526,1
864691135501556802,864691135762676790,1
864691135501566530,864691135759788989,1
864691135501577202,864691135762490678,1
864691135501587010,864691135762692662,1
864691135501703746,864691135763962045,1
864691135501819229,864691135759616701,1
864691135501839170,864691135763051318,1
864691135501862978,864691135762678838,1
864691135502031797,864691135762141238,2
864691135502042293,864691135763241526,1
864691135502062773,864691135762574646,1
864691135502069173,864691135759616701,1
864691135502076597,864691135759422798,1
864691135502135362,864691135762141238,1
864691135502135362,864691135762678838,1
864691135502188469,864691135763795510,1
864691135502309725,864691135762426166,1
864691135502361922,864691135759422798,1
864691135502453314,864691135762026806,1
864691135502537794,864691135762141238,1
864691135502538333,864691135759118926,1
864691135502558530,864691135763098934,1
864691135502573405,864691135763098934,1
864691135502604098,864691135759141454,1
864691135502610242,864691135759492430,1
864691135502610242,864691135761994038,1
864691135502610242,864691135762141238,3
864691135502610269,864691135763795510,2
864691135502618434,864691135762320438,1
864691135502619229,864691135760674638,1
864691135502624066,864691135763962045,1
864691135502630466,864691135759410254,1
864691135502742621,864691135762774838,1
864691135502744386,864691135763079734,1
864691135502745154,864691135759118926,1
864691135502750045,864691135762676790,1
864691135502763445,864691135759118926,1
864691135502776925,864691135762599990,1
864691135502808925,864691135762774838,1
864691135502842205,864691135760319822,1
864691135502919093,864691135759741629,1
864691135502919093,864691135762016566,1
864691135502983861,864691135759118926,1
864691135502991797,864691135762099510,1
864691135502991797,864691135771617275,1
864691135503135837,864691135759253070,2
864691135503135837,864691135759299406,2
864691135503135837,864691135761081934,1
864691135503135837,864691135763686710,2
864691135503163202,864691135759410254,1
864691135503169973,864691135759492430,1
864691135503262901,864691135763555382,1
864691135503361858,864691135762676790,1
864691135503361858,864691135763079734,1
864691135503501749,864691135759194190,1
864691135503501749,864691135759410254,1
864691135503501749,864691135762141238,1
864691135503501749,864691135762599990,1
864691135503501749,864691135762956086,1
864691135503518018,864691135760122958,1
864691135503531957,864691135771588091,1
864691135503550813,864691135763892278,1
864691135503554485,864691135759492430,1
864691135503584693,864691135762574646,1
864691135503639901,864691135762026806,1
864691135503644226,864691135759118926,1
864691135503681717,864691135759410254,4
864691135503688915,864691135759741629,1
864691135503959221,864691135762574646,2
864691135504020061,864691135763098934,1
864691135504202845,864691135762574646,3
864691135504221021,864691135763941174,1
864691135504279901,864691135764062006,3
864691135504294069,864691135763364662,1
864691135505401842,864691135762774838,1
864691135508702729,864691135763241526,2
864691135508711433,864691135759835325,1
864691135508730633,864691135762692662,1
864691135509002249,864691135759422798,1
864691135509394185,864691135759616701,1
864691135509440521,864691135759616701,1
864691135509455369,864691135771588091,1
864691135509647625,864691135762967229,1
864691135509659913,864691135762426166,2
864691135509685513,864691135762692662,1
864691135509688329,864691135759105102,1
864691135510161673,864691135759118926,7
864691135510191369,864691135759280462,1
864691135510438864,864691135759105102,2
864691135510493705,864691135759422798,1
864691135510506448,864691135759741629,1
864691135510677001,864691135759118926,1
864691135510858738,864691135759422798,2
864691135510868944,864691135758672206,1
864691135510887376,864691135759978062,1
864691135510959824,864691135759141454,2
864691135510959824,864691135762026806,1
864691135511199753,864691135759872846,7
864691135511199753,864691135762028342,5
864691135511199753,864691135762426166,1
864691135511253513,864691135763364662,3
864691135511256585,864691135759141454,2
864691135511256585,864691135762426166,2
864691135511297232,864691135764464438,1
864691135511370704,864691135762016566,1
864691135511396617,864691135759118926,1
864691135511417097,864691135759118926,1
864691135511422729,864691135759118926,2
864691135511492048,864691135762774838,1
864691135511493328,864691135759388494,1
864691135511530505,864691135760674638,1
864691135511537673,864691135760674638,1
864691135511565065,864691135759872846,1
864691135511604432,864691135763051318,1
864691135511802576,864691135759299406,1
864691135511802576,864691135759788989,1
864691135511804368,864691135771588091,1
864691135512045008,864691135762725430,1
864691135512170448,864691135762676790,1
864691135512589776,864691135760674638,2
864691135512647632,864691135759422798,1
864691135512677072,864691135763941174,1
864691135513976019,864691135759741629,1
864691135515911635,864691135764062006,1
864691135515927507,864691135763795510,1
864691135515936723,864691135763962045,1
864691135515948243,864691135759422798,1
864691135516005331,864691135761081934,1
864691135516677331,864691135762599990,1
864691135516726227,864691135762026806,2
864691135516740051,864691135760674638,1
864691135516740051,864691135763098934,1
864691135516880339,864691135759238222,2
864691135516880339,864691135771590395,1
864691135516890835,864691135759118926,1
864691135516900307,864691135771588091,1
864691135516905171,864691135762678838,1
864691135516909779,864691135762141238,1
864691135517175763,864691135760962638,1
864691135517201875,864691135762088758,1
864691135517315795,864691135762088758,11
864691135517328778,864691135762576950,1
864691135517338250,864691135762490678,2
864691135517349770,864691135760759374,1
864691135517369738,864691135762725430,1
864691135517531786,864691135763962045,2
864691135517533066,864691135762692662,2
864691135517611658,864691135758975822,1
864691135517629066,864691135763962045,1
864691135517773706,864691135759118926,1
864691135517773706,864691135762576950,1
864691135517773706,864691135764631862,2
864691135517810826,864691135762774838,1
864691135517873802,864691135759388494,1
864691135517873802,864691135759422798,1
864691135517936339,864691135759280462,1
864691135518277258,864691135762596797,1
864691135518283475,864691135761029710,1
864691135518333651,864691135760022606,1
864691135518346634,864691135762774838,1
864691135518346634,864691135762956598,1
864691135518369162,864691135759118926,1
864691135518371466,864691135759422798,1
864691135518383754,864691135759492430,1
864691135518392202,864691135759616701,1
864691135518495699,864691135760674638,1
864691135518495699,864691135763396406,1
864691135518495699,864691135764631862,1
864691135518520531,864691135771588091,1
864691135518694282,864691135763795510,1
864691135518865546,864691135762512950,1
864691135518928522,864691135759253070,1
864691135518928522,864691135771617275,1
864691135519062410,864691135759118926,1
864691135519106442,864691135759788989,2
864691135519106442,864691135762585398,1
864691135519126154,864691135762043702,1
864691135519177610,864691135759118926,1
864691135519404682,864691135759422798,1
864691135519404682,864691135760122958,1
864691135519404682,864691135763241526,4
864691135519426442,864691135759118926,1
864691135519426442,864691135763026230,2
864691135519632266,864691135759410254,2
864691135519632266,864691135762141238,1
864691135519632266,864691135762591286,2
864691135519632266,864691135763962045,1
864691135519657354,864691135759141454,1
864691135520007562,864691135762676790,1
864691135520014986,864691135763941174,1
864691135520170378,864691135763941174,1
864691135520262282,864691135762576950,1
864691135520262282,864691135763026230,1
864691135526045787,864691135759141454,1
864691135526074203,864691135759741629,3
864691135526074203,864691135762596797,1
864691135526090843,864691135759616701,1
864691135526095451,864691135762725430,1
864691135526097755,864691135760962638,1
864691135526104667,864691135762320438,1
864691135526109275,864691135759141454,1
864691135526296667,864691135759616701,1
864691135526318171,864691135759253070,1
864691135526318171,864691135759299406,1
864691135526405723,864691135759194190,2
864691135526405723,864691135762599990,1
864691135526432242,864691135760122958,1
864691135526483291,864691135759361102,1
864691135526523483,864691135760962638,1
864691135526528603,864691135759616701,1
864691135526758491,864691135759105102,1
864691135526898779,864691135759835325,1
864691135526899547,864691135759422798,1
864691135526912091,864691135763962045,1
864691135526915931,864691135762043702,1
864691135526922075,864691135771588091,1
864691135526932059,864691135759616701,1
864691135526932059,864691135762967229,2
864691135527531099,864691135760022606,1
864691135527555163,864691135759118926,1
864691135528204379,864691135763079734,1
864691135528229211,864691135763241526,1
864691135534558706,864691135759616701,1
864691135534779122,864691135759275854,2
864691135535777522,864691135759616701,2
864691135535777522,864691135759835325,1
864691135537424114,864691135759492430,2
864691135538070386,864691135762490678,1
864691135538097522,864691135759275854,1
864691135538100850,864691135760012477,1
864691135538107250,864691135762026806,1
864691135538108274,864691135759788989,2
864691135538114034,864691135760122958,2
864691135538124146,864691135760005966,1
864691135538132594,864691135763079734,1
864691135538133618,864691135763081526,2
864691135538134386,864691135762513974,1
864691135538139506,864691135762490678,1
864691135538145394,864691135759422798,2
864691135538145394,864691135762678838,1
864691135538747506,864691135762141238,1
864691135539017586,864691135771590395,1
864691135539118194,864691135759410254,1
864691135539131250,864691135759388494,1
864691135539132274,864691135759616701,1
864691135539132274,864691135759741629,1
864691135539132274,864691135762596797,1
864691135539317618,864691135763098934,2
864691135539358578,864691135762026806,2
864691135539684722,864691135759118926,1
864691135539923954,864691135762320438,1
864691135539937650,864691135760674638,1
864691135540002930,864691135762026806,1
864691135540002930,864691135762028342,3
864691135540002930,864691135762426166,1
864691135540028274,864691135762576950,2
864691135540028530,864691135762689334,1
864691135540439154,864691135761029710,1
864691135540439154,864691135763941174,1
864691135540454770,864691135759872846,6
864691135540454770,864691135762426166,2
864691135540473970,864691135760022606,1
864691135540473970,864691135760674638,1
864691135540488818,864691135760208974,2
864691135540488818,864691135763026230,1
864691135540837106,864691135759388494,1
864691135542779378,864691135759788989,1
864691135544352808,864691135759275854,1
864691135544369192,864691135759741629,1
864691135544369192,864691135762692662,1
864691135544373544,864691135763098934,1
864691135544378664,864691135762599990,1
864691135544395304,864691135763555382,1
864691135544396072,864691135759410254,1
864691135544396072,864691135759492430,1
864691135544396072,864691135761994038,1
864691135544396072,864691135762599990,1
864691135544417832,864691135759280462,1
864691135544448296,864691135763098934,1
864691135544647976,864691135761994038,1
864691135544647976,864691135763555382,1
864691135544771112,864691135759872846,3
864691135544771112,864691135763127862,5
864691135544807464,864691135762490678,1
864691135544999410,864691135759788989,1
864691135544999410,864691135763962045,1
864691135545093928,864691135762026806,1
864691135545266216,864691135759410254,3
864691135545266216,864691135761521462,1
864691135545282856,864691135759788989,1
864691135545283112,864691135762574646,1
864691135545378856,864691135759835325,1
864691135545378856,864691135762692662,1
864691135545391656,864691135759422798,1
864691135545411112,864691135761994038,1
864691135545411112,864691135762141238,4
864691135545417256,864691135759616701,1
864691135545417256,864691135762692662,1
864691135545971752,864691135760962638,1
864691135545971752,864691135762599990,1
864691135546004008,864691135759492430,1
864691135546142504,864691135762956598,1
864691135546339880,864691135759280462,1
864691135546339880,864691135760319822,1
864691135546339880,864691135764464438,1
864691135546497064,864691135760962638,1
864691135546635560,864691135762676790,1
864691135547032104,864691135759872846,1
864691135547033896,864691135763941174,1
864691135547033896,864691135771588091,1
864691135556948932,864691135771588091,1
864691135560482273,864691135762676790,1
864691135560497633,864691135763079734,3
864691135560497633,864691135764062006,1
864691135560510689,864691135759410254,1
864691135560726753,864691135763396406,1
864691135560818913,864691135759253070,1
864691135560863969,864691135760122958,1
864691135560932833,864691135759253070,1
864691135560973537,864691135759141454,1
864691135561048033,864691135760759374,4
864691135561048033,864691135762574646,1
864691135561062113,864691135759299406,3
864691135561065697,864691135762585398,1
864691135561072865,864691135759616701,1
864691135561072865,864691135759741629,1
864691135561439713,864691135759616701,1
864691135561529057,864691135759616701,2
864691135561529057,864691135761994038,3
864691135561529057,864691135763555382,2
864691135561542625,864691135759422798,1
864691135561547233,864691135759422798,1
864691135561552097,864691135759616701,1
864691135561552097,864691135762967229,1
864691135561721057,864691135760122958,1
864691135561781729,864691135763396406,1
864691135561846002,864691135759105102,1
864691135562001633,864691135759872846,2
864691135562001633,864691135761029710,1
864691135562001633,864691135762028342,3
864691135562001633,864691135763941174,3
864691135562001633,864691135764631862,3
864691135562558177,864691135763081526,2
864691135562885601,864691135763098934,1
864691135562960865,864691135764324918,1
864691135563024097,864691135759118926,1
864691135563024097,864691135759141454,3
864691135563024097,864691135759872846,1
864691135563024097,864691135762028342,2
864691135563024097,864691135762426166,2
864691135563031265,864691135759410254,3
864691135563031265,864691135759422798,1
864691135563095009,864691135759361102,1
864691135563095009,864691135763941174,4
864691135564523543,864691135759614542,2
864691135564529175,864691135764062006,1
864691135564549655,864691135759616701,1
864691135564552215,864691135760962638,1
864691135564565271,864691135759616701,2
864691135564621399,864691135759417934,4
864691135564621399,864691135759435342,1
864691135564633175,864691135759422798,1
864691135564681559,864691135759275854,1
864691135564684631,864691135762026806,1
864691135564734039,864691135760962638,4
864691135564734039,864691135762096438,1
864691135564734039,864691135763962045,2
864691135564888855,864691135762596797,1
864691135564962071,864691135762574646,1
864691135565037911,864691135771617275,2
864691135565062487,864691135761081934,1
864691135565064279,864691135762512950,1
864691135565109527,864691135759788989,1
864691135565154135,864691135759788989,1
864691135565309975,864691135759978062,1
864691135565325847,864691135759435342,1
864691135565343831,864691135759422798,1
864691135565343831,864691135762141238,2
864691135565343831,864691135763051318,1
864691135565361175,864691135760962638,2
864691135565370967,864691135759616701,1
864691135565394967,864691135758975822,1
864691135565464087,864691135762028342,1
864691135565510167,864691135762043702,1
864691135565521751,864691135759422798,1
864691135565536023,864691135759118926,1
864691135565538327,864691135759388494,1
864691135565560087,864691135763098934,1
864691135565578775,864691135762585398,1
864691135565664791,864691135758975822,1
864691135565792535,864691135762096438,2
864691135565820247,864691135762141238,1
864691135565852759,864691135759141454,1
864691135565962775,864691135759194190,1
864691135566023767,864691135762512950,1
864691135566051671,864691135763127862,1
864691135566082135,864691135759417934,1
864691135566125079,864691135762490678,1
864691135566140759,864691135759118926,1
864691135566221079,864691135762028342,1
864691135566293527,864691135759422798,3
864691135566370135,864691135759275854,1
864691135566370135,864691135760012477,1
864691135566499415,864691135759238222,1
864691135566577431,864691135764062006,2
864691135566705943,864691135759118926,4
864691135566705943,864691135760674638,1
864691135566761815,864691135771617275,2
864691135566825495,864691135760022606,1
864691135566914903,864691135762576950,1
864691135566945559,864691135759118926,1
864691135566945559,864691135762426166,1
864691135566979927,864691135761029710,1
864691135566979927,864691135764631862,3
864691135567080279,864691135762576950,1
864691135567103831,864691135763396406,2
864691135567180823,864691135760005966,2
864691135567192087,864691135760319822,1
864691135567192087,864691135763026230,2
864691135567206743,864691135759118926,1
864691135567206743,864691135762028342,1
864691135567754732,864691135762141238,1
864691135567754732,864691135763051318,1
864691135567761132,864691135762490678,1
864691135567950828,864691135759410254,1
864691135567950828,864691135760962638,1
864691135567950828,864691135761994038,2
864691135567950828,864691135762141238,3
864691135567950828,864691135762956086,2
864691135567950828,864691135763051318,3
864691135567950828,864691135763555382,2
864691135567950828,864691135763962045,2
864691135568126956,864691135762574646,2
864691135568134636,864691135762692662,1
864691135568146156,864691135760962638,1
864691135568170732,864691135759872846,1
864691135568181484,864691135763962045,1
864691135568833004,864691135759141454,4
864691135568833004,864691135762772534,1
864691135568899718,864691135759616701,1
864691135568904070,864691135759616701,2
864691135568929670,864691135759835325,1
864691135568930182,864691135761081934,2
864691135568946412,864691135763026230,1
864691135569044204,864691135758672206,1
864691135569282284,864691135759388494,1
864691135569282284,864691135762512950,1
864691135569282284,864691135762599990,3
864691135569298924,864691135763098934,1
864691135569300972,864691135771588091,1
864691135569363948,864691135759872846,1
864691135569408748,864691135759299406,1
864691135569468038,864691135759361102,1
864691135569520518,864691135760962638,2
864691135569520518,864691135762599990,2
864691135569527686,864691135761994038,1
864691135569541100,864691135759253070,1
864691135569690092,864691135763026230,7
864691135569713286,864691135762026806,1
864691135569745542,864691135763051318,1
864691135569760134,864691135759788989,1
864691135569866988,864691135762576950,1
864691135569921926,864691135758672206,1
864691135569928428,864691135759118926,1
864691135570002310,864691135771588091,1
864691135570003078,864691135762692662,1
864691135570016390,864691135759741629,1
864691135570016390,864691135762692662,1
864691135570018694,864691135759410254,1
864691135570019206,864691135762576950,1
864691135570033286,864691135761994038,2
864691135570045830,864691135762678838,1
864691135570046342,864691135762956598,1
864691135570107782,864691135762574646,1
864691135570133894,864691135763941174,1
864691135570155142,864691135759616701,1
864691135570219244,864691135764464438,1
864691135570223750,864691135763962045,1
864691135570270956,864691135760674638,1
864691135570271980,864691135759118926,1
864691135570288262,864691135762599990,1
864691135570320620,864691135759118926,2
864691135570320620,864691135762576950,1
864691135570320620,864691135763941174,1
864691135570320620,864691135771588091,2
864691135570502790,864691135759872846,1
864691135570572934,864691135760122958,1
864691135570572934,864691135760674638,1
864691135570672877,864691135762585398,1
864691135570703597,864691135760005966,1
864691135570703597,864691135763081526,1
864691135570711533,864691135771588091,1
864691135570727405,864691135763079734,1
864691135570730886,864691135759410254,1
864691135570730886,864691135762725430,2
864691135570879622,864691135762028342,1
864691135571051142,864691135760674638,1
864691135571051142,864691135763364662,1
864691135571097990,864691135760674638,1
864691135571108742,864691135761521462,1
864691135571108742,864691135762088758,7
864691135571108742,864691135762099510,1
864691135571108742,864691135762658614,1
864691135571108742,864691135763081526,1
864691135571108742,864691135763795510,1
864691135571108742,864691135771617275,3
864691135571193478,864691135759118926,1
864691135571193478,864691135762576950,1
864691135571193478,864691135763941174,1
864691135571213861,864691135762043702,1
864691135571236742,864691135759410254,1
864691135571248421,864691135758643389,1
864691135571248421,864691135759741629,1
864691135571248421,864691135759835325,2
864691135571262245,864691135760012477,1
864691135571262245,864691135762692662,2
864691135571303205,864691135762099510,1
864691135571490341,864691135762576950,1
864691135571490341,864691135763079734,1
864691135571500837,864691135759105102,1
864691135571501093,864691135762141238,1
864691135571524486,864691135761029710,2
864691135571524486,864691135763941174,1
864691135571524486,864691135764464438,2
864691135571573894,864691135763098934,1
864691135571582598,864691135762676790,1
864691135571624229,864691135763081526,1
864691135571628934,864691135760812110,1
864691135571632518,864691135762676790,1
864691135571632774,864691135759118926,1
864691135571651718,864691135762426166,1
864691135571706349,864691135762599990,2
864691135571748077,864691135763962045,1
864691135571801069,864691135759616701,1
864691135571806445,864691135759410254,1
864691135571806445,864691135763555382,1
864691135571815661,864691135762725430,1
864691135571820525,864691135762490678,1
864691135571826157,864691135762772534,1
864691135571826157,864691135763098934,1
864691135571941413,864691135762956598,1
864691135572112421,864691135763962045,1
864691135572124197,864691135759616701,1
864691135572254501,864691135762956598,1
864691135572296229,864691135760962638,1
864691135572373229,864691135759872846,2
864691135572373229,864691135762028342,4
864691135572373229,864691135762426166,7
864691135572373229,864691135763127862,4
864691135572373229,864691135763941174,1
864691135572385061,864691135763962045,1
864691135572405741,864691135762576950,1
864691135572530981,864691135762678838,1
864691135572537893,864691135759194190,2
864691135572770029,864691135763026230,1
864691135572772077,864691135759422798,2
864691135572796397,864691135761994038,2
864691135572912621,864691135762426166,1
864691135572991469,864691135762490678,1
864691135573276197,864691135763241526,1
864691135573287461,864691135760674638,1
864691135573296677,864691135764464438,1
864691135573378797,864691135759253070,1
864691135573378797,864691135761081934,2
864691135573378797,864691135763081526,5
864691135573421861,864691135760319822,1
864691135573421861,864691135761029710,2
864691135573421861,864691135763941174,1
864691135573421861,864691135764631862,2
864691135573436909,864691135760812110,1
864691135573480173,864691135764464438,1
864691135575091486,864691135760674638,2
864691135575092766,864691135759118926,1
864691135575108894,864691135762599990,1
864691135575112990,864691135759835325,1
864691135575132958,864691135759118926,1
864691135575207108,864691135759141454,1
864691135575207108,864691135762028342,2
864691135575207108,864691135762513974,3
864691135575207108,864691135762772534,1
864691135575445790,864691135758975822,1
864691135575535646,864691135759105102,1
864691135575535646,864691135759275854,1
864691135575613214,864691135758975822,1
864691135575613214,864691135759616701,1
864691135575613214,864691135761994038,1
864691135575845150,864691135759616701,3
864691135575845150,864691135763555382,1
864691135575846686,864691135763686710,1
864691135575988510,864691135760674638,1
864691135576012318,864691135759238222,1
864691135576140830,864691135759422798,1
864691135576166942,864691135762576950,1
864691135576166942,864691135764464438,2
864691135576620318,864691135763962045,1
864691135577018117,864691135771588091,1
864691135577202181,864691135759872846,1
864691135577202181,864691135760319822,1
864691135577202181,864691135762426166,5
864691135577240350,864691135759872846,2
864691135577240350,864691135762028342,5
864691135577247774,864691135763098934,2
864691135577248005,864691135763051318,2
864691135577269765,864691135759118926,2
864691135577269765,864691135762576950,1
864691135577397509,864691135758672206,1
864691135577429278,864691135760022606,1
864691135577486853,864691135762099510,2
864691135577592606,864691135759280462,1
864691135577592606,864691135760812110,1
864691135577592606,864691135762426166,1
864691135577607198,864691135758672206,2
864691135577607198,864691135762028342,1
864691135577641989,864691135759410254,1
864691135577785349,864691135759616701,1
864691135577829125,864691135762658614,1
864691135577855006,864691135759141454,1
864691135577857797,864691135760208974,1
864691135577857797,864691135762043702,1
864691135577868805,864691135759410254,1
864691135577877253,864691135759422798,1
864691135578098949,864691135759253070,2
864691135578098949,864691135759299406,4
864691135578098949,864691135759978062,1
864691135578098949,864691135761029710,2
864691135578098949,864691135763941174,1
864691135578098949,864691135764324918,1
864691135578098949,864691135771601147,2
864691135578234373,864691135759118926,1
864691135578600965,864691135759118926,1
864691135578600965,864691135771588091,1
864691135578657029,864691135762576950,2
864691135578742533,864691135762490678,2
864691135578866693,864691135763079734,1
864691135578866693,864691135764464438,2
864691135579100165,864691135760674638,1
864691135579100165,864691135763941174,1
864691135581560685,864691135762692662,1
864691135581588845,864691135759492430,1
864691135581617517,864691135762028342,1
864691135581798765,864691135759118926,2
864691135581798765,864691135763026230,2
864691135581870701,864691135763241526,1
864691135581910637,864691135759492430,1
864691135581910637,864691135763962045,2
864691135582143085,864691135761994038,1
864691135582187250,864691135762088758,1
864691135582306157,864691135762099510,2
864691135582309997,864691135771588091,1
864691135582325101,864691135759835325,1
864691135582333037,864691135771617275,1
864691135582420589,864691135759118926,1
864691135582420589,864691135764464438,1
864691135582513517,864691135759788989,1
864691135582520685,864691135763098934,1
864691135582539373,864691135762956086,2
864691135582615149,864691135759118926,1
864691135582620013,864691135759616701,1
864691135582620013,864691135759835325,1
864691135582633325,864691135759422798,1
864691135582634349,864691135759835325,1
864691135582645101,864691135759275854,1
864691135582645101,864691135759616701,1
864691135582685938,864691135760962638,1
864691135582685938,864691135762599990,2
864691135582699629,864691135762576950,1
864691135582837101,864691135762585398,1
864691135582886253,864691135759361102,1
864691135582886253,864691135763941174,2
864691135582973549,864691135760962638,1
864691135583033197,864691135762490678,1
864691135583033197,864691135762574646,2
864691135583130989,864691135771617275,1
864691135583469165,864691135760674638,1
864691135583649400,864691135762141238,1
864691135583672952,864691135762043702,1
864691135583675768,864691135759616701,1
864691135583690360,864691135764464438,1
864691135583695480,864691135763686710,1
864691135583698040,864691135759835325,1
864691135583702136,864691135762028342,1
864691135583704952,864691135759616701,1
864691135583707768,864691135762490678,1
864691135583726712,864691135759275854,1
864691135583731064,864691135762585398,1
864691135583956035,864691135771601147,1
864691135583988722,864691135761521462,3
864691135583988722,864691135762099510,2
864691135584019053,864691135759118926,1
864691135584019053,864691135760812110,1
864691135584019053,864691135761029710,2
864691135584019053,864691135764631862,2
864691135584214136,864691135759872846,1
864691135584227192,864691135761994038,1
864691135584266093,864691135759410254,1
864691135584536696,864691135761994038,1
864691135584548973,864691135759118926,1
864691135584548973,864691135760005966,1
864691135584548973,864691135760208974,1
864691135584548973,864691135762689334,2
864691135584548973,864691135763079734,2
864691135584548973,864691135763941174,1
864691135584548973,864691135764464438,2
864691135584569197,864691135771588091,1
864691135584635757,864691135760319822,2
864691135584689272,864691135759616701,1
864691135584748141,864691135764631862,1
864691135584771181,864691135759872846,1
864691135584771181,864691135762028342,7
864691135584771181,864691135763127862,1
864691135584793197,864691135762576950,2
864691135584800632,864691135759417934,1
864691135584800632,864691135762956598,1
864691135584818552,864691135758672206,1
864691135584820856,864691135760962638,2
864691135584820856,864691135762956086,1
864691135584858488,864691135762678838,1
864691135585046648,864691135759422798,1
864691135585135740,864691135759299406,1
864691135585135740,864691135762658614,1
864691135585152380,864691135763795510,1
864691135585161596,864691135759141454,1
864691135585161596,864691135762426166,1
864691135585264626,864691135762490678,1
864691135585266296,864691135762043702,1
864691135585324668,864691135763079734,1
864691135585436284,864691135760812110,1
864691135585713528,864691135760022606,1
864691135585713528,864691135760812110,1
864691135585713528,864691135763241526,1
864691135586012024,864691135759417934,3
864691135586012024,864691135760122958,1
864691135586083452,864691135762774838,1
864691135586087548,864691135762028342,1
864691135586087548,864691135762426166,1
864691135586089596,864691135759118926,3
864691135586097020,864691135761994038,1
864691135586097020,864691135762956086,1
864691135586176892,864691135760005966,1
864691135586176892,864691135763364662,1
864691135586176892,864691135764631862,1
864691135586202232,864691135760962638,1
864691135586202232,864691135762096438,1
864691135586202232,864691135762591286,1
864691135586283644,864691135759410254,1
864691135586456952,864691135760319822,2
864691135586476412,864691135762676790,1
864691135586487932,864691135762678838,3
864691135586491260,864691135762141238,3
864691135586504316,864691135762576950,1
864691135586724220,864691135760674638,1
864691135586774908,864691135760005966,2
864691135586774908,864691135764631862,1
864691135586793340,864691135759118926,1
864691135586876028,864691135759978062,1
864691135587026812,864691135762141238,2
864691135587196284,864691135763364662,1
864691135587472252,864691135762658614,2
864691135587472252,864691135763081526,1
864691135587472252,864691135763795510,2
864691135587714428,864691135764631862,1
864691135587767026,864691135759422798,1
864691135587862652,864691135760208974,1
864691135587862652,864691135763026230,2
864691135587862652,864691135764464438,2
864691135587862652,864691135764631862,1
864691135587867004,864691135759872846,5
864691135587867004,864691135762028342,3
864691135587867004,864691135762426166,1
864691135588085700,864691135771588091,1
864691135589910027,864691135759835325,1
864691135589954571,864691135762141238,1
864691135589954571,864691135763962045,1
864691135590388491,864691135764464438,1
864691135590413323,864691135759299406,1
864691135590435339,864691135759616701,5
864691135590435339,864691135759835325,7
864691135590435339,864691135763555382,3
864691135590794507,864691135763098934,2
864691135590904331,864691135759388494,1
864691135590978571,864691135763241526,1
864691135590985227,864691135759616701,1
864691135590985227,864691135759835325,1
864691135591002379,864691135762512950,1
864691135591052299,864691135760122958,1
864691135591145483,864691135762678838,1
864691135591459595,864691135762956086,1
864691135591816715,864691135759872846,1
864691135591822347,864691135759872846,1
864691135591822347,864691135762426166,1
864691135591854347,864691135760674638,1
864691135591955979,864691135762725430,2
864691135592063243,864691135759118926,1
864691135592129547,864691135759118926,1
864691135592420875,864691135762426166,1
864691135592420875,864691135763127862,1
864691135592545035,864691135762576950,2
864691135592837899,864691135760319822,1
864691135592837899,864691135761029710,1
864691135592837899,864691135762426166,1
864691135592837899,864691135762576950,1
864691135592837899,864691135763026230,1
864691135592837899,864691135763098934,1
864691135592837899,864691135764631862,3
864691135593093131,864691135760208974,3
864691135593200395,864691135760005966,9
864691135593200395,864691135760208974,5
864691135593200395,864691135760812110,2
864691135593200395,864691135763026230,1
864691135593200395,864691135763795510,2
864691135593514539,864691135763051318,1
864691135593541419,864691135759253070,1
864691135593547307,864691135759492430,2
864691135593611563,864691135759835325,1
864691135593659947,864691135759422798,1
864691135593664043,864691135762676790,1
864691135593806891,864691135762772534,1
864691135593829163,864691135759194190,3
864691135593829163,864691135762096438,2
864691135593829163,864691135762591286,1
864691135593962539,864691135761994038,1
864691135593962539,864691135763555382,1
864691135594101291,864691135762576950,1
864691135594108203,864691135759492430,1
864691135594229291,864691135759788989,1
864691135594447915,864691135760012477,1
864691135594447915,864691135761994038,2
864691135594447915,864691135763555382,1
864691135594448171,864691135762676790,1
864691135594453803,864691135762692662,1
864691135594571563,864691135762678838,1
864691135594606379,864691135762956086,1
864691135594721579,864691135771601147,1
864691135595051972,864691135762088758,1
864691135595051972,864691135771617275,1
864691135595120939,864691135763081526,1
864691135595583275,864691135762676790,1
864691135595583275,864691135764062006,1
864691135595712811,864691135759141454,2
864691135595712811,864691135759872846,3
864691135595712811,864691135760022606,1
864691135595712811,864691135760319822,3
864691135595712811,864691135762028342,1
864691135595712811,864691135762426166,1
864691135595712811,864691135763026230,1
864691135595712811,864691135763941174,1
864691135595712811,864691135764464438,2
864691135595810859,864691135762576950,3
864691135595947307,864691135762956598,1
864691135596067115,864691135763396406,1
864691135596067115,864691135763941174,1
864691135609421831,864691135759978062,1
864691135609425415,864691135762774838,1
864691135609430279,864691135759118926,2
864691135609452295,864691135759788989,1
864691135609452295,864691135762591286,2
864691135609459975,864691135771617275,1
864691135609465351,864691135762967229,1
864691135609788167,864691135759299406,1
864691135610250503,864691135759872846,1
864691135610276615,864691135763962045,1
864691135610339079,864691135759141454,1
864691135610489863,864691135763098934,1
864691135610665735,864691135760812110,1
864691135610718215,864691135759118926,1
864691135610718215,864691135760674638,1
864691135611153671,864691135759741629,1
864691135611153671,864691135763555382,1
864691135611227911,864691135762513974,1
864691135611331079,864691135759118926,1
864691135611337735,864691135763941174,1
864691135611491591,864691135759118926,2
864691135611491591,864691135762576950,1
864691135611559943,864691135771588091,1
864691135611592967,864691135760674638,2
864691135611789831,864691135762774838,1
864691135611869191,864691135759299406,1
864691135611879943,864691135760674638,1
864691135614131915,864691135762576950,1
864691135614143947,864691135759616701,1
864691135614143947,864691135760012477,2
864691135614143947,864691135763555382,4
864691135614343883,864691135759422798,1
864691135614343883,864691135762141238,2
864691135614429387,864691135759141454,1
864691135614460619,864691135759105102,2
864691135614460619,864691135760012477,1
864691135614517707,864691135759835325,4
864691135614525643,864691135759616701,1
864691135614525643,864691135759835325,1
864691135614525643,864691135762320438,1
864691135614525643,864691135763555382,5
864691135614857931,864691135762320438,1
864691135614890955,864691135762585398,1
864691135614957259,864691135759616701,1
864691135614997195,864691135759835325,1
864691135614997195,864691135765778365,1
864691135615018955,864691135771598075,1
864691135615037387,864691135762599990,1
864691135615057355,864691135759616701,1
864691135615057355,864691135759835325,1
864691135615057355,864691135762320438,1
864691135615057355,864691135763051318,1
864691135615057355,864691135763555382,1
864691135615073739,864691135759616701,2
864691135615089867,864691135762725430,1
864691135615103179,864691135763241526,1
864691135615104971,864691135762141238,1
864691135615112395,864691135759118926,1
864691135615114187,864691135762512950,2
864691135615114443,864691135762426166,1
864691135615171019,864691135763098934,1
864691135615181003,864691135762956598,1
864691135615193547,864691135762599990,1
864691135615331787,864691135759422798,4
864691135615438795,864691135759410254,1
864691135615438795,864691135762141238,1
864691135615438795,864691135762678838,1
864691135615516363,864691135763962045,1
864691135615617995,864691135759388494,1
864691135615757515,864691135771588091,2
864691135615803497,864691135760962638,5
864691135616070347,864691135763026230,1
864691135616107625,864691135762774838,1
864691135616227275,864691135762026806,1
864691135616273001,864691135762141238,1
864691135616292969,864691135763098934,1
864691135616293481,864691135763079734,1
864691135616338793,864691135762689334,1
864691135616353385,864691135763098934,1
864691135616363211,864691135763962045,2
864691135616421225,864691135762028342,1
864691135616466379,864691135759141454,1
864691135616533451,864691135759118926,1
864691135616639947,864691135763098934,1
864691135616647273,864691135759835325,1
864691135616720489,864691135762141238,1
864691135616812649,864691135759978062,1
864691135616871785,864691135763098934,1
864691135617099113,864691135759872846,1
864691135617099113,864691135762028342,1
864691135617099113,864691135762426166,9
864691135617749097,864691135764062006,1
864691135617757071,864691135758643389,1
864691135617757071,864691135762967229,3
864691135617784207,864691135759118926,1
864691135617787279,864691135759388494,1
864691135618011535,864691135759238222,1
864691135618109839,864691135761081934,1
864691135618109839,864691135763686710,1
864691135618185359,864691135760012477,1
864691135618227087,864691135763396406,1
864691135618375785,864691135759118926,2
864691135618375785,864691135759872846,1
864691135618375785,864691135761029710,1
864691135618375785,864691135764631862,2
864691135618500239,864691135763079734,1
864691135618523023,864691135759872846,1
864691135618529129,864691135762956598,1
864691135618562959,864691135763026230,1
864691135618649999,864691135762599990,1
864691135618674063,864691135763241526,1
864691135618693007,864691135759616701,1
864691135618694543,864691135762043702,1
864691135618694543,864691135763795510,1
864691135618718607,864691135762591286,1
864691135618718607,864691135762599990,1
864691135618720655,864691135762599990,1
864691135618907791,864691135759299406,2
864691135618925455,864691135763941174,5
864691135619317391,864691135759978062,1
864691135619403663,864691135759872846,1
864691135619493007,864691135762676790,1
864691135619501455,864691135771617275,1
864691135619638671,864691135758975822,1
864691135619638671,864691135761994038,1
864691135619638671,864691135762141238,1
864691135619834767,864691135763079734,2
864691135619865231,864691135760674638,1
864691135619865231,864691135762576950,6
864691135619935887,864691135762613558,1
864691135619943311,864691135771590395,1
864691135638998075,864691135758672206,1
864691135639005499,864691135759422798,1
864691135639380539,864691135762678838,1
864691135639592251,864691135759422798,1
864691135639761723,864691135762426166,1
864691135639772475,864691135762574646,1
864691135639772475,864691135762725430,1
864691135639874619,864691135759118926,2
864691135639874619,864691135771588091,2
864691135639885627,864691135760012477,1
864691135639885627,864691135762692662,1
864691135639885627,864691135763555382,1
864691135639894843,864691135762096438,2
864691135639898683,864691135763051318,2
864691135639898683,864691135763555382,1
864691135639901243,864691135760962638,1
864691135639901243,864691135762599990,1
864691135639904059,864691135759422798,1
864691135639915579,864691135759835325,1
864691135639940411,864691135759616701,1
864691135640138299,864691135761029710,1
864691135640699451,864691135759299406,1
864691135640787771,864691135762772534,1
864691135640820027,864691135762676790,1
864691135640985028,864691135771601147,1
864691135641070651,864691135763241526,1
864691135641092923,864691135760812110,1
864691135641518395,864691135760005966,2
864691135642437457,864691135763941174,1
864691135643679940,864691135762088758,2
864691135644570351,864691135762772534,1
864691135644607215,864691135763079734,1
864691135644634863,864691135762096438,3
864691135644635375,864691135761521462,4
864691135644635375,864691135771617275,2
864691135644637935,864691135759299406,1
864691135644643311,864691135762320438,1
864691135644659183,864691135759872846,1
864691135644708079,864691135765778365,1
864691135644714223,864691135771601147,3
864691135644720367,864691135762096438,1
864691135644767727,864691135759105102,1
864691135644804591,864691135759978062,1
864691135644804591,864691135762613558,1
864691135645060591,864691135762585398,1
864691135645080047,864691135759872846,1
864691135645081327,864691135759616701,1
864691135645087983,864691135763079734,2
864691135645295087,864691135759422798,1
864691135645346031,864691135762513974,2
864691135645350895,864691135759118926,1
864691135645391087,864691135762574646,1
864691135645435631,864691135759741629,2
864691135645435631,864691135762320438,1
864691135645452527,864691135762028342,1
864691135645453807,864691135763396406,2
864691135645538031,864691135762676790,1
864691135645539311,864691135762512950,1
864691135645539311,864691135762678838,1
864691135645549807,864691135762774838,1
864691135645673199,864691135760962638,1
864691135645673199,864691135763962045,1
864691135645751791,864691135759410254,1
864691135645751791,864691135762096438,1
864691135645858799,864691135759422798,1
864691135645900527,864691135762676790,1
864691135645900527,864691135771588091,1
864691135646315247,864691135760022606,1
864691135646337519,864691135761994038,1
864691135646705903,864691135759253070,5
864691135646705903,864691135759299406,5
864691135646705903,864691135763686710,2
864691135646775023,864691135762099510,1
864691135646796015,864691135759118926,2
864691135646796015,864691135762689334,1
864691135646796015,864691135764464438,2
864691135646833903,864691135763396406,1
864691135654032578,864691135759141454,1
864691135654053570,864691135771617275,1
864691135654054338,864691135759616701,2
864691135654159810,864691135762320438,1
864691135654354370,864691135763962045,1
864691135654398658,864691135762599990,1
864691135654447554,864691135759741629,1
864691135654453698,864691135762320438,1
864691135654529986,864691135759616701,1
864691135654661058,864691135759238222,2
864691135655013826,864691135762513974,1
864691135655069890,864691135763241526,1
864691135655137986,864691135761521462,1
864691135655173570,864691135759872846,1
864691135655768258,864691135759492430,1
864691135656073410,864691135759872846,1
864691135656073410,864691135762028342,3
864691135656397250,864691135759141454,1
864691135656397250,864691135762772534,1
864691135656572483,864691135763051318,2
864691135656631490,864691135760674638,1
864691135656631490,864691135763795510,1
864691135656778946,864691135759422798,5
864691135656778946,864691135761994038,1
864691135656778946,864691135762512950,1
864691135656778946,864691135763051318,1
864691135656799682,864691135762426166,1
864691135656799682,864691135763941174,1
864691135657767810,864691135759614542,2
864691135657770882,864691135764062006,1
864691135657838466,864691135759141454,1
864691135658163586,864691135763079734,1
864691135658210690,864691135762513974,1
864691135658266498,864691135758975822,2
864691135658266498,864691135761994038,1
864691135658595202,864691135759105102,1
864691135658674818,864691135759118926,1
864691135658800770,864691135762426166,1
864691135658815618,864691135762678838,1
864691135658848386,864691135762513974,2
864691135658857858,864691135762490678,1
864691135658882178,864691135759872846,1
864691135658886018,864691135759118926,1
864691135658888066,864691135759616701,3
864691135658888066,864691135759835325,1
864691135658901122,864691135759741629,1
864691135658913922,864691135759616701,1
864691135658974082,864691135762676790,1
864691135659105410,864691135762676790,1
864691135659207554,864691135760674638,1
864691135659207554,864691135763079734,1
864691135659219074,864691135759435342,1
864691135659463298,864691135764062006,1
864691135659465858,864691135760674638,1
864691135659498114,864691135759410254,6
864691135659498114,864691135759788989,1
864691135659498114,864691135760962638,1
864691135659498114,864691135762141238,1
864691135659498114,864691135763051318,2
864691135659732866,864691135763941174,1
864691135659732866,864691135764464438,1
864691135659921282,864691135762576950,1
864691135660520944,864691135759422798,1
864691135660524016,864691135762513974,1
864691135660570608,864691135762692662,1
864691135660720880,864691135762088758,1
864691135660838128,864691135763396406,1
864691135660876784,864691135759835325,3
864691135660882928,864691135763241526,1
864691135660951792,864691135761994038,1
864691135661130224,864691135762658614,1
864691135661279728,864691135762774838,1
864691135661415920,864691135759361102,1
864691135661425392,864691135763962045,1
864691135661429744,864691135759616701,2
864691135661429744,864691135759835325,1
864691135661432560,864691135763079734,3
864691135661454064,864691135760319822,1
864691135661591792,864691135759741629,1
864691135661715184,864691135759388494,1
864691135661880816,864691135759299406,1
864691135661880816,864691135762658614,1
864691135661919472,864691135762026806,2
864691135661919472,864691135762676790,1
864691135662000112,864691135760319822,2
864691135662008816,864691135759118926,5
864691135662448880,864691135759422798,1
864691135662448880,864691135762658614,1
864691135662448880,864691135762725430,1
864691135662772464,864691135760208974,1
864691135662888944,864691135762576950,1
864691135662948336,864691135759410254,1
864691135675768306,864691135759616701,1
864691135679414514,864691135759741629,1
864691135679641586,864691135759616701,1
864691135682618052,864691135759422798,1
864691135683219954,864691135771590395,1
864691135683241970,864691135759616701,1
864691135683244018,864691135760122958,1
864691135683244018,864691135762774838,2
864691135683252722,864691135762585398,1
864691135683513330,864691135762774838,2
864691135683670770,864691135759194190,1
864691135683681522,864691135762689334,1
864691135683731954,864691135759492430,1
864691135683777266,864691135761994038,1
864691135683777266,864691135762692662,1
864691135683945655,864691135763051318,1
864691135683946935,864691135759105102,1
864691135683946935,864691135759194190,1
864691135683946935,864691135761994038,1
864691135683946935,864691135762956086,1
864691135683946935,864691135763051318,6
864691135684050674,864691135759741629,1
864691135684097428,864691135762043702,1
864691135684156658,864691135762596797,1
864691135684178930,864691135762676790,1
864691135684257266,864691135759614542,1
864691135684280050,864691135762026806,1
864691135684319986,864691135762513974,1
864691135684464823,864691135759422798,1
864691135684464823,864691135759616701,2
864691135684464823,864691135762692662,1
864691135684508343,864691135762490678,1
864691135684520119,864691135765778365,1
864691135684568503,864691135762591286,1
864691135684570039,864691135763079734,1
864691135684573879,864691135763241526,1
864691135684574391,864691135759410254,4
864691135684574391,864691135763051318,2
864691135684655031,864691135762141238,1
864691135684715250,864691135762676790,1
864691135684829170,864691135762426166,1
864691135684931255,864691135759118926,1
864691135684932791,864691135762585398,1
864691135684982455,864691135759194190,1
864691135684988855,864691135759872846,1
864691135684988855,864691135762426166,1
864691135684988855,864691135763127862,6
864691135685082807,864691135759388494,1
864691135685082807,864691135771617275,1
864691135685090743,864691135762956086,1
864691135685342135,864691135759788989,1
864691135685357810,864691135762576950,1
864691135685548727,864691135762774838,1
864691135685598450,864691135759118926,2
864691135685598450,864691135762576950,1
864691135685720050,864691135759118926,1
864691135685720050,864691135761029710,1
864691135685720050,864691135762576950,1
864691135685720050,864691135763026230,4
864691135685720050,864691135764464438,16
864691135685720050,864691135764631862,1
864691135685773495,864691135759299406,1
864691135685773495,864691135762099510,1
864691135685773495,864691135762574646,2
864691135685773495,864691135762658614,1
864691135685773495,864691135762725430,2
864691135686208439,864691135759118926,1
864691135686223287,864691135759417934,1
864691135686287543,864691135771588091,1
864691135686386615,864691135759118926,3
864691135686388407,864691135762576950,1
864691135686449591,864691135759118926,1
864691135686449591,864691135760674638,1
864691135686559415,864691135759141454,1
864691135686568119,864691135764464438,2
864691135686743479,864691135760208974,1
864691135686743479,864691135763241526,1
864691135686755511,864691135760005966,4
864691135686755511,864691135763026230,1
864691135686755511,864691135763081526,3
864691135686755511,864691135763795510,2
864691135686883552,864691135762956598,1
864691135686890464,864691135759141454,1
864691135686896096,864691135760012477,3
864691135686897376,864691135762774838,1
864691135686899424,864691135762774838,1
864691135686907872,864691135761081934,1
864691135686915808,864691135759422798,1
864691135686933216,864691135759238222,1
864691135686948832,864691135760674638,1
864691135686957024,864691135759118926,1
864691135686957024,864691135763079734,1
864691135687217632,864691135759422798,1
864691135687217632,864691135762099510,5
864691135687241184,864691135759741629,1
864691135687312352,864691135759492430,1
864691135687364064,864691135762043702,1
864691135687624416,864691135759141454,1
864691135687645408,864691135759616701,1
864691135687726304,864691135762678838,1
864691135687761632,864691135759492430,1
864691135687770848,864691135759872846,2
864691135687770848,864691135762426166,1
864691135687800800,864691135759194190,1
864691135687863264,864691135762512950,1
864691135687865312,864691135762141238,1
864691135687865312,864691135763051318,3
864691135687880160,864691135761521462,1
864691135687880160,864691135762658614,1
864691135688277216,864691135759253070,1
864691135688331744,864691135764464438,1
864691135688915168,864691135763079734,7
864691135688967392,864691135762774838,1
864691135689062880,864691135761994038,1
864691135689318624,864691135759361102,1
864691135689555680,864691135759253070,1
864691135689617376,864691135760022606,1
864691135689646304,864691135760674638,2
864691135689646304,864691135762576950,2
864691135689692384,864691135759492430,1
864691135689692384,864691135760005966,1
864691135689692384,864691135762658614,2
864691135689692384,864691135763795510,1
864691135689724896,864691135764464438,1
864691135689735904,864691135760759374,2
864691135689735904,864691135762088758,1
864691135689735904,864691135762613558,1
864691135689735904,864691135762658614,1
864691135689735904,864691135762725430,4
864691135689787360,864691135760005966,5
864691135689787360,864691135760208974,4
864691135689787360,864691135760319822,1
864691135689787360,864691135763026230,7
864691135692710591,864691135760122958,1
864691135692710847,864691135763079734,1
864691135692731839,864691135758975822,1
864691135692732351,864691135761994038,1
864691135692740287,864691135762591286,1
864691135692847764,864691135758975822,1
864691135692847764,864691135759410254,2
864691135692847764,864691135761994038,2
864691135692847764,864691135762141238,2
864691135693150143,864691135759492430,1
864691135693513151,864691135759118926,2
864691135693551807,864691135762028342,2
864691135693559743,864691135763962045,1
864691135693600703,864691135762725430,1
864691135693629119,864691135759105102,1
864691135693629119,864691135762043702,1
864691135693683391,864691135759835325,1
864691135693705407,864691135761994038,1
864691135693705407,864691135763051318,2
864691135693708991,864691135762141238,1
864691135693713599,864691135771588091,1
864691135693885887,864691135762028342,1
864691135694014911,864691135759410254,1
864691135694014911,864691135762956086,1
864691135694097087,864691135763941174,2
864691135694119615,864691135759118926,1
864691135694119615,864691135762141238,1
864691135694119615,864691135762576950,1
864691135694753727,864691135762676790,1
864691135694753727,864691135763079734,2
864691135694753727,864691135764062006,4
864691135695078847,864691135759388494,1
864691135695308223,864691135759118926,2
864691135695941530,864691135759741629,1
864691135695941530,864691135760012477,1
864691135695957402,864691135763962045,1
864691135695972250,864691135759417934,1
864691135695989658,864691135759741629,2
864691135695996314,864691135759280462,1
864691135696197786,864691135762599990,1
864691135696256666,864691135762028342,1
864691135696394650,864691135759422798,1
864691135696412570,864691135762141238,1
864691135696429466,864691135762692662,1
864691135696645274,864691135760674638,1
864691135696684186,864691135762028342,2
864691135696809370,864691135759492430,1
864691135696891802,864691135763962045,1
864691135696900506,864691135759238222,9
864691135696921754,864691135762028342,1
864691135696943770,864691135763962045,1
864691135697234842,864691135762678838,1
864691135697297818,864691135762576950,1
864691135697391125,864691135758643389,1
864691135697392661,864691135759835325,1
864691135697397269,864691135759872846,2
864691135697397269,864691135762426166,1
864691135697398549,864691135759616701,1
864691135697400085,864691135762026806,1
864691135697403925,864691135759872846,1
864691135697407509,864691135762599990,1
864691135697410325,864691135759388494,1
864691135697410325,864691135761521462,3
864691135697410325,864691135762099510,1
864691135697585306,864691135760022606,1
864691135697635861,864691135771588091,1
864691135697793301,864691135763396406,1
864691135697807002,864691135762599990,1
864691135697865882,864691135761994038,3
864691135697865882,864691135762141238,2
864691135697865882,864691135763051318,2
864691135698108437,864691135759410254,1
864691135698108437,864691135759422798,1
864691135698238997,864691135762967229,1
864691135698243994,864691135762512950,1
864691135698339994,864691135763364662,1
864691135698341653,864691135763026230,2
864691135698356757,864691135759410254,1
864691135698424341,864691135762141238,1
864691135698428826,864691135760208974,1
864691135698451610,864691135761994038,1
864691135698480026,864691135759118926,1
864691135698480026,864691135762576950,4
864691135698529178,864691135759872846,1
864691135698529178,864691135764631862,1
864691135698562970,864691135759118926,1
864691135698718485,864691135762141238,5
864691135698731541,864691135763962045,1
864691135698740757,864691135759492430,7
864691135698917141,864691135759978062,1
864691135698946196,864691135759835325,1
864691135698946196,864691135762512950,1
864691135699255586,864691135761994038,2
864691135699276322,864691135759492430,1
864691135699276322,864691135763962045,1
864691135699290914,864691135762512950,1
864691135699306274,864691135759835325,1
864691135699346965,864691135759118926,1
864691135699346965,864691135764464438,1
864691135699417378,864691135762576950,1
864691135699562274,864691135759978062,1
864691135699675682,864691135759616701,1
864691135699818005,864691135760319822,1
864691135699818005,864691135763026230,1
864691135699818005,864691135764464438,3
864691135699905557,864691135760319822,3
864691135699905557,864691135760812110,3
864691135699905557,864691135764464438,1
864691135699905557,864691135764631862,2
864691135700021282,864691135760674638,1
864691135700091682,864691135758672206,1
864691135700222754,864691135759616701,1
864691135700231803,864691135762576950,2
864691135700234875,864691135762028342,1
864691135700246395,864691135759872846,1
864691135700246395,864691135762426166,1
864691135700253307,864691135759616701,1
864691135700253307,864691135762320438,1
864691135700253563,864691135759141454,1
864691135700254242,864691135759616701,3
864691135700260642,864691135759275854,1
864691135700261243,864691135762426166,1
864691135700261410,864691135763962045,1
864691135700262690,864691135761994038,2
864691135700272162,864691135759194190,3
864691135700272162,864691135759410254,1
864691135700272162,864691135760962638,9
864691135700409211,864691135762774838,1
864691135700498722,864691135762576950,1
864691135700506146,864691135759741629,1
864691135700715643,864691135761994038,1
864691135700951586,864691135761081934,1
864691135701027451,864691135763962045,1
864691135701124731,864691135763241526,1
864691135701212795,864691135762956598,1
864691135701223547,864691135762141238,1
864691135701223547,864691135763962045,1
864691135701226619,864691135759872846,1
864691135701227899,864691135759422798,2
864691135701245819,864691135759788989,1
864691135701270139,864691135759253070,1
864691135701270139,864691135763026230,1
864691135701311867,864691135762678838,1
864691135701351458,864691135762574646,1
864691135701398139,864691135760812110,1
864691135701398651,864691135758672206,1
864691135701403771,864691135762967229,1
864691135701424507,864691135759141454,2
864691135701478690,864691135762576950,1
864691135701537659,864691135762689334,1
864691135701566587,864691135759422798,1
864691135701882402,864691135763026230,1
864691135701898786,864691135762576950,3
864691135701898786,864691135771588091,1
864691135701917563,864691135763795510,1
864691135702246523,864691135759872846,1
864691135702246523,864691135762028342,1
864691135702246523,864691135762426166,3
864691135702246523,864691135763127862,1
864691135702278523,864691135763364662,1
864691135702516091,864691135759141454,4
864691135702609275,864691135762576950,1
864691135702609275,864691135763026230,2
864691135702609275,864691135763396406,1
864691135702609275,864691135763941174,1
864691135702609275,864691135764464438,2
864691135702887291,864691135759118926,3
864691135702887291,864691135760022606,2
864691135702887291,864691135760674638,5
864691135702887291,864691135761029710,1
864691135702887291,864691135762576950,2
864691135702914427,864691135759141454,4
864691135702914427,864691135762426166,2
864691135703291771,864691135761029710,1
864691135703291771,864691135764631862,1
864691135703308923,864691135759194190,1
864691135703417723,864691135759253070,1
864691135704408724,864691135759422798,1
864691135704914580,864691135761994038,2
864691135704914580,864691135762141238,2
864691135704914580,864691135763051318,1
864691135706999188,864691135761994038,2
864691135711594388,864691135759410254,1
864691135711594388,864691135762141238,1
864691135715300500,864691135759410254,1
864691135715309594,864691135762774838,1
864691135715480090,864691135759872846,1
864691135715482138,864691135762591286,1
864691135715889690,864691135759141454,2
864691135715988762,864691135763051318,1
864691135716056090,864691135761029710,1
864691135716147482,864691135759238222,2
864691135716147482,864691135762513974,2
864691135716147482,864691135763079734,1
864691135716162330,864691135760674638,1
864691135716179738,864691135771590395,1
864691135716274458,864691135762141238,1
864691135716476954,864691135760674638,2
864691135716553876,864691135759492430,1
864691135716553876,864691135761994038,1
864691135716553876,864691135762141238,1
864691135716553876,864691135762692662,1
864691135716553876,864691135763555382,2
864691135716679194,864691135762026806,1
864691135716869658,864691135759118926,1
864691135716929562,864691135761521462,1
864691135716929562,864691135762574646,1
864691135716929562,864691135762658614,3
864691135716929562,864691135763795510,7
864691135716968474,864691135771588091,1
864691135717140762,864691135764631862,1
864691135717174810,864691135759118926,1
864691135717230106,864691135762576950,1
864691135717248794,864691135759388494,1
864691135717275162,864691135759978062,1
864691135717275162,864691135762576950,1
864691135717308442,864691135760812110,1
864691135717308442,864691135762956598,2
864691135717326618,864691135762956598,1
864691135717365018,864691135764631862,1
864691135717391386,864691135760674638,2
864691135717424154,864691135762028342,2
864691135717424154,864691135762426166,2
864691135717528346,864691135763941174,2
864691135717545754,864691135762956086,1
864691135718228372,864691135759422798,1
864691135718228372,864691135761994038,1
864691135718228372,864691135762141238,2
864691135718449713,864691135759422798,8
864691135718463537,864691135763241526,1
864691135718593585,864691135759422798,1
864691135718597937,864691135759194190,1
864691135718622001,864691135759422798,1
864691135718905649,864691135762513974,1
864691135718910513,864691135759105102,1
864691135719193649,864691135759616701,1
864691135719213105,864691135762692662,1
864691135719257905,864691135759361102,1
864691135719363889,864691135759616701,1
864691135719395377,864691135759872846,1
864691135719434801,864691135760674638,1
864691135719435313,864691135759835325,1
864691135719436081,864691135762678838,1
864691135719446577,864691135762585398,1
864691135719446577,864691135763962045,3
864691135719448212,864691135759275854,1
864691135719448212,864691135763112125,1
864691135719618353,864691135759194190,1
864691135719717937,864691135762967229,1
864691135719722545,864691135762956598,1
864691135719722545,864691135763098934,1
864691135719738929,864691135759118926,3
864691135719762737,864691135762099510,2
864691135719762737,864691135762678838,1
864691135719913521,864691135763079734,1
864691135719990833,864691135759118926,3
864691135720015921,864691135759118926,3
864691135720035377,864691135763079734,1
864691135720061233,864691135763098934,3
864691135720118833,864691135759275854,1
864691135720335665,864691135762141238,2
864691135720337201,864691135759299406,1
864691135720337201,864691135759978062,1
864691135720337201,864691135761081934,1
864691135720402481,864691135760674638,1
864691135720546865,864691135763026230,1
864691135720559921,864691135759118926,1
864691135720638769,864691135759788989,1
864691135720642353,864691135760005966,1
864691135720712753,864691135763026230,1
864691135720759345,864691135759872846,3
864691135720759345,864691135762028342,1
864691135724236459,864691135760319822,1
864691135724236459,864691135763941174,1
864691135724239275,864691135759872846,12
864691135724242603,864691135761994038,1
864691135724393131,864691135759253070,1
864691135724569771,864691135762692662,1
864691135724585131,864691135762028342,1
864691135724585131,864691135762426166,1
864691135724597419,864691135759253070,1
864691135724945835,864691135763026230,1
864691135725038507,864691135762026806,1
864691135725084587,864691135759616701,2
864691135725155499,864691135759410254,1
864691135725155499,864691135759422798,1
864691135725193899,864691135759616701,1
864691135725481387,864691135762591286,1
864691135725596223,864691135762774838,1
864691135725610815,864691135759118926,1
864691135725614143,864691135762043702,3
864691135725627199,864691135763962045,1
864691135725639999,864691135762596797,1
864691135725639999,864691135762967229,1
864691135725869631,864691135760674638,1
864691135725929279,864691135759872846,1
864691135725929279,864691135762026806,1
864691135725929279,864691135762028342,1
864691135725953195,864691135762026806,1
864691135725964863,864691135762591286,2
864691135726033727,864691135759105102,1
864691135726033727,864691135759388494,1
864691135726113451,864691135764324918,1
864691135726134847,864691135759410254,1
864691135726193727,864691135759118926,1
864691135726214571,864691135759280462,11
864691135726290091,864691135763962045,1
864691135726320191,864691135759422798,1
864691135726320191,864691135759616701,2
864691135726377535,864691135762513974,1
864691135726418859,864691135762490678,1
864691135726426027,864691135760962638,1
864691135726442155,864691135762725430,2
864691135726477119,864691135771590395,1
864691135726478911,864691135759238222,1
864691135726478911,864691135771590395,1
864691135726528831,864691135762585398,1
864691135726599743,864691135760759374,1
864691135726635327,864691135759616701,2
864691135726772907,864691135762028342,1
864691135726772907,864691135762426166,2
864691135726773419,864691135759118926,1
864691135726773419,864691135759872846,1
864691135726773419,864691135762028342,1
864691135726773419,864691135762426166,1
864691135726969259,864691135762426166,1
864691135727062847,864691135763079734,4
864691135727147327,864691135761081934,2
864691135727285823,864691135762426166,1
864691135727308095,864691135760674638,1
864691135727546943,864691135759417934,1
864691135727591743,864691135759872846,1
864691135727686463,864691135762599990,1
864691135727741503,864691135760005966,1
864691135727799359,864691135762576950,1
864691135727929663,864691135759299406,1
864691135727929663,864691135763686710,1
864691135727929663,864691135764324918,6
864691135727929663,864691135771601147,3
864691135727993151,864691135763396406,1
864691135728018751,864691135760319822,1
864691135728018751,864691135760812110,1
864691135728098367,864691135762576950,1
864691135730098361,864691135759616701,1
864691135730125753,864691135759422798,1
864691135730138297,864691135762967229,1
864691135730141625,864691135762574646,1
864691135730146489,864691135762591286,1
864691135730164921,864691135759194190,1
864691135730170041,864691135759361102,1
864691135730170297,864691135762043702,1
864691135730201273,864691135759835325,1
864691135730201273,864691135762596797,1
864691135730543545,864691135760012477,1
864691135730606521,864691135759118926,1
864691135730655929,864691135763941174,1
864691135730914745,864691135759872846,1
864691135730960825,864691135759741629,1
864691135731190201,864691135759118926,1
864691135731205817,864691135759835325,2
864691135731207865,864691135759422798,1
864691135731238073,864691135761994038,2
864691135731705273,864691135761994038,1
864691135731705273,864691135762585398,1
864691135731712185,864691135760674638,1
864691135731712185,864691135764062006,1
864691135731965076,864691135759194190,1
864691135731965076,864691135759410254,1
864691135731997113,864691135763396406,1
864691135732038329,864691135760208974,1
864691135732038329,864691135762490678,1
864691135732142521,864691135759118926,1
864691135732172692,864691135759422798,1
864691135732172692,864691135762099510,1
864691135732172692,864691135762574646,2
864691135732172692,864691135762658614,1
864691135732172692,864691135763051318,1
864691135732175801,864691135763098934,1
864691135732587449,864691135761029710,1
864691135732587449,864691135763026230,1
864691135732587449,864691135763396406,1
864691135732587449,864691135763941174,2
864691135732592313,864691135759978062,1
864691135732609465,864691135763795510,1
864691135732616377,864691135759872846,1
864691135732715961,864691135759253070,3
864691135732715961,864691135763081526,1
864691135732877972,864691135759194190,5
864691135732877972,864691135762599990,5
864691135732877972,864691135762956086,1
864691135736296084,864691135759410254,7
864691135736296084,864691135759422798,1
864691135736296084,864691135760962638,1
864691135736296084,864691135761994038,3
864691135736296084,864691135762141238,8
864691135736296084,864691135762678838,1
864691135736296084,864691135763051318,4
864691135736876932,864691135762576950,1
864691135736876932,864691135763026230,1
864691135736886148,864691135762490678,1
864691135736893572,864691135771588091,2
864691135736921220,864691135762512950,1
864691135736934020,864691135759275854,1
864691135736934020,864691135762692662,1
864691135737035140,864691135759422798,3
864691135737251460,864691135762774838,1
864691135737262468,864691135762490678,2
864691135737334404,864691135763962045,1
864691135737479044,864691135762028342,1
864691135737494385,864691135763026230,1
864691135737501844,864691135761994038,1
864691135737501844,864691135762141238,4
864691135737501844,864691135762512950,1
864691135737520772,864691135762774838,1
864691135737589652,864691135762141238,1
864691135737618308,864691135762028342,1
864691135737643924,864691135759410254,2
864691135737643924,864691135762678838,2
864691135737643924,864691135763051318,4
864691135737837681,864691135759788989,1
864691135737837681,864691135763962045,1
864691135738112916,864691135759410254,1
864691135738199153,864691135762028342,1
864691135738215300,864691135762028342,1
864691135738256532,864691135762141238,3
864691135738256532,864691135763051318,2
864691135738285937,864691135759275854,1
864691135738288241,864691135759118926,1
864691135738317681,864691135759422798,1
864691135738325140,864691135759492430,2
864691135738325140,864691135761994038,1
864691135738328689,864691135763962045,1
864691135738387076,864691135759253070,3
864691135738387076,864691135759299406,1
864691135738387076,864691135759978062,2
864691135738387076,864691135761081934,3
864691135738387076,864691135771617275,1
864691135738487188,864691135763962045,1
864691135738495857,864691135759741629,1
864691135738515825,864691135762599990,1
864691135738518385,864691135759422798,1
864691135738525553,864691135762678838,1
864691135738529905,864691135762028342,1
864691135738784369,864691135759388494,1
864691135738784369,864691135762774838,1
864691135738826865,864691135760962638,1
864691135738833028,864691135762576950,2
864691135739008132,864691135764062006,1
864691135739013745,864691135762658614,1
864691135739013745,864691135764062006,1
864691135739080068,864691135759872846,1
864691135739080068,864691135760022606,1
864691135739088241,864691135759118926,1
864691135739149956,864691135759118926,6
864691135739149956,864691135760674638,1
864691135739149956,864691135763079734,1
864691135739215236,864691135763941174,1
864691135739222129,864691135759118926,1
864691135739315076,864691135762576950,1
864691135739315076,864691135762676790,1
864691135739429489,864691135760674638,3
864691135739567252,864691135760122958,2
864691135739575444,864691135764062006,1
864691135739581553,864691135762426166,2
864691135739591828,864691135771588091,2
864691135739595924,864691135759417934,1
864691135739600788,864691135762596797,1
864691135739605652,864691135759410254,1
864691135739614577,864691135760122958,1
864691135739617940,864691135762016566,1
864691135739618708,864691135760122958,2
864691135739623572,864691135761994038,1
864691135739623572,864691135762141238,1
864691135739627156,864691135762591286,1
864691135739686769,864691135759422798,1
864691135739686769,864691135762490678,4
864691135739733140,864691135763962045,1
864691135739753073,864691135759253070,6
864691135739753073,864691135760208974,3
864691135739753073,864691135762658614,1
864691135739753073,864691135764631862,1
864691135739871124,864691135758643389,1
864691135740009620,864691135763051318,1
864691135740018580,864691135762426166,1
864691135740166548,864691135759422798,1
864691135740213355,864691135762774838,1
864691135740218987,864691135762028342,1
864691135740293524,864691135759741629,1
864691135740293524,864691135762692662,1
864691135740324500,864691135762028342,1
864691135740429972,864691135759238222,1
864691135740525675,864691135759616701,1
864691135740532884,864691135762028342,1
864691135740557972,864691135759388494,1
864691135740565652,864691135759741629,1
864691135740574356,864691135759492430,1
864691135740692843,864691135759388494,2
864691135740692843,864691135759410254,3
864691135740692843,864691135762141238,4
864691135740935787,864691135762956598,1
864691135741060715,864691135759741629,1
864691135741090196,864691135760005966,1
864691135741194603,864691135758672206,1
864691135741200235,864691135759422798,1
864691135741206635,864691135762967229,1
864691135741211243,864691135759616701,1
864691135741213291,864691135762490678,1
864691135741218196,864691135762956598,7
864691135741232788,864691135759417934,1
864691135741232788,864691135762725430,1
864691135741232788,864691135762774838,2
864691135741232788,864691135762956598,2
864691135741314411,864691135759835325,2
864691135741360235,864691135760012477,1
864691135741439851,864691135763364662,1
864691135741458324,864691135763941174,1
864691135741495956,864691135759361102,1
864691135741495956,864691135763081526,1
864691135741512596,864691135760674638,1
864691135741612692,864691135761029710,1
864691135741612692,864691135764324918,1
864691135741757844,864691135759118926,1
864691135741757844,864691135762576950,1
864691135741757844,864691135763081526,1
864691135741817236,864691135760005966,1
864691135741817236,864691135760319822,1
864691135741817236,864691135763026230,1
864691135741817236,864691135764464438,2
864691135741817236,864691135764631862,1
864691135741865108,864691135762956598,1
864691135741874836,864691135763941174,1
864691135741960596,864691135759118926,2
864691135741998484,864691135760022606,1
864691135741998484,864691135761029710,1
864691135741998484,864691135763081526,1
864691135742145172,864691135759872846,1
864691135742154347,864691135759422798,1
864691135742210196,864691135762576950,1
864691135742366827,864691135759422798,2
864691135742366827,864691135761521462,3
864691135742366827,864691135762678838,1
864691135742505835,864691135763098934,1
864691135742753387,864691135759118926,1
864691135742753387,864691135760759374,1
864691135742826603,864691135763396406,1
864691135742867307,864691135763079734,1
864691135742867307,864691135764062006,1
864691135742895723,864691135759872846,1
864691135742895723,864691135764062006,1
864691135743079019,864691135759978062,1
864691135743079019,864691135760208974,1
864691135743079019,864691135762613558,1
864691135743079019,864691135764631862,1
864691135743183723,864691135760674638,1
864691135743183723,864691135761029710,1
864691135743183723,864691135762576950,3
864691135743183723,864691135764464438,1
864691135743196523,864691135760208974,2
864691135743196523,864691135762658614,1
864691135743269739,864691135759118926,1
864691135743285099,864691135759280462,1
864691135747065736,864691135762574646,1
864691135747065736,864691135762658614,2
864691135748589609,864691135762099510,1
864691135748596521,864691135762676790,1
864691135748880425,864691135763396406,1
864691135748981545,864691135763962045,1
864691135749021225,864691135762956086,1
864691135749058345,864691135759194190,1
864691135749358121,864691135759141454,1
864691135749573673,864691135762513974,1
864691135749577513,864691135759105102,1
864691135749859625,864691135763941174,1
864691135749936681,864691135763795510,1
864691135749936681,864691135763941174,1
864691135750005289,864691135763079734,1
864691135750452777,864691135759141454,1
864691135750452777,864691135759872846,1
864691135750491945,864691135763795510,1
864691135750590505,864691135762576950,1
864691135750642473,864691135758975822,1
864691135750779433,864691135762028342,1
864691135750803497,864691135771588091,2
864691135751064873,864691135759118926,5
864691135751064873,864691135762426166,1
864691135751064873,864691135764631862,3
864691135751184169,864691135761029710,1
864691135753559501,864691135760122958,1
864691135753563085,864691135759422798,1
864691135753563085,864691135762512950,2
864691135753568461,864691135771617275,1
864691135753608653,864691135762585398,1
864691135753634765,864691135762967229,2
864691135753638861,864691135759422798,1
864691135753638861,864691135762678838,1
864691135753668813,864691135763892278,1
864691135753708477,864691135759835325,1
864691135753741005,864691135762141238,1
864691135754580690,864691135762774838,1
864691135754590418,864691135759194190,1
864691135754613202,864691135762774838,2
864691135754615762,864691135762774838,1
864691135754616018,864691135762692662,1
864691135754676941,864691135762028342,2
864691135754692557,864691135761994038,1
864691135754702797,864691135771588091,1
864691135754703821,864691135758672206,1
864691135754709709,864691135762141238,1
864691135754716109,864691135759194190,1
864691135754985677,864691135763079734,1
864691135755037394,864691135762967229,1
864691135755043021,864691135760674638,1
864691135755123922,864691135771601147,1
864691135755253202,864691135762774838,2
864691135755351250,864691135759492430,1
864691135755351506,864691135763241526,1
864691135755374546,864691135763127862,1
864691135755388621,864691135762513974,2
864691135755458514,864691135771588091,1
864691135755530450,864691135759835325,1
864691135755555282,864691135759616701,1
864691135755601106,864691135762676790,1
864691135755610317,864691135763081526,1
864691135755632338,864691135759422798,8
864691135755707597,864691135759299406,1
864691135755707597,864691135771601147,1
864691135755723474,864691135762725430,1
864691135755761618,864691135762678838,3
864691135755792845,864691135759417934,1
864691135755885778,864691135762043702,1
864691135755953362,864691135759388494,1
864691135755953362,864691135762512950,1
864691135755983314,864691135759253070,1
864691135755983314,864691135759361102,1
864691135755992018,864691135759141454,1
864691135756096717,864691135762576950,1
864691135756096717,864691135763364662,2
864691135756096717,864691135764062006,1
864691135756270285,864691135764631862,6
864691135756311245,864691135762772534,1
864691135756381389,864691135762513974,4
864691135756681170,864691135759194190,1
864691135756681170,864691135760962638,10
864691135756681170,864691135762599990,2
864691135756681170,864691135762956086,2
864691135756681170,864691135763962045,1
864691135756844242,864691135759361102,1
864691135756844242,864691135760005966,1
864691135756844242,864691135761029710,9
864691135756844242,864691135763026230,1
864691135756844242,864691135763941174,8
864691135757043645,864691135762692662,1
864691135757243581,864691135759616701,1
864691135757248466,864691135759788989,1
864691135757248466,864691135762585398,1
864691135757248466,864691135763962045,2
864691135758179773,864691135759741629,1
864691135758179773,864691135760012477,1
864691135758477902,864691135760674638,1
864691135758502734,864691135763555382,1
864691135758508878,864691135762774838,1
864691135758514254,864691135759275854,3
864691135758514510,864691135759788989,1
864691135758528078,864691135763079734,1
864691135758643389,864691135758643389,6
864691135758672206,864691135758672206,23
864691135758672206,864691135762028342,1
864691135758818894,864691135759275854,1
864691135758869838,864691135762141238,1
864691135758951758,864691135763396406,2
864691135758951758,864691135763941174,1
864691135758975822,864691135758975822,1
864691135758983502,864691135771588091,1
864691135759105102,864691135759105102,22
864691135759118926,864691135759118926,50
864691135759141454,864691135759141454,10
864691135759166798,864691135759118926,1
864691135759194190,864691135759194190,7
864691135759238222,864691135759238222,21
864691135759254094,864691135759872846,2
864691135759254094,864691135762028342,1
864691135759254094,864691135762426166,1
864691135759275854,864691135759275854,6
864691135759280462,864691135759280462,10
864691135759410254,864691135759410254,16
864691135759410254,864691135762774838,1
864691135759412814,864691135762692662,2
864691135759422798,864691135759410254,1
864691135759422798,864691135759422798,27
864691135759492430,864691135759492430,14
864691135759614542,864691135759614542,11
864691135759616701,864691135759616701,13
864691135759616701,864691135763555382,1
864691135759628733,864691135759616701,2
864691135759628733,864691135759835325,1
864691135759741629,864691135759741629,31
864691135759779406,864691135759788989,1
864691135759788989,864691135759788989,13
864691135759815758,864691135759118926,4
864691135759835325,864691135759835325,7
864691135759872846,864691135759872846,13
864691135760012477,864691135760012477,2
864691135760120654,864691135762574646,1
864691135760122813,864691135762596797,1
864691135760208974,864691135760208974,6
864691135760319822,864691135760319822,6
864691135760319822,864691135763941174,1
864691135760441678,864691135763079734,3
864691135760441678,864691135763241526,2
864691135760453053,864691135759492430,1
864691135760614222,864691135760962638,3
864691135760614222,864691135762599990,9
864691135760624462,864691135759388494,2
864691135760674638,864691135760674638,32
864691135760812110,864691135760812110,14
864691135760925262,864691135760208974,1
864691135760925262,864691135763795510,1
864691135760962638,864691135760962638,11
864691135761043022,864691135762426166,1
864691135761073486,864691135760319822,1
864691135761498934,864691135771588091,1
864691135761511734,864691135763098934,2
864691135761516598,864691135762141238,1
864691135761517110,864691135762141238,1
864691135761528886,864691135762490678,1
864691135761543734,864691135759299406,1
864691135761548086,864691135763941174,1
864691135761549622,864691135762956598,1
864691135761553462,864691135759616701,1
864691135761553462,864691135762320438,1
864691135761994038,864691135761994038,31
864691135761994038,864691135763051318,2
864691135762016566,864691135762016566,11
864691135762026806,864691135762026806,13
864691135762028342,864691135762028342,23
864691135762043702,864691135762043702,7
864691135762085174,864691135762689334,1
864691135762096438,864691135762096438,9
864691135762106166,864691135759872846,1
864691135762106166,864691135762426166,1
864691135762141238,864691135762141238,11
864691135762208054,864691135759741629,1
864691135762208054,864691135762016566,1
864691135762208054,864691135762692662,1
864691135762320438,864691135762320438,10
864691135762418230,864691135762026806,1
864691135762426166,864691135762426166,10
864691135762512950,864691135762512950,2
864691135762513974,864691135762513974,3
864691135762521021,864691135762521021,6
864691135762557238,864691135762574646,1
864691135762565053,864691135762565053,7
864691135762576950,864691135762576950,22
864691135762585398,864691135762585398,6
864691135762591286,864691135762591286,4
864691135762596797,864691135762596797,5
864691135762599990,864691135762599990,13
864691135762618166,864691135762618166,12
864691135762676790,864691135762676790,9
864691135762678838,864691135762678838,13
864691135762689334,864691135762689334,14
864691135762725430,864691135762725430,6
864691135762774838,864691135762774838,19
864691135762779702,864691135762585398,1
864691135762845238,864691135759616701,1
864691135762950198,864691135759118926,1
864691135762956086,864691135762956086,5
864691135763026230,864691135763026230,6
864691135763051318,864691135763051318,2
864691135763058742,864691135759410254,1
864691135763079734,864691135762676790,1
864691135763079734,864691135763079734,16
864691135763112125,864691135763112125,4
864691135763127862,864691135763127862,1
864691135763137846,864691135760005966,3
864691135763244086,864691135759275854,1
864691135763362102,864691135762613558,1
864691135763396406,864691135763396406,7
864691135763433270,864691135764631862,1
864691135763555382,864691135763555382,4
864691135763892278,864691135763892278,10
864691135763941174,864691135762576950,1
864691135763941174,864691135763941174,19
864691135763941174,864691135764631862,1
864691135763962045,864691135763962045,12
864691135764263222,864691135761994038,1
864691135764458550,864691135759141454,1
864691135764464438,864691135760674638,1
864691135764464438,864691135764464438,7
864691135764558902,864691135759118926,1
864691135764558902,864691135760674638,1
864691135764558902,864691135762576950,1
864691135764631862,864691135764631862,14
864691135764678198,864691135761029710,1
864691135764678198,864691135763941174,1
864691135764696118,864691135760962638,1
864691135764859702,864691135762658614,1
864691135764890678,864691135763026230,1
864691135764890678,864691135763941174,1
864691135764890678,864691135764631862,1
864691135764932662,864691135763941174,1
864691135764943158,864691135759141454,1
864691135765778365,864691135765778365,4
864691135771588091,864691135771588091,8
864691135771590395,864691135771590395,3
864691135771598075,864691135771598075,2
864691135771601147,864691135771601147,7
864691135771603451,864691135763051318,4
864691135771625467,864691135762574646,2
864691135771627771,864691135762088758,1
864691135771628795,864691135762956086,1
864691135771650635,864691135762096438,1
864691135771652171,864691135759388494,1
864691135771652171,864691135760759374,1
864691135771653451,864691135762956598,1
864691135771678027,864691135759118926,2
864691135771684171,864691135760962638,2
864691135771702091,864691135759741629,1
864691135771704139,864691135762676790,2
864691135771706699,864691135762956086,1
864691135771717963,864691135761521462,1
864691135771717963,864691135762099510,1
864691135771717963,864691135762678838,1
864691135771719499,864691135759253070,1
864691135771741515,864691135759616701,1
864691135772014331,864691135762658614,1
864691135772155899,864691135759835325,2
864691135772184651,864691135763396406,1
864691135772189435,864691135760208974,1
864691135772238411,864691135763364662,1
864691135772243787,864691135762574646,1
864691135772261115,864691135759118926,1
864691135772422395,864691135762043702,1
864691135772471803,864691135761029710,1
864691135772495867,864691135762088758,1
864691135772534603,864691135759118926,1
864691135772584187,864691135759872846,1
864691135772584187,864691135762028342,1
864691135772608507,864691135762026806,2
864691135772613627,864691135763098934,1
864691135772704587,864691135759788989,1
864691135772712267,864691135759141454,1
864691135772712267,864691135762426166,1
864691135772761595,864691135762772534,1
864691135772785915,864691135759492430,1
864691135772799739,864691135759361102,1
864691135772810059,864691135759417934,1
864691135772810059,864691135762956598,1
864691135772906571,864691135760759374,2
864691135772906571,864691135762658614,2
864691135772906571,864691135762725430,4
864691135773208651,864691135760022606,1
864691135773208651,864691135762599990,1
864691135773491707,864691135760005966,1
864691135773536251,864691135760319822,1
864691135773615867,864691135762576950,1
864691135773645899,864691135763941174,1
864691135773673803,864691135764062006,2
864691135773779275,864691135762574646,2
864691135773779275,864691135762658614,3
864691135773779275,864691135762725430,2
864691135773779275,864691135763795510,1
864691135773910603,864691135763941174,1
864691135774085115,864691135760208974,1
864691135774085115,864691135761029710,1
864691135774164299,864691135763081526,1
864691135774221643,864691135760005966,2
864691135774221643,864691135760319822,7
864691135774221643,864691135760812110,2
864691135774221643,864691135764631862,8
864691135774413307,864691135759872846,1
864691135774413307,864691135771588091,1
864691135774414843,864691135759872846,1
864691135774414843,864691135762028342,2
864691135774414843,864691135763127862,1
864691135774414843,864691135771588091,1
864691135774429435,864691135763941174,1
864691135774435579,864691135759872846,1
864691135774514507,864691135760005966,2
864691135774514507,864691135760022606,1
864691135774514507,864691135760208974,1
864691135774514507,864691135760319822,1
864691135774514507,864691135760674638,1
864691135774514507,864691135761029710,1
864691135774514507,864691135762658614,1
864691135774514507,864691135763081526,5
864691135774514507,864691135763241526,1
864691135774514507,864691135764631862,2
864691135774581835,864691135761029710,1
864691135775781805,864691135759194190,1
864691135775781805,864691135760962638,1
864691135775801773,864691135759410254,1
864691135776120493,864691135764464438,1
864691135776127149,864691135759616701,1
864691135776155565,864691135758643389,1
864691135776235949,864691135760012477,1
864691135776258221,864691135762576950,1
864691135776397997,864691135761994038,1
864691135776541536,864691135762692662,1
864691135776550752,864691135762956598,1
864691135776558432,864691135762490678,1
864691135776558432,864691135762512950,1
864691135776591456,864691135760012477,1
864691135776594272,864691135762692662,1
864691135776596576,864691135762956086,1
864691135776602464,864691135759253070,2
864691135776628576,864691135759361102,1
864691135776628576,864691135763941174,1
864691135776629600,864691135759616701,1
864691135776629600,864691135762967229,1
864691135776630701,864691135758672206,1
864691135776630701,864691135771590395,1
864691135776632672,864691135759616701,1
864691135776637536,864691135759194190,3
864691135776645216,864691135763555382,1
864691135776661856,864691135762141238,6
864691135776816301,864691135762585398,1
864691135776874157,864691135763962045,1
864691135776882093,864691135759492430,1
864691135776899245,864691135759253070,1
864691135776904800,864691135762676790,1
864691135776904800,864691135763079734,1
864691135776925536,864691135759614542,1
864691135777017952,864691135759835325,1
864691135777069408,864691135760674638,1
864691135777130429,864691135763555382,1
864691135777140925,864691135763555382,1
864691135777146813,864691135759492430,1
864691135777154493,864691135758672206,1
864691135777166176,864691135761994038,1
864691135777166176,864691135762141238,4
864691135777166176,864691135763051318,1
864691135777170365,864691135759118926,1
864691135777253549,864691135762141238,1
864691135777253549,864691135763051318,1
864691135777381805,864691135763241526,2
864691135777419965,864691135759410254,1
864691135777432237,864691135759978062,1
864691135777497005,864691135759118926,1
864691135777497005,864691135771588091,1
864691135777517245,864691135759410254,1
864691135777535933,864691135760674638,1
864691135777575869,864691135759422798,6
864691135777597792,864691135759616701,3
864691135777610429,864691135762028342,1
864691135777621856,864691135763962045,2
864691135777653437,864691135759118926,1
864691135777733821,864691135762028342,1
864691135777817021,864691135771588091,1
864691135777987005,864691135759118926,1
864691135778094525,864691135762088758,3
864691135778094525,864691135771617275,1
864691135778115517,864691135759388494,4
864691135778115517,864691135763241526,1
864691135778116013,864691135759118926,1
864691135778116013,864691135761029710,1
864691135778116013,864691135763941174,1
864691135778116013,864691135764464438,1
864691135778126269,864691135762956598,1
864691135778130621,864691135761994038,1
864691135778185568,864691135759253070,1
864691135778231136,864691135759417934,1
864691135778231136,864691135760674638,1
864691135778273213,864691135763079734,1
864691135778273469,864691135759872846,1
864691135778273469,864691135762026806,1
864691135778279869,864691135760674638,1
864691135778414176,864691135762574646,1
864691135778435501,864691135759388494,2
864691135778435501,864691135762574646,1
864691135778435501,864691135762725430,1
864691135778576557,864691135759118926,2
864691135778576557,864691135771588091,1
864691135778668973,864691135761994038,3
864691135778668973,864691135762141238,2
864691135778673341,864691135759492430,1
864691135778701664,864691135762676790,1
864691135778704045,864691135762585398,1
864691135778716589,864691135762028342,1
864691135778726752,864691135763098934,1
864691135778794336,864691135759872846,1
864691135778825133,864691135761029710,2
864691135778825133,864691135763081526,1
864691135778825133,864691135764464438,3
864691135779111008,864691135759118926,1
864691135779161440,864691135759141454,8
864691135779161440,864691135759872846,2
864691135779161440,864691135760319822,1
864691135779199584,864691135759118926,3
864691135779199584,864691135762576950,3
864691135779199584,864691135764464438,3
864691135779449533,864691135761521462,1
864691135779449533,864691135761994038,2
864691135779449533,864691135763051318,4
864691135780799824,864691135762596797,1
864691135780803408,864691135763081526,1
864691135780824656,864691135759788989,1
864691135780828496,864691135760962638,3
864691135780838736,864691135760962638,1
864691135780986448,864691135759422798,1
864691135780986448,864691135762512950,1
864691135781081680,864691135759410254,2
864691135781162320,864691135771588091,1
864691135781175376,864691135771617275,1
864691135781194832,864691135759118926,1
864691135781194832,864691135762026806,1
864691135781263184,864691135763396406,2
864691135781263696,864691135762320438,1
864691135781376848,864691135762774838,1
864691135781548368,864691135760005966,1
864691135781548368,864691135760674638,1
864691135781816144,864691135762026806,1
864691135781848400,864691135763051318,1
864691135782062672,864691135761994038,2
864691135782265424,864691135763962045,1
864691135782404147,864691135762725430,1
864691135782425139,864691135762967229,1
864691135782603088,864691135762689334,1
864691135782615632,864691135759422798,1
864691135782620240,864691135762658614,1
864691135782708304,864691135759141454,4
864691135782737203,864691135762956598,1
864691135782798160,864691135759141454,1
864691135782821456,864691135759872846,5
864691135782821456,864691135762028342,1
864691135782821456,864691135762426166,2
864691135782865459,864691135759422798,5
864691135782865459,864691135761994038,1
864691135782890035,864691135759280462,1
864691135783108403,864691135759616701,1
864691135783139123,864691135760674638,1
864691135783139379,864691135759105102,2
864691135783147571,864691135763079734,1
864691135783186512,864691135760962638,1
864691135783215667,864691135762585398,1
864691135783261776,864691135771588091,1
864691135783303987,864691135763051318,1
864691135783371315,864691135760012477,1
864691135783382323,864691135763241526,1
864691135783548467,864691135760962638,1
864691135783548467,864691135762599990,1
864691135783553075,864691135762774838,1
864691135783570739,864691135759422798,1
864691135783909427,864691135762599990,1
864691135783909427,864691135762774838,1
864691135784000051,864691135762678838,1
864691135784210739,864691135759299406,1
864691135784210739,864691135763081526,1
864691135784225075,864691135762026806,1
864691135784359475,864691135762576950,1
864691135784359475,864691135763941174,1
864691135784706355,864691135759422798,1
864691135785253828,864691135762676790,1
864691135785262020,864691135762772534,1
864691135785267652,864691135764464438,1
864691135785285572,864691135759788989,1
864691135785432004,864691135759253070,1
864691135785432004,864691135759299406,1
864691135785483716,864691135762043702,1
864691135785636804,864691135771617275,1
864691135785664196,864691135759616701,1
864691135785713860,864691135758672206,1
864691135785767620,864691135762676790,1
864691135785784772,864691135763079734,1
864691135785801156,864691135762576950,1
864691135786075844,864691135771617275,1
864691135786315204,864691135759141454,3
864691135786334660,864691135758672206,1
864691135786354372,864691135759275854,1
864691135786357700,864691135762141238,1
864691135786362052,864691135762043702,1
864691135786647236,864691135760208974,2
864691135786647236,864691135762576950,1
864691135786647236,864691135764464438,1
864691135786647236,864691135764631862,1
864691135786966980,864691135759417934,1
864691135787226564,864691135759118926,1
864691135787242948,864691135760674638,2
864691135787264964,864691135763026230,1
864691135787363012,864691135762426166,2
864691135787369412,864691135760022606,1
864691135787692740,864691135760022606,1
864691135799734370,864691135763241526,1
864691135799901538,864691135771588091,1
864691135800040034,864691135759422798,1
864691135800107106,864691135759422798,9
864691135800178786,864691135759253070,1
864691135800192610,864691135759194190,3
864691135800544354,864691135763098934,1
864691135800544866,864691135763892278,1
864691135800644962,864691135759410254,1
864691135800664418,864691135762043702,1
864691135800708450,864691135762026806,1
864691135800713570,864691135759141454,1
864691135800714082,864691135762576950,1
864691135800715362,864691135759616701,1
864691135800717154,864691135759492430,1
864691135800728162,864691135771588091,1
864691135800734306,864691135759835325,1
864691135800747362,864691135762028342,1
864691135800748130,864691135763098934,1
864691135800754274,864691135759616701,1
864691135800968034,864691135761521462,1
864691135801039970,864691135758672206,1
864691135801088610,864691135759422798,1
864691135801088610,864691135761521462,1
864691135801088610,864691135762099510,1
864691135801088610,864691135762613558,1
864691135801088610,864691135763795510,1
864691135801088610,864691135771617275,4
864691135801456226,864691135762026806,1
864691135801463650,864691135763364662,1
864691135801604706,864691135759410254,1
864691135801604706,864691135759788989,1
864691135802389858,864691135759978062,3
864691135802389858,864691135761029710,2
864691135802625634,864691135759118926,1
864691135802788962,864691135764464438,2
864691135807185949,864691135759118926,1
864691135807191069,864691135760005966,1
864691135807191069,864691135761521462,2
864691135807191069,864691135762490678,1
864691135807191069,864691135762658614,1
864691135807191069,864691135763081526,1
864691135807192861,864691135763079734,1
864691135807199261,864691135763962045,1
864691135807210525,864691135759616701,2
864691135807210525,864691135760012477,1
864691135807244061,864691135759741629,2
864691135807244061,864691135762967229,1
864691135807261981,864691135762574646,1
864691135807275549,864691135759872846,1
864691135807285789,864691135762028342,1
864691135807287069,864691135762026806,4
864691135807288093,864691135763241526,1
864691135807311389,864691135762426166,1
864691135807311389,864691135763127862,2
864691135807329821,864691135771588091,1
864691135807340829,864691135762574646,1
864691135807346205,864691135759422798,2
864691135807487005,864691135762028342,2
864691135807487005,864691135762426166,4
864691135807487005,864691135763098934,1
864691135807579933,864691135762574646,1
864691135807758365,864691135759194190,1
864691135808102429,864691135759388494,1
864691135808217373,864691135765778365,1
864691135808286237,864691135771588091,1
864691135808364829,864691135759616701,1
864691135808367645,864691135762141238,1
864691135808383261,864691135759835325,1
864691135808401437,864691135763127862,2
864691135808568861,864691135759410254,1
864691135808625181,864691135759299406,3
864691135808625181,864691135763241526,1
864691135808877341,864691135760962638,1
864691135809170717,864691135763098934,1
864691135809432524,864691135759194190,2
864691135809434316,864691135762490678,1
864691135809436620,864691135759105102,1
864691135809448908,864691135759410254,1
864691135809448908,864691135760962638,3
864691135809479116,864691135759388494,1
864691135809479116,864691135762512950,1
864691135809479884,864691135761994038,1
864691135809484748,864691135762141238,1
864691135809496268,864691135759105102,1
864691135809511628,864691135759253070,3
864691135809511628,864691135759299406,3
864691135809511628,864691135761081934,1
864691135809511628,864691135763686710,1
864691135809511628,864691135763795510,1
864691135809511628,864691135771617275,3
864691135809512140,864691135762088758,1
864691135809512140,864691135762574646,4
864691135809512140,864691135771617275,1
864691135809512396,864691135762574646,1
864691135809588253,864691135762676790,1
864691135809626828,864691135762599990,1
864691135809883340,864691135759741629,2
864691135809903564,864691135759410254,1
864691135809903564,864691135760962638,1
864691135809903564,864691135762599990,10
864691135809954589,864691135762676790,1
864691135809954589,864691135763079734,2
864691135809954845,864691135762576950,1
864691135810079517,864691135762689334,1
864691135810079517,864691135763941174,4
864691135810265885,864691135760812110,1
864691135810297548,864691135759194190,1
864691135810323229,864691135759422798,2
864691135810339532,864691135759410254,1
864691135810339532,864691135759422798,1
864691135810345164,864691135762512950,16
864691135810352588,864691135762678838,1
864691135810375372,864691135759388494,1
864691135810420509,864691135762088758,1
864691135810514205,864691135760674638,1
864691135810531357,864691135764631862,1
864691135810552349,864691135764324918,1
864691135810604492,864691135764062006,1
864691135810618909,864691135759417934,1
864691135810618909,864691135762426166,1
864691135810643485,864691135759118926,1
864691135810643485,864691135759872846,4
864691135810643485,864691135762426166,1
864691135810656029,864691135760005966,1
864691135810656029,864691135762576950,1
864691135810656029,864691135764464438,1
864691135810980812,864691135763241526,1
864691135811007692,864691135763081526,1
864691135811013580,864691135762658614,1
864691135811567052,864691135759141454,1
864691135811646924,864691135760812110,1
864691135811646924,864691135764062006,1
864691135811646924,864691135764464438,6
864691135811692236,864691135759978062,1
864691135811734220,864691135759422798,1
864691135811734220,864691135762490678,1
864691135815473999,864691135763795510,1
864691135815474255,864691135762426166,1
864691135815506255,864691135759616701,1
864691135815506767,864691135760012477,1
864691135815507023,864691135760012477,1
864691135815928655,864691135759616701,1
864691135816001871,864691135759616701,1
864691135816001871,864691135759835325,3
864691135816235855,864691135762692662,1
864691135816238415,864691135763962045,1
864691135816284751,864691135759410254,2
864691135816508751,864691135759194190,1
864691135816508751,864691135759788989,1
864691135816508751,864691135760962638,1
864691135816508751,864691135762599990,2
864691135816516431,864691135771588091,1
864691135816516687,864691135759616701,1
864691135816516687,864691135762591286,2
864691135816516687,864691135762956086,1
864691135816693327,864691135761029710,1
864691135817132879,864691135761994038,1
864691135817132879,864691135763051318,2
864691135817132879,864691135763555382,3
864691135817949519,864691135759118926,2
864691135817949519,864691135763127862,1
864691135837178259,864691135762512950,1
864691135837189267,864691135759141454,1
864691135837469331,864691135759253070,2
864691135837469331,864691135759361102,1
864691135837587603,864691135759492430,1
864691135837587603,864691135759788989,1
864691135837587603,864691135761994038,2
864691135837678995,864691135763686710,1
864691135837679507,864691135763795510,1
864691135838010771,864691135762026806,1
864691135838087571,864691135763892278,1
864691135838114707,864691135762599990,1
864691135838230675,864691135759616701,1
864691135838413459,864691135759118926,1
864691135838494867,864691135759253070,1
864691135838494867,864691135759299406,1
864691135838494867,864691135759978062,6
864691135838494867,864691135771601147,2
864691135838640275,864691135759118926,1
864691135838648467,864691135759978062,1
864691135838648467,864691135762956598,1
864691135838672019,864691135760674638,1
864691135838738579,864691135763795510,1
864691135838911123,864691135759435342,1
864691135838911123,864691135762956598,1
864691135839276947,864691135759422798,1
864691135839276947,864691135763051318,1
864691135839413395,864691135759141454,1
864691135839413395,864691135763098934,1
864691135839593363,864691135762576950,3
864691135839753363,864691135759118926,1
864691135840035219,864691135760005966,1
864691135840035219,864691135760674638,1
864691135841322979,864691135762956598,1
864691135841335523,864691135761994038,1
864691135841410787,864691135763051318,1
864691135841629667,864691135762774838,1
864691135841699299,864691135762028342,1
864691135841840355,864691135762678838,1
864691135841859043,864691135762096438,1
864691135841932515,864691135762512950,1
864691135841932515,864691135762678838,1
864691135841933027,864691135759118926,1
864691135841941219,864691135759616701,1
864691135841977315,864691135764464438,1
864691135842153187,864691135759872846,3
864691135842153187,864691135762028342,5
864691135842156771,864691135759835325,1
864691135842160611,864691135759492430,1
864691135842670819,864691135759118926,2
864691135842670819,864691135760319822,1
864691135842670819,864691135762576950,1
864691135842692835,864691135762676790,1
864691135842920419,864691135759253070,2
864691135842920419,864691135759978062,2
864691135843077603,864691135764464438,1
864691135843118051,864691135759422798,20
864691135843242211,864691135759253070,1
864691135843242211,864691135763941174,1
864691135847926878,864691135762774838,1
864691135847931998,864691135759410254,1
864691135847931998,864691135759978062,1
864691135847936862,864691135762967229,1
864691135847936862,864691135763112125,3
864691135847938142,864691135759616701,1
864691135847938142,864691135763555382,1
864691135847950174,864691135759410254,1
864691135847984478,864691135759616701,1
864691135847984478,864691135759835325,1
864691135848041822,864691135762676790,1
864691135848300382,864691135759388494,1
864691135848300382,864691135762490678,1
864691135848306526,864691135759978062,1
864691135848308830,864691135761994038,1
864691135848308830,864691135763396406,1
864691135848346718,864691135759275854,1
864691135848571486,864691135759616701,1
864691135848571486,864691135762320438,1
864691135848571486,864691135763555382,1
864691135848577118,864691135763941174,1
864691135848592734,864691135758672206,1
864691135848618334,864691135759118926,1
864691135848671326,864691135759238222,1
864691135848671582,864691135762320438,1
864691135848784734,864691135761994038,1
864691135848858206,864691135761994038,1
864691135848858206,864691135762141238,1
864691135849261662,864691135771588091,1
864691135849378142,864691135763026230,1
864691135849508958,864691135759435342,1
864691135849634142,864691135763079734,1
864691135849720670,864691135763051318,2
864691135849720670,864691135763962045,1
864691135849909598,864691135759141454,1
864691135849938782,864691135761029710,1
864691135850021726,864691135762576950,1
864691135850033758,864691135760674638,1
864691135850036830,864691135759118926,1
864691135850134878,864691135762088758,1
864691135850134878,864691135771617275,1
864691135850446535,864691135759275854,1
864691135850459847,864691135763795510,1
864691135850464455,864691135758643389,3
864691135850464455,864691135759741629,1
864691135850847943,864691135763795510,2
864691135850850247,864691135759872846,2
864691135850852551,864691135761994038,1
864691135850986183,864691135762141238,1
864691135851044551,864691135762774838,1
864691135851325383,864691135762585398,1
864691135851325383,864691135763962045,1
864691135851448263,864691135759410254,1
864691135851457479,864691135759616701,2
864691135851599303,864691135759872846,4
864691135853034439,864691135761029710,1
864691135853198023,864691135763098934,1
864691135853222087,864691135762576950,1
864691135855565870,864691135761081934,1
864691135855565870,864691135763686710,2
864691135855566894,864691135759118926,1
864691135855572014,864691135759388494,1
864691135855572526,864691135763098934,1
864691135855575342,864691135762692662,1
864691135855594030,864691135763241526,1
864691135855607086,864691135762141238,1
864691135855609902,864691135759275854,1
864691135855609902,864691135759616701,1
864691135855609902,864691135759741629,2
864691135855609902,864691135762692662,1
864691135855614510,864691135759194190,1
864691135855629614,864691135771617275,1
864691135855655982,864691135763079734,1
864691135855659310,864691135762599990,1
864691135855659822,864691135759872846,1
864691135855660078,864691135759872846,1
864691135855660078,864691135762028342,1
864691135855692590,864691135762967229,4
864691135855788078,864691135763098934,1
864691135856007982,864691135762574646,1
864691135856142382,864691135762725430,2
864691135856257070,864691135760005966,1
864691135856316462,864691135763098934,1
864691135856482350,864691135759118926,1
864691135856482350,864691135762026806,1
864691135856560430,864691135759118926,1
864691135856683822,864691135762956086,1
864691135856727342,864691135759616701,1
864691135856735534,864691135759118926,1
864691135856735534,864691135763892278,1
864691135856751662,864691135763962045,1
864691135856792110,864691135759194190,4
864691135856827694,864691135759361102,1
864691135857317422,864691135762096438,1
864691135857450030,864691135759492430,1
864691135857554734,864691135759118926,1
864691135857647406,864691135763127862,2
864691135857881390,864691135759253070,1
864691135857881390,864691135759361102,2
864691135858009390,864691135759253070,1
864691135858009390,864691135771601147,1
864691135858216494,864691135763364662,1
864691135858282030,864691135760208974,3
864691135858282030,864691135760319822,3
864691135858282030,864691135763026230,8
864691135858282030,864691135764464438,3
864691135858282030,864691135764631862,1
864691135858298670,864691135762613558,1
864691135858363694,864691135761029710,2
864691135858363694,864691135764631862,2
864691135858491438,864691135758643389,5
864691135858491438,864691135759105102,1
864691135858491438,864691135759118926,4
864691135858491438,864691135759253070,1
864691135858491438,864691135759741629,1
864691135858491438,864691135760005966,1
864691135858491438,864691135760208974,1
864691135858491438,864691135760674638,2
864691135858491438,864691135762088758,4
864691135858491438,864691135762320438,1
864691135858491438,864691135762426166,1
864691135858491438,864691135762490678,2
864691135858491438,864691135762521021,1
864691135858491438,864691135762576950,1
864691135858491438,864691135762585398,1
864691135858491438,864691135762772534,1
864691135858491438,864691135762774838,1
864691135858491438,864691135762967229,1
864691135858491438,864691135763026230,1
864691135858491438,864691135763396406,4
864691135858491438,864691135763941174,1
864691135858522670,864691135759788989,2
864691135858604846,864691135759118926,1
864691135858604846,864691135760674638,1
864691135858604846,864691135762576950,1
864691135858626606,864691135760005966,2
864691135858626606,864691135760674638,1
864691135858626606,864691135761029710,1
864691135858626606,864691135764464438,1
864691135858641454,864691135763941174,2
864691135858641454,864691135764464438,1
864691135858702696,864691135762512950,1
864691135858704488,864691135761994038,1
864691135859005288,864691135759299406,1
864691135859005288,864691135762141238,1
864691135859384168,864691135762576950,1
864691135859498088,864691135759118926,1
864691135859692392,864691135763962045,1
864691135859692904,864691135771588091,1
864691135859698024,864691135761994038,1
864691135859705192,864691135759422798,1
864691135859705192,864691135762512950,2
864691135859777128,864691135760122958,1
864691135860119912,864691135762490678,1
864691135860146792,864691135762772534,1
864691135860215400,864691135759253070,1
864691135860215400,864691135759299406,1
864691135860562024,864691135762772534,1
864691135860646248,864691135762576950,2
864691135860803944,864691135763941174,1
864691135860948072,864691135763127862,1
864691135860973416,864691135771588091,1
864691135861182824,864691135763098934,1
864691135861311592,864691135759872846,1
864691135861326440,864691135759118926,1
864691135861342056,864691135763396406,1
864691135864047486,864691135759614542,2
864691135864059006,864691135762490678,1
864691135864072318,864691135762513974,1
864691135864091006,864691135762028342,1
864691135864346750,864691135759118926,2
864691135864347518,864691135759275854,2
864691135864347518,864691135759614542,1
864691135864347518,864691135762967229,2
864691135864352894,864691135759238222,1
864691135864392318,864691135763962045,1
864691135864448894,864691135761081934,1
864691135864485502,864691135759422798,2
864691135864485502,864691135763051318,1
864691135864503166,864691135760674638,1
864691135864674430,864691135762725430,1
864691135864688766,864691135763079734,1
864691135864708828,864691135762016566,1
864691135864712924,864691135759741629,1
864691135864712924,864691135759835325,2
864691135864713436,864691135758672206,1
864691135864714460,864691135763962045,1
864691135864723164,864691135759194190,1
864691135864727516,864691135760012477,1
864691135864727772,864691135763795510,1
864691135864739804,864691135762028342,1
864691135864740828,864691135762026806,1
864691135864757980,864691135762513974,1
864691135864786814,864691135762141238,1
864691135864808318,864691135763098934,1
864691135864822398,864691135759422798,1
864691135864850814,864691135759410254,1
864691135864852350,864691135758672206,1
864691135864911230,864691135761994038,1
864691135864969854,864691135763962045,1
864691135864990172,864691135759422798,1
864691135865059710,864691135762591286,1
864691135865090524,864691135763026230,1
864691135865103580,864691135759422798,1
864691135865144446,864691135771588091,1
864691135865214590,864691135759872846,1
864691135865214590,864691135762028342,3
864691135865214590,864691135762426166,3
864691135865413340,864691135759194190,1
864691135865481605,864691135762016566,1
864691135865489285,864691135759422798,2
864691135865490309,864691135762513974,1
864691135865494917,864691135761994038,1
864691135865500037,864691135771588091,2
864691135865508229,864691135762088758,1
864691135865517276,864691135762141238,1
864691135865543557,864691135759194190,2
864691135865543557,864691135762599990,3
864691135865592197,864691135758672206,1
864691135865596549,864691135760674638,1
864691135865597317,864691135759118926,1
864691135865597829,864691135771588091,3
864691135865600133,864691135759118926,1
864691135865600389,864691135759835325,1
864691135865602437,864691135759118926,1
864691135865608837,864691135762043702,1
864691135865615749,864691135759835325,1
864691135865681116,864691135759410254,1
864691135865681116,864691135760962638,1
864691135865681116,864691135762599990,3
864691135865689052,864691135762599990,8
864691135865705436,864691135761994038,1
864691135865707228,864691135762096438,2
864691135865866110,864691135759422798,1
864691135865866110,864691135762141238,11
864691135865866110,864691135762678838,1
864691135865897093,864691135762678838,1
864691135865964158,864691135759388494,1
864691135865964158,864691135761029710,1
864691135865964158,864691135764631862,1
864691135865977982,864691135762576950,1
864691135866008796,864691135763241526,1
864691135866022620,864691135759388494,1
864691135866052572,864691135762088758,1
864691135866086021,864691135758975822,1
864691135866086021,864691135759410254,3
864691135866086021,864691135761994038,3
864691135866086021,864691135762141238,2
864691135866089349,864691135759872846,9
864691135866142334,864691135762028342,1
864691135866143964,864691135759422798,8
864691135866143964,864691135762678838,1
864691135866143964,864691135763962045,1
864691135866165212,864691135759788989,2
864691135866165212,864691135762585398,1
864691135866238684,864691135762141238,1
864691135866355932,864691135759978062,1
864691135866355932,864691135764324918,1
864691135866355932,864691135771601147,1
864691135866365462,864691135759118926,1
864691135866365718,864691135764631862,1
864691135866371036,864691135760319822,1
864691135866371036,864691135762028342,1
864691135866374934,864691135759141454,1
864691135866391004,864691135763081526,2
864691135866393878,864691135761994038,1
864691135866397718,864691135763962045,1
864691135866406782,864691135758975822,1
864691135866406782,864691135761994038,2
864691135866406782,864691135762141238,3
864691135866406782,864691135763051318,2
864691135866409494,864691135761521462,2
864691135866410774,864691135759118926,1
864691135866411542,864691135763892278,1
864691135866418710,864691135762088758,1
864691135866430853,864691135762585398,2
864691135866441605,864691135758672206,1
864691135866519004,864691135759410254,1
864691135866519004,864691135760962638,1
864691135866519004,864691135762599990,4
864691135866529157,864691135759616701,1
864691135866572677,864691135762026806,1
864691135866577285,864691135760759374,1
864691135866606469,864691135762599990,3
864691135866628478,864691135759872846,1
864691135866677125,864691135759422798,1
864691135866700933,864691135761994038,1
864691135866751196,864691135759872846,1
864691135866751196,864691135762028342,1
864691135866751196,864691135762426166,1
864691135866751870,864691135763098934,1
864691135866798556,864691135759118926,1
864691135866884572,864691135764631862,1
864691135866963478,864691135759616701,3
864691135866963478,864691135763555382,1
864691135866965270,864691135759118926,1
864691135866965886,864691135759118926,3
864691135866965886,864691135762676790,5
864691135866965886,864691135763079734,1
864691135866965886,864691135764464438,1
864691135866975708,864691135762956598,2
864691135866980630,864691135762026806,1
864691135866987740,864691135763941174,1
864691135867002750,864691135759118926,1
864691135867002750,864691135763026230,1
864691135867028246,864691135761081934,2
864691135867033726,864691135759118926,2
864691135867033726,864691135762576950,1
864691135867033726,864691135762689334,1
864691135867033726,864691135763941174,1
864691135867033726,864691135764464438,1
864691135867033726,864691135764631862,2
864691135867033982,864691135759118926,6
864691135867053590,864691135763962045,1
864691135867056766,864691135759361102,1
864691135867058140,864691135760005966,2
864691135867058140,864691135760208974,4
864691135867058140,864691135762658614,1
864691135867058140,864691135763081526,2
864691135867058140,864691135763241526,1
864691135867062492,864691135763941174,1
864691135867074012,864691135760674638,1
864691135867074012,864691135763795510,1
864691135867084677,864691135759141454,1
864691135867225733,864691135759616701,1
864691135867225733,864691135759741629,1
864691135867336325,864691135761994038,1
864691135867370262,864691135762141238,1
864691135867527958,864691135759194190,1
864691135867536150,864691135759788989,1
864691135867536150,864691135763962045,1
864691135867566870,864691135759616701,2
864691135867590422,864691135759275854,2
864691135867628310,864691135762599990,1
864691135867642134,864691135759616701,1
864691135867643158,864691135759118926,1
864691135867643158,864691135759238222,1
864691135867643158,864691135771588091,2
864691135867649046,864691135761994038,5
864691135867754262,864691135763555382,1
864691135867905302,864691135761994038,2
864691135867955990,864691135762490678,1
864691135867970070,864691135759253070,1
864691135868001814,864691135759492430,1
864691135868043397,864691135759118926,1
864691135868043397,864691135760674638,1
864691135868043397,864691135763364662,1
864691135868077957,864691135760962638,6
864691135868077957,864691135762599990,2
864691135868142102,864691135760208974,1
864691135868144150,864691135762774838,1
864691135868205701,864691135759118926,7
864691135868210454,864691135759422798,1
864691135868210454,864691135760674638,4
864691135868279830,864691135759118926,1
864691135868919318,864691135761029710,1
864691135869457430,864691135759280462,1
864691135869457430,864691135761029710,6
864691135869457430,864691135762613558,1
864691135869457430,864691135764464438,1
864691135869457430,864691135764631862,10
864691135873610382,864691135762574646,2
864691135873610382,864691135762725430,4
864691135873610382,864691135762774838,1
864691135873616270,864691135762512950,1
864691135873623694,864691135763241526,1
864691135873642382,864691135762099510,1
864691135873822606,864691135759194190,1
864691135874320270,864691135762028342,1
864691135874569358,864691135759410254,1
864691135874571150,864691135758672206,1
864691135874578830,864691135759388494,1
864691135874731406,864691135759118926,2
864691135874731406,864691135762576950,3
864691135875137678,864691135771588091,1
864691135875148942,864691135760674638,1
864691135875392398,864691135759872846,1
864691135875569550,864691135762689334,1
864691135875764622,864691135764464438,1
864691135875807118,864691135762772534,1
864691135875965523,864691135759492430,1
864691135875977043,864691135771588091,1
864691135875980371,864691135763241526,1
864691135875986003,864691135759616701,1
864691135876040078,864691135762043702,1
864691135876040078,864691135763081526,1
864691135876040078,864691135763941174,1
864691135876040078,864691135764464438,1
864691135876105614,864691135761029710,1
864691135876105614,864691135762689334,1
864691135876415315,864691135758975822,1
864691135876741203,864691135759299406,1
864691135876935251,864691135759194190,2
864691135876935251,864691135760962638,1
864691135876937555,864691135759422798,2
864691135876956499,864691135762426166,1
864691135876959827,864691135759616701,1
864691135877028179,864691135761994038,1
864691135877398355,864691135762599990,1
864691135877451091,864691135763795510,1
864691135877471315,864691135759118926,1
864691135877620563,864691135762676790,1
864691135877885779,864691135759253070,1
864691135878346579,864691135759118926,1
864691135878346579,864691135762576950,1
864691135878577235,864691135763098934,1
864691135878665811,864691135760812110,2
864691135878780499,864691135759872846,2
864691135878780499,864691135762028342,2
864691135878780499,864691135771590395,1
864691135878782035,864691135760674638,1
864691135883844976,864691135762096438,1
864691135883861616,864691135762576950,1
864691135883867248,864691135759417934,1
864691135883876464,864691135759614542,1
864691135883878768,864691135759141454,1
864691135883879280,864691135762141238,1
864691135883883632,864691135761521462,1
864691135883892848,864691135771588091,1
864691135883897968,864691135760012477,1
864691135884161904,864691135762692662,1
864691135884175984,864691135759422798,1
864691135884235632,864691135762096438,1
864691135884239728,864691135762099510,3
864691135884254064,864691135760122958,1
864691135884302704,864691135762774838,1
864691135884353136,864691135763962045,1
864691135884601456,864691135762774838,1
864691135884707696,864691135763396406,1
864691135884764016,864691135763241526,3
864691135884838000,864691135762141238,1
864691135884871792,864691135759978062,1
864691135884871792,864691135771601147,1
864691135884875888,864691135764464438,1
864691135884882032,864691135762028342,1
864691135884886128,864691135763098934,1
864691135884943984,864691135760674638,1
864691135885194352,864691135759422798,1
864691135885221488,864691135762599990,4
864691135885326192,864691135762576950,1
864691135885343856,864691135759141454,1
864691135885343856,864691135762576950,1
864691135885572208,864691135762490678,1
864691135885572208,864691135771617275,1
864691135885764464,864691135759118926,1
864691135885764464,864691135762576950,1
864691135886132080,864691135763941174,1
864691135886199408,864691135760208974,1
864691135886293872,864691135759872846,1
864691135886293872,864691135762028342,1
864691135886345072,864691135760674638,3
864691135886415472,864691135761029710,3
864691135888474249,864691135763962045,1
864691135888476553,864691135760759374,1
864691135888478089,864691135763079734,1
864691135888483977,864691135762490678,2
864691135888516745,864691135762774838,1
864691135888523145,864691135762043702,1
864691135888523145,864691135762512950,1
864691135889248393,864691135764631862,1
864691135889381513,864691135761994038,2
864691135889396617,864691135762016566,1
864691135889532297,864691135759118926,1
864691135889565321,864691135759105102,1
864691135889566857,864691135763555382,1
864691135890079369,864691135763081526,1
864691135890197385,864691135760674638,2
864691135890197385,864691135764631862,1
864691135890229129,864691135762956598,1
864691135890582665,864691135762599990,1
864691135890664841,864691135762490678,1
864691135890948233,864691135762676790,1
864691135891282313,864691135759253070,1
864691135891510153,864691135762689334,1
864691135891551369,864691135763098934,1
864691135891719305,864691135759141454,2
864691135891719305,864691135762028342,1
864691135891719305,864691135762426166,1
864691135891874185,864691135763555382,2
864691135892048777,864691135762576950,1
864691135892048777,864691135764324918,1
864691135892228489,864691135759141454,3
864691135892234633,864691135771601147,1
864691135892333961,864691135764631862,1
864691135892396937,864691135762956598,2
864691135892448137,864691135759118926,1
864691135892483721,864691135760022606,1
864691135908721761,864691135762774838,1
864691135909121889,864691135762774838,1
864691135909741225,864691135764631862,1
864691135909758121,864691135759616701,1
864691135910098601,864691135762490678,1
864691135910214825,864691135763051318,1
864691135910386857,864691135760122958,1
864691135910469801,864691135759492430,1
864691135910495657,864691135763241526,1
864691135910510505,864691135763962045,1
864691135910596009,864691135759872846,1
864691135910658473,864691135762596797,1
864691135910658473,864691135762692662,1
864691135910659753,864691135759141454,1
864691135910670249,864691135759141454,1
864691135910670249,864691135771590395,1
864691135910863273,864691135762576950,1
864691135911076521,864691135762043702,1
864691135911242409,864691135759492430,1
864691135911242409,864691135759616701,1
864691135911637673,864691135771590395,1
864691135911688105,864691135760022606,1
864691135911688105,864691135764062006,1
864691135911903401,864691135763079734,1
864691135911939497,864691135758975822,1
864691135911939497,864691135762141238,3
864691135911939497,864691135762678838,1
864691135911939497,864691135763051318,1
864691135912055977,864691135760122958,2
864691135912195497,864691135760319822,1
864691135912195497,864691135762576950,1
864691135912195497,864691135763941174,1
864691135912195497,864691135764464438,8
864691135912195497,864691135771588091,1
864691135912293289,864691135759872846,2
864691135912356777,864691135762490678,1
864691135912367785,864691135763026230,1
864691135912367785,864691135764464438,1
864691135915159142,864691135759141454,1
864691135915175526,864691135759741629,3
864691135915177830,864691135759422798,2
864691135915191398,864691135761994038,1
864691135915394662,864691135759118926,1
864691135915467110,864691135759105102,1
864691135915467366,864691135759741629,1
864691135915636326,864691135759422798,1
864691135915636326,864691135760208974,1
864691135915813990,864691135759614542,1
864691135915903334,864691135762513974,1
864691135916038246,864691135759616701,1
864691135916813414,864691135763098934,1
864691135916925030,864691135762088758,1
864691135916925030,864691135771617275,1
864691135917058150,864691135762490678,1
864691135917122662,864691135762426166,1
864691135917381990,864691135763396406,1
864691135917381990,864691135763941174,1
864691135917381990,864691135764324918,2
864691135917583462,864691135759410254,1
864691135917650534,864691135764464438,1
864691135918331824,864691135759616701,1
864691135918345904,864691135762585398,2
864691135918596528,864691135759105102,1
864691135918597808,864691135771588091,1
864691135918600880,864691135759105102,1
864691135918601136,864691135762585398,1
864691135918652336,864691135759492430,1
864691135918789552,864691135759388494,1
864691135919069872,864691135759422798,1
864691135919170736,864691135762678838,2
864691135919203504,864691135771588091,1
864691135919211696,864691135761994038,1
864691135919377072,864691135759835325,1
864691135919385008,864691135762613558,1
864691135919407536,864691135759616701,1
864691135919407536,864691135759835325,1
864691135919622832,864691135759118926,1
864691135919645872,864691135763962045,1
864691135919720624,864691135762585398,2
864691135919901616,864691135762574646,2
864691135919901616,864691135762678838,1
864691135919977904,864691135762576950,1
864691135920492976,864691135763081526,3
864691135920747696,864691135760674638,1
864691135920755120,864691135760812110,1
864691135920862128,864691135762576950,1
864691135920880304,864691135763795510,1
864691135920880304,864691135764464438,2
864691135920894128,864691135759361102,2
864691135920894128,864691135763026230,1
864691135920930224,864691135759253070,2
864691135920930224,864691135760208974,1
864691135920930224,864691135762613558,3
864691135920930224,864691135762725430,1
864691135920930224,864691135763795510,2
864691135925517838,864691135759118926,1
864691135925547790,864691135759118926,1
864691135925553678,864691135763892278,1
864691135925562382,864691135759422798,1
864691135925623566,864691135759422798,1
864691135925822990,864691135763941174,1
864691135925826830,864691135762576950,1
864691135925893390,864691135760674638,1
864691135926000142,864691135759118926,1
864691135926143246,864691135763962045,1
864691135926334164,864691135759616701,1
864691135926411022,864691135760674638,2
864691135926440148,864691135759118926,1
864691135926440148,864691135759141454,1
864691135926440148,864691135762028342,3
864691135926467342,864691135759280462,1
864691135926486228,864691135759141454,1
864691135926541582,864691135759616701,1
864691135926580238,864691135759788989,2
864691135926595342,864691135759105102,1
864691135926595342,864691135759835325,1
864691135926604814,864691135763795510,1
864691135926605326,864691135771588091,2
864691135926605582,864691135762512950,2
864691135926610446,864691135759118926,2
864691135926647252,864691135759616701,1
864691135926795022,864691135763127862,1
864691135926951950,864691135759422798,1
864691135927121422,864691135759118926,1
864691135927192788,864691135759872846,1
864691135927192788,864691135762426166,1
864691135927224846,864691135759410254,1
864691135927239636,864691135763098934,1
864691135927325908,864691135759422798,1
864691135927329236,864691135759141454,1
864691135927361236,864691135771617275,1
864691135927647956,864691135759616701,2
864691135927648212,864691135763962045,2
864691135927689486,864691135762676790,1
864691135927774734,864691135762774838,1
864691135927826958,864691135763098934,1
864691135927925460,864691135759118926,1
864691135927995662,864691135762490678,1
864691135928138243,864691135760962638,1
864691135928174862,864691135759280462,1
864691135928213204,864691135760005966,1
864691135928318734,864691135760962638,1
864691135928366292,864691135759118926,2
864691135928366292,864691135762576950,1
864691135928374798,864691135760208974,1
864691135928377102,864691135762576950,1
864691135928377102,864691135764631862,1
864691135929158612,864691135759141454,1
864691135929185492,864691135759422798,1
864691135929207508,864691135759253070,1
864691135929207508,864691135760208974,1
864691135929207508,864691135763241526,1
864691135929229780,864691135759118926,1
864691135929229780,864691135761029710,1
864691135936595971,864691135759616701,4
864691135936595971,864691135759835325,2
864691135936853507,864691135762320438,2
864691135937157892,864691135762591286,1
864691135937181700,864691135762774838,1
864691135937187076,864691135763112125,1
864691135937193220,864691135763051318,1
864691135937286404,864691135759492430,1
864691135937332277,864691135762967229,1
864691135937339189,864691135762028342,1
864691135937339189,864691135762426166,1
864691135937351477,864691135759410254,1
864691135937353013,864691135762043702,1
864691135937353525,864691135759616701,1
864691135937366069,864691135759616701,1
864691135937366069,864691135759741629,1
864691135937372213,864691135761521462,1
864691135937372213,864691135762658614,1
864691135937402884,864691135762774838,1
864691135937473589,864691135759118926,1
864691135937548292,864691135759422798,1
864691135937586997,864691135762678838,1
864691135937654276,864691135759410254,2
864691135937654276,864691135762141238,1
864691135937654276,864691135762574646,1
864691135937654276,864691135762658614,4
864691135937654276,864691135762725430,1
864691135937689860,864691135759788989,1
864691135937745668,864691135762678838,1
864691135937804803,864691135760962638,1
864691135937837109,864691135759118926,2
864691135937837109,864691135764464438,1
864691135938002948,864691135759118926,1
864691135938020356,864691135759741629,1
864691135938069252,864691135761994038,1
864691135938071556,864691135761994038,1
864691135938071556,864691135762956086,1
864691135938077700,864691135759616701,1
864691135938159876,864691135759616701,1
864691135938182148,864691135763962045,1
864691135938189316,864691135762725430,1
864691135938194692,864691135759835325,3
864691135938232068,864691135762028342,1
864691135938236676,864691135760962638,3
864691135938236676,864691135762591286,1
864691135938308917,864691135761994038,2
864691135938398468,864691135762320438,1
864691135938430980,864691135762678838,1
864691135938467844,864691135760005966,2
864691135938467844,864691135760208974,3
864691135938472757,864691135762692662,1
864691135938507573,864691135761994038,1
864691135938508085,864691135762678838,1
864691135938797316,864691135759410254,1
864691135938804996,864691135762513974,1
864691135938804996,864691135771588091,1
864691135938997252,864691135762426166,2
864691135939008565,864691135764631862,1
864691135939017525,864691135760005966,1
864691135939103285,864691135759299406,2
864691135939103285,864691135763686710,1
864691135939179524,864691135762676790,1
864691135939261441,864691135759118926,1
864691135939276548,864691135759118926,1
864691135939284481,864691135762658614,1
864691135939286017,864691135763962045,2
864691135939297537,864691135759616701,1
864691135939319297,864691135762574646,1
864691135939321345,864691135759835325,1
864691135939322881,864691135759616701,1
864691135939342593,864691135762599990,1
864691135939348481,864691135760962638,1
864691135939355137,864691135759410254,1
864691135939364865,864691135760962638,1
864691135939400193,864691135762574646,1
864691135939429633,864691135759872846,1
864691135939492356,864691135763941174,2
864691135939555585,864691135759194190,1
864691135939555585,864691135760962638,4
864691135939555585,864691135762599990,1
864691135939604533,864691135762026806,1
864691135939604533,864691135762513974,1
864691135939612932,864691135759388494,1
864691135939638438,864691135763241526,1
864691135939638694,864691135771588091,1
864691135939644326,864691135762956086,1
864691135939645444,864691135762141238,2
864691135939645444,864691135762725430,1
864691135939674534,864691135760122958,2
864691135939798017,864691135762658614,1
864691135939905190,864691135760122958,1
864691135939988021,864691135763098934,1
864691135940005286,864691135762772534,1
864691135940068149,864691135760674638,1
864691135940068149,864691135762576950,1
864691135940086325,864691135759872846,5
864691135940086325,864691135762028342,5
864691135940086325,864691135762426166,4
864691135940086325,864691135763127862,1
864691135940107573,864691135760005966,1
864691135940132917,864691135763098934,1
864691135940215553,864691135762026806,1
864691135940322470,864691135759741629,1
864691135940370854,864691135761994038,1
864691135940377857,864691135759978062,1
864691135940377857,864691135760122958,1
864691135940384515,864691135759616701,1
864691135940478374,864691135763051318,1
864691135940502785,864691135762956598,1
864691135940595110,864691135760122958,1
864691135940595878,864691135759422798,3
864691135940615078,864691135763051318,1
864691135940616358,864691135759410254,2
864691135940624038,864691135763962045,1
864691135940626598,864691135759788989,1
864691135940626598,864691135762585398,1
864691135940631718,864691135759422798,2
864691135940895398,864691135762096438,1
864691135940972454,864691135759422798,1
864691135941039361,864691135761994038,2
864691135941130662,864691135760122958,1
864691135941131636,864691135760674638,1
864691135941141876,864691135759299406,1
864691135941155956,864691135759741629,1
864691135941155956,864691135762692662,1
864691135941159540,864691135762026806,1
864691135941159540,864691135762676790,1
864691135941159540,864691135763079734,1
864691135941168756,864691135759238222,1
864691135941170804,864691135759616701,1
864691135941176180,864691135762028342,1
864691135941182068,864691135762026806,1
864691135941277044,864691135761994038,1
864691135941436532,864691135759275854,1
864691135941530996,864691135759299406,2
864691135941530996,864691135761081934,2
864691135941530996,864691135763686710,2
864691135941569140,864691135763555382,4
864691135941585524,864691135759422798,1
864691135941588852,864691135759275854,1
864691135941618036,864691135761994038,3
864691135941752180,864691135759422798,1
864691135941899777,864691135762725430,7
864691135941916020,864691135759275854,1
864691135941977857,864691135759788989,1
864691135942055284,864691135759492430,1
864691135942055590,864691135762576950,1
864691135942058356,864691135759118926,1
864691135942058356,864691135771588091,1
864691135942063988,864691135759835325,1
864691135942115444,864691135760962638,1
864691135942133108,864691135761994038,1
864691135942133108,864691135762956086,1
864691135942133364,864691135762490678,1
864691135942135412,864691135771588091,1
864691135942142068,864691135760319822,1
864691135942221940,864691135771588091,1
864691135942310260,864691135760962638,1
864691135942322433,864691135760022606,1
864691135942404609,864691135763396406,1
864691135943029620,864691135761029710,1
864691135943053172,864691135760012477,1
864691135943053172,864691135762141238,1
864691135943471732,864691135760005966,2
864691135943566964,864691135760759374,4
864691135943566964,864691135762574646,2
864691135943566964,864691135762613558,1
864691135943566964,864691135762725430,3
864691135943622772,864691135759361102,1
864691135943750004,864691135759422798,1
864691135943820148,864691135759118926,1
864691135943820148,864691135759872846,1
864691135943820148,864691135763941174,1
864691135943820148,864691135764464438,4
864691135943820916,864691135759141454,1
864691135943820916,864691135759872846,1
864691135943820916,864691135760812110,2
864691135943896692,864691135760005966,2
864691135943913332,864691135763941174,7
864691135944010356,864691135759118926,3
864691135944010356,864691135760674638,7
864691135944010356,864691135762576950,4
864691135945379620,864691135759118926,1
864691135945379876,864691135762772534,1
864691135945390628,864691135759388494,1
864691135945402148,864691135759194190,1
864691135945410340,864691135759835325,1
864691135945411108,864691135759616701,1
864691135945440804,864691135759835325,1
864691135945454116,864691135759616701,1
864691135945461540,864691135762141238,1
864691135945462564,864691135758975822,1
864691135945474596,864691135762956598,1
864691135945484836,864691135763962045,1
864691135945500452,864691135759616701,1
864691135945500452,864691135759835325,1
864691135945509668,864691135759118926,1
864691135945510436,864691135759118926,1
864691135945515556,864691135762026806,1
864691135945528612,864691135762689334,1
864691135945537060,864691135762490678,1
864691135945545508,864691135763555382,1
864691135945563428,864691135760012477,1
864691135945904676,864691135759253070,1
864691135945931556,864691135763026230,1
864691135945984036,864691135761994038,1
864691135946297034,864691135761994038,2
864691135946301732,864691135762028342,1
864691135946339876,864691135762678838,1
864691135946342948,864691135762772534,1
864691135946408740,864691135762591286,1
864691135946572324,864691135762513974,1
864691135946585380,864691135759118926,1
864691135946597924,864691135763098934,1
864691135946613540,864691135762028342,1
864691135946619684,864691135762320438,1
864691135946620964,864691135762658614,1
864691135946622244,864691135759788989,1
864691135946626596,864691135771601147,1
864691135946631521,864691135758672206,1
864691135946645857,864691135760674638,2
864691135946649697,864691135761994038,1
864691135946686049,864691135762692662,1
864691135946934881,864691135762772534,1
864691135946936417,864691135760122958,1
864691135946980193,864691135759118926,1
864691135946980193,864691135760674638,1
864691135947045473,864691135762576950,1
864691135947096417,864691135762774838,3
864691135947100257,864691135758975822,2
864691135947158308,864691135762599990,1
864691135947158308,864691135762956086,1
864691135947292001,864691135759388494,3
864691135947441761,864691135762613558,1
864691135947454049,864691135759616701,1
864691135947515745,864691135762141238,1
864691135947565665,864691135759616701,1
864691135947565665,864691135760012477,1
864691135947604577,864691135763795510,1
864691135947615841,864691135759616701,1
864691135947626081,864691135764324918,1
864691135947629348,864691135763941174,1
864691135947632932,864691135759872846,1
864691135947632932,864691135762426166,1
864691135947653412,864691135760319822,1
864691135947782692,864691135763098934,1
864691135947805988,864691135762774838,1
864691135947843620,864691135762026806,1
864691135948010081,864691135762774838,1
864691135948257377,864691135759141454,1
864691135948382305,864691135762028342,1
864691135948433956,864691135762576950,1
864691135948462433,864691135759105102,1
864691135948462433,864691135762141238,2
864691135948462433,864691135762678838,1
864691135948661089,864691135759118926,1
864691135948721249,864691135763241526,4
864691135948814433,864691135762676790,2
864691135948962401,864691135762088758,1
864691135948962401,864691135762574646,1
864691135948962401,864691135764062006,1
864691135949004897,864691135759118926,1
864691135949030753,864691135760022606,1
864691135949030753,864691135760674638,1
864691135949056353,864691135760674638,2
864691135949056353,864691135763396406,1
864691135949056353,864691135763941174,2
864691135949111649,864691135759872846,3
864691135949112417,864691135760208974,1
864691135949112417,864691135760319822,4
864691135949112417,864691135760812110,4
864691135949112417,864691135761029710,1
864691135949112417,864691135763026230,1
864691135949112417,864691135764464438,6
864691135949112417,864691135764631862,1
864691135951968291,864691135758672206,1
864691135951968291,864691135771590395,1
864691135951977763,864691135759238222,1
864691135951988515,864691135759275854,1
864691135951989027,864691135762596797,1
864691135951989283,864691135759492430,1
864691135952010019,864691135762585398,1
864691135952012323,864691135761521462,1
864691135952018211,864691135762576950,2
864691135952122147,864691135761994038,1
864691135952122147,864691135763962045,1
864691135952310819,864691135762967229,1
864691135952322851,864691135762967229,1
864691135952750371,864691135761521462,1
864691135952800291,864691135763396406,1
864691135952885027,864691135762426166,1
864691135952917283,864691135762490678,1
864691135952917283,864691135771617275,1
864691135952917539,864691135761994038,1
864691135952917539,864691135762141238,2
864691135952936995,864691135759835325,1
864691135952936995,864691135761994038,2
864691135952936995,864691135763555382,1
864691135952938019,864691135763396406,1
864691135952952355,864691135759299406,1
864691135952952355,864691135759422798,1
864691135952952355,864691135762574646,1
864691135953086243,864691135762613558,1
864691135953110819,864691135763079734,1
864691135953645091,864691135759741629,1
864691135953712419,864691135763079734,1
864691135953768200,864691135762043702,1
864691135953771272,864691135762585398,1
864691135953783816,864691135759388494,1
864691135953786376,864691135760962638,1
864691135953856547,864691135759422798,1
864691135953920291,864691135759141454,1
864691135953969699,864691135762026806,1
864691135954012707,864691135759872846,1
864691135954181667,864691135759118926,1
864691135954194952,864691135762088758,1
864691135954194952,864691135762490678,1
864691135954393891,864691135761029710,1
864691135954446600,864691135759422798,1
864691135954565384,864691135759616701,1
864691135954587656,864691135762576950,1
864691135954603043,864691135760674638,4
864691135954635272,864691135759492430,1
864691135954640675,864691135763396406,1
864691135954699299,864691135760812110,1
864691135954735880,864691135759410254,1
864691135954781219,864691135762576950,1
864691135954784264,864691135763962045,1
864691135954795272,864691135763555382,1
864691135954813448,864691135759492430,2
864691135954844963,864691135759872846,1
864691135954844963,864691135762028342,1
864691135954936072,864691135763962045,1
864691135954961928,864691135759422798,1
864691135955194376,864691135763364662,2
864691135955268616,864691135759417934,1
864691135955268616,864691135762956598,1
864691135955320328,864691135764631862,1
864691135955320328,864691135771601147,1
864691135955574536,864691135758672206,1
864691135955574536,864691135759238222,1
864691135955574536,864691135759872846,1
864691135955636232,864691135771588091,1
864691135955707144,864691135759788989,1
864691135955817480,864691135763962045,1
864691135955919880,864691135762576950,1
864691135955919880,864691135763026230,1
864691135955954696,864691135759118926,3
864691135955954696,864691135762676790,1
864691135955970312,864691135762576950,1
864691135955970312,864691135764464438,1
864691135958822346,864691135759105102,1
864691135960960714,864691135759410254,6
864691135960960714,864691135762141238,1
864691135960960714,864691135762678838,2
864691135961367242,864691135759616701,1
864691135961856806,864691135759835325,2
864691135963906762,864691135761994038,2
864691135964837066,864691135759492430,1
864691135964837066,864691135761994038,3
864691135964837066,864691135762141238,5
864691135964837066,864691135762956086,2
864691135964837066,864691135763051318,2
864691135964837066,864691135763555382,2
864691135965047754,864691135762512950,1
864691135965047754,864691135762599990,2
864691135965343434,864691135760962638,1
864691135968869221,864691135762772534,1
864691135968897125,864691135759118926,1
864691135968926053,864691135760674638,1
864691135968928869,864691135759118926,1
864691135969267557,864691135760319822,1
864691135969368677,864691135759422798,1
864691135969368677,864691135762692662,1
864691135969368677,864691135763962045,1
864691135969762405,864691135759616701,1
864691135969785189,864691135762088758,1
864691135969803109,864691135771588091,1
864691135969840229,864691135759118926,1
864691135970037093,864691135762576950,1
864691135970206821,864691135759422798,1
864691135971154021,864691135762426166,2
864691135971172197,864691135759118926,1
864691135971252837,864691135760022606,1
864691135971252837,864691135762576950,1
864691135971252837,864691135764631862,1
864691135971552101,864691135763941174,1
864691135971725157,864691135759978062,1
864691135971725157,864691135760674638,1
864691135971725157,864691135762676790,3
864691135971725157,864691135763941174,1
864691135971734373,864691135762026806,1
864691135972248010,864691135763962045,1
864691135974457711,864691135762026806,1
864691135974742383,864691135759275854,4
864691135974742383,864691135762692662,1
864691135974742383,864691135762967229,2
864691135974797423,864691135762028342,1
864691135974857583,864691135758975822,1
864691135974857583,864691135762141238,2
864691135974871919,864691135761994038,2
864691135974872687,864691135759105102,1
864691135974875503,864691135758643389,1
864691135974875503,864691135762596797,1
864691135974995823,864691135763962045,1
864691135975320943,864691135759280462,2
864691135975339375,864691135762658614,1
864691135975438659,864691135760005966,1
864691135975451459,864691135762028342,1
864691135975453807,864691135762774838,1
864691135975464303,864691135759741629,1
864691135975466563,864691135759299406,1
864691135975497839,864691135761994038,1
864691135975499887,864691135762521021,1
864691135975499887,864691135762967229,2
864691135975509615,864691135759410254,1
864691135975539779,864691135762678838,1
864691135975577155,864691135762772534,1
864691135975643971,864691135762513974,1
864691135975764591,864691135759422798,2
864691135975777347,864691135759141454,1
864691135975817539,864691135759616701,3
864691135975817539,864691135759835325,1
864691135975817539,864691135762320438,1
864691135975822659,864691135763795510,1
864691135975829315,864691135759118926,1
864691135975872835,864691135762599990,2
864691135975883587,864691135759299406,1
864691135975963715,864691135759788989,1
864691135975998531,864691135759361102,1
864691135976134211,864691135762774838,1
864691135976155459,864691135764631862,1
864691135976177219,864691135761994038,1
864691135976212035,864691135760674638,1
864691135976343754,864691135759275854,2
864691135976343754,864691135760012477,2
864691135976343754,864691135761994038,1
864691135976343754,864691135762141238,1
864691135976343754,864691135762692662,1
864691135976343754,864691135762967229,1
864691135976396611,864691135762692662,1
864691135976563011,864691135762028342,1
864691135976609603,864691135763962045,1
864691135976616515,864691135759616701,1
864691135976759663,864691135762426166,1
864691135976813935,864691135759616701,3
864691135976968259,864691135759616701,1
864691135976984387,864691135761994038,1
864691135976984387,864691135762599990,1
864691135976984387,864691135763555382,1
864691135977005891,864691135759118926,1
864691135977017923,864691135759410254,1
864691135977114991,864691135759118926,2
864691135977151811,864691135760208974,1
864691135977269315,864691135762088758,1
864691135977416003,864691135763098934,1
864691135977735235,864691135759141454,1
864691135977768259,864691135760022606,1
864691135977768259,864691135764062006,1
864691135977925187,864691135759253070,1
864691135977925187,864691135759299406,1
864691135977925187,864691135759978062,1
864691135977925187,864691135761081934,2
864691135977925187,864691135762613558,1
864691135978021891,864691135759741629,1
864691135980296328,864691135759417934,1
864691135981790154,864691135762692662,1
864691135982474915,864691135759275854,3
864691135982474915,864691135759741629,2
864691135982714787,864691135759741629,1
864691135982714787,864691135759835325,1
864691135982744778,864691135759105102,1
864691135984348067,864691135759616701,1
864691135984348067,864691135759741629,6
864691135986210979,864691135762320438,1
864691135986210979,864691135762967229,1
864691135986887171,864691135759388494,1
864691135986889475,864691135763098934,1
864691135986899459,864691135762678838,1
864691135986904067,864691135762692662,1
864691135986904067,864691135762967229,1
864691135986907651,864691135762574646,1
864691135986907651,864691135762599990,1
864691135987382787,864691135759194190,1
864691135987382787,864691135759492430,1
864691135987382787,864691135760962638,1
864691135987382787,864691135762956086,1
864691135987438851,864691135765778365,1
864691135987486979,864691135762774838,1
864691135987832579,864691135771588091,1
864691135987920387,864691135760012477,1
864691135987920387,864691135762591286,1
864691135987940867,864691135759616701,1
864691135988016387,864691135759616701,1
864691135988021251,864691135762141238,1
864691135988021251,864691135763795510,1
864691135988023043,864691135759835325,1
864691135988161027,864691135762678838,1
864691135988288256,864691135771590395,1
864691135988292608,864691135759422798,1
864691135988292608,864691135762725430,1
864691135988300544,864691135759141454,1
864691135988307200,864691135763364662,1
864691135988312832,864691135762692662,1
864691135988403203,864691135759616701,1
864691135988412874,864691135760012477,3
864691135988412874,864691135762967229,1
864691135988438019,864691135759388494,1
864691135988644352,864691135759361102,1
864691135988644352,864691135763396406,1
864691135988692224,864691135759422798,1
864691135988788736,864691135759410254,1
864691135988814336,864691135763079734,1
864691135988824067,864691135759280462,1
864691135988848896,864691135762676790,1
864691135988931328,864691135759417934,1
864691135989127168,864691135762774838,1
864691135989136899,864691135763364662,1
864691135989190656,864691135759872846,1
864691135989246976,864691135762967229,1
864691135989295104,864691135759238222,1
864691135989296640,864691135762591286,3
864691135989297152,864691135771588091,1
864691135989318912,864691135762513974,1
864691135989321216,864691135759741629,1
864691135989321216,864691135762692662,5
864691135989321984,864691135762043702,1
864691135989344512,864691135760122958,2
864691135989504003,864691135759299406,1
864691135989658371,864691135762574646,1
864691135989668096,864691135763098934,1
864691135989688832,864691135760759374,1
864691135989688832,864691135762043702,1
864691135989702915,864691135760319822,1
864691135989728256,864691135771588091,2
864691135989739011,864691135762576950,1
864691135989890952,864691135759280462,1
864691135989894912,864691135762599990,1
864691135990009600,864691135763241526,2
864691135990073600,864691135759872846,1
864691135990210304,864691135763098934,1
864691135990450432,864691135762689334,1
864691135990729728,864691135762676790,4
864691135990793216,864691135759299406,1
864691135990793216,864691135763127862,1
864691135990793216,864691135763941174,2
864691135990851584,864691135759275854,4
864691135990851584,864691135762141238,1
864691135990890496,864691135759978062,4
864691135990890496,864691135762613558,1
864691135990890496,864691135771601147,2
864691135990959616,864691135759361102,1
864691135991171328,864691135762028342,1
864691135991197184,864691135762576950,1
864691135991197184,864691135763941174,3
864691135991197184,864691135764464438,1
864691135991483329,864691135760674638,1
864691135991497665,864691135763079734,1
864691135991502785,864691135762490678,2
864691135991502785,864691135762774838,2
864691135991505345,864691135759741629,1
864691135991506369,864691135759835325,2
864691135991513537,864691135759835325,1
864691135991515585,864691135762512950,1
864691135991786433,864691135762028342,1
864691135991800001,864691135759275854,1
864691135991800001,864691135759616701,1
864691135991800001,864691135760012477,1
864691135991879617,864691135762967229,1
864691135991879617,864691135763555382,1
864691135991938753,864691135759422798,1
864691135991938753,864691135762678838,1
864691135992215745,864691135762574646,1
864691135992342209,864691135759835325,1
864691135992443329,864691135759616701,1
864691135992454280,864691135762613558,1
864691135992473793,864691135759280462,1
864691135992477377,864691135759410254,1
864691135992480449,864691135762512950,1
864691135992487873,864691135762585398,1
864691135992497089,864691135763241526,1
864691135992671690,864691135759410254,1
864691135992784833,864691135760674638,1
864691135992790209,864691135764062006,1
864691135992899521,864691135759299406,2
864691135992899521,864691135761081934,1
864691135993278401,864691135759388494,1
864691135993419969,864691135760962638,2
864691135993698753,864691135759872846,1
864691135993698753,864691135762028342,5
864691135993757386,864691135759835325,1
864691135993787585,864691135760122958,2
864691135993807297,864691135759105102,5
864691135993807297,864691135759422798,1
864691135993807297,864691135760012477,1
864691135993807297,864691135762141238,1
864691135994032833,864691135763396406,1
864691135994053057,864691135760962638,1
864691135994055361,864691135764631862,1
864691135994156225,864691135760022606,1
864691135994222017,864691135759361102,1
864691135994222017,864691135761029710,1
864691135994229194,864691135759422798,2
864691135994229194,864691135761994038,4
864691135994229194,864691135762141238,4
864691135994453953,864691135762490678,1
864691135994470337,864691135759299406,2
864691135994470337,864691135760674638,1
864691135994473153,864691135759118926,3
864691135994473153,864691135759361102,3
864691135994473153,864691135762576950,2
864691135994473153,864691135763941174,4
864691135994475713,864691135764631862,1
864691135994483137,864691135759872846,1
864691135994516138,864691135762096438,2
864691135994561194,864691135759616701,2
864691135994561194,864691135762967229,1
864691135994572202,864691135760674638,1
864691135994643370,864691135761994038,2
864691135994815946,864691135759275854,1
864691135994815946,864691135759388494,1
864691135994815946,864691135759616701,1
864691135994819754,864691135759118926,1
864691135994819754,864691135763941174,1
864691135995019434,864691135761994038,1
864691135995104714,864691135759410254,1
864691135995104714,864691135761521462,1
864691135995104714,864691135762141238,1
864691135995131338,864691135761994038,1
864691135995234986,864691135762141238,2
864691135995234986,864691135763051318,1
864691135995272874,864691135763098934,1
864691135995275946,864691135760208974,1
864691135995285162,864691135759118926,1
864691135995493290,864691135763396406,1
864691135995495594,864691135762141238,1
864691135995586506,864691135762585398,1
864691135995730858,864691135759118926,1
864691135995730858,864691135762676790,2
864691135995760810,864691135759118926,3
864691135995760810,864691135762676790,2
864691135996249002,864691135760812110,2
864691135996249002,864691135762088758,1
864691135996249002,864691135762658614,7
864691135996249002,864691135763795510,1
864691135996479402,864691135762028342,1
864691135996759498,864691135762141238,1
864691135996950954,864691135759141454,1
864691135997177258,864691135759299406,1
864691135997177258,864691135762088758,1
864691135997425834,864691135763941174,1
864691135997673642,864691135763941174,1
864691135998685130,864691135763962045,1
864691135998689226,864691135762774838,2
864691135999211210,864691135762141238,1
864691136000221091,864691135759741629,1
864691136001268131,864691135762016566,2
864691136001738442,864691135761994038,1
864691136001931978,864691135759410254,1
864691136001931978,864691135762512950,1
864691136003421603,864691135759616701,2
864691136004733130,864691135762676790,1
864691136004755658,864691135759616701,1
864691136004756170,864691135759194190,1
864691136004768970,864691135762028342,1
864691136004885706,864691135762574646,25
864691136005021386,864691135763555382,1
864691136005069514,864691135759422798,3
864691136005069514,864691135759492430,1
864691136005095626,864691135762320438,1
864691136005150154,864691135760759374,2
864691136005150154,864691135761521462,2
864691136005150154,864691135762043702,1
864691136005150410,864691135759492430,1
864691136005150410,864691135762956086,1
864691136005150410,864691135763962045,1
864691136005202890,864691135759118926,1
864691136005363914,864691135759410254,1
864691136005690314,864691135762774838,1
864691136005765578,864691135759616701,1
864691136005765578,864691135759835325,1
864691136005821642,864691135759616701,1
864691136005840586,864691135763098934,1
864691136006079690,864691135760122958,1
864691136006207395,864691135762016566,1
864691136006353354,864691135759422798,2
864691136006353354,864691135760962638,2
864691136006641098,864691135758975822,1
864691136006641098,864691135761994038,1
864691136006790090,864691135762576950,1
864691136006987210,864691135762426166,1
864691136007393994,864691135763127862,1
864691136007393994,864691135763941174,3
864691136007393994,864691135764464438,3
864691136007393994,864691135764631862,2
864691136007409059,864691135762692662,1
864691136008183203,864691135759275854,1
864691136008403628,864691135762490678,1
864691136008439468,864691135759835325,1
864691136008461484,864691135762513974,1
864691136008461740,864691135762676790,1
864691136008475820,864691135759118926,1
864691136008488620,864691135760674638,1
864691136008536750,864691135759118926,1
864691136008549038,864691135760122958,1
864691136008905644,864691135758643389,1
864691136008905644,864691135759741629,2
864691136008905644,864691135762596797,1
864691136008905644,864691135762692662,1
864691136008953006,864691135762513974,1
864691136008958892,864691135759118926,4
864691136008962990,864691135762099510,1
864691136008962990,864691135762490678,3
864691136008962990,864691135762678838,3
864691136008967086,864691135759238222,1
864691136008968622,864691135759835325,1
864691136009073582,864691135759118926,3
864691136009286574,864691135759118926,2
864691136009299628,864691135762774838,1
864691136009360558,864691135759616701,1
864691136009388462,864691135758975822,1
864691136009393326,864691135762141238,1
864691136009428396,864691135762490678,1
864691136009428396,864691135762613558,2
864691136009428396,864691135762658614,1
864691136009428396,864691135771617275,1
864691136009430190,864691135760962638,1
864691136009446060,864691135761994038,1
864691136009448364,864691135762692662,1
864691136009452206,864691135759361102,1
864691136009473198,864691135760962638,1
864691136009473198,864691135763051318,1
864691136009506734,864691135762426166,1
864691136009511598,864691135759492430,1
864691136009658540,864691135759410254,3
864691136009658540,864691135762141238,5
864691136009740972,864691135763962045,1
864691136009883054,864691135763081526,1
864691136009883054,864691135763098934,1
864691136009890476,864691135761521462,1
864691136009890476,864691135762088758,1
864691136009890476,864691135762613558,2
864691136009890476,864691135762658614,5
864691136009890476,864691135763081526,1
864691136010016686,864691135759118926,1
864691136010028974,864691135759422798,1
864691136010068652,864691135763396406,1
864691136010068652,864691135764062006,1
864691136010246572,864691135762576950,2
864691136010318510,864691135762099510,1
864691136010325420,864691135759118926,1
864691136010376620,864691135759253070,1
864691136010487982,864691135759978062,1
864691136010513326,864691135762613558,2
864691136010586798,864691135762678838,1
864691136010593198,864691135763241526,1
864691136010676652,864691135759141454,1
864691136010687404,864691135759141454,1
864691136010687404,864691135759872846,1
864691136010687404,864691135762028342,1
864691136010687404,864691135762426166,2
864691136010687404,864691135764464438,1
864691136010717356,864691135759253070,1
864691136010717356,864691135762658614,2
864691136010875299,864691135763079734,2
864691136010886051,864691135760005966,1
864691136010886307,864691135759238222,1
864691136010893731,864691135762692662,1
864691136010910115,864691135765778365,1
864691136010928046,864691135762774838,1
864691136010929827,864691135760962638,1
864691136010939043,864691135763962045,2
864691136010944931,864691135762574646,1
864691136011067054,864691135762026806,1
864691136011121070,864691135763364662,1
864691136011237283,864691135762026806,1
864691136011300782,864691135763081526,1
864691136011307171,864691135759788989,1
864691136011307171,864691135762096438,1
864691136011307171,864691135762585398,1
864691136011307427,864691135759118926,1
864691136011458734,864691135759872846,3
864691136011458734,864691135761029710,1
864691136011458734,864691135764631862,4
864691136011485614,864691135759872846,5
864691136011485614,864691135760005966,3
864691136011485614,864691135764062006,1
864691136011485614,864691135764464438,2
864691136011485614,864691135764631862,3
864691136011600302,864691135760674638,11
864691136011600302,864691135762576950,6
864691136011603107,864691135759872846,6
864691136011638179,864691135759118926,1
864691136011670435,864691135759616701,1
864691136011670435,864691135759741629,1
864691136011670435,864691135759835325,1
864691136011676590,864691135763364662,1
864691136011733934,864691135760208974,2
864691136011733934,864691135760812110,4
864691136011733934,864691135764631862,1
864691136011782318,864691135760005966,1
864691136011782318,864691135760208974,2
864691136011782318,864691135763795510,7
864691136011784867,864691135759141454,1
864691136011793582,864691135760005966,1
864691136011793582,864691135763081526,1
864691136011832483,864691135763098934,2
864691136011850926,864691135762141238,1
864691136011850926,864691135762678838,1
864691136011900835,864691135762576950,1
864691136011903395,864691135762096438,7
864691136012214179,864691135763241526,1
864691136012302755,864691135771588091,1
864691136012942499,864691135762576950,1
864691136012948387,864691135759410254,1
864691136012948387,864691135762574646,1
864691136012948387,864691135762599990,2
864691136012948387,864691135762725430,1
864691136012973731,864691135759118926,1
864691136012973731,864691135763098934,1
864691136013000867,864691135763364662,1
864691136013000867,864691135771588091,1
864691136013160611,864691135759141454,1
864691136013242787,864691135762613558,1
864691136013242787,864691135762774838,1
864691136013337507,864691135763241526,2
864691136013554851,864691135760208974,1
864691136013554851,864691135760812110,1
864691136013653411,864691135763941174,5
864691136013681315,864691135760674638,4
864691136013734307,864691135760674638,1
864691136020217336,864691135762576950,1
864691136020242168,864691135762574646,1
864691136020254200,864691135758643389,1
864691136020254200,864691135760012477,1
864691136020260088,864691135759616701,1
864691136020260088,864691135759741629,1
864691136020260088,864691135763555382,2
864691136020268024,864691135759788989,1
864691136020284408,864691135759194190,1
864691136020287992,864691135760012477,1
864691136020295928,864691135759741629,1
864691136020307192,864691135771588091,2
864691136020918520,864691135759616701,1
864691136021162232,864691135763396406,1
864691136021230328,864691135762028342,1
864691136021262584,864691135763081526,1
864691136021294584,864691135759275854,1
864691136021294584,864691135759616701,1
864691136021296888,864691135762678838,1
864691136021297144,864691135760674638,1
864691136021297144,864691135762585398,1
864691136021297144,864691135763962045,1
864691136021592568,864691135759118926,7
864691136021592568,864691135760674638,1
864691136021895416,864691135759422798,3
864691136021895416,864691135760962638,1
864691136021895416,864691135762678838,2
864691136021961720,864691135760208974,1
864691136021961720,864691135763026230,1
864691136022047480,864691135763364662,1
864691136022388472,864691135760674638,1
864691136022435576,864691135759118926,5
864691136022736376,864691135759141454,1
864691136023388811,864691135759275854,1
864691136023388811,864691135759616701,1
864691136023750457,864691135759388494,1
864691136023794233,864691135759616701,1
864691136023795769,864691135762956598,1
864691136023811641,864691135760012477,4
864691136023811897,864691135760674638,1
864691136023822905,864691135760674638,1
864691136023822905,864691135763364662,1
864691136023825721,864691135758672206,1
864691136023919161,864691135761994038,1
864691136023940665,864691135762490678,1
864691136023980601,864691135763962045,1
864691136024211769,864691135759872846,1
864691136024691769,864691135759105102,1
864691136024789561,864691135762026806,1
864691136024809017,864691135759616701,1
864691136024809017,864691135762016566,1
864691136024809529,864691135759835325,1
864691136024813369,864691135761994038,1
864691136024823097,864691135762774838,1
864691136024828217,864691135759616701,1
864691136024828217,864691135759835325,1
864691136024828729,864691135762599990,4
864691136024829497,864691135759616701,2
864691136024968505,864691135759118926,2
864691136024980537,864691135762967229,2
864691136024984377,864691135762956086,1
864691136025093689,864691135761994038,1
864691136025093689,864691135762141238,1
864691136025913913,864691135759361102,1
864691136025913913,864691135763941174,3
864691136025932345,864691135764062006,1
864691136025992761,864691135762658614,1
864691136025996601,864691135759118926,1
864691136025996601,864691135762676790,1
864691136026198585,864691135764464438,2
864691136026317113,864691135762426166,1
864691136026317113,864691135763127862,1
864691136026317113,864691135764464438,1
864691136026356281,864691135760674638,1
864691136026374201,864691135759299406,2
864691136026374201,864691135761081934,2
864691136026848478,864691135771590395,1
864691136031651515,864691135760122958,1
864691136031652283,864691135762774838,2
864691136031653819,864691135759280462,2
864691136031668155,864691135771617275,1
864691136031671739,864691135759422798,1
864691136031675323,864691135762585398,2
864691136031682235,864691135758672206,1
864691136031689659,864691135759238222,1
864691136031694779,864691135759788989,2
864691136031699131,864691135761994038,6
864691136031704763,864691135762141238,1
864691136031718587,864691135762141238,1
864691136031718587,864691135763051318,2
864691136031720891,864691135759105102,1
864691136031726267,864691135759253070,1
864691136031726267,864691135759978062,1
864691136031733179,864691135759410254,1
864691136031748027,864691135762490678,1
864691136031754427,864691135763127862,1
864691136031769275,864691135759118926,1
864691136031885755,864691135771590395,1
864691136032202171,864691135763795510,1
864691136032202171,864691135764324918,1
864691136032431803,864691135762141238,1
864691136032441531,864691135759435342,1
864691136032443579,864691135763962045,1
864691136032603835,864691135759616701,2
864691136032654267,864691135762956086,1
864691136032658107,864691135763026230,1
864691136032748731,864691135760812110,1
864691136032917179,864691135759872846,1
864691136033279419,864691135763795510,2
864691136033301435,864691135759280462,1
864691136033414843,864691135771617275,1
864691136033465275,864691135759141454,2
864691136033465275,864691135762028342,1
864691136033494715,864691135759872846,1
864691136034294459,864691135762574646,1
864691136034454971,864691135763396406,1
864691136034487483,864691135759280462,2
864691136034487483,864691135760005966,1
864691136034487483,864691135760208974,1
864691136034487483,864691135763081526,1
864691136034487483,864691135764464438,2
864691136034487483,864691135764631862,1
864691136034592443,864691135759361102,1
864691136034592955,864691135760005966,1
864691136034592955,864691135763026230,1
864691136034604987,864691135762676790,1
864691136039349502,864691135762678838,1
864691136039360254,864691135761029710,1
864691136039376638,864691135759105102,1
864691136039406334,864691135763795510,1
864691136039683070,864691135763555382,1
864691136039685118,864691135762774838,1
864691136039704830,864691135759616701,2
864691136039704830,864691135759741629,1
864691136039704830,864691135759835325,2
864691136039704830,864691135762320438,2
864691136039833854,864691135762513974,2
864691136040021246,864691135759422798,1
864691136040038142,864691135762426166,1
864691136040148734,864691135762774838,1
864691136040345854,864691135759741629,1
864691136040495614,864691135763241526,1
864691136041022550,864691135759105102,1
864691136041022550,864691135762967229,1
864691136041034838,864691135761994038,1
864691136041035350,864691135759616701,1
864691136041040726,864691135762585398,2
864691136041042262,864691135759788989,1
864691136041045846,864691135762026806,1
864691136041046782,864691135759741629,1
864691136041046782,864691135761029710,1
864691136041046782,864691135762967229,1
864691136041046782,864691135764464438,1
864691136041076990,864691135763026230,2
864691136041076990,864691135763081526,1
864691136041086806,864691135762320438,1
864691136041234006,864691135759118926,1
864691136041321982,864691135764631862,1
864691136041449558,864691135764464438,1
864691136041504254,864691135760208974,1
864691136041604438,864691135759388494,9
864691136041604438,864691135762774838,2
864691136041604438,864691135763241526,3
864691136041608790,864691135760005966,1
864691136041642494,864691135762426166,2
864691136041642494,864691135764464438,1
864691136041672534,864691135759492430,1
864691136041679702,864691135759194190,4
864691136041679702,864691135760962638,5
864691136041679702,864691135762591286,2
864691136041679702,864691135762599990,1
864691136041679702,864691135762956086,1
864691136041694718,864691135762658614,2
864691136041694718,864691135771617275,1
864691136041737470,864691135762028342,1
864691136041970262,864691135762599990,1
864691136042009942,864691135762618166,1
864691136042152534,864691135771590395,1
864691136042219094,864691135759872846,2
864691136042219094,864691135763127862,1
864691136042241110,864691135763051318,1
864691136042350422,864691135759299406,1
864691136042350422,864691135762099510,1
864691136042350422,864691135763686710,2
864691136042526550,864691135761521462,1
864691136042685270,864691135759118926,1
864691136042704214,864691135762490678,2
864691136042785622,864691135759118926,1
864691136042941526,864691135771601147,1
864691136043001686,864691135759118926,1
864691136043021910,864691135760122958,1
864691136043044182,864691135760319822,1
864691136043175510,864691135762513974,1
864691136043182934,864691135762574646,1
864691136043245654,864691135759410254,1
864691136043245654,864691135760962638,1
864691136043245654,864691135762613558,3
864691136043245654,864691135762725430,1
864691136043245654,864691135763051318,2
864691136043282518,864691135763079734,1
864691136043384406,864691135760674638,1
864691136043592278,864691135763364662,1
864691136043601238,864691135762088758,1
864691136043601238,864691135762658614,1
864691136043601238,864691135763795510,1
864691136043601238,864691135771617275,1
864691136050818547,864691135759141454,1
864691136050837747,864691135759616701,1
864691136050850803,864691135759105102,1
864691136050860787,864691135759238222,2
864691136050904819,864691135760962638,4
864691136051028979,864691135759872846,1
864691136051113715,864691135762320438,2
864691136051191947,864691135762585398,2
864691136051494387,864691135762426166,1
864691136051589619,864691135761994038,1
864691136051627251,864691135762585398,1
864691136051650547,864691135759741629,1
864691136051727347,864691135762585398,1
864691136051735027,864691135759616701,2
864691136051807731,864691135759422798,1
864691136051830771,864691135761994038,1
864691136051831283,864691135759105102,2
864691136051920115,864691135759417934,1
864691136051920115,864691135762956598,1
864691136052125427,864691135763962045,2
864691136052178675,864691135762426166,1
864691136052772595,864691135764062006,1
864691136052791027,864691135762576950,1
864691136052806131,864691135762658614,1
864691136052893939,864691135762774838,1
864691136052973811,864691135760674638,1
864691136053225715,864691135760674638,1
864691136053227763,864691135762772534,1
864691136053263859,864691135762676790,1
864691136053263859,864691135763079734,1
864691136053537779,864691135759194190,1
864691136053537779,864691135759410254,1
864691136053537779,864691135762599990,2
864691136053645299,864691135759388494,1
864691136053645299,864691135760759374,1
864691136053645299,864691135761521462,3
864691136053645299,864691135762088758,1
864691136053645299,864691135762658614,1
864691136053645299,864691135763795510,2
864691136054412696,864691135762618166,1
864691136056311768,864691135763098934,1
864691136056337624,864691135759492430,1
864691136056337624,864691135761994038,1
864691136056337624,864691135762141238,2
864691136056337624,864691135763051318,1
864691136056337624,864691135763555382,1
864691136056351960,864691135762725430,1
864691136056378840,864691135762028342,2
864691136056386264,864691135762028342,2
864691136056399064,864691135762591286,2
864691136056688344,864691135763079734,1
864691136056791512,864691135761994038,2
864691136057054424,864691135763396406,1
864691136057117144,864691135758643389,1
864691136057332184,864691135760759374,2
864691136057333976,864691135760674638,1
864691136057345496,864691135759422798,1
864691136057350360,864691135762956598,2
864691136057352920,864691135760319822,1
864691136057353432,864691135759788989,1
864691136057353688,864691135763962045,1
864691136057357016,864691135760674638,3
864691136057357528,864691135763962045,1
864691136057359832,864691135762678838,1
864691136057569496,864691135760962638,1
864691136057707992,864691135759410254,1
864691136058100440,864691135762513974,1
864691136058116568,864691135759118926,3
864691136058116568,864691135760674638,1
864691136058459096,864691135762576950,1
864691136058752216,864691135763026230,1
864691136058810328,864691135759361102,1
864691136058810328,864691135759872846,2
864691136058810328,864691135763026230,1
864691136058810328,864691135763941174,1
864691136058810328,864691135764464438,3
864691136058828760,864691135760674638,1
864691136058885080,864691135762028342,1
864691136058885080,864691135771588091,2
864691136058927320,864691135759118926,1
864691136058963160,864691135759118926,1
864691136058963160,864691135761029710,1
864691136058963160,864691135762576950,2
864691136058963160,864691135763941174,1
864691136059003864,864691135759253070,1
864691136059003864,864691135759361102,1
864691136065237144,864691135762088758,1
864691136065239448,864691135762967229,1
864691136065258648,864691135759422798,5
864691136065298840,864691135759616701,1
864691136065413528,864691135759616701,1
864691136065661336,864691135759978062,1
864691136065821592,864691135759410254,5
864691136065821592,864691135761521462,3
864691136065821592,864691135762141238,1
864691136065851288,864691135759616701,1
864691136065856664,864691135760319822,1
864691136065889688,864691135759118926,1
864691136066069400,864691135759410254,1
864691136066253720,864691135759194190,1
864691136066275736,864691135762956598,1
864691136066317976,864691135762426166,1
864691136066454424,864691135759118926,1
864691136067602328,864691135759194190,2
864691136067602328,864691135762599990,8
864691136067615384,864691135760674638,2
864691136067716504,864691135762576950,1
864691136067716504,864691135763396406,1
864691136067718040,864691135759118926,4
864691136067792024,864691135762956598,1
864691136067803288,864691135759299406,1
864691136067803288,864691135761521462,1
864691136067803288,864691135762088758,1
864691136067803288,864691135771617275,1
864691136067819416,864691135759872846,8
864691136067819416,864691135762026806,2
864691136067819416,864691135762028342,2
864691136067819416,864691135762426166,4
864691136067878296,864691135759118926,1
864691136067891096,864691135759978062,2
864691136084045676,864691135762028342,1
864691136084053612,864691135762574646,2
864691136084053612,864691135762774838,1
864691136084053612,864691135762956598,1
864691136084060524,864691135762096438,1
864691136084063852,864691135759253070,2
864691136084077676,864691135759410254,16
864691136084077676,864691135762141238,6
864691136084081516,864691135760005966,1
864691136084324716,864691135760674638,1
864691136084466028,864691135759275854,1
864691136084590444,864691135759105102,1
864691136084944748,864691135762099510,1
864691136085014636,864691135762426166,1
864691136085043308,864691135763098934,1
864691136085077868,864691135761994038,1
864691136085077868,864691135762141238,1
864691136085077868,864691135763555382,1
864691136085178476,864691135762692662,1
864691136085187948,864691135762689334,1
864691136085320300,864691135759275854,1
864691136085320300,864691135762043702,1
864691136085518188,864691135759835325,1
864691136085904236,864691135761029710,1
864691136086239084,864691135762574646,4
864691136086239084,864691135762599990,2
864691136086239084,864691135762725430,5
864691136086639212,864691135760674638,2
864691136086667628,864691135759141454,1
864691136086667628,864691135762026806,1
864691136086689388,864691135759118926,1
864691136086705260,864691135760005966,3
864691136086705260,864691135764631862,1
864691136086705260,864691135771601147,1
864691136086755436,864691135759872846,3
864691136086755436,864691135763098934,1
864691136086772844,864691135759978062,3
864691136086772844,864691135762088758,1
864691136086772844,864691135762613558,1
864691136086772844,864691135763241526,1
864691136086772844,864691135771601147,5
864691136088935479,864691135762028342,1
864691136088939063,864691135759280462,1
864691136088939831,864691135759105102,1
864691136088955703,864691135759492430,1
864691136088958263,864691135759275854,1
864691136089261623,864691135761994038,5
864691136089422903,864691135771588091,1
864691136089947959,864691135762513974,1
864691136090001719,864691135759194190,1
864691136090071351,864691135759741629,1
864691136090095671,864691135759616701,1
864691136090099511,864691135759238222,1
864691136090104119,864691135762678838,1
864691136090479159,864691135759978062,1
864691136090479159,864691135760759374,1
864691136090632503,864691135759422798,1
864691136090689847,864691135760122958,1
864691136090914228,864691135763098934,1
864691136090936756,864691135762956086,1
864691136090939316,864691135762596797,1
864691136090939316,864691135762692662,1
864691136090948532,864691135762521021,1
864691136090989236,864691135760674638,1
864691136091074615,864691135771617275,1
864691136091198388,864691135762028342,1
864691136091235639,864691135759118926,2
864691136091310391,864691135761994038,1
864691136091310391,864691135763555382,2
864691136091353911,864691135763098934,1
864691136091464372,864691135762692662,1
864691136091464884,864691135762676790,1
864691136091532855,864691135760674638,1
864691136091578167,864691135762576950,1
864691136091620919,864691135762576950,2
864691136091620919,864691135763026230,1
864691136091634487,864691135771601147,1
864691136091718711,864691135761521462,2
864691136091718711,864691135762774838,1
864691136091718711,864691135771617275,1
864691136091777847,864691135762026806,1
864691136091777847,864691135763026230,1
864691136091779383,864691135763098934,1
864691136091895220,864691135762426166,1
864691136091977652,864691135760962638,1
864691136091981236,864691135759417934,1
864691136091997108,864691135760319822,1
864691136091999924,864691135759741629,1
864691136092121780,864691135759118926,1
864691136092132532,864691135759194190,1
864691136092132532,864691135762096438,1
864691136092231604,864691135763364662,1
864691136092270004,864691135759422798,1
864691136092270004,864691135762096438,1
864691136092483508,864691135762658614,2
864691136092483508,864691135762725430,7
864691136092483508,864691135763081526,1
864691136092483508,864691135764631862,1
864691136092753588,864691135762490678,1
864691136092831668,864691135759118926,1
864691136092922804,864691135762676790,3
864691136092922804,864691135763079734,3
864691136092922804,864691135764062006,1
864691136092950964,864691135762676790,1
864691136092950964,864691135762689334,1
864691136093111476,864691135760122958,1
864691136093396404,864691135759872846,3
864691136093396404,864691135762028342,2
864691136093396404,864691135763892278,3
864691136099770485,864691135763241526,1
864691136099774325,864691135762088758,1
864691136099785077,864691135763079734,1
864691136099795317,864691135759616701,1
864691136099795829,864691135759741629,1
864691136099824501,864691135762599990,1
864691136099837813,864691135759616701,1
864691136099837813,864691135762692662,1
864691136100014453,864691135762490678,1
864691136100100213,864691135759422798,1
864691136100188533,864691135759388494,1
864691136100209781,864691135760005966,1
864691136100252021,864691135760674638,1
864691136100701301,864691135762774838,1
864691136100702581,864691135759105102,1
864691136100775029,864691135765778365,2
864691136100799605,864691135762774838,2
864691136100800117,864691135762774838,1
864691136100885877,864691135759872846,1
864691136100896117,864691135759835325,1
864691136100919925,864691135759835325,1
864691136100923765,864691135762088758,1
864691136100930165,864691135759492430,1
864691136100930165,864691135759616701,1
864691136100936565,864691135759299406,2
864691136101017973,864691135763795510,1
864691136101089397,864691135763962045,1
864691136101136757,864691135759194190,2
864691136101136757,864691135760962638,2
864691136101276021,864691135771588091,2
864691136101277045,864691135762141238,1
864691136101352309,864691135762426166,1
864691136101534069,864691135762513974,1
864691136101534069,864691135771588091,1
864691136101536629,864691135762028342,1
864691136102047349,864691135759872846,1
864691136102311797,864691135759417934,1
864691136103657809,864691135759872846,1
864691136105452761,864691135759299406,1
864691136105452761,864691135763241526,2
864691136105462745,864691135761521462,1
864691136105462745,864691135762088758,1
864691136105477593,864691135763079734,1
864691136105507289,864691135762141238,1
864691136105510873,864691135762678838,1
864691136105642883,864691135762026806,1
864691136105642883,864691135763079734,1
864691136105747161,864691135761994038,1
864691136105757145,864691135759835325,1
864691136106240643,864691135762513974,1
864691136106331609,864691135759118926,1
864691136106425305,864691135759492430,1
864691136106426329,864691135758643389,1
864691136106452953,864691135759872846,1
864691136106497753,864691135762967229,1
864691136106536921,864691135759616701,1
864691136106571225,864691135763026230,1
864691136106671321,864691135759275854,1
864691136106802393,864691135760122958,1
864691136106842585,864691135759118926,1
864691136106902915,864691135759118926,1
864691136106987993,864691135762725430,1
864691136107108825,864691135764062006,1
864691136107283417,864691135759253070,1
864691136107964377,864691135763364662,1
864691136107980761,864691135759194190,1
864691136107980761,864691135759410254,1
864691136107980761,864691135762585398,1
864691136107980761,864691135763051318,1
864691136107980761,864691135763555382,1
864691136108128217,864691135762513974,1
864691136108370905,864691135763026230,1
864691136108411097,864691135759388494,1
864691136108411097,864691135760674638,2
864691136108411097,864691135763241526,1
864691136108519129,864691135762088758,5
864691136108519129,864691135771617275,4
864691136108611033,864691135760319822,1
864691136108611033,864691135762576950,1
864691136108611289,864691135760122958,1
864691136108712632,864691135759741629,1
864691136108724664,864691135759616701,1
864691136108726712,864691135763051318,1
864691136108736440,864691135762774838,3
864691136108739768,864691135762426166,1
864691136108938168,864691135762658614,1
864691136108938168,864691135763962045,1
864691136109091512,864691135762426166,4
864691136109108664,864691135760674638,1
864691136109164216,864691135762513974,1
864691136109230776,864691135771601147,1
864691136109317560,864691135762513974,1
864691136109339320,864691135771588091,1
864691136109348024,864691135762676790,1
864691136109371576,864691135762043702,1
864691136109701816,864691135759872846,1
864691136109701816,864691135762426166,1
864691136109729976,864691135762320438,3
864691136109737144,864691135762426166,1
864691136109898936,864691135762678838,2
864691136110024120,864691135759422798,1
864691136110024120,864691135763962045,1
864691136110196408,864691135759388494,1
864691136110206904,864691135760962638,1
864691136110217400,864691135764062006,1
864691136110362296,864691135759410254,7
864691136110362296,864691135759492430,1
864691136110362296,864691135762141238,7
864691136110685880,864691135759492430,1
864691136110685880,864691135760962638,1
864691136110983608,864691135762774838,1
864691136111176888,864691135761029710,3
864691136111176888,864691135763941174,2
864691136111176888,864691135764464438,2
864691136111176888,864691135764631862,1
864691136111185336,864691135759118926,4
864691136111185336,864691135763127862,1
864691136111240017,864691135762028342,1
864691136111359928,864691135759422798,1
864691136111478712,864691135764631862,1
864691136111528120,864691135761029710,1
864691136111602104,864691135763026230,1
864691136111602104,864691135763079734,1
864691136116140964,864691135762576950,1
864691136116154788,864691135761081934,1
864691136116156324,864691135762585398,1
864691136116158372,864691135762658614,2
864691136116169124,864691135759616701,1
864691136116169124,864691135759835325,1
864691136116171172,864691135759741629,1
864691136116171172,864691135762967229,1
864691136116173220,864691135762967229,1
864691136116177572,864691135762141238,4
864691136116177572,864691135763051318,2
864691136116178596,864691135762141238,2
864691136116186788,864691135759422798,10
864691136116186788,864691135762678838,1
864691136116402340,864691135759788989,1
864691136116443044,864691135764062006,1
864691136116447908,864691135759616701,1
864691136116447908,864691135761994038,1
864691136116529316,864691135762576950,1
864691136116796324,864691135762576950,1
864691136116942756,864691135759788989,3
864691136116942756,864691135763962045,2
864691136116962724,864691135759118926,2
864691136116962724,864691135763079734,1
864691136117007524,864691135759141454,1
864691136117069220,864691135762028342,6
864691136117069732,864691135759616701,1
864691136117071524,864691135761994038,1
864691136117223588,864691135763079734,1
864691136117318564,864691135763962045,1
864691136117363620,864691135762956598,1
864691136117500324,864691135762088758,1
864691136117589668,864691135759978062,2
864691136117695908,864691135759299406,1
864691136117695908,864691135762099510,1
864691136117770660,864691135759299406,1
864691136118288804,864691135760674638,1
864691136118370724,864691135760674638,1
864691136118370724,864691135763098934,1
864691136118419992,864691135759238222,1
864691136118421016,864691135763079734,1
864691136118421784,864691135761029710,1
864691136118430628,864691135760759374,1
864691136118441496,864691135761994038,3
864691136118441496,864691135763555382,1
864691136118444568,864691135761994038,1
864691136118449176,864691135763892278,1
864691136118547224,864691135771617275,1
864691136118697892,864691135759118926,1
864691136118697892,864691135763079734,1
864691136118746392,864691135760759374,1
864691136118783768,864691135759388494,2
864691136118784792,864691135759422798,10
864691136118878116,864691135760208974,4
864691136118878116,864691135760319822,1
864691136118878116,864691135760812110,3
864691136118878116,864691135763026230,7
864691136118878116,864691135764464438,3
864691136118878116,864691135764631862,3
864691136119017636,864691135763026230,1
864691136119017636,864691135764464438,1
864691136119203608,864691135760962638,1
864691136119208984,864691135763962045,1
864691136119262488,864691135762591286,1
864691136119290904,864691135763892278,1
864691136119295000,864691135759422798,1
864691136119354904,864691135762141238,1
864691136119357720,864691135765778365,1
864691136119405848,864691135761994038,5
864691136119405848,864691135762141238,2
864691136119414040,864691135759388494,1
864691136119414808,864691135762043702,1
864691136119423768,864691135762028342,1
864691136119426584,864691135762576950,2
864691136119692824,864691135759388494,5
864691136119692824,864691135760122958,2
864691136119692824,864691135762490678,1
864691136119692824,864691135762774838,1
864691136119862808,864691135759361102,3
864691136119862808,864691135761029710,1
864691136119907864,864691135759388494,2
864691136119907864,864691135761521462,1
864691136119925016,864691135760005966,2
864691136120137752,864691135763081526,2
864691136120313880,864691135763026230,1
864691136120476440,864691135760812110,1
864691136120642584,864691135759410254,1
864691136120642584,864691135760962638,1
864691136120642584,864691135761994038,1
864691136120642584,864691135762574646,1
864691136120642584,864691135762599990,2
864691136120642584,864691135762725430,1
864691136120658712,864691135760674638,1
864691136120757528,864691135764631862,1
864691136120862488,864691135760005966,1
864691136123680806,864691135759118926,1
864691136123680806,864691135760674638,1
864691136123680806,864691135762576950,1
864691136123691814,864691135762774838,1
864691136123695398,864691135762096438,1
864691136123707942,864691135763112125,1
864691136123708198,864691135762585398,1
864691136123729702,864691135762678838,1
864691136123730214,864691135759422798,2
864691136123733286,864691135761994038,1
864691136123737638,864691135759194190,2
864691136123737638,864691135760962638,5
864691136123737638,864691135762096438,1
864691136123737638,864691135762599990,1
864691136123738150,864691135763051318,1
864691136123739942,864691135762490678,1
864691136123751974,864691135759417934,1
864691136123760422,864691135762574646,1
864691136123776806,864691135762967229,1
864691136123777574,864691135771588091,1
864691136123793446,864691135759388494,1
864691136123847206,864691135762967229,1
864691136124142118,864691135762692662,1
864691136124469030,864691135759835325,1
864691136124475174,864691135762772534,1
864691136124517158,864691135762426166,1
864691136124569126,864691135762956598,1
864691136124588582,864691135759422798,1
864691136124593702,864691135762141238,1
864691136124603174,864691135762599990,2
864691136124603174,864691135763962045,2
864691136124604710,864691135759616701,4
864691136124607782,864691135759118926,1
864691136124952870,864691135761521462,1
864691136125352742,864691135761521462,1
864691136125352742,864691135762678838,1
864691136125352742,864691135771617275,1
864691136125411622,864691135759118926,1
864691136125411622,864691135762028342,1
864691136125457446,864691135763026230,1
864691136125597478,864691135771588091,1
864691136125910822,864691135759118926,2
864691136125910822,864691135762576950,1
864691136125994022,864691135762676790,1
864691136126144294,864691135760005966,1
864691136126144294,864691135763081526,1
864691136126397990,864691135763079734,1
864691136126499366,864691135762576950,1
864691136126687782,864691135760208974,2
864691136129981009,864691135762026806,1
864691136134399627,864691135759118926,1
864691136134403979,864691135762676790,1
864691136134418315,864691135759141454,3
864691136134429323,864691135762956086,1
864691136134430347,864691135759422798,1
864691136134718091,864691135762599990,3
864691136134866315,864691135759741629,1
864691136134942347,864691135759388494,1
864691136135300235,864691135759194190,1
864691136135365259,864691135771588091,1
864691136135509131,864691135761521462,1
864691136135513483,864691135759492430,1
864691136135521931,864691135759872846,1
864691136135530891,864691135762141238,1
864691136135535243,864691135762028342,3
864691136135535243,864691135762426166,1
864691136135536011,864691135763098934,1
864691136135544971,864691135762676790,1
864691136135752843,864691135762658614,1
864691136136020619,864691135759118926,1
864691136136038539,864691135760208974,1
864691136136248971,864691135759253070,1
864691136136563581,864691135762967229,2
864691136136572811,864691135763098934,1
864691136136590205,864691135762596797,1
864691136136594301,864691135762585398,1
864691136136597629,864691135759616701,1
864691136136619389,864691135759118926,1
864691136136632957,864691135759872846,1
864691136136645757,864691135762591286,8
864691136136645757,864691135763962045,1
864691136136647805,864691135759253070,3
864691136136647805,864691135759978062,1
864691136136647805,864691135762099510,1
864691136136647805,864691135763795510,1
864691136136647805,864691135771617275,2
864691136136855947,864691135762772534,1
864691136137038205,864691135762512950,1
864691136137054333,864691135760208974,1
864691136137140093,864691135759422798,2
864691136137140093,864691135760962638,1
864691136137168779,864691135760674638,1
864691136137168779,864691135763364662,1
864691136137275275,864691135759978062,1
864691136137297803,864691135760674638,1
864691136137336971,864691135759280462,1
864691136137401483,864691135759253070,1
864691136137401483,864691135759978062,1
864691136137401483,864691135762658614,3
864691136137401483,864691135763941174,1
864691136137401483,864691135764631862,1
864691136137424267,864691135763795510,1
864691136137463435,864691135759118926,1
864691136137463691,864691135760674638,1
864691136137586301,864691135759616701,1
864691136137586301,864691135759741629,1
864691136137637757,864691135759492430,1
864691136137644925,864691135762320438,1
864691136137647485,864691135762678838,1
864691136137660541,864691135759616701,1
864691136137662077,864691135759141454,2
864691136137763709,864691135762576950,1
864691136137834877,864691135762099510,1
864691136137834877,864691135762585398,1
864691136137834877,864691135763962045,1
864691136138031229,864691135771588091,1
864691136138131325,864691135759118926,2
864691136138131325,864691135759275854,3
864691136138476925,864691135760005966,1
864691136138476925,864691135760319822,1
864691136138476925,864691135763795510,1
864691136138622333,864691135760005966,2
864691136138807165,864691135762678838,2
864691136138879101,864691135760962638,1
864691136138879101,864691135762599990,1
864691136139009149,864691135762676790,1
864691136139009149,864691135764464438,1
864691136139009149,864691135764631862,1
864691136139180413,864691135759194190,2
864691136139180413,864691135759788989,1
864691136139180413,864691135760962638,1
864691136143349044,864691135762513974,1
864691136143362868,864691135771588091,1
864691136143385396,864691135759388494,1
864691136143392564,864691135762043702,1
864691136143393588,864691135759616701,1
864691136143393588,864691135759741629,1
864691136143393588,864691135762692662,1
864691136143398196,864691135759410254,1
864691136143398196,864691135762956086,2
864691136143402292,864691135759238222,1
864691136143414580,864691135759118926,1
864691136143665204,864691135759741629,1
864691136143665204,864691135762320438,1
864691136143688756,864691135763795510,1
864691136143824948,864691135759422798,1
864691136143903796,864691135762613558,1
864691136143951924,864691135762725430,1
864691136143964724,864691135771617275,1
864691136143965492,864691135759275854,1
864691136143965492,864691135759388494,1
864691136143965492,864691135763555382,1
864691136144057908,864691135762490678,1
864691136144430388,864691135760012477,2
864691136144430388,864691135762692662,1
864691136144481332,864691135759741629,2
864691136144531508,864691135760674638,1
864691136144542260,864691135762599990,2
864691136144610100,864691135762678838,1
864691136144610356,864691135762141238,1
864691136144632628,864691135763051318,2
864691136145176628,864691135759978062,1
864691136145176628,864691135771617275,2
864691136145232948,864691135759118926,2
864691136145255063,864691135758672206,1
864691136145351476,864691135762028342,2
864691136145520692,864691135764464438,1
864691136145641012,864691135763026230,1
864691136174961414,864691135762772534,1
864691136174980358,864691135759616701,1
864691136175013382,864691135762490678,1
864691136175018758,864691135762028342,1
864691136175059462,864691135762026806,1
864691136175395078,864691135762028342,1
864691136175446534,864691135762613558,1
864691136175637510,864691135759141454,1
864691136175637510,864691135762513974,1
864691136175931142,864691135759616701,2
864691136175964422,864691135762028342,1
864691136176067334,864691135759410254,1
864691136176193286,864691135759118926,3
864691136176197126,864691135759872846,2
864691136176209414,864691135762599990,1
864691136176211462,864691135762692662,1
864691136176316166,864691135759492430,1
864691136176316166,864691135762585398,1
864691136176346630,864691135763795510,1
864691136176426758,864691135759492430,1
864691136176529670,864691135771588091,1
864691136176947462,864691135763098934,1
864691136177254406,864691135760962638,3
864691136177254406,864691135762599990,1
864691136177254406,864691135762774838,2
864691136177312518,864691135762574646,1
864691136177370630,864691135760674638,1
864691136194009814,864691135762774838,1
864691136194010582,864691135762026806,3
864691136194013398,864691135762774838,1
864691136194016214,864691135761994038,2
864691136194029782,864691135761994038,3
864691136194038998,864691135759741629,1
864691136194064086,864691135759616701,1
864691136194064086,864691135759741629,1
864691136194065622,864691135759616701,1
864691136194081494,864691135762028342,1
864691136194191080,864691135760759374,1
864691136194191592,864691135760962638,2
864691136194204392,864691135759118926,3
864691136194208232,864691135760674638,1
864691136194298700,864691135763079734,1
864691136194306892,864691135762692662,1
864691136194316264,864691135771588091,1
864691136194328652,864691135761994038,1
864691136194329576,864691135762772534,1
864691136194331468,864691135759835325,1
864691136194335308,864691135759616701,1
864691136194335308,864691135762320438,1
864691136194344524,864691135759616701,3
864691136194394856,864691135759118926,1
864691136194398796,864691135761994038,1
864691136194475734,864691135762513974,1
864691136194486998,864691135762774838,1
864691136194489932,864691135759118926,1
864691136194514252,864691135762678838,1
864691136194592470,864691135759616701,1
864691136194599756,864691135762967229,1
864691136194644300,864691135763396406,1
864691136194661864,864691135762956086,1
864691136194744908,864691135762141238,1
864691136194802902,864691135762096438,1
864691136194881238,864691135759741629,1
864691136194887400,864691135764324918,1
864691136194888406,864691135759417934,1
864691136194888406,864691135762956598,1
864691136194888936,864691135763555382,1
864691136194899158,864691135762692662,1
864691136194902998,864691135761994038,2
864691136194902998,864691135763051318,1
864691136194970088,864691135759616701,1
864691136194998504,864691135762320438,1
864691136195001420,864691135762599990,1
864691136195090920,864691135759788989,2
864691136195140172,864691135759118926,1
864691136195150412,864691135763962045,1
864691136195151336,864691135759422798,1
864691136195161420,864691135759788989,2
864691136195161420,864691135763962045,1
864691136195171048,864691135762513974,1
864691136195182156,864691135762141238,1
864691136195216460,864691135761521462,1
864691136195242454,864691135761994038,1
864691136195265768,864691135759616701,1
864691136195420904,864691135758672206,1
864691136195526120,864691135760122958,1
864691136195526120,864691135763795510,1
864691136195526120,864691135771617275,1
864691136195576278,864691135764464438,1
864691136195617494,864691135760759374,1
864691136195617494,864691135763795510,1
864691136195704296,864691135764062006,1
864691136195714518,864691135759872846,2
864691136195735116,864691135762028342,2
864691136195735116,864691135762426166,3
864691136195736908,864691135771617275,1
864691136195783912,864691135760759374,1
864691136195783912,864691135762574646,3
864691136195783912,864691135762725430,3
864691136195787240,864691135762576950,1
864691136195796182,864691135760319822,1
864691136195799528,864691135763026230,1
864691136195841750,864691135771588091,1
864691136195853800,864691135762576950,1
864691136196009960,864691135759118926,1
864691136196009960,864691135763079734,1
864691136196023116,864691135771617275,1
864691136196043852,864691135762576950,1
864691136196127208,864691135759410254,1
864691136196213068,864691135760122958,1
864691136196219980,864691135759872846,1
864691136196262102,864691135763941174,2
864691136196331734,864691135763396406,1
864691136196391894,864691135760319822,1
864691136196391894,864691135760674638,2
864691136196391894,864691135763941174,1
864691136196391894,864691135764464438,1
864691136196411112,864691135759299406,1
864691136196458454,864691135761029710,1
864691136196886604,864691135760005966,1
864691136197172556,864691135760674638,1
864691136201334974,864691135759194190,1
864691136205491390,864691135759194190,4
864691136205491390,864691135759492430,1
864691136205491390,864691135762591286,5
864691136205491390,864691135762956086,1
864691136208988348,864691135758672206,3
864691136208995772,864691135759194190,6
864691136208995772,864691135759410254,1
864691136208995772,864691135759788989,1
864691136208995772,864691135760962638,1
864691136208995772,864691135761994038,1
864691136208995772,864691135762956086,1
864691136209002684,864691135762772534,1
864691136209019068,864691135762613558,1
864691136209023676,864691135759238222,1
864691136209044924,864691135759835325,1
864691136209044924,864691135760012477,1
864691136209300924,864691135759872846,1
864691136209303740,864691135762774838,2
864691136209376700,864691135762026806,1
864691136209382588,864691135759872846,1
864691136209530812,864691135763079734,1
864691136209615804,864691135759388494,1
864691136209615804,864691135759422798,3
864691136209866428,864691135762028342,1
864691136209899452,864691135762774838,2
864691136209915324,864691135759141454,1
864691136209915324,864691135759872846,1
864691136209934268,864691135762426166,1
864691136209963708,864691135759616701,3
864691136209972668,864691135761994038,1
864691136210056636,864691135759616701,1
864691136210087356,864691135762320438,1
864691136210107580,864691135761994038,3
864691136210182332,864691135759741629,1
864691136210182332,864691135762967229,1
864691136210191292,864691135759872846,1
864691136210191292,864691135762426166,1
864691136210233788,864691135760962638,1
864691136210344892,864691135759194190,1
864691136210347196,864691135759616701,1
864691136210530492,864691135763795510,1
864691136210547900,864691135762426166,3
864691136210759100,864691135771588091,1
864691136210885820,864691135763941174,1
864691136211076796,864691135760674638,1
864691136211187900,864691135762574646,2
864691136211430588,864691135760208974,1
864691136211430588,864691135762576950,3
864691136211430588,864691135764464438,1
864691136211522236,864691135762658614,1
864691136214725566,864691135761994038,1
864691136225203646,864691135759835325,1
864691136226103486,864691135759616701,1
864691136226954833,864691135759388494,1
864691136226955601,864691135760022606,1
864691136226957137,864691135759238222,1
864691136226981713,864691135759616701,1
864691136226986577,864691135760962638,2
864691136226991953,864691135762692662,1
864691136227130705,864691135759422798,1
864691136227412049,864691135759118926,1
864691136227690321,864691135759616701,1
864691136227746129,864691135763795510,1
864691136227770705,864691135761521462,1
864691136227848785,864691135759741629,1
864691136227888209,864691135761994038,1
864691136227897681,864691135759422798,1
864691136227926097,864691135759788989,1
864691136227931729,864691135759118926,1
864691136228044625,864691135763364662,2
864691136228208721,864691135759788989,1
864691136228208721,864691135763962045,1
864691136228235089,864691135762512950,2
864691136228244561,864691135762320438,2
864691136228244561,864691135762692662,1
864691136228261713,864691135759118926,1
864691136228367697,864691135761994038,1
864691136228367697,864691135762956086,1
864691136229303121,864691135763026230,1
864691136229439825,864691135759299406,1
864691136231675838,864691135762320438,2
864691136236651023,864691135759105102,1
864691136236655631,864691135762521021,1
864691136236655631,864691135765778365,1
864691136236668431,864691135759872846,1
864691136236676623,864691135762099510,1
864691136236676623,864691135771617275,1
864691136236678927,864691135760962638,2
864691136236688655,864691135759275854,1
864691136236688655,864691135759616701,1
864691136236699407,864691135762141238,1
864691136236709135,864691135759410254,1
864691136236731663,864691135759741629,1
864691136236731663,864691135762521021,1
864691136236910351,864691135759194190,1
864691136236910351,864691135760962638,2
864691136236910351,864691135762096438,1
864691136236910351,864691135762599990,1
864691136237148943,864691135771617275,1
864691136237337359,864691135759978062,1
864691136237469244,864691135762513974,1
864691136237471548,864691135763098934,1
864691136237477948,864691135761994038,2
864691136237477948,864691135762141238,1
864691136237477948,864691135763051318,2
864691136237480764,864691135762967229,1
864691136237487676,864691135762141238,2
864691136237497660,864691135762028342,1
864691136237514556,864691135759299406,2
864691136237521980,864691135759141454,1
864691136237606415,864691135771588091,1
864691136237613583,864691135762599990,1
864691136237693711,864691135760812110,1
864691136237774095,864691135762658614,2
864691136237778236,864691135759492430,1
864691136237784380,864691135759741629,2
864691136238036495,864691135771617275,2
864691136238351164,864691135759275854,1
864691136238359823,864691135764062006,1
864691136238368060,864691135759422798,1
864691136238368060,864691135763051318,1
864691136238375228,864691135759141454,1
864691136238389308,864691135759422798,1
864691136238454287,864691135759118926,1
864691136238505276,864691135759422798,2
864691136238595900,864691135763098934,1
864691136238596924,864691135763962045,1
864691136238651964,864691135759388494,3
864691136238694460,864691135759118926,1
864691136238694460,864691135762676790,1
864691136238776079,864691135763941174,2
864691136238806031,864691135759253070,1
864691136238806031,864691135759299406,4
864691136238806031,864691135759388494,1
864691136238806031,864691135760759374,3
864691136238806031,864691135761521462,1
864691136238806031,864691135762088758,4
864691136238806031,864691135762099510,3
864691136238806031,864691135762574646,1
864691136238806031,864691135762613558,1
864691136238806031,864691135762658614,10
864691136238806031,864691135762725430,1
864691136238806031,864691135763081526,1
864691136238829116,864691135759422798,5
864691136238829116,864691135762678838,2
864691136238891324,864691135763051318,1
864691136239032124,864691135759253070,1
864691136239845436,864691135760759374,1
864691136239914300,864691135763396406,1
864691136239980860,864691135760005966,3
864691136239980860,864691135760208974,1
864691136240041532,864691135759253070,1
864691136240041532,864691135759299406,6
864691136240041532,864691135762599990,1
864691136240041532,864691135762658614,1
864691136255240382,864691135759616701,1
864691136257859518,864691135759835325,1
864691136262129124,864691135762426166,1
864691136262696676,864691135763892278,1
864691136263029901,864691135759238222,1
864691136263951588,864691135763892278,1
864691136266409972,864691135762099510,1
864691136266418164,864691135759105102,2
864691136266419956,864691135763962045,1
864691136266426100,864691135771588091,1
864691136266427124,864691135759105102,3
864691136266442996,864691135762043702,1
864691136266445556,864691135763962045,1
864691136266449908,864691135762599990,1
864691136266454516,864691135759238222,1
864691136266552564,864691135760962638,2
864691136266654452,864691135759253070,1
864691136266819572,864691135759275854,1
864691136266819572,864691135759616701,1
864691136266842612,864691135761081934,1
864691136267196148,864691135763112125,2
864691136267216628,864691135771588091,1
864691136267254772,864691135759410254,1
864691136267393012,864691135762513974,1
864691136267401972,864691135759118926,1
864691136267447796,864691135760022606,1
864691136267470324,864691135759417934,1
864691136267839220,864691135759361102,1
864691136267869940,864691135762099510,1
864691136268046836,864691135762426166,2
864691136268234228,864691135759118926,1
864691136268234228,864691135762576950,1
864691136268586484,864691135759872846,1
864691136268801268,864691135763941174,1
864691136268889588,864691135763941174,1
864691136268898292,864691135763026230,1
864691136272925886,864691135762772534,1
864691136272943806,864691135759741629,1
864691136272943806,864691135763555382,1
864691136272945854,864691135762028342,1
864691136272962494,864691135762658614,1
864691136272967102,864691135759253070,1
864691136272967102,864691135759299406,1
864691136272967102,864691135763686710,1
864691136272981182,864691135759616701,1
864691136273013694,864691135759492430,1
864691136273021886,864691135759616701,1
864691136273423038,864691135759275854,1
864691136273608973,864691135759614542,1
864691136273628941,864691135759141454,2
864691136273637566,864691135759118926,1
864691136273643533,864691135759616701,1
864691136273643789,864691135762141238,1
864691136273681933,864691135759788989,2
864691136273684749,864691135758672206,1
864691136273685261,864691135763127862,2
864691136273763262,864691135759492430,1
864691136273791934,864691135762426166,1
864691136273899966,864691135760962638,1
864691136273900222,864691135762490678,1
864691136273908158,864691135761994038,8
864691136273908158,864691135762141238,2
864691136273908158,864691135763051318,1
864691136273908158,864691135763555382,1
864691136273981453,864691135762320438,1
864691136274005005,864691135763962045,1
864691136274203405,864691135763098934,1
864691136274238989,864691135762141238,1
864691136274401214,864691135762676790,1
864691136274527501,864691135762774838,1
864691136274559678,864691135760812110,1
864691136274601741,864691135759835325,1
864691136274642189,864691135762676790,1
864691136274642189,864691135771588091,1
864691136274762509,864691135762678838,2
864691136274783245,864691135762141238,1
864691136274812685,864691135759299406,1
864691136274812685,864691135762725430,1
864691136274921997,864691135761994038,1
864691136275031565,864691135759422798,1
864691136275031565,864691135760962638,1
864691136275095742,864691135759388494,3
864691136275104958,864691135760674638,1
864691136275104958,864691135762576950,1
864691136275130125,864691135759118926,1
864691136275193869,864691135760962638,1
864691136275201982,864691135759422798,1
864691136275345854,864691135763026230,1
864691136275431437,864691135759492430,1
864691136286021517,864691135762026806,1
864691136286541763,864691135759238222,1
864691136286541763,864691135762028342,1
864691136286549187,864691135760122958,2
864691136286549187,864691135762774838,2
864691136286560963,864691135759978062,1
864691136286560963,864691135762574646,1
864691136286597315,864691135762599990,1
864691136286790851,864691135763795510,1
864691136286819779,864691135759253070,1
864691136286932675,864691135762512950,1
864691136286932675,864691135762678838,1
864691136287041731,864691135763962045,1
864691136287358659,864691135761994038,2
864691136287391427,864691135760208974,2
864691136287441859,864691135760005966,1
864691136287512771,864691135762320438,1
864691136287523011,864691135762956086,1
864691136287526083,864691135759422798,2
864691136287529411,864691135762141238,4
864691136287691971,864691135759275854,2
864691136287987651,864691135759422798,1
864691136288079043,864691135759410254,1
864691136288079043,864691135760759374,1
864691136288079043,864691135762725430,1
864691136288145347,864691135763098934,1
864691136288160195,864691135762490678,1
864691136288301507,864691135764631862,1
864691136288605379,864691135764464438,1
864691136288727747,864691135759118926,1
864691136288727747,864691135762576950,1
864691136288727747,864691135763127862,2
864691136288727747,864691135764464438,1
864691136288753091,864691135759872846,1
864691136288753091,864691135764464438,1
864691136288807619,864691135759118926,2
864691136288807619,864691135759361102,1
864691136288807619,864691135760208974,1
864691136288807619,864691135762576950,1
864691136288807619,864691135764464438,1
864691136291075223,864691135759872846,1
864691136292031885,864691135762676790,1
864691136293309591,864691135762028342,1
864691136296652059,864691135760674638,1
864691136296652315,864691135759616701,2
864691136296658715,864691135759238222,1
864691136296669211,864691135762676790,1
864691136296672283,864691135762678838,1
864691136296720155,864691135762028342,1
864691136296727579,864691135759741629,1
864691136296971291,864691135762028342,1
864691136297086491,864691135771601147,1
864691136297194779,864691135762576950,1
864691136297198875,864691135762576950,1
864691136297589787,864691135762028342,2
864691136297771035,864691135759118926,1
864691136297779739,864691135759118926,1
864691136297787163,864691135771588091,1
864691136297796379,864691135759422798,1
864691136297796379,864691135762141238,1
864691136298045979,864691135759253070,1
864691136298045979,864691135759422798,1
864691136298115099,864691135759194190,3
864691136298115099,864691135761994038,1
864691136298115099,864691135762574646,1
864691136298115099,864691135762956086,3
864691136298159131,864691135762676790,1
864691136298670875,864691135759118926,1
864691136298677019,864691135763241526,1
864691136298896155,864691135760005966,2
864691136298896155,864691135760319822,1
864691136298896155,864691135760812110,1
864691136298896155,864691135763026230,1
864691136298913563,864691135759872846,1
864691136298913563,864691135761029710,1
864691136298913563,864691135763127862,3
864691136298913563,864691135763941174,1
864691136298973979,864691135762599990,1
864691136298989339,864691135760962638,1
864691136298997275,864691135759118926,1
864691136298997275,864691135760674638,9
864691136298997275,864691135762576950,2
864691136299054875,864691135763081526,1
864691136299118363,864691135759238222,1
864691136299118363,864691135771590395,1
864691136299136795,864691135759872846,1
864691136299163419,864691135759422798,4
864691136309640794,864691135759280462,1
864691136309640794,864691135762956598,1
864691136309654362,864691135759616701,1
864691136309661786,864691135763079734,1
864691136309672026,864691135760759374,1
864691136309682522,864691135759978062,1
864691136309682522,864691135771601147,1
864691136309684314,864691135760674638,1
864691136309685082,864691135759872846,1
864691136309685082,864691135762426166,1
864691136309688154,864691135759253070,1
864691136309690714,864691135759872846,1
864691136309698394,864691135763892278,1
864691136309871706,864691135762576950,1
864691136309975130,864691135762320438,1
864691136310074458,864691135761521462,1
864691136310283866,864691135759410254,1
864691136310458202,864691135759788989,1
864691136310544474,864691135759741629,1
864691136310672474,864691135759492430,1
864691136310672474,864691135759616701,1
864691136310683994,864691135759410254,1
864691136310683994,864691135760962638,2
864691136310683994,864691135762599990,1
864691136310685786,864691135759741629,4
864691136310685786,864691135759835325,1
864691136310685786,864691135763555382,1
864691136310690906,864691135771588091,1
864691136310691674,864691135759616701,1
864691136310694746,864691135762585398,1
864691136310695514,864691135759616701,1
864691136310697050,864691135759388494,2
864691136310703962,864691135760005966,1
864691136310774362,864691135760674638,1
864691136310802266,864691135759872846,1
864691136310864218,864691135762956086,1
864691136310917466,864691135762678838,1
864691136310931034,864691135762043702,1
864691136310957658,864691135762099510,1
864691136311106650,864691135762956086,1
864691136311213914,864691135759253070,8
864691136311213914,864691135759422798,2
864691136311213914,864691135759978062,2
864691136311213914,864691135761029710,5
864691136311213914,864691135764631862,1
864691136311330906,864691135762099510,1
864691136311529306,864691135763098934,1
864691136311754045,864691135759788989,1
864691136311772477,864691135759194190,1
864691136311775805,864691135762967229,1
864691136311780954,864691135763241526,1
864691136311782205,864691135762585398,1
864691136311784509,864691135762141238,1
864691136311785021,864691135762585398,1
864691136311799357,864691135762026806,1
864691136311810621,864691135763941174,1
864691136311826749,864691135762026806,1
864691136311836221,864691135760012477,1
864691136311836221,864691135762141238,1
864691136311836221,864691135762512950,1
864691136311844157,864691135759741629,1
864691136312057178,864691135760319822,1
864691136312057178,864691135764464438,2
864691136312057178,864691135764631862,3
864691136312150874,864691135764631862,1
864691136312204093,864691135762576950,1
864691136312211261,864691135759616701,1
864691136312284250,864691135762576950,1
864691136312445786,864691135759872846,2
864691136312445786,864691135760674638,1
864691136312445786,864691135761029710,2
864691136312445786,864691135762426166,1
864691136312445786,864691135763941174,2
864691136312445786,864691135764464438,1
864691136312445786,864691135764631862,1
864691136312466010,864691135759253070,1
864691136312528474,864691135759872846,1
864691136312528474,864691135760208974,1
864691136312621117,864691135758672206,1
864691136312677181,864691135762725430,1
864691136312677181,864691135771617275,1
864691136312826429,864691135771588091,1
864691136312827965,864691135764464438,1
864691136312841277,864691135759835325,1
864691136313406781,864691135759118926,1
864691136313406781,864691135759435342,1
864691136313406781,864691135761029710,1
864691136313513789,864691135762028342,1
864691136313833021,864691135760674638,1
864691136313833021,864691135760759374,1
864691136313833021,864691135763241526,1
864691136313847869,864691135759118926,1
864691136313847869,864691135764464438,2
864691136314078013,864691135759118926,1
864691136314078013,864691135761029710,1
864691136314078013,864691135762576950,1
864691136314078013,864691135763026230,1
864691136314078013,864691135764062006,1
864691136314078013,864691135764324918,1
864691136314078013,864691135764464438,1
864691136314120765,864691135760319822,2
864691136314120765,864691135761029710,5
864691136314120765,864691135763941174,11
864691136314120765,864691135764324918,1
864691136314278205,864691135761029710,1
864691136314326333,864691135760674638,1
864691136314485053,864691135762576950,2
864691136314593341,864691135763026230,1
864691136321830295,864691135762028342,1
864691136327251166,864691135762676790,1
864691136328891370,864691135759872846,2
864691136328891626,864691135763241526,1
864691136328908778,864691135759388494,1
864691136328912618,864691135761081934,2
864691136328933610,864691135763364662,1
864691136329390058,864691135762490678,1
864691136329390058,864691135762678838,1
864691136329658858,864691135762141238,2
864691136329908458,864691135759410254,1
864691136329911274,864691135763555382,1
864691136329918698,864691135759118926,2
864691136330107882,864691135759417934,1
864691136330207722,864691135771617275,1
864691136330218474,864691135762576950,1
864691136331157226,864691135762576950,1
864691136331215850,864691135762676790,1
864691136331421674,864691135759253070,1
864691136331421674,864691135760005966,1
864691136331421674,864691135760208974,3
864691136331421674,864691135761029710,2
864691136331448810,864691135761029710,4
864691136331448810,864691135764464438,2
864691136331512298,864691135759872846,2
864691136331512298,864691135760319822,1
864691136331512298,864691135762426166,1
864691136331519466,864691135759118926,1
864691136331610346,864691135759361102,2
864691136331610346,864691135761029710,2
864691136331610346,864691135763941174,2
864691136333759923,864691135762956598,1
864691136333762995,864691135759422798,1
864691136333763507,864691135762141238,1
864691136333985971,864691135759118926,1
864691136334360499,864691135762028342,1
864691136334665907,864691135762585398,1
864691136334795955,864691135760962638,1
864691136334831539,864691135771590395,1
864691136334842547,864691135763051318,1
864691136335027635,864691135759422798,1
864691136335027635,864691135763051318,1
864691136335027635,864691135763962045,1
864691136335041715,864691135762689334,1
864691136335208883,864691135760674638,2
864691136335434419,864691135759118926,1
864691136335899059,864691135759492430,2
864691136335899059,864691135763962045,1
864691136336019891,864691135759118926,1
864691136336193715,864691135762576950,1
864691136336252339,864691135759872846,7
864691136336252339,864691135762028342,3
864691136336252339,864691135762426166,7
864691136336252339,864691135763127862,1
864691136336274099,864691135760208974,1
864691136336274867,864691135763941174,1
864691136336411315,864691135763941174,2
864691136361638626,864691135762096438,1
864691136361856994,864691135762689334,1
864691136362220002,864691135763396406,1
864691136362257634,864691135759410254,1
864691136362301922,864691135758672206,1
864691136362323426,864691135759388494,1
864691136362351074,864691135762599990,2
864691136362442978,864691135762576950,1
864691136362481890,864691135762585398,1
864691136362485218,864691135759410254,2
864691136362531554,864691135759118926,1
864691136362531554,864691135762576950,1
864691136362775266,864691135759978062,2
864691136362829538,864691135759422798,1
864691136362829538,864691135763051318,1
864691136362849506,864691135759141454,1
864691136363060194,864691135759741629,1
864691136363207394,864691135760812110,1
864691136363473634,864691135761081934,1
864691136363473634,864691135771617275,1
864691136363640034,864691135762676790,1
864691136363769826,864691135760005966,6
864691136363769826,864691135763081526,2
864691136363981282,864691135759253070,1
864691136364027362,864691135759118926,1
864691136364166370,864691135759118926,2
864691136364166370,864691135763079734,1
864691136364286946,864691135759118926,1
864691136370785928,864691135758672206,2
864691136370799752,864691135759105102,1
864691136370804360,864691135759616701,2
864691136370818696,864691135762774838,1
864691136370822536,864691135763079734,2
864691136370829448,864691135762956086,1
864691136370839432,864691135759835325,3
864691136371107720,864691135763962045,1
864691136371203976,864691135759422798,1
864691136371203976,864691135759616701,1
864691136371314824,864691135762096438,1
864691136371340424,864691135759616701,1
864691136371455112,864691135762043702,1
864691136371499400,864691135759280462,1
864691136371510920,864691135759616701,1
864691136371510920,864691135762141238,6
864691136371510920,864691135763555382,3
864691136371765896,864691135759422798,2
864691136371765896,864691135759492430,2
864691136371765896,864691135762043702,1
864691136371836040,864691135760005966,1
864691136372326024,864691135760674638,1
864691136372463240,864691135760122958,1
864691136372513160,864691135759118926,1
864691136372513160,864691135763079734,1
864691136372513160,864691135763364662,1
864691136372941448,864691135759118926,1
864691136373149064,864691135759118926,6
864691136373149064,864691135760674638,2
864691136373149064,864691135762576950,9
864691136378741461,864691135763396406,1
864691136378769621,864691135763051318,1
864691136378770133,864691135759275854,1
864691136378771157,864691135762043702,1
864691136378784469,864691135759616701,1
864691136378784469,864691135759835325,1
864691136378791637,864691135759422798,1
864691136378795733,864691135758643389,1
864691136378798549,864691135762772534,1
864691136378836949,864691135759410254,1
864691136379058133,864691135759422798,1
864691136379058133,864691135762574646,1
864691136379126485,864691135759614542,1
864691136379227093,864691135763555382,1
864691136379315413,864691135762591286,1
864691136379547861,864691135762689334,1
864691136379592405,864691135765778365,1
864691136379715029,864691135762613558,1
864691136379715029,864691135762658614,1
864691136379765205,864691135759422798,1
864691136379811797,864691135762574646,3
864691136379876053,864691135761994038,1
864691136379876053,864691135762585398,1
864691136380062165,864691135762591286,1
864691136380105173,864691135759788989,3
864691136380160725,864691135759872846,2
864691136380217301,864691135762426166,1
864691136380324821,864691135771601147,1
864691136380685525,864691135763079734,3
864691136380773077,864691135759238222,1
864691136380916949,864691135759118926,2
864691136380916949,864691135762576950,1
864691136380924117,864691135759978062,1
864691136381198805,864691135759118926,5
864691136381198805,864691135760674638,1
864691136381243349,864691135763941174,1
864691136381324501,864691135760674638,2
864691136381324501,864691135763941174,1
864691136381325781,864691135759435342,1
864691136381325781,864691135760812110,1
864691136381384405,864691135762774838,2
864691136381454549,864691135760005966,2
864691136381454549,864691135760208974,1
864691136381454549,864691135760319822,1
864691136381454549,864691135763026230,1
864691136388245111,864691135763112125,1
864691136388259959,864691135760012477,2
864691136388280183,864691135759741629,1
864691136388287095,864691135762088758,2
864691136388551952,864691135759118926,1
864691136388551952,864691135771588091,1
864691136388560400,864691135759422798,1
864691136388569463,864691135759118926,1
864691136388572535,864691135759872846,1
864691136388579600,864691135759741629,1
864691136388585079,864691135762426166,1
864691136388660087,864691135759872846,2
864691136388669559,864691135759410254,1
864691136388687735,864691135763892278,2
864691136388768375,864691135762676790,1
864691136388956688,864691135759616701,1
864691136388956688,864691135759835325,2
864691136388956688,864691135762320438,3
864691136388963191,864691135771588091,1
864691136388979831,864691135763555382,1
864691136389040247,864691135762521021,2
864691136389101328,864691135762512950,1
864691136389115511,864691135762043702,1
864691136389152784,864691135761994038,2
864691136389152784,864691135762141238,3
864691136389205264,864691135759422798,1
864691136389219191,864691135762596797,1
864691136389219191,864691135762692662,1
864691136389244791,864691135762692662,1
864691136389274231,864691135762585398,1
864691136389274231,864691135763962045,1
864691136389282935,864691135759788989,1
864691136389297783,864691135759835325,2
864691136389460240,864691135759872846,1
864691136389551991,864691135762426166,1
864691136389552503,864691135759417934,1
864691136389552503,864691135763098934,2
864691136389694992,864691135759616701,1
864691136389708304,864691135759616701,1
864691136389710608,864691135760962638,1
864691136389797392,864691135759616701,2
864691136390360703,864691135762521021,1
864691136390360703,864691135763112125,2
864691136390368639,864691135762576950,1
864691136390391423,864691135759194190,1
864691136390391423,864691135759492430,1
864691136390391423,864691135762956086,1
864691136390427007,864691135762774838,1
864691136390430591,864691135771617275,1
864691136390454135,864691135762574646,1
864691136390515583,864691135761994038,1
864691136390515583,864691135763051318,1
864691136390566783,864691135762096438,1
864691136390615056,864691135759978062,2
864691136390676343,864691135759118926,1
864691136390676343,864691135760319822,2
864691136390676343,864691135760812110,1
864691136390676343,864691135762028342,2
864691136390676343,864691135762426166,1
864691136390677264,864691135760674638,1
864691136390718736,864691135762426166,2
864691136390718736,864691135763941174,1
864691136390739071,864691135762676790,1
864691136390803839,864691135762576950,1
864691136390860927,864691135759616701,1
864691136390905207,864691135759361102,1
864691136390905207,864691135760005966,2
864691136390905207,864691135760208974,4
864691136390905207,864691135760319822,4
864691136390905207,864691135760812110,1
864691136390905207,864691135761029710,6
864691136390905207,864691135762576950,2
864691136390905207,864691135763026230,4
864691136390905207,864691135764631862,1
864691136390918672,864691135760005966,1
864691136390918672,864691135763941174,1
864691136390920976,864691135762576950,1
864691136391012624,864691135759118926,2
864691136391023120,864691135760812110,5
864691136391023120,864691135762613558,4
864691136391023120,864691135763026230,1
864691136391023120,864691135764464438,1
864691136391023120,864691135764631862,1
864691136391042167,864691135764631862,1
864691136391072127,864691135758975822,1
864691136391072127,864691135759616701,2
864691136391072127,864691135763555382,1
864691136391072784,864691135759788989,1
864691136391072784,864691135762585398,1
864691136391094544,864691135759118926,1
864691136391094544,864691135762576950,1
864691136391118719,864691135759616701,1
864691136391161983,864691135762576950,2
864691136391165200,864691135763098934,1
864691136391177335,864691135771588091,1
864691136391212663,864691135764464438,1
864691136391232887,864691135762490678,2
864691136391232887,864691135763241526,1
864691136391242512,864691135759118926,1
864691136391267959,864691135760012477,1
864691136391341439,864691135759616701,1
864691136391341439,864691135761994038,1
864691136391366783,864691135762141238,1
864691136391376511,864691135761994038,8
864691136391376511,864691135762141238,1
864691136391376511,864691135763051318,1
864691136391376511,864691135763555382,1
864691136391628927,864691135759788989,1
864691136391822719,864691135771590395,1
864691136392087679,864691135764062006,1
864691136392120447,864691135762576950,1
864691136392381311,864691135759118926,3
864691136392381311,864691135762576950,2
864691136392388223,864691135763241526,1
864691136392404607,864691135759118926,2
864691136392461695,864691135761994038,2
864691136392877695,864691135759141454,1
864691136392877695,864691135759872846,1
864691136392909695,864691135761994038,1
864691136392909695,864691135763026230,1
864691136418633111,864691135763081526,1
864691136418636695,864691135759422798,1
864691136419319191,864691135759118926,3
864691136419331479,864691135762678838,1
864691136419351959,864691135759280462,1
864691136419355287,864691135759872846,1
864691136419512471,864691135762490678,1
864691136419534999,864691135759616701,1
864691136419534999,864691135759835325,2
864691136419535511,864691135762574646,1
864691136419546263,864691135760012477,1
864691136419552663,864691135759410254,2
864691136419554199,864691135759872846,3
864691136419554199,864691135762028342,1
864691136419568791,864691135763962045,1
864691136420485783,864691135762026806,1
864691136420774551,864691135760674638,1
864691136421164951,864691135771617275,1
864691136421242775,864691135759872846,1
864691136421242775,864691135762426166,3
864691136421271447,864691135760759374,1
864691136421319063,864691135760674638,1
864691136421319063,864691135762576950,1
864691136421359255,864691135759422798,1
864691136422824239,864691135763051318,1
864691136422825775,864691135759422798,1
864691136422825775,864691135762099510,1
864691136422825775,864691135762678838,1
864691136422830383,864691135758672206,1
864691136422833967,864691135759492430,1
864691136422833967,864691135762141238,1
864691136422834223,864691135759872846,1
864691136422834223,864691135762028342,1
864691136422834223,864691135771588091,1
864691136422842927,864691135762026806,1
864691136422861103,864691135761081934,1
864691136422899759,864691135761029710,2
864691136423019055,864691135771617275,1
864691136423108911,864691135759422798,1
864691136423140911,864691135762585398,1
864691136423439919,864691135762956598,1
864691136423579439,864691135759788989,1
864691136423609135,864691135759616701,1
864691136423676463,864691135763098934,2
864691136423679279,864691135759788989,1
864691136423684143,864691135762016566,1
864691136423686191,864691135759422798,1
864691136423703599,864691135762141238,1
864691136423714095,864691135759388494,1
864691136423714351,864691135759422798,2
864691136423714351,864691135762512950,1
864691136423900975,864691135759616701,1
864691136424289839,864691135759253070,2
864691136424289839,864691135759978062,1
864691136424289839,864691135762613558,1
864691136424289839,864691135762658614,3
864691136424289839,864691135763081526,1
864691136424289839,864691135763795510,1
864691136424353583,864691135760674638,1
864691136424437551,864691135759872846,4
864691136424437551,864691135762028342,3
864691136424437551,864691135762426166,3
864691136424437551,864691135763127862,7
864691136424437551,864691135763892278,1
864691136424685871,864691135762576950,3
864691136424898095,864691135762956598,1
864691136425623343,864691135760759374,1
864691136425623343,864691135762725430,2
864691136425751087,864691135763081526,2
864691136425782575,864691135762426166,1
864691136425796143,864691135763962045,1
864691136436369310,864691135771588091,1
864691136436370590,864691135762490678,1
864691136436379806,864691135763098934,1
864691136436380318,864691135762676790,1
864691136436402590,864691135759280462,1
864691136436421022,864691135759835325,1
864691136436733086,864691135761994038,1
864691136436737694,864691135763962045,1
864691136436743838,864691135759105102,2
864691136436941982,864691135764464438,1
864691136436964214,864691135763241526,1
864691136437138334,864691135759105102,1
864691136437178270,864691135759872846,1
864691136437178270,864691135762426166,1
864691136437211294,864691135762774838,1
864691136437409438,864691135759238222,1
864691136437409438,864691135771590395,1
864691136437420190,864691135759275854,1
864691136437434526,864691135761994038,1
864691136437434526,864691135762141238,1
864691136437484702,864691135763098934,1
864691136437633950,864691135759118926,2
864691136437633950,864691135759238222,1
864691136437633950,864691135762426166,1
864691136437772446,864691135762426166,1
864691136438009246,864691135763396406,2
864691136438013598,864691135771588091,1
864691136438545822,864691135759361102,1
864691136438584478,864691135762574646,1
864691136438584478,864691135762613558,1
864691136438587038,864691135762576950,1
864691136438592414,864691135763941174,1
864691136438820254,864691135760005966,1
864691136438882974,864691135762658614,1
864691136438882974,864691135762676790,1
864691136443726979,864691135759118926,1
864691136443737731,864691135759616701,1
864691136444452227,864691135760962638,1
864691136444584579,864691135759835325,1
864691136444588931,864691135760962638,1
864691136444749187,864691135762692662,1
864691136444757123,864691135759299406,1
864691136444757123,864691135761081934,1
864691136444757123,864691135763686710,1
864691136444759427,864691135763098934,1
864691136444767875,864691135763079734,1
864691136444865155,864691135762043702,1
864691136444927619,864691135759872846,1
864691136445062787,864691135760005966,2
864691136445245571,864691135759118926,1
864691136445245571,864691135763098934,1
864691136445259907,864691135759118926,1
864691136445259907,864691135760674638,1
864691136445259907,864691135762576950,1
864691136445483139,864691135763098934,1
864691136445557123,864691135763941174,1
864691136445763203,864691135759141454,6
864691136445946755,864691135763098934,1
864691136446114691,864691135762574646,1
864691136451084799,864691135771617275,1
864691136451096575,864691135759741629,1
864691136451102207,864691135759410254,1
864691136451111167,864691135762658614,1
864691136451111935,864691135759616701,1
864691136451111935,864691135759835325,1
864691136451224831,864691135763962045,1
864691136451350015,864691135759614542,1
864691136451350015,864691135762692662,1
864691136451478527,864691135759105102,1
864691136451484415,864691135759422798,1
864691136451484415,864691135759492430,3
864691136451484415,864691135760012477,3
864691136451496959,864691135759388494,6
864691136451496959,864691135760122958,2
864691136451496959,864691135763241526,1
864691136451496959,864691135764062006,1
864691136451713791,864691135762774838,1
864691136451724031,864691135761081934,1
864691136451879423,864691135760962638,1
864691136451879423,864691135763962045,1
864691136451990783,864691135763081526,1
864691136451994111,864691135759492430,1
864691136451994623,864691135759492430,1
864691136451997439,864691135760012477,2
864691136452015615,864691135762026806,1
864691136452075519,864691135759410254,1
864691136452202239,864691135763962045,1
864691136452225535,864691135762026806,1
864691136452447743,864691135761029710,1
864691136452716799,864691135761521462,1
864691136452920319,864691135759872846,1
864691136452920319,864691135762512950,1
864691136453017855,864691135759872846,1
864691136453017855,864691135762028342,3
864691136453017855,864691135762426166,1
864691136453017855,864691135763892278,1
864691136453032703,864691135771588091,1
864691136453085695,864691135759422798,1
864691136453085695,864691135760759374,9
864691136453085695,864691135762574646,1
864691136453085695,864691135762725430,4
864691136453186559,864691135759118926,2
864691136453186559,864691135760022606,1
864691136453298943,864691135764464438,1
864691136453384959,864691135761029710,1
864691136453384959,864691135764631862,1
864691136453395455,864691135759280462,1
864691136453395455,864691135759417934,2
864691136453523455,864691135764324918,1
864691136453524735,864691135760674638,2
864691136453565951,864691135762574646,1
864691136481903332,864691135762028342,1
864691136482859308,864691135762320438,2
864691136482877484,864691135760012477,1
864691136482882348,864691135762599990,1
864691136482885420,864691135762956086,1
864691136482889516,864691135760962638,1
864691136482911276,864691135762574646,2
864691136482923308,864691135762774838,1
864691136482923820,864691135762088758,1
864691136482962220,864691135759410254,1
864691136482962220,864691135760962638,1
864691136482962220,864691135762141238,6
864691136483061036,864691135762574646,1
864691136483071276,864691135763396406,1
864691136483341612,864691135759299406,1
864691136483858988,864691135759253070,1
864691136483858988,864691135763795510,1
864691136483899436,864691135771617275,1
864691136483911980,864691135759105102,1
864691136483920940,864691135762725430,2
864691136484053804,864691135759410254,2
864691136484086572,864691135762956598,3
864691136484088876,864691135760012477,1
864691136484088876,864691135762320438,1
864691136484207404,864691135761029710,2
864691136484525100,864691135763098934,1
864691136484573228,864691135763941174,1
864691136484814636,864691135760005966,1
864691136484824108,864691135763555382,1
864691136484849196,864691135762689334,1
864691136485089068,864691135759141454,1
864691136485089068,864691135762028342,1
864691136485145900,864691135759872846,1
864691136485145900,864691135760812110,4
864691136485237036,864691135760005966,1
864691136486762514,864691135762774838,1
864691136486779666,864691135763795510,1
864691136486781714,864691135759616701,1
864691136486788370,864691135762676790,2
864691136486790418,864691135762426166,1
864691136487134738,864691135760674638,2
864691136487186450,864691135759275854,1
864691136487186450,864691135762967229,1
864691136487252498,864691135759422798,1
864691136487424018,864691135762426166,1
864691136487433490,864691135762956086,1
864691136487907090,864691135759616701,1
864691136487987474,864691135763079734,1
864691136487992338,864691135762774838,1
864691136488002578,864691135762956598,2
864691136488002834,864691135759616701,4
864691136488013074,864691135759388494,1
864691136488326162,864691135762490678,2
864691136488327954,864691135759872846,2
864691136488327954,864691135762028342,1
864691136488327954,864691135762426166,2
864691136488439570,864691135761521462,1
864691136488439570,864691135762088758,1
864691136488446226,864691135771588091,1
864691136488700946,864691135759422798,1
864691136488988690,864691135762576950,1
864691136489013266,864691135759118926,1
864691136489013266,864691135771588091,3
864691136489712914,864691135759280462,1
864691136489712914,864691135759417934,1
864691136489712914,864691135760812110,2
864691136489712914,864691135763962045,1
864691136489712914,864691135764464438,1
864691136489712914,864691135764631862,2
864691136489824274,864691135763364662,1
864691136489874194,864691135759253070,1
864691136489874194,864691135759299406,1
864691136489874194,864691135759978062,3
864691136489874194,864691135760674638,2
864691136489874194,864691135762613558,1
864691136489874194,864691135762658614,2
864691136489874194,864691135762774838,1
864691136489874194,864691135771601147,1
864691136489880594,864691135760208974,1
864691136521597073,864691135759194190,2
864691136521831825,864691135762043702,1
864691136521831825,864691135762774838,1
864691136521831825,864691135763396406,2
864691136521864849,864691135762141238,1
864691136521864849,864691135763051318,1
864691136521872785,864691135762320438,3
864691136522015377,864691135762678838,1
864691136522074769,864691135759422798,1
864691136522279313,864691135762725430,1
864691136522363537,864691135762088758,1
864691136522410129,864691135759105102,1
864691136522410385,864691135762774838,1
864691136522560145,864691135759835325,1
864691136522584721,864691135762774838,2
864691136522845329,864691135762678838,1
864691136523461777,864691135763364662,1
864691136523870353,864691135771588091,1
864691136523889553,864691135759872846,2
864691136523889553,864691135764464438,4
864691136523889553,864691135764631862,1
864691136523971473,864691135761029710,1
864691136523971473,864691135763026230,1
864691136523971473,864691135763941174,1
864691136523974289,864691135759118926,1
864691136523974289,864691135762026806,2
864691136524052369,864691135763396406,1
864691136524052369,864691135764464438,1
864691136524057489,864691135762141238,1
864691136524057489,864691135763051318,1
864691136524177809,864691135764464438,1
864691136524283537,864691135763241526,1
864691136524371345,864691135761029710,3
864691136524371345,864691135764631862,2
864691136524430481,864691135760674638,1
864691136524441489,864691135763396406,1
864691136524448913,864691135761029710,1
864691136524481937,864691135759118926,1
864691136524481937,864691135764324918,1
864691136534021026,864691135762678838,1
864691136534300066,864691135762692662,1
864691136534303906,864691135759410254,1
864691136534303906,864691135762141238,4
864691136534303906,864691135763051318,3
864691136534303906,864691135763555382,1
864691136534303906,864691135763962045,1
864691136534333346,864691135759422798,2
864691136534333346,864691135762512950,1
864691136534943650,864691135762512950,2
864691136535063202,864691135762043702,1
864691136535759778,864691135759616701,2
864691136536087202,864691135759410254,1
864691136536087202,864691135759422798,1
864691136536121506,864691135761994038,6
864691136536121506,864691135762141238,2
864691136537023906,864691135763962045,1
864691136537349282,864691135759388494,1
864691136537349282,864691135761994038,1
864691136537349282,864691135762678838,1
864691136537923490,864691135763962045,1
864691136539230114,864691135759410254,1
864691136539230114,864691135762490678,1
864691136539230114,864691135763051318,1
864691136540364962,864691135759422798,1
864691136540364962,864691135759788989,1
864691136540364962,864691135762599990,1
864691136540364962,864691135762956086,1
864691136542240930,864691135762141238,1
864691136546496418,864691135759616701,4
864691136546496418,864691135760012477,1
864691136546496418,864691135762320438,1
864691136546771618,864691135759422798,1
864691136548385442,864691135760962638,1
864691136550045346,864691135762599990,2
864691136551625378,864691135762043702,1
864691136554277282,864691135759616701,1
864691136555935906,864691135759105102,1
864691136556232098,864691135759616701,1
864691136558078370,864691135759194190,1
864691136558078370,864691135759410254,1
864691136558078370,864691135759788989,2
864691136558078370,864691135760962638,2
864691136558078370,864691135762591286,1
864691136560783266,864691135763962045,1
864691136561256866,864691135762591286,1
864691136561325730,864691135759422798,1
864691136572380578,864691135762141238,3
864691136575242402,864691135762678838,1
864691136577474580,864691135762426166,1
864691136577475348,864691135759118926,1
864691136577480468,864691135760962638,1
864691136577480980,864691135759118926,1
864691136577486100,864691135762490678,1
864691136577488916,864691135771588091,1
864691136577496852,864691135763051318,1
864691136577522452,864691135759388494,1
864691136577522452,864691135759422798,1
864691136577522452,864691135762512950,1
864691136577527060,864691135759616701,2
864691136577816852,864691135759275854,2
864691136577854228,864691135760005966,1
864691136577940500,864691135759741629,2
864691136577957908,864691135762099510,1
864691136577957908,864691135762613558,2
864691136577957908,864691135762658614,2
864691136577971732,864691135759388494,1
864691136577971732,864691135771617275,1
864691136577987860,864691135763098934,1
864691136578382868,864691135759388494,1
864691136578396948,864691135759835325,2
864691136578431508,864691135762774838,1
864691136578460948,864691135759616701,1
864691136578527252,864691135759410254,3
864691136578532116,864691135763962045,1
864691136578536980,864691135759238222,1
864691136578537236,864691135759616701,3
864691136578539284,864691135762956598,1
864691136578560532,864691135762026806,1
864691136578566676,864691135762512950,1
864691136578712596,864691135762678838,1
864691136578744596,864691135762585398,1
864691136578959892,864691135762574646,1
864691136579017378,864691135762774838,3
864691136579063828,864691135760962638,4
864691136579158292,864691135763079734,1
864691136579219732,864691135762678838,2
864691136580085012,864691135759872846,1
864691136580085012,864691135763941174,1
864691136581177506,864691135759275854,1
864691136581177506,864691135759835325,1
864691136586437794,864691135759105102,1
864691136588920994,864691135759422798,1
864691136589356194,864691135761994038,6
864691136590394530,864691135762774838,1
864691136593436066,864691135763555382,1
864691136594500514,864691135763364662,2
864691136594637730,864691135763962045,1
864691136595040930,864691135761994038,1
864691136595317922,864691135760674638,1
864691136595432098,864691135762599990,1
864691136595488674,864691135759253070,1
864691136595488674,864691135761029710,3
864691136595492258,864691135762141238,1
864691136595500450,864691135759741629,1
864691136595500450,864691135759835325,1
864691136595517090,864691135760012477,1
864691136595517090,864691135762967229,1
864691136595533474,864691135759835325,2
864691136595572386,864691135759388494,1
864691136595572386,864691135760759374,1
864691136595572386,864691135762490678,1
864691136595698850,864691135759616701,1
864691136595769506,864691135760962638,1
864691136595999650,864691135762574646,1
864691136595999650,864691135762613558,1
864691136597043106,864691135761029710,4
864691136597043106,864691135763127862,1
864691136597043106,864691135763941174,2
864691136597043106,864691135764464438,1
864691136601565905,864691135759422798,1
864691136601575121,864691135764062006,1
864691136601575633,864691135763241526,1
864691136601578705,864691135762774838,1
864691136601579217,864691135763241526,1
864691136601579473,864691135762141238,1
864691136601580497,864691135761994038,1
864691136601592273,864691135764062006,2
864691136601728977,864691135762678838,1
864691136602085841,864691135759616701,2
864691136602106321,864691135759118926,3
864691136602256081,864691135762956086,1
864691136602256081,864691135763555382,1
864691136602282449,864691135762618166,1
864691136602497745,864691135762043702,1
864691136602528977,864691135762585398,1
864691136602779089,864691135762774838,1
864691136602780369,864691135762490678,1
864691136602792913,864691135763364662,1
864691136602806993,864691135762028342,1
864691136602819281,864691135762576950,1
864691136602819281,864691135764464438,1
864691136602989521,864691135759194190,1
864691136603171281,864691135762490678,1
864691136603261137,864691135762026806,1
864691136603293393,864691135763241526,1
864691136603620305,864691135762426166,1
864691136603793873,864691135760122958,1
864691136604119249,864691135762576950,1
864691136604219857,864691135763098934,1
864691136617102811,864691135759275854,1
864691136617108187,864691135771588091,1
864691136617137627,864691135759616701,2
864691136617137883,864691135760005966,1
864691136617148123,864691135759492430,1
864691136617430491,864691135761029710,1
864691136617444571,864691135759422798,1
864691136617923547,864691135759388494,1
864691136617970907,864691135762774838,1
864691136618023643,864691135762320438,1
864691136618028763,864691135759835325,1
864691136618048475,864691135759788989,2
864691136618073307,864691135759361102,1
864691136618157275,864691135762426166,1
864691136618225627,864691135761994038,1
864691136618225627,864691135762320438,1
864691136618382989,864691135759105102,1
864691136618410637,864691135759872846,1
864691136618423515,864691135759417934,1
864691136618441691,864691135762574646,1
864691136618441691,864691135762725430,1
864691136618443917,864691135762521021,1
864691136618444941,864691135762956598,1
864691136618451341,864691135759788989,2
864691136618464141,864691135759299406,1
864691136618469005,864691135759616701,1
864691136618473101,864691135763079734,1
864691136618477197,864691135762956086,1
864691136618486669,864691135759492430,1
864691136618553485,864691135771617275,1
864691136618560475,864691135762576950,1
864691136618638989,864691135771588091,1
864691136618705805,864691135759616701,1
864691136618730381,864691135760122958,2
864691136618874253,864691135759105102,1
864691136618894043,864691135759141454,2
864691136618894043,864691135763026230,1
864691136619089293,864691135762772534,1
864691136619093133,864691135762585398,1
864691136619151757,864691135760012477,1
864691136619265165,864691135762689334,1
864691136619340429,864691135759141454,1
864691136619354765,864691135763396406,1
864691136619435661,864691135759253070,1
864691136619435661,864691135763795510,1
864691136619439501,864691135763098934,1
864691136619592845,864691135762490678,1
864691136619592845,864691135762613558,1
864691136619592845,864691135762658614,5
864691136619592845,864691135762725430,1
864691136619592845,864691135771617275,1
864691136619605467,864691135760674638,1
864691136619729371,864691135759253070,5
864691136619729371,864691135759299406,1
864691136619729371,864691135759361102,2
864691136619729371,864691135759978062,1
864691136619729371,864691135760674638,2
864691136619729371,864691135761029710,1
864691136619729371,864691135761081934,1
864691136619729371,864691135763686710,1
864691136619729371,864691135764324918,4
864691136619729371,864691135771601147,8
864691136619750619,864691135760319822,1
864691136619865229,864691135761029710,1
864691136619984525,864691135771588091,1
864691136620154509,864691135759872846,1
864691136620192653,864691135759118926,1
864691136620192653,864691135760319822,1
864691136620192653,864691135760674638,3
864691136620479629,864691135760674638,1
864691136620486029,864691135759872846,2
864691136620894093,864691135763941174,1
864691136620894093,864691135764464438,1
864691136621053581,864691135771588091,1
864691136621082253,864691135758672206,1
864691136621082253,864691135759141454,10
864691136621082253,864691135759872846,1
864691136621082253,864691135762513974,1
864691136621099149,864691135760005966,1
864691136621099149,864691135763081526,1
864691136621099149,864691135771617275,1
864691136621108877,864691135762576950,1
864691136652781821,864691135762320438,1
864691136659222781,864691135759788989,1
864691136662175454,864691135771588091,3
864691136662217950,864691135759299406,1
864691136662437598,864691135759118926,2
864691136662437598,864691135762513974,1
864691136662536158,864691135759616701,5
864691136662653406,864691135764324918,1
864691136662659806,864691135759253070,1
864691136662659806,864691135761081934,1
864691136662937310,864691135759118926,1
864691136663049182,864691135758672206,1
864691136663124190,864691135762426166,1
864691136663215326,864691135759835325,1
864691136663216350,864691135759872846,1
864691136663216350,864691135762028342,8
864691136663216350,864691135762426166,2
864691136663216350,864691135763892278,1
864691136663372254,864691135763795510,1
864691136663451901,864691135759616701,1
864691136663459550,864691135760005966,1
864691136663459550,864691135763026230,1
864691136663515102,864691135762088758,2
864691136663515102,864691135762613558,1
864691136663528670,864691135763962045,1
864691136663584990,864691135761994038,1
864691136663603934,864691135762043702,1
864691136663877598,864691135762658614,1
864691136664072701,864691135759616701,1
864691136664072701,864691135762320438,1
864691136664082654,864691135763941174,1
864691136664254174,864691135763941174,1
864691136664648158,864691135759872846,3
864691136664648158,864691135762028342,3
864691136664648158,864691135762426166,1
864691136664648158,864691135763892278,2
864691136664889085,864691135762585398,1
864691136665092830,864691135762658614,1
864691136665155294,864691135762956598,1
864691136665210846,864691135762574646,1
864691136667909373,864691135759616701,1
864691136671433981,864691135759616701,1
864691136671433981,864691135759835325,1
864691136672628103,864691135771588091,3
864691136672629383,864691135759141454,1
864691136672647047,864691135762689334,1
864691136672661895,864691135759422798,1
864691136672662663,864691135762141238,1
864691136672664199,864691135761994038,1
864691136672664199,864691135763051318,1
864691136672679815,864691135763892278,1
864691136672971655,864691135759118926,1
864691136673148295,864691135762141238,1
864691136673192839,864691135763962045,1
864691136673454983,864691135759616701,1
864691136673531271,864691135758672206,1
864691136673705351,864691135760759374,1
864691136673716871,864691135762016566,1
864691136673740935,864691135762599990,1
864691136673937543,864691135762676790,1
864691136673953159,864691135759616701,2
864691136674236807,864691135759422798,1
864691136674327431,864691135761029710,1
864691136675020935,864691135759118926,3
864691136675020935,864691135760005966,1
864691136675020935,864691135760319822,1
864691136675020935,864691135762576950,4
864691136675020935,864691135764464438,1
864691136675151751,864691135759361102,6
864691136675476359,864691135760674638,1
864691136675573127,864691135759141454,1
864691136675573127,864691135760812110,1
864691136675765757,864691135759788989,1
864691136675875719,864691135759118926,1
864691136675909767,864691135762426166,1
864691136675980935,864691135759118926,1
864691136676004231,864691135763364662,1
864691136676004231,864691135771588091,1
864691136681140477,864691135762956086,1
864691136681300590,864691135762028342,2
864691136681300590,864691135762426166,1
864691136684812406,864691135762490678,2
864691136684812406,864691135771617275,1
864691136687320317,864691135759788989,1
864691136695161198,864691135771588091,2
864691136698836078,864691135771590395,1
864691136700191342,864691135758672206,1
864691136700207982,864691135771590395,1
864691136710057582,864691135763079734,1
864691136710241390,864691135763098934,1
864691136711042926,864691135762026806,1
864691136715377774,864691135759118926,1
864691136715377774,864691135771588091,1
864691136716771694,864691135759118926,1
864691136716771694,864691135762513974,2
864691136722736494,864691135759238222,1
864691136723327485,864691135759616701,1
864691136723330557,864691135759835325,3
864691136723335165,864691135761994038,1
864691136723337981,864691135759788989,1
864691136723351037,864691135763941174,1
864691136723361021,864691135760812110,1
864691136723366141,864691135759616701,2
864691136723371261,864691135759872846,2
864691136723378173,864691135759422798,1
864691136723385597,864691135762678838,1
864691136723386365,864691135761994038,1
864691136723388925,864691135759410254,1
864691136723388925,864691135762512950,1
864691136723388925,864691135763051318,2
864691136723388925,864691135763962045,1
864691136723394557,864691135761994038,1
864691136723406333,864691135760962638,1
864691136723407613,864691135760012477,1
864691136723416829,864691135762320438,1
864691136723430397,864691135759835325,1
864691136723459837,864691135763079734,1
864691136723480317,864691135762676790,1
864691136723503613,864691135763098934,1
864691136723509245,864691135759238222,1
864691136723509757,864691135762576950,1
864691136723521277,864691135762426166,1
864691136723539197,864691135771588091,1
864691136723555837,864691135771588091,2
864691136723585277,864691135762692662,1
864691136723594237,864691135759492430,2
864691136723600381,864691135759616701,1
864691136723602429,864691135759741629,2
864691136723637501,864691135761994038,1
864691136723943421,864691135763555382,1
864691136724171005,864691135760005966,1
864691136724171005,864691135763081526,1
864691136724171005,864691135763795510,1
864691136724473597,864691135763962045,1
864691136724605949,864691135762141238,1
864691136725455357,864691135760759374,1
864691136725455357,864691135762725430,1
864691136725564413,864691135759361102,1
864691136725564413,864691135763396406,1
864691136725579517,864691135760122958,2
864691136725790973,864691135762689334,1
864691136729335158,864691135759978062,2
864691136732263542,864691135759299406,2
864691136732263542,864691135762574646,1
864691136739030126,864691135759275854,1
864691136739845998,864691135762692662,1
864691136740102766,864691135759616701,1
864691136740408156,864691135760674638,1
864691136740414812,864691135759118926,1
864691136740430684,864691135762725430,1
864691136740460636,864691135762599990,1
864691136740746332,864691135763079734,1
864691136740755804,864691135762512950,1
864691136740790876,864691135759253070,1
864691136740790876,864691135759299406,1
864691136740790876,864691135764324918,1
864691136740800092,864691135762576950,1
864691136740814940,864691135762658614,1
864691136740918108,864691135763079734,1
864691136740924764,864691135759410254,2
864691136740924764,864691135760962638,4
864691136741305180,864691135759741629,1
864691136741305180,864691135762016566,1
864691136741360220,864691135762043702,1
864691136741415772,864691135762725430,1
864691136741435740,864691135759492430,1
864691136741435740,864691135762956086,2
864691136741455196,864691135759616701,1
864691136741482076,864691135759410254,1
864691136741482076,864691135762956086,1
864691136741514844,864691135759417934,1
864691136741545564,864691135759616701,1
864691136742071900,864691135759253070,2
864691136742457948,864691135764464438,1
864691136742623580,864691135759118926,1
864691136743296484,864691135762426166,1
864691136743319132,864691135759492430,1
864691136743319132,864691135759616701,1
864691136743319132,864691135762141238,1
864691136743319132,864691135762956086,1
864691136743319132,864691135763555382,3
864691136743358300,864691135760674638,1
864691136743457884,864691135759194190,2
864691136743457884,864691135762591286,3
864691136743483484,864691135759872846,1
864691136743826798,864691135759422798,1
864691136744376804,864691135762028342,1
864691136746216420,864691135762426166,1
864691136752821870,864691135759788989,1
864691136753222510,864691135762043702,1
864691136758199406,864691135759361102,1
864691136758199406,864691135763396406,3
864691136763884142,864691135759194190,1
864691136763884142,864691135762591286,3
864691136763884142,864691135762956086,1
864691136766683758,864691135759616701,1
864691136766683758,864691135761994038,1
864691136766683758,864691135762956086,1
864691136766683758,864691135763555382,1
864691136773867118,864691135762599990,1
864691136775045742,864691135762576950,1
864691136776832622,864691135760022606,1
864691136776832622,864691135762956598,1
864691136801459054,864691135759275854,1
864691136802587758,864691135759741629,1
864691136811794291,864691135760122958,2
864691136811794291,864691135762512950,1
864691136811804019,864691135762026806,1
864691136811812211,864691135763098934,1
864691136811814003,864691135759492430,1
864691136811814003,864691135763555382,1
864691136811814771,864691135759410254,1
864691136811814771,864691135762141238,1
864691136811818867,864691135759616701,1
864691136811833715,864691135759788989,1
864691136811836275,864691135762658614,1
864691136811870579,864691135759275854,1
864691136811884659,864691135760674638,1
864691136812081779,864691135762096438,1
864691136812081779,864691135763962045,2
864691136812236147,864691135762426166,2
864691136812676467,864691135760122958,1
864691136812768622,864691135759280462,1
864691136812768622,864691135762956598,1
864691136812795507,864691135759141454,1
864691136812913523,864691135763127862,1
864691136812958323,864691135760674638,1
864691136812965235,864691135763079734,1
864691136813092718,864691135771590395,1
864691136813428595,864691135763081526,1
864691136813439347,864691135762576950,1
864691136813471091,864691135762088758,3
864691136813564014,864691135759238222,2
864691136813708142,864691135759141454,1
864691136813844339,864691135759978062,1
864691136813847923,864691135763079734,1
864691136814274163,864691135762678838,1
864691136814315123,864691135759361102,1
864691136814315123,864691135761029710,1
864691136814343283,864691135762026806,1
864691136814606958,864691135759141454,1
864691136814606958,864691135762426166,2
864691136814627955,864691135759141454,1
864691136814627955,864691135760005966,1
864691136814635123,864691135763026230,1
864691136814698099,864691135760005966,1
864691136814698099,864691135763026230,1
864691136814703987,864691135762426166,1
864691136814703987,864691135763941174,1
864691136814761075,864691135759361102,2
864691136814761075,864691135760208974,1
864691136814761075,864691135761029710,3
864691136814761075,864691135763081526,1
864691136814761075,864691135763941174,1
864691136817744750,864691135758672206,1
864691136817758318,864691135758672206,1
864691136818701166,864691135759872846,1
864691136819432558,864691135758672206,1
864691136819498094,864691135759872846,1
864691136819509614,864691135759118926,1
864691136819672942,864691135759872846,4
864691136819672942,864691135762028342,3
864691136819698542,864691135762028342,1
864691136824272494,864691135762676790,1
864691136824991716,864691135759872846,1
864691136831754980,864691135758672206,1
864691136837343204,864691135762426166,2
864691136840277102,864691135759253070,1
864691136848829806,864691135762676790,2
864691136854195054,864691135762028342,1
864691136866660974,864691135759388494,1
864691136868135278,864691135759388494,1
864691136870139758,864691135759388494,1
864691136870678894,864691135762574646,1
864691136872548206,864691135762613558,1
864691136881607534,864691135759388494,3
864691136881607534,864691135761521462,1
864691136881607534,864691135762088758,1
864691136881607534,864691135762490678,2
864691136881607534,864691135771617275,1
864691136885541230,864691135762490678,1
864691136897149294,864691135759388494,2
864691136897149294,864691135762088758,1
864691136900268910,864691135762774838,1
864691136903014066,864691135762141238,1
864691136903018674,864691135762774838,1
864691136903020210,864691135759299406,1
864691136903020210,864691135771617275,7
864691136903033778,864691135759105102,1
864691136903033778,864691135759741629,1
864691136903038130,864691135762028342,2
864691136903038130,864691135762426166,1
864691136903050162,864691135759275854,1
864691136903050162,864691135759835325,2
864691136903050162,864691135760012477,1
864691136903052978,864691135762512950,1
864691136903055282,864691135763962045,1
864691136903144370,864691135762026806,1
864691136903144370,864691135763795510,1
864691136903240114,864691135759194190,1
864691136903240114,864691135762956086,1
864691136903406770,864691135762774838,1
864691136903416498,864691135758672206,1
864691136903487410,864691135760674638,1
864691136903487410,864691135762099510,3
864691136903964338,864691135760122958,1
864691136903986098,864691135762426166,1
864691136903997618,864691135763081526,1
864691136904061874,864691135759422798,1
864691136904074930,864691135762692662,1
864691136904083378,864691135759275854,2
864691136904186546,864691135762678838,1
864691136904349618,864691135759118926,2
864691136904349618,864691135762576950,1
864691136904354994,864691135759118926,1
864691136904405170,864691135758975822,1
864691136904446130,864691135762574646,1
864691136904656818,864691135763941174,1
864691136905147314,864691135759118926,1
864691136905147314,864691135759141454,1
864691136905147314,864691135762426166,1
864691136905197490,864691135762574646,2
864691136905343154,864691135762513974,1
864691136905373618,864691135760022606,1
864691136905570994,864691135762576950,5
864691136905635506,864691135759118926,1
864691136906121394,864691135760005966,2
864691136906164146,864691135761029710,1
864691136906229938,864691135759872846,2
864691136907021422,864691135759388494,1
864691136907021422,864691135761521462,1
864691136907330926,864691135760122958,2
864691136907330926,864691135762774838,3
864691136911321966,864691135763795510,1
864691136911644657,864691135759978062,1
864691136911650289,864691135759422798,1
864691136911656945,864691135771617275,1
864691136911864561,864691135760962638,2
864691136911864561,864691135761994038,1
864691136911864561,864691135762599990,2
864691136911864561,864691135762956086,4
864691136911879022,864691135762088758,1
864691136911879022,864691135762490678,1
864691136911879022,864691135771617275,1
864691136912529137,864691135763555382,1
864691136912606193,864691135759616701,1
864691136912621553,864691135759788989,2
864691136912671473,864691135763079734,2
864691136912674545,864691135762576950,1
864691136912690417,864691135759410254,1
864691136912691441,864691135762678838,1
864691136912783857,864691135760022606,1
864691136912783857,864691135760319822,1
864691136912783857,864691135760674638,2
864691136912783857,864691135762576950,1
864691136913170929,864691135759422798,3
864691136913180401,864691135762426166,2
864691136913209073,864691135763962045,1
864691136913383921,864691135760005966,1
864691136913383921,864691135761029710,1
864691136913493233,864691135771617275,1
864691136913748465,864691135762576950,1
864691136913779185,864691135762676790,1
864691136913993713,864691135759872846,1
864691136913993713,864691135771601147,1
864691136914038513,864691135760962638,1
864691136914038513,864691135762725430,1
864691136914081521,864691135762096438,1
864691136914235889,864691135759978062,1
864691136914235889,864691135764324918,1
864691136914241521,864691135764062006,1
864691136914398449,864691135759141454,1
864691136914601969,864691135760674638,1
864691136914613489,864691135759118926,1
864691136922718692,864691135763241526,1
864691136922719716,864691135760122958,1
864691136922722532,864691135762512950,1
864691136922728932,864691135762585398,1
864691136922732004,864691135759417934,1
864691136922732516,864691135762574646,1
864691136922745828,864691135762774838,1
864691136922751460,864691135761994038,1
864691136922755556,864691135762026806,1
864691136922760164,864691135758672206,1
864691136922763748,864691135761994038,1
864691136922764516,864691135762426166,1
864691136922769380,864691135763079734,2
864691136923019236,864691135763098934,1
864691136923479780,864691135759978062,1
864691136923499748,864691135771588091,2
864691136923552735,864691135759741629,1
864691136923658980,864691135762096438,1
864691136923682532,864691135762692662,1
864691136923736292,864691135759194190,1
864691136923763684,864691135759388494,1
864691136923766500,864691135758672206,2
864691136923770852,864691135762692662,1
864691136923775972,864691135763962045,1
864691136923776228,864691135762426166,1
864691136923781092,864691135762585398,1
864691136923789796,864691135762513974,1
864691136923794148,864691135759141454,1
864691136923951076,864691135762956086,1
864691136924297956,864691135760674638,7
864691136924297956,864691135763081526,1
864691136924407780,864691135762725430,3
864691136924491748,864691135759422798,1
864691136924494820,864691135762967229,1
864691136924636900,864691135762043702,1
864691136924736740,864691135759388494,1
864691136924736740,864691135761521462,7
864691136924736740,864691135762088758,3
864691136924736740,864691135762574646,1
864691136924736740,864691135762658614,1
864691136924736740,864691135771617275,2
864691136925014756,864691135762576950,1
864691136925033956,864691135761994038,6
864691136925089508,864691135763892278,1
864691136925107172,864691135759492430,1
864691136925111012,864691135759118926,2
864691136925111012,864691135762028342,1
864691136925184740,864691135759118926,1
864691136925222372,864691135762426166,1
864691136925350730,864691135762613558,1
864691136925350730,864691135762658614,1
864691136925358154,864691135759616701,1
864691136925359946,864691135759616701,3
864691136925359946,864691135761994038,1
864691136925359946,864691135762692662,1
864691136925365834,864691135759872846,1
864691136925375306,864691135759238222,1
864691136925378634,864691135762513974,1
864691136925382474,864691135763081526,1
864691136925388362,864691135759741629,1
864691136925777226,864691135761994038,1
864691136925945674,864691135759105102,1
864691136925981258,864691135762512950,2
864691136926142282,864691135759741629,1
864691136926376266,864691135759741629,1
864691136926409802,864691135771590395,1
864691136926413386,864691135759741629,1
864691136926414410,864691135759616701,1
864691136926414666,864691135759194190,4
864691136926414666,864691135762096438,3
864691136926426954,864691135759118926,1
864691136926426954,864691135763127862,1
864691136926624074,864691135763962045,1
864691136926789962,864691135759422798,4
864691136926977610,864691135759872846,1
864691136927187786,864691135763098934,1
864691136927393759,864691135759616701,1
864691136927393759,864691135759835325,1
864691136927491146,864691135760005966,2
864691136927491146,864691135762088758,4
864691136927491146,864691135762658614,1
864691136927491146,864691135763081526,7
864691136927491146,864691135763795510,2
864691136927687498,864691135760674638,1
864691136927825226,864691135760319822,1
864691136927893983,864691135763112125,1
864691136930071263,864691135759275854,1
864691136930071263,864691135762016566,1
864691136930071263,864691135765778365,1
864691136931585759,864691135762692662,1
864691136932446175,864691135759616701,1
864691136932446175,864691135762320438,1
864691136938614751,864691135759741629,1
864691136939351775,864691135763112125,4
864691136939694559,864691135759616701,1
864691136944084703,864691135759616701,1
864691136944585695,864691135758643389,1
864691136944585695,864691135759616701,1
864691136945556703,864691135761994038,2
864691136945576671,864691135762320438,1
864691136945576671,864691135763555382,1
864691136945579487,864691135760962638,1
864691136945579487,864691135763962045,1
864691136945607391,864691135759275854,2
864691136945612255,864691135759616701,2
864691136945612255,864691135762141238,1
864691136945628639,864691135759194190,1
864691136945632479,864691135762320438,4
864691136945691359,864691135762320438,1
864691136945691359,864691135762692662,1
864691136945752799,864691135759616701,1
864691136945756895,864691135759788989,1
864691136945756895,864691135762585398,2
864691136946054367,864691135759616701,2
864691136946426079,864691135759741629,1
864691136946468319,864691135759741629,1
864691136946630111,864691135762521021,1
864691136946630111,864691135763112125,1
864691136946864607,864691135762692662,1
864691136950756831,864691135759616701,1
864691136950756831,864691135762320438,1
864691136951201503,864691135760012477,1
864691136951551967,864691135762774838,1
864691136951558879,864691135759492430,1
864691136951558879,864691135761994038,1
864691136951558879,864691135763555382,1
864691136951560927,864691135760674638,1
864691136951562463,864691135771588091,1
864691136951570911,864691135759388494,1
864691136951570911,864691135759422798,2
864691136951570911,864691135763241526,1
864691136951606239,864691135762141238,1
864691136951608799,864691135771617275,1
864691136951611615,864691135762725430,1
864691136951613663,864691135759872846,1
864691136951621343,864691135759118926,1
864691136951622879,864691135759872846,1
864691136951631583,864691135762141238,1
864691136951711199,864691135761994038,1
864691136951754975,864691135762599990,1
864691136951811551,864691135763241526,1
864691136952139743,864691135759835325,1
864691136952165599,864691135759238222,1
864691136952198367,864691135762141238,1
864691136952276191,864691135759616701,1
864691136952276191,864691135759741629,1
864691136952276191,864691135759835325,1
864691136952276191,864691135760012477,1
864691136952362975,864691135763051318,1
864691136952537567,864691135759422798,1
864691136952768735,864691135759616701,3
864691136952902879,864691135759616701,1
864691136952914399,864691135771590395,1
864691136952935135,864691135762585398,3
864691136952935135,864691135763962045,1
864691136952940767,864691135762613558,1
864691136953451487,864691135762426166,1
864691136953486303,864691135759872846,1
864691136953486303,864691135762026806,1
864691136953871071,864691135759280462,1
864691136953928415,864691135759788989,2
864691136954023903,864691135759118926,1
864691136954077151,864691135760005966,1
864691136954077151,864691135763026230,1
864691136954123487,864691135760319822,1
864691136954123487,864691135760674638,1
864691136954129375,864691135762576950,1
864691136965769422,864691135759417934,1
864691136965769934,864691135759741629,1
864691136965769934,864691135762596797,1
864691136965775566,864691135763127862,1
864691136965803726,864691135762599990,1
864691136965830350,864691135759417934,1
864691136965838030,864691135763941174,1
864691136965846990,864691135762774838,2
864691136965986254,864691135759194190,4
864691136965986254,864691135762141238,1
864691136965986254,864691135763555382,2
864691136966400974,864691135759872846,1
864691136966590670,864691135762576950,1
864691136966591694,864691135759872846,1
864691136966591694,864691135762426166,1
864691136966673870,864691135759410254,2
864691136966673870,864691135760759374,2
864691136966673870,864691135762574646,1
864691136966673870,864691135762658614,1
864691136966673870,864691135762725430,2
864691136966678222,864691135759616701,1
864691136966694094,864691135760674638,1
864691136966701774,864691135759616701,1
864691136966951886,864691135759118926,11
864691136966951886,864691135760674638,1
864691136967024078,864691135762576950,1
864691136967336910,864691135761029710,1
864691136967873230,864691135759388494,1
864691136967873230,864691135762512950,1
864691136967887566,864691135771590395,1
864691136967906254,864691135759118926,1
864691136968018382,864691135762490678,1
864691136968050638,864691135760962638,1
864691136968050638,864691135762599990,1
864691136968099022,864691135759141454,1
864691136968099022,864691135759872846,1
864691136968099022,864691135762028342,2
864691136968099022,864691135763892278,1
864691136968152014,864691135759872846,2
864691136968152014,864691135762426166,1
864691136968152014,864691135763892278,1
864691136968568014,864691135759118926,1
864691136968568014,864691135759872846,1
864691136968568014,864691135762576950,1
864691136968568014,864691135764464438,1
864691136968656078,864691135760812110,2
864691136968656078,864691135764631862,2
864691136968930254,864691135762576950,1
864691136968930254,864691135763026230,1
864691136973663004,864691135762490678,1
864691136973696284,864691135759105102,1
864691136973949724,864691135759417934,1
864691136973967644,864691135759410254,1
864691136974073372,864691135762099510,1
864691136974111004,864691135762658614,1
864691136974293532,864691135771588091,1
864691136974395932,864691135763962045,1
864691136974566428,864691135759616701,1
864691136974572316,864691135760674638,2
864691136974639644,864691135762591286,1
864691136974640412,864691135764062006,1
864691136974841884,864691135761994038,1
864691136974876956,864691135759492430,2
864691136975161628,864691135763079734,1
864691136975332380,864691135759194190,1
864691136975332380,864691135759280462,1
864691136975332380,864691135763079734,2
864691136975364636,864691135763026230,2
864691136975857436,864691135760122958,1
864691136976012572,864691135759141454,1
864691136976129564,864691135762576950,1
864691136976129564,864691135763026230,2
864691136976129564,864691135763396406,1
864691136976129564,864691135764464438,1
864691136976195868,864691135760674638,1
864691136989934741,864691135762576950,1
864691136989960597,864691135762591286,1
864691136989960597,864691135762956086,4
864691136989970581,864691135759616701,1
864691136989989525,864691135759872846,1
864691136989994645,864691135763962045,2
864691136989997461,864691135763051318,1
864691136990002837,864691135759616701,1
864691136990250133,864691135760812110,1
864691136990296213,864691135759105102,1
864691136990368917,864691135758643389,2
864691136990368917,864691135759741629,1
864691136990376341,864691135759410254,1
864691136990381461,864691135762490678,1
864691136990382741,864691135762689334,2
864691136990414741,864691135759422798,1
864691136990765205,864691135762513974,2
864691136990817173,864691135759253070,1
864691136990834837,864691135762967229,1
864691136990871957,864691135759141454,2
864691136990915989,864691135763795510,1
864691136990940821,864691135759299406,1
864691136990940821,864691135762099510,5
864691136990940821,864691135771617275,1
864691136990958741,864691135763098934,1
864691136990971029,864691135763962045,1
864691136991213461,864691135760674638,1
864691136991213461,864691135763241526,2
864691136991213461,864691135763364662,1
864691136991213461,864691135764062006,2
864691136991307157,864691135759388494,1
864691136991307157,864691135759422798,1
864691136991307157,864691135762512950,1
864691136991400341,864691135762513974,1
864691136991400341,864691135762676790,1
864691136991400341,864691135763079734,5
864691136991400341,864691135763364662,1
864691136991400341,864691135764062006,1
864691136991445909,864691135758672206,1
864691136991445909,864691135759872846,1
864691136991908501,864691135763098934,1
864691136991924885,864691135760812110,1
864691136992007317,864691135759194190,4
864691136992007317,864691135759788989,1
864691136992007317,864691135760962638,12
864691136992007317,864691135762585398,2
864691136992007317,864691135762956086,3
864691136992294549,864691135760674638,1
864691136992383637,864691135759118926,1
864691136992383637,864691135763079734,3
864691136992383637,864691135763364662,2
864691136992538773,864691135763795510,1
864691136992598165,864691135763364662,1
864691136992612757,864691135759194190,2
864691136992612757,864691135760962638,4
864691136992612757,864691135762141238,1
864691136992612757,864691135762599990,2
864691137016657262,864691135759616701,1
864691137018050414,864691135759616701,2
864691137018056558,864691135760012477,1
864691137018142062,864691135758643389,1
864691137018244206,864691135763962045,1
864691137019545198,864691135764631862,1
864691137019552110,864691135761521462,1
864691137019552110,864691135771617275,2
864691137019571566,864691135759616701,2
864691137019571566,864691135759741629,3
864691137019821934,864691135759435342,1
864691137019930990,864691135763098934,1
864691137019935342,864691135759194190,1
864691137019953518,864691135762099510,1
864691137019955822,864691135759141454,1
864691137019964526,864691135763396406,2
864691137020124014,864691135762576950,1
864691137020143214,864691135759422798,1
864691137020264814,864691135759616701,1
864691137020426094,864691135762689334,1
864691137020429934,864691135762426166,1
864691137020499310,864691135762585398,1
864691137020539502,864691135759275854,1
864691137020598638,864691135763079734,1
864691137020651630,864691135759422798,1
864691137020663406,864691135759410254,2
864691137020663406,864691135760962638,1
864691137020671342,864691135759194190,1
864691137020671342,864691135759410254,4
864691137020671342,864691135760962638,2
864691137020676974,864691135761994038,1
864691137020883310,864691135762028342,1
864691137020972910,864691135762141238,5
864691137020972910,864691135762678838,1
864691137021063022,864691135759872846,1
864691137021063022,864691135762426166,1
864691137021075566,864691135762658614,1
864691137021178478,864691135762028342,1
864691137021178478,864691135762426166,1
864691137021188974,864691135759238222,1
864691137021188974,864691135771590395,4
864691137021936750,864691135761081934,2
864691137021936750,864691135763686710,1
864691137022098542,864691135759238222,1
864691137022180974,864691135759141454,3
864691137022180974,864691135760319822,3
864691137022244206,864691135759872846,1
864691137022263406,864691135762576950,1
864691137022278254,864691135762426166,1
864691137022356590,864691135759141454,1
864691137053627510,864691135762676790,1
864691137053636982,864691135771590395,1
864691137053641078,864691135762772534,1
864691137053644918,864691135759118926,1
864691137053662070,864691135758975822,1
864691137053959798,864691135762599990,1
864691137054537846,864691135762426166,1
864691137054570870,864691135759275854,1
864691137054644854,864691135763051318,1
864691137054695286,864691135759275854,2
864691137054695286,864691135761994038,1
864691137054703222,864691135760122958,1
864691137054706550,864691135759788989,1
864691137054706806,864691135759238222,1
864691137054709878,864691135759616701,1
864691137054709878,864691135761994038,2
864691137054715254,864691135762676790,1
864691137054716022,864691135763962045,1
864691137054717046,864691135759616701,1
864691137054717046,864691135762692662,1
864691137055080310,864691135761994038,1
864691137055668086,864691135759410254,1
864691137055668086,864691135759978062,1
864691137055668086,864691135760759374,2
864691137055668086,864691135762574646,5
864691137055668086,864691135762725430,2
864691137055889526,864691135762574646,1
864691137055889526,864691135762725430,1
864691137056053366,864691135759118926,1
864691137056053366,864691135759872846,3
864691137056053366,864691135762028342,3
864691137056053366,864691135762426166,1
864691137056098166,864691135763241526,1
864691137056230006,864691135763941174,4
864691137056230006,864691135764464438,1
864691137056421238,864691135759118926,16
864691137056421238,864691135760674638,1
864691137056564086,864691135760005966,1
864691137056564086,864691135761029710,1
864691137196881729,864691135762490678,1
864691137196892481,864691135762426166,1
864691137196899393,864691135761994038,2
864691137196899393,864691135762141238,1
864691137196902465,864691135759835325,1
864691137196910401,864691135763241526,1
864691137196912193,864691135759741629,1
864691137196912193,864691135762320438,1
864691137196918849,864691135763079734,1
864691137196938305,864691135762692662,1
864691137197169217,864691135762676790,1
864691137197246017,864691135762513974,1
864691137197273921,864691135760122958,1
864691137197292609,864691135759788989,1
864691137197298753,864691135759741629,1
864691137197302081,864691135759788989,1
864691137197425217,864691135771588091,1
864691137197495361,864691135759299406,1
864691137197760833,864691135764324918,1
864691137197825857,864691135761994038,1
864691137197856065,864691135759422798,1
864691137197934657,864691135759410254,1
864691137197934657,864691135763962045,2
864691137197937217,864691135759835325,2
864691137197941825,864691135761994038,1
864691137197941825,864691135763555382,1
864691137197964353,864691135762141238,1
864691137199206209,864691135759788989,3
864691137199206209,864691135763962045,1
864691137199359553,864691135759872846,3
864691137199359553,864691135762028342,2
864691137199359553,864691135762426166,1
864691137199669825,864691135762026806,1
864691137199772993,864691135763127862,1
864691137199772993,864691135771588091,2
864691137199828801,864691135763098934,1
864691137199914561,864691135761029710,1
864691137199914561,864691135763941174,2
864691137199914561,864691135764464438,1
864691137199973441,864691135760005966,1
864691137199973441,864691135764062006,1
