pre_pt_root_id,post_pt_root_id,n
864691134884762106,864691135654570690,2
864691134884855290,864691135639881275,2
864691134884855290,864691135645306351,1
864691134885142266,864691135645420015,1
864691134885142778,864691135654948546,1
864691134885222906,864691135654447554,1
864691134885589754,864691135645420015,1
864691134885617402,864691135655372482,1
864691134885631738,864691135655676098,1
864691134885653242,864691135645445871,1
864691134885681914,864691135640801083,1
864691134886001146,864691135645544431,1
864691134886037498,864691135644611311,3
864691134886037498,864691135645143279,1
864691134886037498,864691135646119919,1
864691134886037498,864691135654570690,4
864691134886037498,864691135654959810,1
864691134886080250,864691135645143279,1
864691134886095610,864691135646053103,1
864691134886288890,864691135639901499,1
864691134886288890,864691135645350895,1
864691134886295802,864691135645529583,1
864691134886295802,864691135655168962,1
864691134886400250,864691135654948546,2
864691134886434298,864691135640089659,1
864691134886528506,864691135655448002,2
864691134886659834,864691135654280386,1
864691134886673658,864691135645377519,1
864691134886997498,864691135654618818,1
864691134887247610,864691135639901499,4
864691134887350266,864691135639897147,1
864691134887383290,864691135646053103,1
864691134887383290,864691135655372482,1
864691134887540986,864691135655028930,2
864691134887540986,864691135655676098,2
864691134917415178,864691135644642543,1
864691134917488138,864691135654529986,1
864691134917794314,864691135640185915,1
864691134917881098,864691135654447554,2
864691134918182410,864691135655143106,1
864691134918205706,864691135640089659,1
864691134918205706,864691135645425903,1
864691134918318602,864691135654980546,1
864691134918384650,864691135644642543,7
864691134918384650,864691135645306351,1
864691134918396938,864691135645420015,1
864691134918400522,864691135654529986,1
864691134918596362,864691135646841327,1
864691134918626314,864691135644704751,2
864691134918746634,864691135654715586,1
864691134918947338,864691135654570690,1
864691134919213834,864691135645445871,1
864691134919213834,864691135654618818,1
864691134919570698,864691135655051202,1
864691134919748362,864691135639897147,1
864691134919748362,864691135639901499,1
864691134919748362,864691135640873531,1
864691134919902474,864691135654696642,3
864691134919967498,864691135655028930,1
864691134939975011,864691135640801083,1
864691134939991651,864691135639881275,1
864691134939992931,864691135640532539,1
864691134939992931,864691135645367535,1
864691134940025955,864691135654529986,1
864691134940025955,864691135655137986,1
864691134940025955,864691135655414466,1
864691134940211555,864691135654715586,1
864691134940246115,864691135639869243,1
864691134940933475,864691135644642543,1
864691134940933475,864691135655414466,1
864691134940939875,864691135654959810,1
864691134940946531,864691135645425903,1
864691134940947299,864691135640801083,1
864691134940960867,864691135654919106,1
864691134941000803,864691135640873531,1
864691134941941091,864691135640873531,1
864691134941953635,864691135655372482,1
864691134942169955,864691135646430703,1
864691134942169955,864691135654948546,1
864691134942498147,864691135640089659,2
864691134942498147,864691135640801083,1
864691134942498147,864691135646053103,1
864691134947392764,864691135654529986,1
864691134947415292,864691135654386884,1
864691134947437564,864691135654715586,1
864691134947512060,864691135654948546,1
864691134947712508,864691135640013627,2
864691134947842812,864691135654280386,1
864691134947842812,864691135654980546,2
864691134947843068,864691135654948546,1
864691134947855612,864691135655140802,1
864691134947861500,864691135640013627,1
864691134948224764,864691135654953666,2
864691134948285436,864691135655414466,1
864691134948429052,864691135655414466,1
864691134948605180,864691135644612847,1
864691134948605180,864691135654715586,1
864691134948904956,864691135645350895,1
864691134949256956,864691135640482363,1
864691134950149116,864691135640873531,3
864691134950228988,864691135640482363,2
864691134950228988,864691135641487419,1
864691134950228988,864691135646119919,3
864691134950228988,864691135654570690,1
864691134950228988,864691135655448002,1
864691134950228988,864691135655635394,3
864691134950248188,864691135641505339,1
864691134950248188,864691135655359938,1
864691134950315772,864691135641505339,1
864691134950315772,864691135654948546,1
864691134950317308,864691135644704751,2
864691134950338556,864691135655676098,2
864691134950395132,864691135655448002,1
864691134964421919,864691135655414466,1
864691134964453151,864691135654529986,1
864691134964516895,864691135644629999,1
864691134964761887,864691135655051202,1
864691134964831519,864691135645745135,1
864691134964831519,864691135654919106,1
864691134964833055,864691135654957762,1
864691134964997663,864691135641505339,2
864691134965193247,864691135645377519,1
864691134965202463,864691135655140802,1
864691134965262879,864691135645472239,1
864691134965294879,864691135654948546,1
864691134965345055,864691135654529986,1
864691134965379103,864691135639905851,1
864691134965411871,864691135655140802,1
864691134965414943,864691135639881275,1
864691134965419551,864691135639905851,1
864691134965421343,864691135644704751,1
864691134965425951,864691135655140802,1
864691134965429535,864691135640089659,3
864691134965436703,864691135654529986,1
864691134965711391,864691135645524719,1
864691134965718303,864691135654715586,2
864691134965885983,864691135654953666,1
864691134966060319,864691135655676098,1
864691134966063135,864691135639901499,1
864691134966306591,864691135639869243,1
864691134966306591,864691135654715586,4
864691134966306591,864691135655414466,1
864691134966306847,864691135644642543,6
864691134966306847,864691135646841327,1
864691134966306847,864691135654529986,1
864691134966306847,864691135654715586,2
864691134966341151,864691135639901499,1
864691134966510623,864691135655127490,1
864691134966568223,864691135655676098,1
864691134966759711,864691135641008443,1
864691134988372346,864691135654447554,1
864691134988375418,864691135645425903,1
864691134988377722,864691135654409412,1
864691134988377722,864691135655005122,1
864691134988388474,864691135646053103,1
864691134988398458,864691135645544431,1
864691134988403066,864691135644704751,2
864691134988408698,864691135645420015,1
864691134988424058,864691135655140802,1
864691134988435322,864691135646841327,1
864691134988477562,864691135654715586,1
864691134988480378,864691135639897147,1
864691134988596858,864691135639869243,1
864691134988596858,864691135654715586,6
864691134988798842,864691135639904059,1
864691134988893562,864691135655414466,1
864691134988927610,864691135641487419,1
864691134988941434,864691135655092418,1
864691134988946810,864691135645524719,1
864691134988981370,864691135654409412,1
864691134989042042,864691135645163857,1
864691134989177978,864691135645529583,1
864691134989233274,864691135654409412,1
864691134989278842,864691135655168962,1
864691134989353082,864691135655029186,1
864691134989461882,864691135654715586,1
864691134989474682,864691135645350895,4
864691134989485178,864691135655676098,1
864691134989628538,864691135655414466,1
864691134989629562,864691135654948546,1
864691134989641850,864691135644704751,1
864691134989641850,864691135645143279,1
864691134989912698,864691135655028930,1
864691134989919098,864691135640873531,1
864691134990124410,864691135654696642,1
864691134990140538,864691135641489723,1
864691134990322554,864691135645377519,3
864691134990596474,864691135654280386,1
864691134990596474,864691135655136194,1
864691134990621306,864691135654280386,1
864691134990809210,864691135654618818,1
864691134990809210,864691135655372482,1
864691134990847098,864691135639897147,1
864691134991032954,864691135641008443,1
864691134991040378,864691135640532539,2
864691134991040378,864691135645367535,1
864691134991040378,864691135654570690,1
864691135012372214,864691135655005122,1
864691135012373750,864691135654618818,1
864691135012374006,864691135645062127,1
864691135012376566,864691135646017007,1
864691135012412406,864691135655137986,1
864691135012441334,864691135645425903,1
864691135012446966,864691135645445871,1
864691135012479222,864691135655676098,1
864691135012480502,864691135645062127,1
864691135012506358,864691135654529986,1
864691135012534006,864691135655414466,1
864691135012552950,864691135645425903,1
864691135012566774,864691135654386884,1
864691135012567542,864691135655140802,1
864691135012646134,864691135645170671,1
864691135012857494,864691135655028930,1
864691135012875158,864691135645367535,1
864691135012884214,864691135655028930,1
864691135012889846,864691135654447554,1
864691135012895894,864691135655051202,1
864691135012895894,864691135655635394,1
864691135012906902,864691135654953666,1
864691135012916118,864691135654696642,1
864691135012919702,864691135639901499,1
864691135012925078,864691135640185915,1
864691135012925078,864691135655137986,1
864691135012941302,864691135639901499,1
864691135012943094,864691135655136194,1
864691135012944022,864691135646841327,1
864691135012944022,864691135655414466,1
864691135013057782,864691135655168962,1
864691135013093878,864691135654386884,1
864691135013151990,864691135640801083,1
864691135013272054,864691135655136194,2
864691135013295254,864691135639901499,1
864691135013325718,864691135645445871,1
864691135013325718,864691135654696642,2
864691135013334518,864691135640089659,1
864691135013337750,864691135655028930,1
864691135013367542,864691135655140802,1
864691135013399190,864691135644704751,1
864691135013490422,864691135655028930,1
864691135013517046,864691135640089659,1
864691135013519094,864691135639881275,1
864691135013519094,864691135654529986,1
864691135013524214,864691135644704751,1
864691135013563382,864691135654959810,1
864691135013596822,864691135645445871,1
864691135013596822,864691135654696642,1
864691135013677814,864691135645420015,1
864691135013767830,864691135655372482,2
864691135013806230,864691135654715586,1
864691135013832342,864691135645065199,1
864691135013869046,864691135655372482,1
864691135013894646,864691135655136194,1
864691135013905302,864691135644704751,1
864691135013934230,864691135640013627,3
864691135013934230,864691135646841327,2
864691135013934230,864691135654715586,1
864691135013958390,864691135639869243,1
864691135013958390,864691135644611311,5
864691135013958390,864691135645065199,1
864691135014258070,864691135644704751,2
864691135014276342,864691135644704751,1
864691135014276342,864691135654386884,1
864691135014355094,864691135655414466,1
864691135014383254,864691135654529986,1
864691135014383254,864691135655140802,1
864691135014442486,864691135639869243,1
864691135014751734,864691135640612667,1
864691135014789014,864691135645256687,1
864691135014868214,864691135644704751,1
864691135015095446,864691135654618818,1
864691135015288566,864691135639901499,1
864691135015324406,864691135655051202,1
864691135015364854,864691135655676098,4
864691135015369974,864691135655028930,3
864691135015425942,864691135654980546,2
864691135015437462,864691135641008443,6
864691135015437462,864691135641489723,2
864691135015437462,864691135645163857,2
864691135015437462,864691135654622658,1
864691135015475350,864691135640873531,1
864691135015605910,864691135646119919,1
864691135015652246,864691135655028930,1
864691135015690134,864691135655676098,1
864691135015755670,864691135654948546,1
864691135015792534,864691135645521903,4
864691135015792534,864691135646119919,1
864691135015792534,864691135655635394,1
864691135015811990,864691135655028930,1
864691135015822742,864691135640482363,1
864691135015822742,864691135646119919,1
864691135015822742,864691135655051202,1
864691135058533275,864691135646053103,1
864691135058543003,864691135640873531,1
864691135058544539,864691135639884347,1
864691135058548379,864691135654696642,1
864691135058571419,864691135645529583,1
864691135058698139,864691135640801083,1
864691135058698139,864691135645163857,1
864691135058889115,864691135644612847,1
864691135058889115,864691135654715586,1
864691135059143323,864691135646841327,1
864691135059266203,864691135645163857,1
864691135059358875,864691135645524719,2
864691135059469211,864691135654959810,1
864691135059476635,864691135654108610,1
864691135059554971,864691135654280386,1
864691135059606683,864691135644576239,1
864691135059869851,864691135645065199,1
864691135059951771,864691135645420015,1
864691135059951771,864691135645544431,1
864691135059951771,864691135645985519,1
864691135060651419,864691135639897147,1
864691135060740507,864691135644642543,1
864691135060772763,864691135641489723,3
864691135060772763,864691135645521903,1
864691135060849051,864691135654618818,1
864691135060862107,864691135645377519,1
864691135060882843,864691135655359938,2
864691135060968091,864691135641489723,1
864691135060968091,864691135646119919,2
864691135060968091,864691135654570690,1
864691135060968091,864691135655635394,1
864691135060992155,864691135641489723,2
864691135060992155,864691135641505339,1
864691135060992155,864691135645256687,1
864691135060992155,864691135646017007,2
864691135060992155,864691135654570690,1
864691135064977476,864691135655140802,1
864691135064987204,864691135645062127,1
864691135065000004,864691135654696642,1
864691135065012804,864691135639905851,3
864691135065026884,864691135655414466,2
864691135065128260,864691135645143279,1
864691135065987908,864691135655448002,1
864691135066014788,864691135655414466,4
864691135066101316,864691135640089659,1
864691135066293828,864691135654980802,1
864691135066349124,864691135640612667,1
864691135066377796,864691135654447554,4
864691135066649924,864691135641487419,1
864691135066649924,864691135655635394,1
864691135066734660,864691135645256687,1
864691135066978372,864691135640185915,1
864691135067053124,864691135639869243,5
864691135067053124,864691135654715586,1
864691135067053124,864691135655137986,2
864691135067053124,864691135655448002,3
864691135067066948,864691135639905851,1
864691135067084612,864691135645544431,2
864691135067084612,864691135654409412,1
864691135067129412,864691135645425903,2
864691135067181124,864691135645521903,1
864691135067192900,864691135646053103,1
864691135067192900,864691135655359938,1
864691135067215940,864691135654948546,1
864691135067387972,864691135639901499,1
864691135067387972,864691135645377519,1
864691135067476548,864691135655448002,2
864691135067645764,864691135639901499,1
864691135067645764,864691135641489723,1
864691135067645764,864691135654948546,1
864691135067923780,864691135655166402,1
864691135067961668,864691135646430703,1
864691135068023876,864691135654386884,1
864691135081624823,864691135654529986,1
864691135081638135,864691135655137986,1
864691135081640695,864691135645472239,1
864691135081640695,864691135654980546,1
864691135081688567,864691135645521903,1
864691135081688567,864691135654570690,1
864691135081692663,864691135645524719,1
864691135081705207,864691135645143279,1
864691135081731063,864691135645065199,1
864691135081732087,864691135644704751,1
864691135081902071,864691135645521903,1
864691135082002679,864691135654529986,2
864691135082003959,864691135639869243,1
864691135082003959,864691135644642543,3
864691135082003959,864691135645065199,1
864691135082003959,864691135654715586,6
864691135082023927,864691135654919106,1
864691135082121207,864691135654529986,2
864691135082204151,864691135644704751,1
864691135082291959,864691135648278724,1
864691135082420215,864691135646841327,1
864691135082420215,864691135654529986,4
864691135082480631,864691135640089659,1
864691135082492151,864691135654948546,1
864691135082525943,864691135654980802,1
864691135082644471,864691135645529583,1
864691135082718711,864691135640873531,1
864691135082719735,864691135639884347,1
864691135082722807,864691135639869243,1
864691135082722807,864691135654715586,1
864691135082864887,864691135654280386,1
864691135082916599,864691135645425903,1
864691135083204087,864691135654618818,1
864691135083595255,864691135645445871,1
864691135083595255,864691135654696642,1
864691135083619831,864691135655372482,1
864691135083691511,864691135655140802,1
864691135083796215,864691135645529583,1
864691135083812343,864691135645524719,1
864691135083812599,864691135646017007,1
864691135083812599,864691135655166402,2
864691135083812599,864691135655372482,2
864691135083846903,864691135639901499,2
864691135083846903,864691135640612667,2
864691135083846903,864691135641008443,1
864691135083917559,864691135654570690,2
864691135083924215,864691135639901499,1
864691135083929591,864691135646841327,1
864691135084003063,864691135640873531,1
864691135084038647,864691135639905851,1
864691135084038647,864691135641505339,1
864691135084038647,864691135646053103,2
864691135084038647,864691135646430703,1
864691135084038647,864691135654280386,1
864691135084038647,864691135654618818,1
864691135084038647,864691135654980546,1
864691135084038647,864691135655359938,1
864691135084068087,864691135646053103,1
864691135084148983,864691135646353391,1
864691135084196855,864691135646353391,2
864691135084196855,864691135654386884,1
864691135084248567,864691135654618818,1
864691135099143968,864691135645745135,1
864691135099838496,864691135655136194,1
864691135099874080,864691135655143106,1
864691135100858144,864691135640013627,1
864691135100921376,864691135644704751,1
864691135100936736,864691135640482363,1
864691135101045792,864691135645367535,1
864691135101309472,864691135655676098,1
864691135101418528,864691135641487419,1
864691135101418528,864691135655448002,1
864691135101640736,864691135645350895,1
864691135101640736,864691135645377519,1
864691135101640736,864691135645472239,1
864691135101795104,864691135645544431,1
864691135101795104,864691135646017007,1
864691135101904416,864691135639905851,1
864691135101921568,864691135645065199,1
864691135101924384,864691135644642543,2
864691135101924384,864691135655414466,1
864691135102192160,864691135645544431,1
864691135102241312,864691135639901499,1
864691135102249760,864691135639897147,1
864691135102385696,864691135639905851,4
864691135102385696,864691135645524719,1
864691135102385696,864691135655166402,1
864691135102385696,864691135655372482,1
864691135102390816,864691135640873531,2
864691135102492960,864691135646053103,1
864691135102492960,864691135654953666,1
864691135102492960,864691135655005122,1
864691135102504736,864691135645367535,1
864691135103970125,864691135645065199,1
864691135104021581,864691135639881275,1
864691135104414541,864691135655414466,1
864691135104903757,864691135639897147,1
864691135105043789,864691135645529583,1
864691135105046349,864691135644704751,1
864691135105048397,864691135645445871,1
864691135105048653,864691135645433071,3
864691135105050189,864691135645350895,1
864691135105051213,864691135655140802,1
864691135105052749,864691135644611311,1
864691135105052749,864691135645065199,1
864691135105052749,864691135645521903,1
864691135105052749,864691135646119919,1
864691135105068109,864691135655140802,1
864691135105779021,864691135645256687,1
864691135105992013,864691135645377519,1
864691135106189901,864691135640873531,1
864691135106189901,864691135645377519,1
864691135106189901,864691135646353391,6
864691135106189901,864691135646430703,1
864691135106189901,864691135654980546,2
864691135106468685,864691135641489723,1
864691135106468685,864691135645163857,3
864691135106468685,864691135654622658,1
864691135106574669,864691135639905851,1
864691135113161113,864691135645529583,1
864691135113450137,864691135645350895,1
864691135113649561,864691135640089659,2
864691135113649561,864691135640801083,1
864691135113649561,864691135645425903,1
864691135113914521,864691135646053103,1
864691135113976985,864691135655414466,1
864691135114032025,864691135640089659,1
864691135114134169,864691135646353391,1
864691135114153881,864691135645445871,3
864691135114164121,864691135644704751,2
864691135114165657,864691135655140802,1
864691135114169753,864691135646353391,1
864691135114295961,864691135640482363,1
864691135114295961,864691135655448002,1
864691135114295961,864691135655635394,1
864691135114499481,864691135655372482,1
864691135114561945,864691135648278724,3
864691135114561945,864691135654959810,1
864691135114582681,864691135655166402,1
864691135114679705,864691135639905851,1
864691135114679705,864691135654618818,3
864691135114679705,864691135654948546,1
864691135114911385,864691135654957762,1
864691135115058329,864691135639884347,2
864691135115058329,864691135645544431,1
864691135115233945,864691135640801083,1
864691135115345049,864691135645367535,1
864691135115345049,864691135645521903,1
864691135115402905,864691135641489723,1
864691135115402905,864691135645985519,1
864691135117783773,864691135645472239,1
864691135117795805,864691135644704751,3
864691135117801437,864691135655137986,1
864691135117803741,864691135654529986,1
864691135117825245,864691135639869243,4
864691135118096349,864691135655414466,1
864691135118127069,864691135645745135,1
864691135118242781,864691135645062127,2
864691135118242781,864691135655414466,1
864691135118298333,864691135645367535,7
864691135118547933,864691135644704751,1
864691135118621917,864691135645170671,1
864691135118645981,864691135655414466,1
864691135118741725,864691135639881275,1
864691135118741725,864691135655137986,1
864691135118817501,864691135639901499,1
864691135118918109,864691135654980802,1
864691135119026141,864691135645306351,1
864691135119436765,864691135639897147,1
864691135119436765,864691135640873531,1
864691135119506909,864691135645433071,2
864691135119506909,864691135646119919,2
864691135119506909,864691135654570690,3
864691135119506909,864691135654973634,1
864691135119636189,864691135640873531,4
864691135119747805,864691135655162050,1
864691135119836381,864691135645529583,1
864691135119839453,864691135641008443,1
864691135119839453,864691135655028930,1
864691135119877085,864691135641489723,1
864691135119877085,864691135655028930,1
864691135119912413,864691135654948546,1
864691135119912413,864691135655676098,1
864691135119919069,864691135654948546,1
864691135119933661,864691135654618818,1
864691135119971805,864691135639905851,1
864691135122307623,864691135654386884,4
864691135122315815,864691135645306351,1
864691135122342183,864691135645377519,1
864691135122469671,864691135639884347,1
864691135123189031,864691135655137986,1
864691135123334183,864691135645544431,2
864691135123334695,864691135654948546,1
864691135123350055,864691135655414466,1
864691135123355431,864691135645062127,2
864691135123355431,864691135654447554,1
864691135123508775,864691135654980802,1
864691135123807271,864691135646841327,3
864691135123810599,864691135639881275,1
864691135124023847,864691135641505339,2
864691135124023847,864691135646430703,1
864691135124538151,864691135646430703,1
864691135124604711,864691135654622658,1
864691135124608807,864691135644576239,1
864691135124690471,864691135641505339,6
864691135124690471,864691135654948546,3
864691135124690471,864691135655359938,1
864691135124693799,864691135655005122,1
864691135132671904,864691135655129026,1
864691135132913312,864691135639881275,2
864691135132955552,864691135644704751,1
864691135133039008,864691135655137986,1
864691135133584288,864691135644612847,1
864691135133594784,864691135655029186,1
864691135133599648,864691135654948546,1
864691135133732256,864691135654409412,1
864691135133734816,864691135655029186,1
864691135133736864,864691135644704751,1
864691135133789344,864691135654696642,1
864691135133790112,864691135645350895,1
864691135133884320,864691135654529986,1
864691135133921184,864691135655137986,1
864691135133925536,864691135655051202,1
864691135133978016,864691135654622658,1
864691135134146720,864691135655092418,1
864691135134315168,864691135641489723,1
864691135134315168,864691135655166402,1
864691135134367136,864691135654386884,1
864691135134667545,864691135640089659,1
864691135134671129,864691135654715586,1
864691135134674201,864691135654715586,1
864691135134692377,864691135645143279,1
864691135134700825,864691135654973634,1
864691135134713113,864691135645433071,1
864691135134852256,864691135655028930,1
864691135134901664,864691135655028930,1
864691135134957472,864691135639901499,1
864691135134957472,864691135641489723,2
864691135134957472,864691135654948546,1
864691135135020448,864691135644612847,1
864691135135035929,864691135654715586,1
864691135135073952,864691135645065199,1
864691135135087520,864691135639905851,2
864691135135087520,864691135641505339,2
864691135135087520,864691135645163857,2
864691135135098393,864691135654919106,1
864691135135181984,864691135640482363,3
864691135135406617,864691135639881275,2
864691135135450649,864691135644629999,1
864691135135507225,864691135640873531,1
864691135135661081,864691135645350895,1
864691135135669273,864691135640013627,1
864691135135904281,864691135654045634,1
864691135136416025,864691135645377519,2
864691135136445209,864691135645350895,1
864691135136552217,864691135645433071,1
864691135136778009,864691135655676098,1
864691135136889369,864691135641487419,1
864691135137105177,864691135639905851,1
864691135137105177,864691135646053103,2
864691135137105177,864691135654280386,1
864691135137105177,864691135655372482,2
864691135137357081,864691135641487419,1
864691135137357081,864691135655028930,1
864691135137357081,864691135655635394,1
864691135155507044,864691135639901499,2
864691135155516516,864691135639897147,1
864691135155535972,864691135644612847,1
864691135155541092,864691135645065199,1
864691135155543652,864691135654953666,1
864691135155546212,864691135655140802,2
864691135156049252,864691135640612667,1
864691135156049252,864691135645377519,1
864691135156049252,864691135654618818,2
864691135156126052,864691135640801083,1
864691135156366948,864691135645433071,1
864691135156542052,864691135655136194,1
864691135156573796,864691135654280386,1
864691135156581988,864691135640482363,1
864691135156581988,864691135655127490,1
864691135156584548,864691135645445871,2
864691135156587364,864691135644704751,1
864691135157194596,864691135645350895,1
864691135157332068,864691135639897147,2
864691135157332068,864691135641008443,1
864691135157332068,864691135645163857,1
864691135157649252,864691135654953666,2
864691135157649252,864691135655676098,2
864691135157893476,864691135645529583,2
864691135158074724,864691135654622658,1
864691135158094436,864691135644704751,1
864691135162188333,864691135648278724,3
864691135162192173,864691135639901499,2
864691135162192173,864691135645472239,1
864691135162198829,864691135640089659,1
864691135162207533,864691135645062127,1
864691135162225197,864691135648278724,1
864691135162227245,864691135639881275,1
864691135162741037,864691135640873531,1
864691135162764845,864691135645529583,1
864691135162904621,864691135639869243,1
864691135163062573,864691135654045634,1
864691135163127597,864691135640532539,3
864691135163127597,864691135645256687,1
864691135163353389,864691135644704751,1
864691135163356717,864691135654529986,1
864691135163366445,864691135654696642,1
864691135163379245,864691135639869243,1
864691135163379245,864691135639904059,1
864691135163551021,864691135640089659,4
864691135163734317,864691135645350895,2
864691135163734317,864691135645377519,1
864691135163912237,864691135640185915,4
864691135163912237,864691135641487419,2
864691135164291373,864691135645745135,2
864691135164408621,864691135644611311,1
864691135164408621,864691135654959810,2
864691135164408621,864691135655127490,2
864691135164804909,864691135645377519,1
864691135164857133,864691135645367535,1
864691135164857133,864691135645521903,2
864691135164857133,864691135654570690,1
864691135164857133,864691135654622658,2
864691135164857133,864691135655162050,2
864691135165062445,864691135641505339,1
864691135181683458,864691135654715586,1
864691135181683970,864691135655166402,1
864691135181696002,864691135644576239,1
864691135181698306,864691135654953666,1
864691135181708546,864691135644704751,1
864691135181730818,864691135654447554,1
864691135181734146,864691135655029186,1
864691135181768962,864691135639881275,1
864691135181800706,864691135645350895,1
864691135181800706,864691135645377519,1
864691135181807106,864691135645472239,1
864691135181813250,864691135655136194,1
864691135181855746,864691135654953666,2
864691135181855746,864691135655137986,1
864691135182071810,864691135655129026,1
864691135182110210,864691135655372482,1
864691135182526978,864691135654447554,1
864691135182526978,864691135654919106,1
864691135182539778,864691135654980546,5
864691135182635522,864691135645256687,1
864691135182713602,864691135654715586,1
864691135182756610,864691135645163857,1
864691135182756610,864691135655372482,1
864691135182811906,864691135645170671,1
864691135182812418,864691135645445871,1
864691135182829826,864691135639884347,1
864691135183168002,864691135641487419,1
864691135183269634,864691135645377519,1
864691135183740930,864691135654386884,1
864691135183789314,864691135655140802,1
864691135183968514,864691135640482363,2
864691135183968514,864691135640873531,1
864691135184104194,864691135654529986,1
864691135184160002,864691135641505339,2
864691135184160002,864691135655028930,2
864691135194395690,864691135655168962,1
864691135194419242,864691135655162050,1
864691135194438698,864691135640089659,1
864691135194446634,864691135655129026,1
864691135194446634,864691135655140802,1
864691135194713642,864691135655414466,1
864691135194892842,864691135640013627,2
864691135194907946,864691135655136194,1
864691135194916650,864691135641487419,1
864691135194940202,864691135654715586,2
864691135194985002,864691135645306351,1
864691135195039530,864691135654409412,1
864691135195181354,864691135645445871,1
864691135195357738,864691135655676098,1
864691135195424810,864691135654953666,1
864691135195463978,864691135645377519,1
864691135195468586,864691135645393647,1
864691135195468586,864691135645445871,2
864691135195483946,864691135654447554,1
864691135195491370,864691135645445871,1
864691135195491370,864691135654696642,1
864691135195496746,864691135645445871,1
864691135195526954,864691135655137986,1
864691135195634730,864691135645529583,1
864691135196038698,864691135646430703,1
864691135196201514,864691135654529986,1
864691135196385578,864691135641505339,1
864691135196385578,864691135655168962,1
864691135196430890,864691135654409412,1
864691135196444970,864691135644704751,1
864691135196632106,864691135646017007,1
864691135196632106,864691135646053103,1
864691135196632106,864691135655359938,1
864691135196632106,864691135655372482,1
864691135196634666,864691135645529583,1
864691135196676906,864691135640612667,1
864691135196752170,864691135654570690,1
864691135207720569,864691135639901499,3
864691135207724665,864691135655168962,1
864691135207744633,864691135655140802,1
864691135207749241,864691135655028930,1
864691135207749241,864691135655448002,1
864691135208441465,864691135654618818,1
864691135208515705,864691135645350895,3
864691135208675705,864691135639904059,1
864691135208698489,864691135644704751,1
864691135208703865,864691135640532539,1
864691135208723577,864691135654073282,1
864691135209080697,864691135654108610,1
864691135209080697,864691135654529986,7
864691135209080697,864691135655140802,2
864691135209292921,864691135654715586,3
864691135209292921,864691135655414466,1
864691135209300601,864691135654386884,2
864691135209465209,864691135645377519,1
864691135209651321,864691135639897147,1
864691135209775993,864691135655372482,1
864691135209913209,864691135639905851,1
864691135209992640,864691135639897147,1
864691135210012864,864691135640089659,1
864691135210038464,864691135654919106,1
864691135210040512,864691135644704751,1
864691135210048377,864691135655166402,1
864691135210058176,864691135644611311,1
864691135210068160,864691135654280386,2
864691135210074048,864691135655448002,6
864691135210148288,864691135655140802,1
864691135210178169,864691135641505339,1
864691135210178169,864691135654618818,2
864691135210178169,864691135654948546,1
864691135210400448,864691135654696642,1
864691135210400960,864691135654948546,1
864691135210446457,864691135640185915,1
864691135210446457,864691135640482363,7
864691135210446457,864691135641487419,5
864691135210446457,864691135655092418,4
864691135210446457,864691135655635394,1
864691135210568640,864691135655414466,1
864691135210634944,864691135654953666,1
864691135210671808,864691135654715586,1
864691135210792384,864691135646053103,1
864691135210799552,864691135639901499,5
864691135210962368,864691135655140802,1
864691135211037376,864691135640089659,1
864691135211103680,864691135655140802,2
864691135211106752,864691135645306351,1
864691135211107264,864691135654529986,1
864691135211306176,864691135645524719,1
864691135211318976,864691135655414466,1
864691135211401408,864691135654108610,1
864691135211488960,864691135639901499,1
864691135211591360,864691135644704751,1
864691135211591360,864691135646119919,1
864691135211591360,864691135655635394,1
864691135211857088,864691135654696642,1
864691135211926464,864691135655372482,1
864691135212363712,864691135645521903,1
864691135212363712,864691135655028930,1
864691135212411328,864691135639901499,1
864691135212492992,864691135645985519,1
864691135212535232,864691135645350895,1
864691135212617600,864691135641008443,1
864691135212638848,864691135654447554,1
864691135212684928,864691135645306351,2
864691135212714624,864691135645143279,1
864691135213029248,864691135645745135,1
864691135213029248,864691135654447554,1
864691135213049144,864691135640185915,1
864691135213049144,864691135655137986,2
864691135213051448,864691135645306351,1
864691135213070136,864691135655140802,1
864691135213078840,864691135640089659,1
864691135213080632,864691135655414466,1
864691135213082680,864691135654529986,1
864691135213476152,864691135655676098,1
864691135213495096,864691135655166402,1
864691135213511480,864691135655051202,2
864691135213591168,864691135654529986,1
864691135213702784,864691135654108610,5
864691135213702784,864691135655129026,1
864691135213786752,864691135645256687,1
864691135213925504,864691135639905851,1
864691135213925504,864691135655359938,1
864691135213998392,864691135645544431,1
864691135214003584,864691135645472239,1
864691135214158648,864691135640089659,1
864691135214328704,864691135645529583,1
864691135214381440,864691135654570690,1
864691135214381440,864691135655137986,2
864691135214381440,864691135655448002,1
864691135214467640,864691135639901499,1
864691135214467640,864691135645350895,1
864691135214467640,864691135645377519,1
864691135214527616,864691135654888898,1
864691135214643256,864691135639901499,2
864691135214697528,864691135645377519,1
864691135214900024,864691135654948546,2
864691135214931072,864691135646053103,1
864691135215120184,864691135645306351,1
864691135215120184,864691135654529986,1
864691135215120184,864691135655414466,7
864691135215131776,864691135655028930,1
864691135215131776,864691135655676098,1
864691135215148088,864691135640185915,1
864691135215148088,864691135640482363,1
864691135215148088,864691135641487419,3
864691135215148088,864691135655051202,1
864691135215148088,864691135655448002,11
864691135215148088,864691135655635394,1
864691135215192448,864691135655028930,1
864691135215217280,864691135641489723,1
864691135215217280,864691135641505339,3
864691135215217280,864691135655028930,6
864691135215229056,864691135654948546,2
864691135215235640,864691135645377519,2
864691135215236920,864691135654948546,1
864691135215360056,864691135645529583,1
864691135215360056,864691135655143106,1
864691135215391544,864691135655414466,1
864691135215403320,864691135639897147,1
864691135215450936,864691135639897147,1
864691135233117017,864691135645529583,2
864691135233117017,864691135654386884,1
864691135233125465,864691135654447554,1
864691135233128537,864691135655140802,2
864691135233406553,864691135654529986,1
864691135233422681,864691135645433071,2
864691135233484377,864691135654954434,1
864691135233508441,864691135655028930,2
864691135233568857,864691135654622658,3
864691135233568857,864691135655162050,1
864691135233568857,864691135655166402,1
864691135233569625,864691135645472239,1
864691135233964121,864691135639881275,1
864691135234086489,864691135654447554,1
864691135234193753,864691135640612667,1
864691135234336857,864691135645524719,1
864691135234336857,864691135655136194,1
864691135234633049,864691135640801083,1
864691135234730585,864691135645306351,1
864691135234836057,864691135645544431,1
864691135234890841,864691135654280386,1
864691135234998617,864691135641008443,1
864691135235196249,864691135641489723,1
864691135235196249,864691135655028930,1
864691135235196249,864691135655676098,1
864691135235344985,864691135645065199,1
864691135235344985,864691135654959810,1
864691135235363417,864691135645377519,1
864691135235386713,864691135639897147,1
864691135235386713,864691135645163857,1
864691135235386713,864691135655372482,2
864691135235425113,864691135645472239,1
864691135235425881,864691135655676098,1
864691135235437913,864691135655028930,2
864691135235437913,864691135655676098,1
864691135235496025,864691135644642543,1
864691135235496025,864691135654715586,7
864691135235496025,864691135655414466,2
864691135235527513,864691135654948546,1
864691135235527513,864691135655028930,3
864691135256144815,864691135654953666,1
864691135256530863,864691135654108610,2
864691135256590767,864691135644629999,1
864691135257056687,864691135645445871,1
864691135257068207,864691135645062127,2
864691135257087151,864691135645306351,1
864691135257232559,864691135654715586,1
864691135257241007,864691135645350895,1
864691135257638575,864691135645306351,1
864691135257922223,864691135641505339,1
864691135258274735,864691135640089659,5
864691135258359983,864691135655676098,1
864691135258415279,864691135639869243,1
864691135258489519,864691135645472239,1
864691135258489519,864691135646017007,2
864691135258554031,864691135639901499,1
864691135258635183,864691135641487419,1
864691135269675941,864691135640089659,3
864691135269706149,864691135654919106,1
864691135269722021,864691135654919106,1
864691135269738149,864691135641487419,1
864691135269809829,864691135655166402,1
864691135270474405,864691135655029186,1
864691135270538917,864691135645170671,2
864691135270538917,864691135654953666,2
864691135270586533,864691135644612847,1
864691135270594981,864691135654953666,1
864691135270868901,864691135654570690,1
864691135270898853,864691135645163857,1
864691135271343525,864691135655028930,1
864691135271383461,864691135654386884,1
864691135271383461,864691135655162050,1
864691135271394469,864691135641505339,1
864691135271394469,864691135655372482,1
864691135271435173,864691135645425903,7
864691135271671461,864691135645420015,1
864691135271915173,864691135640612667,1
864691135272073125,864691135645377519,1
864691135272073125,864691135654948546,1
864691135272098469,864691135639901499,1
864691135272105125,864691135645393647,1
864691135272143377,864691135655143106,1
864691135272160677,864691135654948546,1
864691135272177937,864691135640089659,1
864691135272183569,864691135644612847,1
864691135272187045,864691135641489723,1
864691135272187045,864691135645544431,1
864691135272218021,864691135639881275,1
864691135272218021,864691135655137986,1
864691135272218533,864691135645985519,1
864691135272568081,864691135654888898,2
864691135272946193,864691135639869243,1
864691135272946193,864691135654715586,1
864691135272988689,864691135639901499,1
864691135273079057,864691135655136194,1
864691135273238801,864691135639904059,1
864691135273248017,864691135655137986,1
864691135273260305,864691135639905851,1
864691135273260305,864691135640801083,2
864691135274091237,864691135640482363,1
864691135274096357,864691135655372482,1
864691135274403557,864691135655092418,1
864691135274512357,864691135639904059,1
864691135274537445,864691135654529986,1
864691135274546961,864691135640089659,1
864691135274546961,864691135640801083,3
864691135274738193,864691135640089659,4
864691135274738193,864691135640801083,2
864691135274738193,864691135645163857,1
864691135274738193,864691135655372482,5
864691135274860561,864691135654618818,1
864691135274860561,864691135654948546,1
864691135275006225,864691135655092418,1
864691135275107301,864691135655414466,1
864691135275194341,864691135645445871,1
864691135275384805,864691135654386884,1
864691135275621605,864691135639897147,1
864691135275621605,864691135655136194,1
864691135275939813,864691135654954434,1
864691135275983589,864691135640482363,6
864691135276307685,864691135645529583,1
864691135276413157,864691135645350895,1
864691135276413157,864691135654948546,2
864691135276537573,864691135655372482,1
864691135276749285,864691135640873531,1
864691135276749285,864691135646430703,3
864691135276759781,864691135645472239,1
864691135276759781,864691135654280386,1
864691135276776677,864691135654280386,1
864691135276776677,864691135654980546,1
864691135276917733,864691135639869243,3
864691135276917733,864691135639881275,1
864691135276975333,864691135655127490,1
864691135276975333,864691135655137986,1
864691135277221605,864691135655137986,1
864691135277224421,864691135641489723,1
864691135277337061,864691135639905851,9
864691135277337061,864691135641505339,2
864691135277337061,864691135654618818,3
864691135277337061,864691135655359938,2
864691135277337061,864691135655372482,5
864691135277479653,864691135639905851,1
864691135277499877,864691135655372482,1
864691135277615589,864691135641008443,1
864691135277615589,864691135645377519,1
864691135277615589,864691135654618818,2
864691135277615589,864691135654948546,2
864691135277673957,864691135639901499,1
864691135277673957,864691135640873531,1
864691135277713893,864691135639905851,1
864691135277713893,864691135641008443,1
864691135277713893,864691135645256687,1
864691135277713893,864691135646053103,1
864691135277713893,864691135646119919,1
864691135277713893,864691135655635394,1
864691135278198689,864691135645529583,1
864691135278201761,864691135655092418,2
864691135278202017,864691135655005122,1
864691135278207393,864691135640873531,2
864691135278229409,864691135655140802,3
864691135278526881,864691135639904059,1
864691135278983329,864691135655137986,1
864691135279045281,864691135655414466,1
864691135279114145,864691135654696642,1
864691135279132833,864691135654980802,1
864691135279385505,864691135655028930,1
864691135279454113,864691135654386884,1
864691135279457441,864691135644704751,1
864691135279457697,864691135640873531,1
864691135279591841,864691135640089659,2
864691135280128417,864691135646430703,1
864691135280583329,864691135644704751,1
864691135280860833,864691135654948546,1
864691135280860833,864691135655676098,1
864691135280871073,864691135640873531,1
864691135280871073,864691135654409412,2
864691135280879009,864691135639904059,1
864691135280879009,864691135648278724,1
864691135280879009,864691135654386884,1
864691135280879009,864691135654973634,1
864691135280891553,864691135654948546,1
864691135281002401,864691135654280386,1
864691135281078689,864691135641487419,3
864691135281078689,864691135645521903,2
864691135281078689,864691135646119919,1
864691135281208481,864691135655028930,1
864691135281227425,864691135640482363,1
864691135281227425,864691135654980546,1
864691135291728310,864691135655372482,1
864691135291762870,864691135655127490,1
864691135291930038,864691135655414466,1
864691135292255414,864691135655140802,1
864691135292451766,864691135654618818,4
864691135292612534,864691135644612847,1
864691135292644278,864691135655140802,1
864691135292744630,864691135654529986,1
864691135292893622,864691135645425903,1
864691135292915126,864691135655028930,1
864691135293046028,864691135654447554,4
864691135293068556,864691135646841327,2
864691135293068556,864691135654715586,1
864691135293345804,864691135646053103,1
864691135293417654,864691135654948546,2
864691135293480972,864691135639869243,1
864691135293552140,864691135645143279,1
864691135293678006,864691135654948546,1
864691135293791926,864691135640873531,2
864691135293791926,864691135645420015,1
864691135293791926,864691135655676098,1
864691135293873078,864691135639905851,1
864691135294023180,864691135645445871,1
864691135294099212,864691135655635394,1
864691135294115084,864691135639905851,1
864691135294139148,864691135654447554,1
864691135294139148,864691135654919106,1
864691135294144012,864691135645367535,1
864691135294149900,864691135654045634,1
864691135294151948,864691135655129026,1
864691135294159116,864691135655414466,1
864691135294181046,864691135654570690,1
864691135294184716,864691135639905851,1
864691135294272524,864691135655372482,2
864691135294363916,864691135645529583,1
864691135294376630,864691135646430703,1
864691135294376630,864691135654696642,1
864691135294399244,864691135655414466,1
864691135294441654,864691135654618818,1
864691135294464524,864691135655414466,2
864691135294633654,864691135641008443,13
864691135294633654,864691135641489723,4
864691135294633654,864691135645163857,1
864691135294633654,864691135646017007,1
864691135294633654,864691135654622658,1
864691135294695350,864691135639905851,5
864691135294699532,864691135645985519,1
864691135294719158,864691135640185915,1
864691135294719158,864691135640482363,5
864691135294719158,864691135641487419,1
864691135294719158,864691135655092418,2
864691135294719158,864691135655127490,2
864691135294719158,864691135655635394,1
864691135294848438,864691135640873531,1
864691135294894774,864691135646017007,2
864691135294950838,864691135639905851,1
864691135294950838,864691135645291503,1
864691135295058700,864691135641505339,2
864691135295058700,864691135646017007,1
864691135295058700,864691135654948546,3
864691135295058700,864691135655028930,2
864691135295058700,864691135655676098,2
864691135295125004,864691135654948546,1
864691135295267596,864691135654948546,1
864691135295351820,864691135639905851,1
864691135295389708,864691135639901499,3
864691135295389708,864691135645445871,1
864691135295389708,864691135645472239,1
864691135295389708,864691135654280386,1
864691135295458572,864691135654618818,1
864691135303145639,864691135655168962,1
864691135303154855,864691135654696642,1
864691135303156903,864691135654715586,1
864691135303164583,864691135645306351,1
864691135303202215,864691135640612667,2
864691135303514791,864691135641489723,1
864691135303514791,864691135646017007,1
864691135303549351,864691135655166402,1
864691135303549351,864691135655372482,1
864691135303565991,864691135655028930,1
864691135304006567,864691135645420015,2
864691135304014759,864691135646430703,1
864691135304109991,864691135645062127,1
864691135304184231,864691135654696642,2
864691135304251559,864691135646119919,1
864691135304509607,864691135640873531,1
864691135304679079,864691135644611311,1
864691135305066407,864691135655635394,3
864691135305362343,864691135641505339,1
864691135305488551,864691135641487419,1
864691135305488551,864691135645433071,2
864691135305488551,864691135654959810,1
864691135305488551,864691135654973634,2
864691135305488551,864691135655127490,2
864691135305488551,864691135655448002,1
864691135305585063,864691135639884347,1
864691135305585063,864691135639905851,4
864691135305585063,864691135640089659,1
864691135305585063,864691135640801083,1
864691135305585063,864691135641489723,1
864691135305585063,864691135645524719,1
864691135305585063,864691135646430703,1
864691135305585063,864691135655359938,1
864691135305628071,864691135655028930,1
864691135305730471,864691135641489723,1
864691135305730471,864691135655028930,3
864691135305730471,864691135655359938,1
864691135307089734,864691135646430703,1
864691135307094086,864691135655414466,1
864691135307106886,864691135655140802,1
864691135307110726,864691135645745135,1
864691135307121222,864691135654529986,1
864691135307424582,864691135644704751,1
864691135307518022,864691135645524719,1
864691135307518022,864691135654073282,1
864691135308066118,864691135639904059,1
864691135308076614,864691135654529986,1
864691135308284998,864691135639884347,1
864691135308284998,864691135645544431,2
864691135308319046,864691135646053103,1
864691135308590406,864691135639905851,1
864691135308921158,864691135639884347,1
864691135309080646,864691135654280386,1
864691135309135430,864691135639901499,1
864691135309135430,864691135645350895,1
864691135309325638,864691135640532539,1
864691135309325638,864691135646017007,1
864691135309325638,864691135654280386,1
864691135309325638,864691135655359938,2
864691135309722950,864691135640185915,1
864691135309758022,864691135646017007,1
864691135309834054,864691135646053103,1
864691135309848646,864691135645472239,1
864691135309922374,864691135640482363,1
864691135322933660,864691135640873531,1
864691135322948252,864691135645062127,1
864691135322957724,864691135645062127,1
864691135322960796,864691135655140802,3
864691135322978972,864691135655140802,1
864691135322980252,864691135654108610,1
864691135322995612,864691135639904059,1
864691135323181212,864691135641489723,2
864691135323202972,864691135639905851,2
864691135323731612,864691135645529583,1
864691135323777948,864691135654888898,1
864691135323778716,864691135655140802,1
864691135323793052,864691135654948546,1
864691135323849116,864691135655414466,1
864691135323855004,864691135655168962,1
864691135323951004,864691135645472239,1
864691135323951516,864691135655414466,1
864691135323973276,864691135654529986,2
864691135323973276,864691135655140802,1
864691135323983260,864691135645065199,1
864691135324001692,864691135640089659,3
864691135324001692,864691135645445871,1
864691135324364188,864691135655676098,1
864691135324437916,864691135654618818,3
864691135324967580,864691135645521903,1
864691135324967580,864691135654570690,1
864691135325064604,864691135655676098,8
864691135325413788,864691135640873531,1
864691135325551004,864691135654618818,1
864691135325561244,864691135640801083,1
864691135325561500,864691135654280386,2
864691135334488297,864691135655168962,2
864691135334489833,864691135639901499,1
864691135334495209,864691135645521903,1
864691135334499049,864691135655168962,2
864691135334519273,864691135641487419,1
864691135334529257,864691135640612667,1
864691135334535145,864691135655136194,1
864691135334541801,864691135644576239,1
864691135334758633,864691135654409412,1
864691135334783209,864691135655140802,1
864691135334821865,864691135654715586,1
864691135334821865,864691135654953666,1
864691135334821865,864691135654973634,1
864691135334878697,864691135655028930,1
864691135335143401,864691135655166402,1
864691135335186665,864691135646119919,1
864691135335194857,864691135640801083,1
864691135335214313,864691135654953666,1
864691135335308265,864691135655414466,1
864691135335321577,864691135644629999,1
864691135335326697,864691135654980546,2
864691135335371241,864691135654953666,1
864691135335383017,864691135645143279,1
864691135335385321,864691135644704751,1
864691135335396329,864691135654696642,1
864691135335540969,864691135640532539,1
864691135335716841,864691135655166402,1
864691135335855337,864691135655028930,1
864691135335998953,864691135640801083,1
864691135335998953,864691135654447554,1
864691135336033001,864691135639897147,1
864691135336055529,864691135655359938,1
864691135336148713,864691135654409412,2
864691135336311785,864691135654386884,1
864691135336616937,864691135645377519,1
864691135336841193,864691135655359938,1
864691135337004009,864691135639901499,2
864691135337004009,864691135640873531,1
864691135337004009,864691135645350895,2
864691135337004009,864691135645472239,1
864691135337004009,864691135654280386,1
864691135337004009,864691135654696642,1
864691135337004009,864691135654980546,1
864691135337039337,864691135641008443,1
864691135337039337,864691135655028930,2
864691135337719782,864691135644612847,1
864691135337720806,864691135655140802,1
864691135337722342,864691135655140802,2
864691135337759718,864691135655137986,1
864691135337825766,864691135655137986,1
864691135337899494,864691135654618818,1
864691135338024422,864691135655414466,1
864691135338025446,864691135641487419,1
864691135338088678,864691135646353391,1
864691135338122726,864691135645524719,1
864691135338262246,864691135644704751,2
864691135338262246,864691135655168962,4
864691135338515174,864691135640089659,1
864691135338657510,864691135645065199,2
864691135338803686,864691135654529986,3
864691135338803686,864691135655140802,2
864691135338806758,864691135645306351,1
864691135338814438,864691135654529986,1
864691135339003622,864691135655414466,1
864691135339006438,864691135655372482,1
864691135339247078,864691135644576239,1
864691135339650790,864691135645445871,1
864691135339826150,864691135655676098,2
864691135340055782,864691135655414466,1
864691135340075494,864691135655414466,3
864691135340203238,864691135639897147,2
864691135340203238,864691135639901499,1
864691135340288742,864691135645472239,1
864691135340961477,864691135655137986,1
864691135340965317,864691135654957762,1
864691135340983749,864691135639869243,1
864691135340983749,864691135655137986,5
864691135340992453,864691135645420015,1
864691135341007557,864691135644704751,1
864691135341017797,864691135655140802,1
864691135341035973,864691135640532539,1
864691135341123525,864691135639904059,1
864691135341123525,864691135654529986,4
864691135341123525,864691135654953666,1
864691135341123525,864691135655129026,1
864691135341145009,864691135654529986,3
864691135341190577,864691135655635394,1
864691135341198789,864691135648278724,1
864691135341198789,864691135655137986,1
864691135341650353,864691135645377519,1
864691135341758917,864691135645377519,1
864691135341952689,864691135645472239,2
864691135341979845,864691135655414466,1
864691135341981893,864691135645367535,1
864691135342202545,864691135646841327,1
864691135342233285,864691135640089659,1
864691135342287557,864691135645433071,1
864691135342324401,864691135645367535,1
864691135342369713,864691135645745135,1
864691135342389957,864691135654108610,1
864691135342476209,864691135654529986,3
864691135342628037,864691135654948546,1
864691135342711493,864691135639901499,2
864691135342777265,864691135639884347,1
864691135342822833,864691135654073282,1
864691135342848433,864691135640089659,1
864691135342876081,864691135640482363,2
864691135342882245,864691135648278724,2
864691135342958789,864691135639897147,2
864691135342987461,864691135654953666,1
864691135342995377,864691135654980802,1
864691135343314097,864691135639901499,1
864691135343314097,864691135654618818,1
864691135343326641,864691135640873531,1
864691135343367877,864691135645350895,1
864691135343569585,864691135654108610,1
864691135343569585,864691135654529986,5
864691135343588549,864691135639874107,1
864691135343588549,864691135639905851,6
864691135343588549,864691135655166402,2
864691135343588549,864691135655372482,1
864691135343618501,864691135639901499,4
864691135343618501,864691135645350895,1
864691135343618501,864691135645472239,2
864691135343618501,864691135654980546,1
864691135343625905,864691135639869243,1
864691135343625905,864691135639881275,6
864691135343625905,864691135648278724,1
864691135343719345,864691135655166402,1
864691135343797425,864691135654948546,1
864691135343840945,864691135639901499,3
864691135343840945,864691135646053103,1
864691135343952049,864691135639897147,1
864691135343967153,864691135645367535,1
864691135343967153,864691135654622658,1
864691135343967153,864691135655162050,2
864691135343974577,864691135639897147,2
864691135343974577,864691135639905851,1
864691135343974577,864691135645163857,1
864691135344192945,864691135654696642,1
864691135345122463,864691135655005122,1
864691135345127583,864691135654447554,1
864691135345127583,864691135655140802,1
864691135345141663,864691135655372482,1
864691135345145503,864691135655140802,2
864691135345157023,864691135654447554,1
864691135345166751,864691135654447554,1
864691135345170847,864691135645367535,1
864691135345174431,864691135646119919,1
864691135345175711,864691135645472239,1
864691135345194655,864691135655140802,1
864691135345206175,864691135654280386,1
864691135345225119,864691135655372482,1
864691135345231007,864691135654447554,2
864691135345232287,864691135645170671,1
864691135345266335,864691135645143279,1
864691135345268895,864691135654447554,1
864691135345542303,864691135645524719,1
864691135345633951,864691135655028930,1
864691135345771167,864691135654959810,2
864691135345900959,864691135640089659,1
864691135346096543,864691135640089659,1
864691135346162079,864691135654529986,1
864691135346162079,864691135655140802,3
864691135346169759,864691135644704751,1
864691135346172575,864691135639897147,1
864691135346172575,864691135645524719,3
864691135346302879,864691135654953666,1
864691135346692767,864691135639869243,2
864691135346759839,864691135654980546,1
864691135346759839,864691135655136194,1
864691135346962335,864691135640612667,1
864691135346962335,864691135641489723,1
864691135346962335,864691135645163857,1
864691135347037599,864691135640873531,1
864691135347188895,864691135645985519,1
864691135347627423,864691135640873531,1
864691135347703455,864691135654948546,1
864691135347710367,864691135640873531,1
864691135347849631,864691135645524719,4
864691135347849631,864691135655372482,6
864691135348249559,864691135645472239,1
864691135348298967,864691135639869243,1
864691135348298967,864691135654529986,4
864691135348298967,864691135655129026,2
864691135348822743,864691135655372482,1
864691135349080535,864691135654447554,1
864691135349262551,864691135655635394,1
864691135349294551,864691135641487419,1
864691135349302487,864691135639869243,1
864691135349311191,864691135639874107,1
864691135349871575,864691135654529986,1
864691135350283991,864691135654948546,1
864691135350400727,864691135654570690,2
864691135350977751,864691135641008443,2
864691135350977751,864691135641489723,6
864691135351096279,864691135655372482,1
864691135351291351,864691135654948546,4
864691135354884815,864691135655168962,1
864691135354896847,864691135654953666,1
864691135354899919,864691135655414466,2
864691135355331279,864691135645544431,1
864691135355331791,864691135645065199,1
864691135355343567,864691135645445871,1
864691135355495375,864691135645143279,1
864691135355735759,864691135639897147,1
864691135355739343,864691135654973634,1
864691135355814607,864691135654919106,1
864691135355856079,864691135646017007,1
864691135355904975,864691135645529583,1
864691135355962575,864691135655635394,1
864691135356006351,864691135655129026,1
864691135356400847,864691135654618818,1
864691135356708303,864691135645420015,2
864691135356717519,864691135645472239,1
864691135356765903,864691135639869243,10
864691135356765903,864691135654529986,1
864691135356765903,864691135654715586,2
864691135357078479,864691135645350895,1
864691135357078479,864691135645377519,2
864691135357151439,864691135654696642,1
864691135357234639,864691135639884347,1
864691135357283791,864691135645445871,1
864691135357283791,864691135645544431,1
864691135357283791,864691135655136194,2
864691135357328591,864691135639897147,1
864691135357328591,864691135644704751,1
864691135357328591,864691135645544431,1
864691135357427407,864691135646017007,1
864691135357429199,864691135641505339,4
864691135357429199,864691135655359938,1
864691135357454799,864691135655028930,1
864691135357517007,864691135654618818,1
864691135358810456,864691135654980546,1
864691135358834520,864691135655448002,1
864691135358838360,864691135639869243,1
864691135358844248,864691135654888898,1
864691135359534424,864691135644612847,1
864691135359541080,864691135639901499,1
864691135359790168,864691135644704751,1
864691135359799384,864691135654108610,1
864691135359945816,864691135640482363,3
864691135359945816,864691135641487419,1
864691135359945816,864691135655051202,1
864691135359945816,864691135655448002,3
864691135360037720,864691135648278724,1
864691135360120647,864691135654959810,1
864691135360134983,864691135639901499,1
864691135360143175,864691135645306351,1
864691135360154183,864691135655372482,1
864691135360346200,864691135654570690,1
864691135360434247,864691135655414466,1
864691135360494680,864691135655359938,1
864691135360558936,864691135644704751,1
864691135360558936,864691135646053103,5
864691135360585031,864691135655137986,1
864691135360737112,864691135639901499,1
864691135360737112,864691135654948546,1
864691135360737112,864691135655676098,5
864691135360810567,864691135644642543,1
864691135360810567,864691135654715586,1
864691135360935239,864691135644629999,1
864691135361023303,864691135655168962,1
864691135361037639,864691135654529986,1
864691135361089863,864691135654959810,1
864691135361182535,864691135654529986,3
864691135361183576,864691135641505339,1
864691135361183576,864691135655372482,1
864691135361199192,864691135640612667,1
864691135361199192,864691135641008443,1
864691135361199192,864691135641489723,2
864691135361199192,864691135645377519,1
864691135361199192,864691135655028930,1
864691135361231448,864691135648278724,1
864691135361314392,864691135646430703,1
864691135361605703,864691135640873531,2
864691135362052679,864691135639905851,1
864691135362052679,864691135645524719,4
864691135362052679,864691135655372482,1
864691135362221895,864691135645306351,1
864691135362432583,864691135645350895,1
864691135362526023,864691135639897147,1
864691135362528583,864691135639905851,2
864691135362528583,864691135646053103,2
864691135362528583,864691135654948546,1
864691135362528583,864691135655359938,1
864691135362531911,864691135644704751,3
864691135366936825,864691135641487419,1
864691135366936825,864691135655127490,2
864691135366941689,864691135645350895,1
864691135366941689,864691135645472239,1
864691135366944249,864691135645985519,1
864691135366947065,864691135640089659,1
864691135366983161,864691135645350895,1
864691135366995193,864691135655414466,1
864691135366999545,864691135654529986,2
864691135367006969,864691135654953666,1
864691135367009529,864691135639897147,1
864691135367436537,864691135655414466,2
864691135367820793,864691135645445871,1
864691135367823097,864691135640482363,1
864691135367849721,864691135655136194,3
864691135367891961,864691135654888898,1
864691135368081145,864691135654696642,1
864691135368084217,864691135654948546,1
864691135368104441,864691135655140802,1
864691135368107257,864691135655140802,1
864691135368113913,864691135640013627,1
864691135368860409,864691135654948546,2
864691135368901625,864691135639897147,1
864691135368901625,864691135645377519,1
864691135368949241,864691135640089659,1
864691135368950521,864691135654618818,1
864691135368950521,864691135655676098,2
864691135369075442,864691135646430703,1
864691135369635833,864691135655028930,1
864691135369713913,864691135641505339,1
864691135369713913,864691135655359938,1
864691135369713913,864691135655676098,1
864691135373404360,864691135645062127,1
864691135373426120,864691135639881275,1
864691135373600968,864691135655136194,2
864691135373668169,864691135654529986,1
864691135373693384,864691135645062127,1
864691135373716809,864691135645306351,1
864691135373727817,864691135654715586,3
864691135373741641,864691135640089659,1
864691135373750728,864691135654980546,1
864691135373829832,864691135655136194,1
864691135373995720,864691135639869243,4
864691135374178889,864691135655140802,1
864691135374241480,864691135639869243,1
864691135374268616,864691135645062127,1
864691135374268616,864691135655414466,1
864691135374300104,864691135655166402,1
864691135374386888,864691135640801083,1
864691135374398537,864691135641487419,1
864691135374457288,864691135644642543,1
864691135374457288,864691135646841327,1
864691135374457288,864691135654715586,6
864691135374462920,864691135645377519,1
864691135374463561,864691135655005122,1
864691135374493257,864691135655162050,2
864691135374515017,864691135654696642,1
864691135374533961,864691135655414466,2
864691135374603081,864691135655140802,1
864691135374635081,864691135639901499,1
864691135374650953,864691135648278724,1
864691135374672201,864691135654919106,1
864691135374701897,864691135654715586,1
864691135374718793,864691135654529986,1
864691135374818377,864691135646841327,1
864691135374868297,864691135655143106,1
864691135374922569,864691135655140802,1
864691135375089993,864691135639905851,1
864691135375089993,864691135646053103,1
864691135375107272,864691135645425903,1
864691135375135561,864691135639901499,1
864691135375179593,864691135654954434,1
864691135375354824,864691135639901499,1
864691135375358664,864691135645377519,1
864691135375361480,864691135639897147,1
864691135375361480,864691135640612667,1
864691135375430985,864691135640089659,7
864691135375430985,864691135640801083,2
864691135375430985,864691135645425903,2
864691135375445234,864691135654622658,1
864691135375498952,864691135641487419,1
864691135375765321,864691135640801083,2
864691135375822665,864691135654618818,1
864691135375956424,864691135654618818,1
864691135375962056,864691135640532539,2
864691135375962056,864691135654073282,2
864691135376057032,864691135640089659,2
864691135376151625,864691135654953666,1
864691135376399689,864691135641008443,8
864691135376399689,864691135641489723,2
864691135376429897,864691135639901499,15
864691135376429897,864691135654280386,2
864691135376453193,864691135639905851,1
864691135382457050,864691135654386884,1
864691135382590938,864691135654570690,1
864691135382908907,864691135645445871,1
864691135382929131,864691135655414466,1
864691135382942682,864691135639869243,2
864691135382942682,864691135640013627,2
864691135382942682,864691135644612847,2
864691135382942682,864691135654715586,1
864691135382942682,864691135654954434,1
864691135382942682,864691135655137986,1
864691135382982635,864691135645062127,1
864691135383028954,864691135644629999,1
864691135383162603,864691135645367535,1
864691135383292907,864691135639901499,1
864691135383296235,864691135654529986,1
864691135383354074,864691135640801083,1
864691135383406042,864691135655005122,1
864691135383435482,864691135655372482,2
864691135383456747,864691135645062127,1
864691135383469274,864691135654696642,1
864691135383494362,864691135654529986,2
864691135383497434,864691135644704751,1
864691135383603179,864691135648278724,1
864691135383759339,864691135654447554,1
864691135383771354,864691135655414466,1
864691135383789530,864691135654715586,1
864691135383815147,864691135655137986,1
864691135383818987,864691135654696642,1
864691135383833306,864691135655137986,1
864691135383850475,864691135654622658,2
864691135383857387,864691135646017007,1
864691135383936730,864691135639901499,1
864691135384197082,864691135654280386,1
864691135384223962,864691135645472239,1
864691135384425178,864691135645350895,1
864691135384425178,864691135645377519,1
864691135384450522,864691135654948546,1
864691135384465138,864691135655162050,1
864691135384524779,864691135645350895,1
864691135384719851,864691135654948546,2
864691135384790746,864691135644704751,1
864691135384944619,864691135654409412,1
864691135384944619,864691135654953666,1
864691135384998379,864691135655028930,1
864691135385000666,864691135639905851,1
864691135385011674,864691135639897147,2
864691135385020122,864691135640873531,1
864691135385061611,864691135645367535,1
864691135385126379,864691135639905851,1
864691135385229397,864691135655137986,2
864691135385246549,864691135655414466,4
864691135385251413,864691135644576239,1
864691135385254741,864691135645377519,1
864691135385257045,864691135654948546,2
864691135385257557,864691135655372482,1
864691135385298517,864691135655414466,2
864691135385303637,864691135655127490,1
864691135385343573,864691135640089659,2
864691135385683285,864691135654980546,1
864691135386057301,864691135655028930,1
864691135386127189,864691135654715586,1
864691135386219605,864691135654919106,1
864691135386319445,864691135655372482,1
864691135386322261,864691135639905851,1
864691135386337877,864691135654919106,1
864691135386344277,864691135645062127,1
864691135386350977,864691135654447554,1
864691135386371669,864691135640089659,1
864691135386372481,864691135639897147,1
864691135386372481,864691135655136194,1
864691135386376065,864691135648278724,1
864691135386383189,864691135645065199,1
864691135386383189,864691135655127490,1
864691135386498433,864691135654715586,1
864691135386626133,864691135654948546,1
864691135386640769,864691135654570690,1
864691135386757505,864691135654888898,2
864691135386812033,864691135654280386,1
864691135386897537,864691135655140802,1
864691135387028609,864691135645170671,1
864691135387028609,864691135654953666,1
864691135387028609,864691135655168962,1
864691135387042645,864691135645350895,1
864691135387076693,864691135646353391,1
864691135387181141,864691135654280386,1
864691135387216469,864691135654073282,1
864691135387410049,864691135654919106,2
864691135387523969,864691135654386884,1
864691135387529301,864691135645256687,2
864691135387529301,864691135646053103,1
864691135387529301,864691135654570690,1
864691135387529301,864691135655359938,1
864691135387573633,864691135654447554,1
864691135387604097,864691135655168962,1
864691135387610241,864691135655414466,2
864691135387614849,864691135655140802,1
864691135387736961,864691135640612667,2
864691135387741313,864691135645529583,1
864691135387753601,864691135639901499,1
864691135387794817,864691135639905851,1
864691135387805781,864691135639881275,1
864691135387972693,864691135646053103,1
864691135388061313,864691135654570690,1
864691135388068181,864691135654570690,1
864691135388068181,864691135655359938,2
864691135388190081,864691135640873531,1
864691135388210613,864691135645529583,1
864691135388368001,864691135641008443,1
864691135388396161,864691135645445871,2
864691135388570497,864691135640089659,1
864691135388660865,864691135645529583,1
864691135389225857,864691135655162050,1
864691135389231233,864691135654948546,2
864691135389273217,864691135645256687,1
864691135389273217,864691135646017007,1
864691135389296769,864691135639905851,2
864691135389296769,864691135640089659,3
864691135389296769,864691135654618818,1
864691135389296769,864691135655372482,1
864691135393949173,864691135654618818,1
864691135393950709,864691135654953666,1
864691135393963765,864691135655414466,1
864691135393980405,864691135655140802,1
864691135394009077,864691135655092418,1
864691135394024437,864691135654957762,1
864691135394025717,864691135655140802,1
864691135394270453,864691135654696642,1
864691135394286069,864691135655414466,1
864691135394532085,864691135646841327,1
864691135394532853,864691135654529986,1
864691135394655989,864691135645529583,1
864691135394659061,864691135641505339,1
864691135394681333,864691135654715586,1
864691135394881525,864691135640801083,1
864691135394906101,864691135640089659,1
864691135394911989,864691135640801083,1
864691135394961397,864691135654447554,1
864691135394967797,864691135644642543,1
864691135394969333,864691135645065199,4
864691135394969333,864691135654959810,1
864691135394970101,864691135645170671,1
864691135394977269,864691135645985519,1
864691135394982133,864691135645529583,2
864691135394982133,864691135654919106,2
864691135394982133,864691135655414466,1
864691135395217141,864691135639881275,1
864691135395231477,864691135639884347,1
864691135395231477,864691135645529583,1
864691135395410677,864691135639874107,1
864691135395410677,864691135640089659,1
864691135395410677,864691135645445871,2
864691135395410677,864691135655166402,7
864691135395843573,864691135641505339,1
864691135395843573,864691135655359938,1
864691135395957493,864691135645350895,1
864691135396172533,864691135646017007,1
864691135396290549,864691135645529583,1
864691135396342517,864691135639904059,2
864691135396342517,864691135640013627,1
864691135396342517,864691135644612847,2
864691135396910325,864691135646053103,1
864691135396931573,864691135646053103,1
864691135396940021,864691135646430703,1
864691135396940021,864691135655166402,1
864691135396981237,864691135655676098,1
864691135397055733,864691135641505339,1
864691135397055733,864691135654618818,1
864691135397055733,864691135655676098,1
864691135397058805,864691135654980546,1
864691135397115937,864691135639901499,1
864691135397132321,864691135655414466,1
864691135397174561,864691135654696642,1
864691135397223969,864691135645420015,1
864691135397275169,864691135639905851,1
864691135397419041,864691135644704751,1
864691135397419041,864691135645143279,1
864691135397419041,864691135655168962,1
864691135397449249,864691135655140802,1
864691135397455649,864691135640873531,1
864691135397618465,864691135640089659,1
864691135397781537,864691135646430703,1
864691135397868321,864691135640801083,1
864691135398208033,864691135646017007,1
864691135398560801,864691135645367535,1
864691135398560801,864691135646053103,1
864691135398620193,864691135645544431,1
864691135398717217,864691135640013627,1
864691135398717217,864691135645065199,1
864691135398717217,864691135645521903,2
864691135398717217,864691135654973634,2
864691135398896161,864691135639884347,1
864691135398925345,864691135641489723,1
864691135398955809,864691135640089659,1
864691135398955809,864691135641505339,1
864691135398955809,864691135646017007,1
864691135398955809,864691135646053103,1
864691135398968097,864691135640801083,1
864691135398987297,864691135641505339,1
864691135398987297,864691135655028930,2
864691135403709678,864691135639884347,1
864691135403709678,864691135654696642,1
864691135403711726,864691135645472239,1
864691135403716846,864691135639905851,1
864691135403726830,864691135654953666,1
864691135403732462,864691135645062127,1
864691135403763438,864691135645306351,1
864691135403991790,864691135655028930,1
864691135404077550,864691135645472239,1
864691135404093166,864691135640089659,1
864691135404115438,864691135645350895,1
864691135404120814,864691135645306351,1
864691135404563438,864691135655414466,1
864691135404579566,864691135655414466,1
864691135404923630,864691135646430703,1
864691135405071086,864691135654386884,2
864691135405071086,864691135655127490,1
864691135405224174,864691135655448002,1
864691135405422062,864691135655028930,1
864691135405480430,864691135655028930,1
864691135405691118,864691135640089659,7
864691135405691118,864691135645425903,2
864691135405699822,864691135640873531,1
864691135405725166,864691135645529583,1
864691135405913582,864691135646119919,1
864691135405920238,864691135646053103,1
864691135407272137,864691135641487419,1
864691135407281865,864691135645367535,1
864691135407285449,864691135646353391,1
864691135407300553,864691135654888898,1
864691135407553737,864691135654447554,1
864691135407641545,864691135639869243,5
864691135407641545,864691135655414466,1
864691135407663305,864691135654953666,1
864691135407801801,864691135639904059,1
864691135407983049,864691135645062127,1
864691135407983049,864691135655414466,1
864691135408015305,864691135645377519,1
864691135408055753,864691135655372482,1
864691135408080073,864691135654980802,1
864691135408117961,864691135655140802,1
864691135408208329,864691135640089659,1
864691135408211145,864691135654715586,3
864691135408213193,864691135639901499,1
864691135408228809,864691135646053103,1
864691135408517065,864691135655414466,2
864691135408560329,864691135640013627,1
864691135408641737,864691135655414466,1
864691135408822985,864691135644704751,1
864691135408921033,864691135654280386,1
864691135408983241,864691135646430703,1
864691135409523401,864691135645256687,1
864691135409523401,864691135646053103,1
864691135409523401,864691135654570690,1
864691135409523401,864691135655359938,2
864691135409554121,864691135655051202,3
864691135409554121,864691135655127490,1
864691135409554121,864691135655635394,2
864691135409856713,864691135641008443,2
864691135409856713,864691135641489723,2
864691135410076873,864691135639905851,1
864691135410077897,864691135639869243,1
864691135410077897,864691135655051202,9
864691135410137545,864691135655166402,1
864691135410186441,864691135655028930,1
864691135415457722,864691135654696642,1
864691135415460026,864691135639901499,2
864691135415466682,864691135646119919,1
864691135415498682,864691135655028930,1
864691135415928762,864691135639874107,1
864691135415928762,864691135639897147,1
864691135415928762,864691135639905851,1
864691135415928762,864691135640089659,1
864691135415928762,864691135640801083,1
864691135415958202,864691135640532539,1
864691135415989178,864691135639881275,1
864691135416059578,864691135640013627,1
864691135416106426,864691135644612847,1
864691135416106426,864691135646841327,4
864691135416106426,864691135654715586,1
864691135416372666,864691135654108610,1
864691135416382650,864691135654622658,1
864691135416554426,864691135654570690,1
864691135416580538,864691135654447554,2
864691135416703162,864691135654715586,1
864691135417253306,864691135654948546,1
864691135417780154,864691135645529583,1
864691135417780154,864691135655168962,1
864691135417784506,864691135654953666,1
864691135417830330,864691135646017007,1
864691135418002874,864691135646841327,3
864691135418002874,864691135654529986,1
864691135418002874,864691135654715586,1
864691135418240698,864691135645350895,1
864691135418240698,864691135654980802,1
864691135418399418,864691135640482363,1
864691135418399418,864691135641008443,1
864691135418399418,864691135641487419,1
864691135418399418,864691135646430703,1
864691135418399418,864691135655359938,1
864691135418402234,864691135655028930,1
864691135418449850,864691135641008443,2
864691135428514608,864691135645367535,1
864691135428761648,864691135639905851,1
864691135428771632,864691135645291503,1
864691135428771632,864691135654980802,1
864691135428961072,864691135646353391,1
864691135428968496,864691135645306351,1
864691135428987952,864691135654948546,1
864691135429003056,864691135645472239,1
864691135429291312,864691135646841327,1
864691135429291312,864691135654529986,1
864691135429291312,864691135654954434,1
864691135429346352,864691135645472239,1
864691135429386288,864691135654447554,1
864691135429421872,864691135645062127,1
864691135429430576,864691135654696642,2
864691135429448240,864691135654715586,1
864691135429495600,864691135640185915,1
864691135429586992,864691135645163857,4
864691135429590320,864691135654280386,2
864691135429597232,864691135655448002,1
864691135429603120,864691135654447554,3
864691135429624368,864691135655136194,1
864691135429690160,864691135654529986,1
864691135429691184,864691135655414466,2
864691135429831216,864691135654280386,1
864691135429868080,864691135655414466,1
864691135429875760,864691135655414466,1
864691135429932848,864691135654948546,1
864691135430169648,864691135645163857,1
864691135430204720,864691135640873531,1
864691135430275120,864691135646017007,1
864691135430313264,864691135655359938,1
864691135430388784,864691135646430703,1
864691135430398000,864691135640089659,1
864691135430569776,864691135645425903,4
864691135430747184,864691135655051202,1
864691135430747184,864691135655635394,1
864691135430749232,864691135654948546,1
864691135430834736,864691135655676098,1
864691135431042352,864691135654888898,1
864691135431070512,864691135646430703,1
864691135431304496,864691135639905851,1
864691135431456816,864691135655635394,1
864691135431527154,864691135654045634,1
864691135431579440,864691135648278724,1
864691135431633200,864691135641008443,1
864691135431677744,864691135639905851,2
864691135431677744,864691135645163857,1
864691135431677744,864691135654618818,1
864691135431677744,864691135654622658,1
864691135431677744,864691135655166402,1
864691135431710256,864691135655359938,1
864691135431794224,864691135641008443,1
864691135431820848,864691135645163857,1
864691135431820848,864691135655372482,1
864691135431870256,864691135654948546,1
864691135431870256,864691135655676098,1
864691135431931184,864691135640612667,1
864691135431931184,864691135645163857,1
864691135431976496,864691135645350895,1
864691135431978800,864691135644704751,1
864691135431978800,864691135654715586,1
864691135431978800,864691135655414466,1
864691135431993904,864691135654948546,6
864691135431993904,864691135655676098,2
864691135437154546,864691135654696642,1
864691135440456520,864691135645472239,1
864691135440456520,864691135646353391,1
864691135440457544,864691135654953666,1
864691135440458056,864691135644576239,1
864691135440463176,864691135644612847,1
864691135440463176,864691135654715586,1
864691135440473160,864691135654108610,1
864691135440487240,864691135640013627,2
864691135440501064,864691135654948546,1
864691135440510280,864691135644642543,1
864691135440517704,864691135654954434,3
864691135440678984,864691135645445871,1
864691135441281608,864691135641487419,1
864691135441344584,864691135645420015,1
864691135441472328,864691135648278724,1
864691135441478984,864691135639905851,1
864691135441564744,864691135645524719,2
864691135441581640,864691135655140802,1
864691135441787208,864691135639897147,1
864691135441787208,864691135639901499,1
864691135441787208,864691135645377519,2
864691135441787208,864691135646430703,1
864691135441788488,864691135655140802,1
864691135441796936,864691135644704751,1
864691135441988424,864691135654948546,1
864691135442044744,864691135639881275,2
864691135442044744,864691135639904059,1
864691135442209096,864691135645350895,1
864691135442392136,864691135644576239,1
864691135442462024,864691135640801083,2
864691135442591048,864691135640873531,1
864691135442682696,864691135654529986,1
864691135442754376,864691135646017007,1
864691135442766408,864691135655676098,1
864691135442839112,864691135641489723,1
864691135442839112,864691135641505339,5
864691135442839112,864691135655028930,9
864691135442839112,864691135655359938,1
864691135443007730,864691135654386884,1
864691135445554578,864691135644704751,1
864691135445560466,864691135655448002,1
864691135445890706,864691135645529583,1
864691135445912978,864691135655140802,1
864691135445998226,864691135640612667,1
864691135446037394,864691135640013627,2
864691135446037394,864691135654954434,1
864691135446065810,864691135640013627,1
864691135446065810,864691135644704751,2
864691135446065810,864691135645065199,2
864691135446065810,864691135645143279,2
864691135446065810,864691135655168962,1
864691135446065810,864691135655414466,1
864691135446128274,864691135655127490,1
864691135446326674,864691135645393647,1
864691135446395538,864691135654447554,2
864691135446395538,864691135654919106,1
864691135446502034,864691135648278724,1
864691135446560658,864691135655414466,1
864691135446574738,864691135639881275,1
864691135446607188,864691135645065199,1
864691135446610516,864691135654948546,2
864691135446631252,864691135645306351,1
864691135446639444,864691135655448002,1
864691135446645332,864691135645529583,2
864691135446785426,864691135639905851,2
864691135446808722,864691135655137986,2
864691135446857618,864691135639901499,1
864691135446890130,864691135655029186,1
864691135446933332,864691135654447554,1
864691135446934100,864691135646841327,1
864691135446955860,864691135639904059,1
864691135447051860,864691135654529986,2
864691135447054164,864691135654953666,1
864691135447073938,864691135654696642,1
864691135447321490,864691135640532539,1
864691135447452500,864691135645433071,1
864691135447491668,864691135654948546,1
864691135447560276,864691135654919106,1
864691135447569236,864691135639881275,1
864691135447569236,864691135639904059,1
864691135447698772,864691135646841327,1
864691135447777682,864691135655028930,1
864691135448139666,864691135639884347,1
864691135448139666,864691135645544431,1
864691135448188562,864691135654948546,1
864691135448212882,864691135655372482,1
864691135448215698,864691135641487419,1
864691135448316562,864691135655676098,1
864691135448361044,864691135655028930,1
864691135448752212,864691135655028930,1
864691135448811860,864691135639897147,2
864691135448811860,864691135645544431,1
864691135454044522,864691135645524719,1
864691135454047082,864691135654696642,2
864691135454067562,864691135654409412,1
864691135454090090,864691135655140802,1
864691135454384490,864691135645377519,1
864691135454496874,864691135654953666,1
864691135454801002,864691135646119919,1
864691135454817898,864691135644704751,1
864691135454878570,864691135655414466,9
864691135455046250,864691135654386884,1
864691135455054186,864691135644704751,2
864691135455060074,864691135654696642,1
864691135455218026,864691135640532539,1
864691135455264362,864691135640013627,1
864691135455279466,864691135655028930,2
864691135455485802,864691135654948546,1
864691135455599722,864691135646119919,1
864691135455689578,864691135641505339,1
864691135455689578,864691135654618818,1
864691135455689578,864691135654696642,1
864691135455689578,864691135654980802,1
864691135455819114,864691135645256687,1
864691135455819114,864691135655359938,1
864691135456054212,864691135654108610,1
864691135456054212,864691135654529986,4
864691135456054212,864691135655129026,3
864691135456095082,864691135639901499,1
864691135456207722,864691135640873531,1
864691135456216426,864691135645367535,1
864691135456535658,864691135641505339,2
864691135456535658,864691135646017007,1
864691135456535658,864691135655028930,1
864691135456535658,864691135655359938,2
864691135456629866,864691135655359938,1
864691135456839018,864691135640801083,1
864691135456920938,864691135654715586,2
864691135459719108,864691135655414466,1
864691135462420637,864691135655414466,1
864691135462541725,864691135645521903,1
864691135462714686,864691135654529986,1
864691135462737470,864691135645143279,1
864691135462745918,864691135655140802,1
864691135462749246,864691135640185915,1
864691135462749246,864691135640482363,2
864691135462749246,864691135655448002,3
864691135462781502,864691135639881275,1
864691135462781502,864691135654953666,2
864691135462857117,864691135639881275,1
864691135462857117,864691135654953666,2
864691135462886557,864691135639901499,1
864691135462918301,864691135640873531,1
864691135463063965,864691135646841327,1
864691135463066686,864691135654919106,1
864691135463178909,864691135654948546,1
864691135463242909,864691135655137986,1
864691135463242909,864691135655448002,1
864691135463337373,864691135655414466,1
864691135463340189,864691135655448002,1
864691135463407005,864691135655414466,1
864691135463464254,864691135654980546,1
864691135463521093,864691135655028930,1
864691135463548734,864691135655448002,1
864691135463606846,864691135640089659,1
864691135463653438,864691135639901499,4
864691135463654045,864691135655136194,2
864691135463654301,864691135648278724,1
864691135463777349,864691135655635394,1
864691135463777861,864691135645529583,1
864691135463777861,864691135655168962,1
864691135463909957,864691135641487419,1
864691135463956542,864691135645065199,1
864691135463956542,864691135645393647,1
864691135463956542,864691135655168962,1
864691135464065854,864691135639884347,1
864691135464076701,864691135645065199,2
864691135464076701,864691135645521903,1
864691135464076701,864691135654570690,1
864691135464076701,864691135654973634,1
864691135464076701,864691135655127490,1
864691135464076701,864691135655635394,1
864691135464161349,864691135654888898,1
864691135464166718,864691135654280386,1
864691135464273982,864691135645521903,1
864691135464273982,864691135654715586,2
864691135464289093,864691135640013627,1
864691135464471965,864691135641008443,1
864691135464471965,864691135645163857,2
864691135464482629,864691135654447554,1
864691135464593470,864691135640089659,2
864691135464632901,864691135639905851,1
864691135464632901,864691135654280386,1
864691135464643653,864691135646053103,1
864691135464703901,864691135655168962,1
864691135464709533,864691135646017007,1
864691135464714565,864691135639869243,1
864691135464714565,864691135639881275,1
864691135464726941,864691135654570690,1
864691135464739902,864691135655372482,1
864691135464740677,864691135655137986,1
864691135464789310,864691135645472239,1
864691135464828317,864691135639897147,1
864691135464828317,864691135639905851,2
864691135464828317,864691135655372482,1
864691135464921406,864691135640185915,1
864691135464921406,864691135640482363,4
864691135464921406,864691135655028930,2
864691135464921406,864691135655092418,3
864691135464921406,864691135655635394,2
864691135464948381,864691135655359938,2
864691135464948381,864691135655372482,1
864691135464995134,864691135646017007,1
864691135465001373,864691135639897147,1
864691135465001373,864691135646017007,5
864691135465001373,864691135655359938,2
864691135465036350,864691135639901499,2
864691135465064510,864691135654570690,1
864691135465107869,864691135645062127,1
864691135465142429,864691135639901499,2
864691135465142429,864691135655028930,1
864691135465170238,864691135645425903,2
864691135465170238,864691135654980802,1
864691135465194053,864691135646119919,1
864691135465197981,864691135645377519,1
864691135465254469,864691135640873531,1
864691135465306693,864691135655136194,1
864691135465342533,864691135641487419,1
864691135465546309,864691135645350895,1
864691135465551429,864691135655051202,1
864691135465583685,864691135654409412,1
864691135465599045,864691135654948546,2
864691135466025285,864691135645524719,1
864691135466236229,864691135654618818,1
864691135466243397,864691135655166402,2
864691135466392901,864691135655414466,1
864691135466405957,864691135640612667,2
864691135466405957,864691135645163857,1
864691135466440261,864691135639905851,1
864691135466440261,864691135645163857,1
864691135467536780,864691135646841327,2
864691135467537292,864691135655635394,1
864691135467539340,864691135654980546,1
864691135467542156,864691135655168962,1
864691135467554700,864691135655136194,1
864691135467575436,864691135645445871,1
864691135467584396,864691135654280386,2
864691135467697804,864691135645420015,1
864691135467875724,864691135639901499,1
864691135467875724,864691135645350895,1
864691135468075916,864691135646841327,3
864691135468144722,864691135640089659,2
864691135468144722,864691135654696642,2
864691135468342866,864691135655168962,4
864691135468400722,864691135644704751,1
864691135468407890,864691135645143279,1
864691135468408402,864691135644642543,1
864691135468408402,864691135646841327,1
864691135468408402,864691135654108610,3
864691135468408402,864691135654715586,4
864691135468440146,864691135655005122,1
864691135468468364,864691135640801083,1
864691135468492684,864691135655359938,1
864691135468503634,864691135645377519,1
864691135468519564,864691135655005122,1
864691135468535692,864691135655140802,2
864691135468553868,864691135655029186,1
864691135468652626,864691135654447554,1
864691135468652626,864691135655129026,1
864691135468655500,864691135641489723,1
864691135468682636,864691135645306351,2
864691135468696972,864691135655166402,1
864691135468706700,864691135645367535,3
864691135468706700,864691135645521903,9
864691135468706700,864691135654973634,1
864691135468706700,864691135655162050,6
864691135468850514,864691135639874107,1
864691135468952972,864691135645350895,1
864691135469009490,864691135639881275,1
864691135469089362,864691135640873531,2
864691135469090898,864691135639869243,11
864691135469295756,864691135644576239,1
864691135469312594,864691135645350895,1
864691135469446482,864691135639897147,2
864691135469490514,864691135654973634,2
864691135469512332,864691135654409412,1
864691135469515148,864691135639884347,1
864691135469527122,864691135640612667,1
864691135469552978,864691135654953666,1
864691135469566802,864691135645377519,1
864691135469802124,864691135639874107,1
864691135469802124,864691135640089659,3
864691135469802124,864691135654696642,1
864691135469802124,864691135655372482,2
864691135469885068,864691135639901499,1
864691135469895308,864691135639897147,2
864691135469895308,864691135639905851,1
864691135469895308,864691135640873531,1
864691135470061394,864691135646353391,1
864691135470061394,864691135654409412,1
864691135470061394,864691135654953666,1
864691135470061394,864691135655005122,1
864691135470097746,864691135646017007,2
864691135470680658,864691135640873531,1
864691135470684498,864691135641489723,1
864691135470776146,864691135639905851,1
864691135470776146,864691135646053103,3
864691135470776146,864691135654618818,1
864691135470820946,864691135648278724,2
864691135470820946,864691135654953666,3
864691135470820946,864691135655005122,2
864691135470833746,864691135645163857,1
864691135470883922,864691135641505339,1
864691135470883922,864691135646017007,1
864691135470883922,864691135654618818,1
864691135470892882,864691135641489723,1
864691135470942290,864691135655372482,1
864691135470966354,864691135648278724,2
864691135472017970,864691135645445871,1
864691135472017970,864691135654280386,1
864691135472017970,864691135655136194,1
864691135472037682,864691135654973634,1
864691135472040498,864691135655137986,1
864691135472041266,864691135641487419,1
864691135472053042,864691135655414466,1
864691135472072242,864691135648278724,1
864691135472072242,864691135655448002,1
864691135472074034,864691135654919106,1
864691135472591154,864691135654529986,1
864691135472807474,864691135639881275,2
864691135472961842,864691135640089659,2
864691135472961842,864691135655136194,1
864691135472976178,864691135655414466,1
864691135472988978,864691135645143279,1
864691135473351218,864691135639897147,1
864691135473417010,864691135645433071,2
864691135473444658,864691135639904059,2
864691135474312754,864691135655028930,1
864691135474388466,864691135645377519,1
864691135474481458,864691135655372482,1
864691135474572082,864691135640873531,1
864691135474602048,864691135654953666,1
864691135474606144,864691135654529986,1
864691135474609984,864691135645445871,1
864691135474613312,864691135655676098,1
864691135474615616,864691135655092418,1
864691135474641202,864691135641505339,1
864691135474645824,864691135655140802,1
864691135474670656,864691135654570690,1
864691135474686528,864691135645524719,1
864691135474698560,864691135654280386,1
864691135474698560,864691135654888898,2
864691135474709568,864691135645377519,1
864691135474748736,864691135654715586,1
864691135474774592,864691135654045634,1
864691135475147072,864691135655136194,1
864691135475184960,864691135644611311,1
864691135475426624,864691135654409412,1
864691135475454528,864691135654529986,1
864691135475514944,864691135639897147,1
864691135475514944,864691135655359938,1
864691135475562048,864691135640089659,2
864691135475610432,864691135654529986,1
864691135475785792,864691135654973634,1
864691135475797568,864691135654529986,1
864691135475995968,864691135639869243,5
864691135475995968,864691135639881275,1
864691135475995968,864691135655137986,1
864691135475995968,864691135655448002,1
864691135476041792,864691135645425903,1
864691135476091048,864691135648278724,1
864691135476103488,864691135654409412,2
864691135476121000,864691135654919106,1
864691135476137896,864691135655140802,1
864691135476138408,864691135644611311,1
864691135476161192,864691135641505339,3
864691135476166568,864691135645529583,2
864691135476170664,864691135655136194,3
864691135476322624,864691135654973634,1
864691135476431680,864691135654980802,7
864691135476542632,864691135640013627,1
864691135476561320,864691135640612667,1
864691135476561320,864691135641008443,1
864691135476574376,864691135645420015,1
864691135476737704,864691135639904059,1
864691135476770216,864691135655168962,1
864691135476804776,864691135645745135,1
864691135476902208,864691135640532539,1
864691135476902208,864691135644576239,1
864691135476968000,864691135640013627,1
864691135476968000,864691135640185915,2
864691135476968000,864691135641487419,5
864691135476968000,864691135655092418,3
864691135476968000,864691135655635394,1
864691135477000616,864691135645445871,1
864691135477013928,864691135645524719,2
864691135477022120,864691135655168962,1
864691135477034920,864691135654529986,1
864691135477079104,864691135655166402,3
864691135477107520,864691135639901499,1
864691135477202600,864691135644704751,4
864691135477266752,864691135640089659,1
864691135477266752,864691135645291503,1
864691135477375808,864691135655676098,1
864691135477474624,864691135654948546,3
864691135477490496,864691135645521903,1
864691135477511592,864691135645163857,2
864691135477530176,864691135640013627,1
864691135477555112,864691135639897147,1
864691135477584704,864691135655676098,2
864691135477826472,864691135654980546,1
864691135477826472,864691135655136194,2
864691135477976744,864691135640089659,1
864691135477976744,864691135645425903,3
864691135478175656,864691135645367535,1
864691135478175656,864691135646119919,1
864691135478175656,864691135654570690,3
864691135478175656,864691135655635394,2
864691135478189480,864691135646430703,1
864691135478268840,864691135639897147,1
864691135478268840,864691135655635394,1
864691135478275782,864691135655414466,1
864691135478284456,864691135639897147,1
864691135478289606,864691135645170671,1
864691135478305734,864691135655414466,1
864691135478307014,864691135655140802,1
864691135478404520,864691135639905851,4
864691135478404520,864691135655359938,4
864691135478433192,864691135639901499,1
864691135478433192,864691135640873531,1
864691135478492840,864691135655168962,3
864691135478526632,864691135654409412,1
864691135478581446,864691135654696642,1
864691135478594728,864691135639901499,1
864691135478645190,864691135645420015,1
864691135478663366,864691135654953666,1
864691135478727366,864691135655028930,1
864691135479244486,864691135655676098,1
864691135479258054,864691135655414466,1
864691135479404230,864691135639884347,1
864691135479549894,864691135644704751,1
864691135479709638,864691135641008443,1
864691135480172742,864691135644576239,1
864691135480182982,864691135639901499,1
864691135480182982,864691135646430703,1
864691135480537542,864691135639901499,1
864691135480537542,864691135640873531,1
864691135480537542,864691135645350895,1
864691135480553414,864691135639869243,1
864691135480553414,864691135654108610,2
864691135480553414,864691135654529986,2
864691135480553414,864691135654715586,2
864691135480553414,864691135655129026,1
864691135480592838,864691135646119919,1
864691135480725190,864691135655414466,1
864691135481007814,864691135655028930,1
864691135481144518,864691135654715586,1
864691135481144518,864691135655414466,1
864691135488282426,864691135640089659,1
864691135488491066,864691135654447554,3
864691135488491066,864691135654919106,1
864691135488742714,864691135639904059,1
864691135488749370,864691135645170671,1
864691135488751162,864691135639869243,1
864691135488751162,864691135654715586,1
864691135489048890,864691135640801083,1
864691135489091386,864691135645143279,1
864691135489091386,864691135655168962,1
864691135489178938,864691135655414466,1
864691135489186106,864691135645529583,1
864691135489186106,864691135645544431,2
864691135489943354,864691135654386884,1
864691135489943354,864691135655168962,1
864691135489971002,864691135655372482,1
864691135490054202,864691135645985519,1
864691135490054202,864691135654280386,1
864691135490054202,864691135654696642,1
864691135490054202,864691135655136194,4
864691135490101818,864691135641008443,1
864691135490110266,864691135654108610,1
864691135490216807,864691135654409412,1
864691135490233959,864691135645521903,1
864691135490461754,864691135654948546,8
864691135490461754,864691135655676098,3
864691135490472039,864691135645350895,1
864691135490552378,864691135646053103,3
864691135490562151,864691135645745135,1
864691135490569959,864691135644599791,1
864691135490578490,864691135641505339,1
864691135490578490,864691135646353391,1
864691135490588986,864691135639901499,2
864691135490588986,864691135654948546,1
864691135490588986,864691135655028930,2
864691135490589799,864691135654108610,2
864691135490589799,864691135654529986,1
864691135490589799,864691135655129026,1
864691135490589799,864691135655140802,1
864691135490589927,864691135654386884,1
864691135490593767,864691135645350895,1
864691135490596071,864691135645445871,1
864691135490597607,864691135654529986,1
864691135490692455,864691135639869243,1
864691135490778215,864691135645306351,1
864691135490821095,864691135654386884,1
864691135490863975,864691135640089659,3
864691135490946151,864691135654447554,1
864691135490984807,864691135655448002,1
864691135490984807,864691135655635394,1
864691135491044327,864691135654953666,1
864691135491069799,864691135646119919,1
864691135491084519,864691135645521903,2
864691135491093095,864691135654696642,1
864691135491118439,864691135640801083,1
864691135491135335,864691135644612847,1
864691135491135335,864691135654715586,1
864691135491209311,864691135654953666,1
864691135491226207,864691135644642543,5
864691135491226207,864691135646841327,1
864691135491239007,864691135645163857,3
864691135491249759,864691135655414466,2
864691135491288295,864691135640089659,1
864691135491341799,864691135645529583,1
864691135491479655,864691135646053103,1
864691135491522023,864691135645445871,1
864691135491532647,864691135639901499,1
864691135491557351,864691135645544431,1
864691135491593447,864691135655140802,2
864691135491665639,864691135655137986,1
864691135491805927,864691135655676098,1
864691135491837671,864691135654447554,2
864691135491847775,864691135654696642,1
864691135491861735,864691135639881275,1
864691135492050663,864691135655140802,1
864691135492146015,864691135655140802,1
864691135492218463,864691135655140802,1
864691135492224351,864691135645472239,1
864691135492233055,864691135654280386,1
864691135492309599,864691135654447554,1
864691135492320103,864691135640089659,1
864691135492348255,864691135644599791,1
864691135492348255,864691135645445871,1
864691135492352095,864691135644642543,1
864691135492359007,864691135641487419,3
864691135492372831,864691135641008443,1
864691135492398055,864691135640013627,3
864691135492398055,864691135646119919,2
864691135492405863,864691135640013627,2
864691135492405863,864691135644612847,1
864691135492405863,864691135655051202,1
864691135492405863,864691135655127490,1
864691135492431199,864691135655028930,1
864691135492431719,864691135654529986,5
864691135492431719,864691135655129026,1
864691135492431719,864691135655140802,2
864691135492460903,864691135655051202,1
864691135492481511,864691135654618818,1
864691135492595807,864691135655028930,1
864691135492623591,864691135655137986,1
864691135492633183,864691135654696642,1
864691135492665959,864691135641008443,2
864691135492665959,864691135641489723,3
864691135492693599,864691135654953666,1
864691135492706919,864691135645062127,1
864691135492706919,864691135654954434,1
864691135492835175,864691135645065199,2
864691135492835175,864691135654973634,1
864691135492855399,864691135655051202,1
864691135492868967,864691135639897147,1
864691135492869223,864691135654948546,1
864691135492869223,864691135655676098,1
864691135492871783,864691135641505339,1
864691135492871783,864691135655359938,2
864691135492879463,864691135655166402,1
864691135493079783,864691135646841327,1
864691135493100383,864691135639897147,1
864691135493149927,864691135641008443,1
864691135493217511,864691135639884347,1
864691135493217511,864691135654618818,1
864691135493222375,864691135641505339,2
864691135493222375,864691135645377519,1
864691135493222375,864691135654948546,7
864691135493222375,864691135655676098,2
864691135493224167,864691135641489723,1
864691135493224167,864691135655372482,1
864691135493241063,864691135654980546,1
864691135493665631,864691135655359938,1
864691135493807455,864691135645065199,1
864691135493974672,864691135639897147,1
864691135494070416,864691135654108610,2
864691135494079888,864691135654447554,1
864691135494329744,864691135640482363,1
864691135494471824,864691135640185915,1
864691135494685840,864691135654447554,1
864691135494876816,864691135655168962,1
864691135494908816,864691135645529583,1
864691135494946192,864691135655448002,1
864691135495084432,864691135644704751,1
864691135495137680,864691135639881275,1
864691135495150736,864691135654957762,1
864691135495170448,864691135655028930,1
864691135495184016,864691135654953666,1
864691135495222160,864691135655137986,1
864691135495529360,864691135639897147,5
864691135495796880,864691135639905851,1
864691135495925392,864691135645472239,1
864691135495952016,864691135654280386,1
864691135496339088,864691135644642543,1
864691135496383120,864691135644612847,1
864691135496606352,864691135641008443,1
864691135497612051,864691135655676098,1
864691135497637907,864691135654570690,1
864691135497646099,864691135655676098,1
864691135497962003,864691135654529986,1
864691135497962003,864691135654715586,1
864691135497962003,864691135655129026,1
864691135498040851,864691135640801083,1
864691135498046483,864691135639901499,1
864691135498265619,864691135644704751,2
864691135498265619,864691135654073282,1
864691135498442515,864691135654919106,1
864691135498442515,864691135655029186,1
864691135498541331,864691135654280386,1
864691135498544147,864691135640532539,1
864691135498723859,864691135645524719,1
864691135498979603,864691135655140802,1
864691135499231763,864691135646053103,1
864691135499231763,864691135655676098,1
864691135499385107,864691135639881275,2
864691135499385107,864691135654529986,1
864691135499616019,864691135646017007,1
864691135499616019,864691135655359938,1
864691135499635731,864691135654980546,2
864691135499967251,864691135640089659,1
864691135499967251,864691135640801083,2
864691135500021011,864691135655372482,1
864691135501548866,864691135655414466,1
864691135501556802,864691135641489723,1
864691135501566530,864691135654529986,1
864691135501572930,864691135654447554,1
864691135501587010,864691135639904059,1
864691135501588290,864691135654529986,1
864691135501588290,864691135655140802,1
864691135501703746,864691135655414466,1
864691135501802077,864691135654919106,1
864691135501827421,864691135648278724,1
864691135501839197,864691135645065199,1
864691135501927517,864691135645544431,1
864691135501971037,864691135655414466,1
864691135502033333,864691135639869243,1
864691135502042293,864691135654953666,1
864691135502050485,864691135645306351,1
864691135502050485,864691135655414466,1
864691135502052789,864691135654696642,1
864691135502059869,864691135646353391,1
864691135502145346,864691135655676098,1
864691135502166594,864691135645062127,1
864691135502195805,864691135640482363,1
864691135502195805,864691135655635394,1
864691135502309725,864691135640089659,1
864691135502309725,864691135645291503,1
864691135502381378,864691135645544431,1
864691135502396085,864691135654570690,1
864691135502489154,864691135655143106,1
864691135502527042,864691135655168962,1
864691135502601026,864691135645529583,1
864691135502605661,864691135654447554,1
864691135502610242,864691135654529986,2
864691135502618434,864691135654529986,1
864691135502618434,864691135655140802,1
864691135502630466,864691135654529986,2
864691135502663005,864691135645445871,1
864691135502663005,864691135654696642,1
864691135502742621,864691135654957762,1
864691135502742621,864691135655168962,1
864691135502757813,864691135654948546,1
864691135502788021,864691135654447554,1
864691135502824885,864691135654973634,1
864691135502833077,864691135640089659,1
864691135502837597,864691135655414466,2
864691135502842205,864691135654980546,1
864691135502934709,864691135640089659,1
864691135502939829,864691135645350895,1
864691135502944949,864691135655140802,1
864691135502989749,864691135644642543,1
864691135502990261,864691135654280386,1
864691135503001781,864691135639881275,1
864691135503285058,864691135654948546,1
864691135503288642,864691135639884347,1
864691135503448898,864691135646017007,1
864691135503466818,864691135654529986,1
864691135503501749,864691135654108610,1
864691135503501749,864691135654715586,2
864691135503553885,864691135654386884,1
864691135503639901,864691135655136194,1
864691135503644226,864691135645291503,1
864691135503681717,864691135639869243,1
864691135503681717,864691135655137986,1
864691135503681717,864691135655635394,1
864691135503724354,864691135639901499,1
864691135503724354,864691135654280386,1
864691135503810244,864691135640089659,1
864691135503898461,864691135646017007,1
864691135503898461,864691135646430703,1
864691135503959221,864691135645521903,1
864691135503963202,864691135654948546,1
864691135504077634,864691135655372482,1
864691135504134722,864691135654409412,1
864691135504202845,864691135644612847,2
864691135504202845,864691135654973634,3
864691135504202845,864691135655127490,1
864691135504233141,864691135645350895,1
864691135504288861,864691135654280386,1
864691135504319837,864691135645350895,1
864691135508687625,864691135655137986,1
864691135508702729,864691135654953666,1
864691135508712969,864691135654073282,1
864691135508719625,864691135646353391,1
864691135508726025,864691135654696642,1
864691135508975300,864691135645985519,1
864691135509002249,864691135645306351,1
864691135509016329,864691135654696642,1
864691135509394697,864691135644704751,1
864691135509544457,864691135645306351,1
864691135509662217,864691135654948546,3
864691135509679113,864691135644704751,1
864691135509701385,864691135645445871,1
864691135509711369,864691135644612847,1
864691135509757449,864691135644704751,1
864691135509900297,864691135646841327,2
864691135509900297,864691135654715586,2
864691135510267401,864691135646353391,2
864691135510411472,864691135654948546,1
864691135510436816,864691135654529986,2
864691135510444553,864691135645745135,1
864691135510478601,864691135639905851,1
864691135510502352,864691135639881275,1
864691135510596873,864691135654409412,2
864691135510596873,864691135654570690,1
864691135510607369,864691135639905851,2
864691135510607369,864691135640801083,2
864691135510632201,864691135645445871,1
864691135510820816,864691135655028930,2
864691135510858738,864691135654953666,1
864691135510887376,864691135646119919,2
864691135510888144,864691135655140802,2
864691135510928336,864691135640089659,1
864691135510959824,864691135639905851,3
864691135510959824,864691135655372482,1
864691135511117321,864691135639901499,1
864691135511199753,864691135639874107,1
864691135511256585,864691135641489723,1
864691135511256585,864691135655372482,2
864691135511274704,864691135654073282,1
864691135511283465,864691135654948546,1
864691135511454729,864691135655676098,1
864691135511802576,864691135655414466,1
864691135512020944,864691135655140802,2
864691135512026064,864691135645420015,1
864691135512052944,864691135654948546,1
864691135512118224,864691135654948546,1
864691135512170448,864691135639897147,1
864691135512170448,864691135645377519,1
864691135512589776,864691135645350895,1
864691135512647632,864691135655137986,1
864691135512647632,864691135655414466,1
864691135512677072,864691135646430703,1
864691135514927090,864691135644704751,3
864691135515250418,864691135655137986,1
864691135515910355,864691135654948546,1
864691135515913683,864691135640801083,1
864691135515936723,864691135655414466,1
864691135515947475,864691135640612667,1
864691135515952339,864691135641487419,1
864691135516195795,864691135644704751,1
864691135516269779,864691135655448002,1
864691135516673491,864691135644704751,1
864691135516726227,864691135645472239,1
864691135516737491,864691135654953666,2
864691135516740051,864691135640532539,1
864691135516879827,864691135654108610,2
864691135516879827,864691135655129026,2
864691135516884691,864691135655028930,1
864691135516888787,864691135655143106,1
864691135516899795,864691135645306351,1
864691135516900307,864691135655136194,1
864691135516904659,864691135654529986,1
864691135516909779,864691135655051202,2
864691135517315795,864691135641487419,4
864691135517332106,864691135654953666,1
864691135517338250,864691135644576239,1
864691135517374346,864691135646841327,1
864691135517374858,864691135655414466,1
864691135517376211,864691135640873531,1
864691135517621130,864691135645377519,1
864691135517678730,864691135639901499,2
864691135517712778,864691135644704751,1
864691135517773706,864691135654618818,1
864691135517773706,864691135654948546,9
864691135517936339,864691135645367535,1
864691135517936339,864691135645433071,1
864691135518196362,864691135655676098,1
864691135518276563,864691135645377519,1
864691135518277258,864691135654447554,1
864691135518373770,864691135654447554,1
864691135518398090,864691135639904059,1
864691135518453642,864691135645524719,1
864691135518495699,864691135640873531,1
864691135518694282,864691135640482363,1
864691135518694282,864691135655028930,2
864691135518821002,864691135640873531,1
864691135518890122,864691135645062127,1
864691135518928522,864691135641487419,1
864691135519404682,864691135645521903,1
864691135519404682,864691135654409412,1
864691135519404682,864691135655005122,1
864691135519404682,864691135655028930,1
864691135519404682,864691135655168962,1
864691135519572874,864691135655676098,1
864691135519629194,864691135654980546,1
864691135519632266,864691135654529986,9
864691135519632266,864691135655129026,2
864691135520007562,864691135654948546,3
864691135520154250,864691135639897147,2
864691135520154250,864691135640873531,8
864691135520170378,864691135641489723,2
864691135520262282,864691135655028930,1
864691135526064219,864691135639904059,1
864691135526073435,864691135645062127,1
864691135526089307,864691135654529986,1
864691135526097243,864691135654696642,1
864691135526109275,864691135640089659,1
864691135526284891,864691135655168962,1
864691135526528603,864691135639904059,1
864691135526672987,864691135655140802,1
864691135526732379,864691135654959810,1
864691135526738011,864691135644629999,1
864691135526909787,864691135654386884,1
864691135526909787,864691135654953666,1
864691135526912091,864691135644704751,2
864691135526912091,864691135655137986,1
864691135526914907,864691135639901499,1
864691135526922075,864691135645425903,2
864691135526932059,864691135654447554,2
864691135527121243,864691135645291503,1
864691135527289435,864691135654529986,2
864691135527555163,864691135654948546,1
864691135528089179,864691135646053103,1
864691135528193883,864691135640873531,1
864691135528255940,864691135645350895,1
864691135528255940,864691135645377519,1
864691135538114034,864691135645529583,1
864691135538114034,864691135654386884,3
864691135538124146,864691135640482363,1
864691135538124402,864691135645377519,1
864691135538132594,864691135654980546,1
864691135538132594,864691135655136194,1
864691135538134898,864691135655143106,1
864691135538479858,864691135655414466,1
864691135538883954,864691135655372482,1
864691135538906994,864691135654529986,1
864691135539002738,864691135655029186,1
864691135539187826,864691135645529583,1
864691135539308146,864691135639905851,1
864691135539317618,864691135640089659,1
864691135539368562,864691135639884347,1
864691135539629170,864691135640612667,1
864691135539634290,864691135639901499,1
864691135539775858,864691135654696642,1
864691135539797618,864691135640089659,1
864691135540002930,864691135640089659,1
864691135540002930,864691135645425903,1
864691135540002930,864691135654980802,1
864691135540028274,864691135654948546,3
864691135540028274,864691135655676098,1
864691135540439154,864691135641489723,1
864691135540439154,864691135655028930,1
864691135540454770,864691135641008443,1
864691135540454770,864691135645163857,1
864691135540488818,864691135641505339,1
864691135540488818,864691135654948546,2
864691135540650948,864691135646430703,1
864691135544352296,864691135654954434,1
864691135544373544,864691135645544431,1
864691135544396072,864691135644642543,1
864691135544396072,864691135655414466,2
864691135544397352,864691135640013627,1
864691135544397352,864691135644612847,1
864691135544412968,864691135644704751,1
864691135544421416,864691135645256687,1
864691135544647976,864691135654954434,1
864691135544750888,864691135640612667,1
864691135545108520,864691135645745135,1
864691135545146664,864691135654954434,1
864691135545256488,864691135646841327,1
864691135545266216,864691135639869243,1
864691135545285672,864691135655166402,2
864691135545391656,864691135639904059,1
864691135545417256,864691135655140802,2
864691135545464104,864691135654409412,1
864691135545555752,864691135645256687,1
864691135545854248,864691135655372482,1
864691135545878824,864691135645143279,1
864691135545971752,864691135645065199,1
864691135545971752,864691135654973634,1
864691135546004008,864691135655414466,1
864691135546142504,864691135644576239,1
864691135546142504,864691135655359938,1
864691135546276904,864691135639904059,1
864691135546339880,864691135640532539,1
864691135546339880,864691135654073282,1
864691135546339880,864691135655028930,1
864691135546427176,864691135655166402,1
864691135546497064,864691135654715586,1
864691135546694440,864691135639905851,1
864691135546694440,864691135654618818,1
864691135546694440,864691135655372482,1
864691135546744360,864691135640089659,2
864691135546939176,864691135641505339,1
864691135546939176,864691135645472239,1
864691135547032104,864691135645163857,1
864691135547063592,864691135655136194,1
864691135558675908,864691135645377519,2
864691135560490209,864691135655136194,2
864691135560505057,864691135645377519,1
864691135560510689,864691135655414466,1
864691135560821473,864691135654715586,1
864691135560838113,864691135654570690,1
864691135560863969,864691135645143279,1
864691135560973537,864691135640089659,1
864691135561048033,864691135654570690,1
864691135561048033,864691135655127490,3
864691135561358817,864691135639904059,1
864691135561358817,864691135654529986,1
864691135561499105,864691135654948546,1
864691135561512673,864691135645256687,1
864691135561528545,864691135655140802,2
864691135561529057,864691135654529986,2
864691135561539553,864691135654948546,1
864691135561568481,864691135645163857,1
864691135561721057,864691135646430703,1
864691135561721057,864691135655005122,2
864691135562001633,864691135641008443,3
864691135562001633,864691135641489723,1
864691135562001633,864691135641505339,2
864691135562431201,864691135654696642,1
864691135562474977,864691135654622658,2
864691135562924769,864691135646053103,1
864691135562924769,864691135655372482,1
864691135563021281,864691135655136194,1
864691135563024097,864691135639905851,8
864691135563024097,864691135640801083,7
864691135563024097,864691135641505339,1
864691135563024097,864691135645425903,1
864691135563024097,864691135646430703,1
864691135563024097,864691135655372482,1
864691135563031265,864691135644704751,1
864691135563031265,864691135654973634,1
864691135563031265,864691135655137986,1
864691135563052513,864691135641489723,1
864691135563052513,864691135654948546,1
864691135563095009,864691135641008443,2
864691135564528663,864691135645529583,2
864691135564529175,864691135654980546,1
864691135564564759,864691135654953666,1
864691135564621399,864691135654959810,1
864691135564627287,864691135645521903,1
864691135564632919,864691135654980546,1
864691135564638295,864691135645433071,1
864691135564664663,864691135654957762,1
864691135564666711,864691135654953666,1
864691135564687447,864691135654715586,1
864691135564696407,864691135640532539,1
864691135564734039,864691135639869243,1
864691135564734039,864691135644642543,2
864691135564734039,864691135646841327,1
864691135564734039,864691135654715586,1
864691135564734039,864691135655414466,2
864691135565015575,864691135654696642,1
864691135565037911,864691135640185915,1
864691135565064279,864691135639904059,7
864691135565272087,864691135639905851,1
864691135565306903,864691135640873531,1
864691135565309975,864691135654570690,1
864691135565361175,864691135639869243,1
864691135565433367,864691135654108610,1
864691135565433367,864691135654529986,1
864691135565433367,864691135655129026,1
864691135565433367,864691135655140802,1
864691135565449495,864691135654447554,1
864691135565514007,864691135655168962,1
864691135565544727,864691135646841327,1
864691135565544727,864691135654108610,5
864691135565545815,864691135655168962,1
864691135565567255,864691135645377519,2
864691135565589015,864691135644642543,2
864691135565643095,864691135654570690,1
864691135565664791,864691135640013627,11
864691135565672727,864691135645062127,1
864691135565820247,864691135639869243,1
864691135565852759,864691135645425903,3
864691135565852759,864691135645445871,1
864691135565913623,864691135639901499,1
864691135566023767,864691135654953666,1
864691135566125079,864691135648278724,2
864691135566125079,864691135654409412,1
864691135566293527,864691135655414466,1
864691135566459671,864691135646353391,1
864691135566499415,864691135655136194,2
864691135566562903,864691135654280386,1
864691135566580311,864691135654696642,1
864691135566761815,864691135640482363,1
864691135566761815,864691135655051202,2
864691135566825495,864691135639897147,1
864691135566902039,864691135654980546,1
864691135566945559,864691135640612667,1
864691135566945559,864691135654980802,2
864691135566973015,864691135655028930,1
864691135567047191,864691135639897147,1
864691135567071767,864691135645256687,2
864691135567199575,864691135639897147,1
864691135567206743,864691135639897147,2
864691135567206743,864691135639905851,1
864691135567206743,864691135654622658,1
864691135567208791,864691135655359938,1
864691135567724012,864691135654280386,1
864691135567725036,864691135654280386,2
864691135567754732,864691135654529986,4
864691135567755244,864691135645065199,1
864691135567758060,864691135645170671,1
864691135567950828,864691135644642543,1
864691135567950828,864691135654108610,1
864691135567950828,864691135654529986,4
864691135567950828,864691135654715586,2
864691135568178412,864691135645521903,1
864691135568178412,864691135654973634,1
864691135568181484,864691135655414466,1
864691135568539372,864691135655166402,1
864691135568551916,864691135645745135,1
864691135568706028,864691135655448002,1
864691135568822764,864691135646430703,1
864691135568826604,864691135654715586,1
864691135568833004,864691135639905851,1
864691135568833004,864691135645524719,1
864691135568833004,864691135654696642,2
864691135568867462,864691135654919106,1
864691135568888454,864691135645425903,1
864691135568929158,864691135645745135,1
864691135568998124,864691135639905851,1
864691135569282284,864691135646841327,1
864691135569282284,864691135654108610,2
864691135569282284,864691135654953666,2
864691135569282284,864691135654973634,1
864691135569282284,864691135655137986,1
864691135569333894,864691135654953666,1
864691135569333894,864691135655137986,1
864691135569468038,864691135655028930,1
864691135569520518,864691135645065199,1
864691135569520518,864691135645143279,2
864691135569520518,864691135654959810,1
864691135569520518,864691135654973634,1
864691135569690092,864691135654948546,8
864691135569811078,864691135654973634,1
864691135569831814,864691135654948546,1
864691135569880966,864691135644629999,1
864691135569928428,864691135654280386,1
864691135569945836,864691135654280386,1
864691135569964422,864691135645445871,1
864691135570000006,864691135641487419,2
864691135570003078,864691135655140802,2
864691135570024326,864691135655676098,1
864691135570046342,864691135654073282,1
864691135570107782,864691135646841327,1
864691135570133894,864691135641489723,1
864691135570155142,864691135639881275,1
864691135570155142,864691135655140802,1
864691135570226566,864691135654529986,1
864691135570320620,864691135639901499,2
864691135570351750,864691135639905851,1
864691135570502790,864691135655372482,1
864691135570658541,864691135655414466,3
864691135570659309,864691135645143279,1
864691135570718957,864691135645393647,1
864691135570722797,864691135639901499,1
864691135571108742,864691135640185915,3
864691135571108742,864691135640482363,6
864691135571108742,864691135641487419,3
864691135571108742,864691135655051202,2
864691135571108742,864691135655092418,6
864691135571108742,864691135655448002,1
864691135571155693,864691135644642543,1
864691135571155693,864691135655140802,1
864691135571193478,864691135639901499,1
864691135571193478,864691135640612667,1
864691135571193478,864691135641505339,2
864691135571193478,864691135654948546,2
864691135571247909,864691135645062127,1
864691135571259429,864691135648278724,1
864691135571259941,864691135654957762,1
864691135571268645,864691135654570690,1
864691135571270381,864691135645170671,1
864691135571276325,864691135645350895,1
864691135571293989,864691135655140802,2
864691135571380461,864691135646053103,1
864691135571490341,864691135641505339,1
864691135571490341,864691135654280386,1
864691135571515270,864691135641489723,1
864691135571524486,864691135641489723,1
864691135571524486,864691135654618818,1
864691135571524486,864691135655028930,2
864691135571558693,864691135655029186,1
864691135571561965,864691135654953666,3
864691135571612397,864691135646841327,1
864691135571632518,864691135654948546,1
864691135571651718,864691135639897147,1
864691135571706349,864691135645065199,1
864691135571814381,864691135640013627,2
864691135571814381,864691135655448002,1
864691135571820013,864691135645472239,1
864691135571820525,864691135639881275,1
864691135571820525,864691135648278724,1
864691135571821549,864691135644612847,1
864691135571970541,864691135641505339,1
864691135572155373,864691135654108610,2
864691135572155373,864691135654529986,2
864691135572220141,864691135640013627,1
864691135572220141,864691135644612847,1
864691135572276773,864691135645420015,1
864691135572278053,864691135654919106,1
864691135572298277,864691135654888898,1
864691135572373229,864691135645163857,3
864691135572373229,864691135654980802,1
864691135572405741,864691135640873531,1
864691135572468773,864691135654386884,1
864691135572530981,864691135655414466,1
864691135572535845,864691135655372482,1
864691135572537893,864691135644642543,1
864691135572609061,864691135655137986,1
864691135572770029,864691135639901499,1
864691135572770029,864691135640873531,2
864691135572787693,864691135654959810,1
864691135573276197,864691135640873531,1
864691135573315053,864691135640873531,1
864691135573378797,864691135640185915,7
864691135573378797,864691135640482363,2
864691135573378797,864691135641487419,2
864691135573378797,864691135655028930,1
864691135573378797,864691135655635394,4
864691135573408037,864691135646353391,1
864691135573421861,864691135639905851,2
864691135573421861,864691135641008443,1
864691135573421861,864691135641489723,1
864691135573421861,864691135645163857,1
864691135573421861,864691135654622658,1
864691135573421861,864691135655372482,1
864691135575088670,864691135640089659,4
864691135575091486,864691135639897147,1
864691135575113246,864691135655140802,2
864691135575207108,864691135640089659,2
864691135575207108,864691135645445871,4
864691135575363614,864691135655414466,1
864691135575613214,864691135640013627,1
864691135575613214,864691135654108610,2
864691135575613214,864691135654529986,1
864691135575613214,864691135654954434,1
864691135575709214,864691135640089659,2
864691135575743262,864691135654959810,2
864691135576022814,864691135654948546,1
864691135576056606,864691135655140802,1
864691135576146718,864691135654618818,1
864691135576166942,864691135655028930,1
864691135576383774,864691135655676098,2
864691135577011973,864691135655136194,1
864691135577202181,864691135639905851,1
864691135577202181,864691135640801083,1
864691135577202181,864691135655166402,1
864691135577240350,864691135645425903,1
864691135577240350,864691135654980802,1
864691135577327902,864691135640532539,1
864691135577429278,864691135645544431,1
864691135577429278,864691135646017007,1
864691135577592606,864691135639897147,1
864691135577592606,864691135645544431,5
864691135577592606,864691135646053103,6
864691135577592606,864691135654280386,1
864691135577592606,864691135655166402,1
864691135577592606,864691135655359938,2
864691135577607198,864691135640089659,1
864691135577607198,864691135640801083,2
864691135577607198,864691135645291503,1
864691135577650462,864691135639905851,1
864691135577696261,864691135640532539,1
864691135577816862,864691135646053103,1
864691135577817630,864691135654948546,3
864691135577852165,864691135640089659,1
864691135577855006,864691135639905851,1
864691135577855006,864691135640089659,6
864691135577855006,864691135640801083,1
864691135577859589,864691135646053103,1
864691135577911301,864691135646053103,1
864691135578032389,864691135654957762,1
864691135578032389,864691135655168962,1
864691135578098949,864691135646119919,1
864691135578098949,864691135655635394,4
864691135578156549,864691135645163857,1
864691135578159621,864691135646353391,1
864691135578234373,864691135654948546,2
864691135578420229,864691135655005122,1
864691135578665477,864691135645445871,1
864691135578665477,864691135654696642,1
864691135578780933,864691135654696642,1
864691135578851333,864691135639905851,1
864691135578851333,864691135646053103,1
864691135578851333,864691135655166402,1
864691135578866693,864691135654618818,1
864691135578866693,864691135654948546,2
864691135579381765,864691135654570690,1
864691135580230084,864691135639884347,1
864691135581089732,864691135645350895,1
864691135581550445,864691135654696642,1
864691135581560685,864691135654447554,2
864691135581798765,864691135654618818,1
864691135581910637,864691135639869243,1
864691135582051181,864691135645521903,1
864691135582143085,864691135654529986,1
864691135582187250,864691135655448002,1
864691135582311277,864691135655676098,1
864691135582455149,864691135655005122,1
864691135582552685,864691135644704751,3
864691135582614637,864691135654919106,1
864691135582614893,864691135654447554,1
864691135582615149,864691135654948546,3
864691135582634349,864691135655140802,1
864691135582638445,864691135645143279,1
864691135582699629,864691135654948546,1
864691135582874989,864691135641505339,2
864691135582886253,864691135655028930,1
864691135583033197,864691135639904059,1
864691135583033197,864691135645745135,1
864691135583033197,864691135654973634,1
864691135583124333,864691135648278724,1
864691135583130989,864691135655635394,1
864691135583223405,864691135641505339,1
864691135583223405,864691135655051202,1
864691135583299437,864691135644704751,1
864691135583649400,864691135640013627,1
864691135583665272,864691135655635394,2
864691135583674488,864691135654280386,1
864691135583674488,864691135654888898,1
864691135583689080,864691135645350895,1
864691135583707768,864691135648278724,1
864691135583716984,864691135640089659,1
864691135583726712,864691135645745135,2
864691135583749997,864691135639901499,2
864691135583815800,864691135655028930,1
864691135583957490,864691135640532539,1
864691135583988722,864691135655448002,1
864691135584019053,864691135641489723,1
864691135584019053,864691135654570690,3
864691135584050930,864691135641487419,1
864691135584229752,864691135654948546,1
864691135584548973,864691135654948546,1
864691135584548973,864691135655028930,1
864691135584551032,864691135644576239,1
864691135584662648,864691135640873531,1
864691135584699245,864691135654948546,1
864691135584712824,864691135645163857,1
864691135584771181,864691135640612667,1
864691135584793197,864691135655676098,1
864691135584800632,864691135654073282,3
864691135584800632,864691135655162050,1
864691135584811128,864691135655372482,1
864691135584813176,864691135654948546,1
864691135584815480,864691135640089659,1
864691135584820856,864691135644642543,1
864691135584822392,864691135654696642,1
864691135584930546,864691135648278724,1
864691135585034360,864691135645985519,1
864691135585107836,864691135645420015,1
864691135585110652,864691135645472239,1
864691135585148796,864691135654529986,1
864691135585153916,864691135654447554,1
864691135585154684,864691135639884347,1
864691135585166460,864691135655414466,1
864691135585213816,864691135655028930,1
864691135585713528,864691135639897147,1
864691135585940092,864691135655414466,1
864691135585952124,864691135644629999,1
864691135586012024,864691135640532539,2
864691135586012024,864691135644704751,1
864691135586039932,864691135644704751,6
864691135586039932,864691135646119919,1
864691135586064508,864691135655414466,1
864691135586080636,864691135645170671,1
864691135586089596,864691135654948546,1
864691135586097020,864691135654715586,4
864691135586144892,864691135655359938,1
864691135586202232,864691135646841327,1
864691135586202232,864691135654108610,1
864691135586491260,864691135654715586,1
864691135586773628,864691135645985519,1
864691135586830716,864691135655092418,1
864691135586865092,864691135654948546,1
864691135586876028,864691135655162050,2
864691135587183996,864691135654980546,1
864691135587292284,864691135654409412,1
864691135587472252,864691135640482363,3
864691135587472252,864691135641487419,7
864691135587472252,864691135655092418,1
864691135587472252,864691135655127490,1
864691135587503740,864691135645350895,1
864691135587714428,864691135654948546,1
864691135587714428,864691135654980546,1
864691135587862652,864691135641505339,3
864691135587862652,864691135646017007,1
864691135587862652,864691135654618818,3
864691135587862652,864691135655359938,1
864691135587867004,864691135640801083,1
864691135587867004,864691135641505339,1
864691135587867004,864691135655372482,3
864691135587877756,864691135648278724,1
864691135587900540,864691135639884347,1
864691135588085700,864691135640089659,1
864691135589883915,864691135641505339,1
864691135589883915,864691135655359938,1
864691135589907211,864691135645170671,1
864691135589907467,864691135654959810,1
864691135589922059,864691135654715586,1
864691135589939467,864691135655166402,1
864691135589944587,864691135654108610,1
864691135590370315,864691135645306351,1
864691135590371851,864691135654948546,1
864691135590435339,864691135654529986,1
864691135590845963,864691135654529986,1
864691135590932491,864691135645420015,1
864691135590960139,864691135655168962,1
864691135590978571,864691135646353391,1
864691135590989579,864691135655140802,1
864691135591150347,864691135639897147,1
864691135591150347,864691135655372482,1
864691135591261451,864691135654715586,1
864691135591364875,864691135640089659,3
864691135591389195,864691135648278724,1
864691135591398411,864691135644704751,2
864691135591398411,864691135655168962,1
864691135591473419,864691135640482363,1
864691135591473419,864691135641487419,1
864691135591477003,864691135645306351,1
864691135591587595,864691135640482363,1
864691135591816715,864691135645163857,1
864691135591994891,864691135639901499,1
864691135592059147,864691135655136194,1
864691135592219403,864691135645420015,1
864691135592545035,864691135639901499,1
864691135592595211,864691135639897147,1
864691135592837899,864691135639897147,1
864691135592837899,864691135645524719,2
864691135592837899,864691135654618818,1
864691135592837899,864691135654622658,2
864691135592837899,864691135655166402,1
864691135593126155,864691135654622658,2
864691135593200395,864691135641505339,1
864691135593200395,864691135646017007,3
864691135593547307,864691135654447554,1
864691135593801515,864691135645524719,2
864691135593804587,864691135645544431,1
864691135593807147,864691135640873531,2
864691135593829163,864691135644642543,5
864691135593858091,864691135640532539,1
864691135593861675,864691135639881275,1
864691135593962539,864691135654529986,1
864691135594101291,864691135640873531,1
864691135594300459,864691135639904059,1
864691135594450731,864691135645377519,1
864691135594453803,864691135655414466,1
864691135594639403,864691135639905851,1
864691135595712811,864691135639905851,8
864691135595712811,864691135641008443,1
864691135595712811,864691135646017007,2
864691135595712811,864691135646053103,3
864691135595712811,864691135654618818,1
864691135595712811,864691135655166402,1
864691135595712811,864691135655359938,4
864691135595712811,864691135655372482,4
864691135595776555,864691135645544431,1
864691135595810859,864691135640873531,1
864691135595810859,864691135641505339,1
864691135595810859,864691135646119919,2
864691135595810859,864691135654618818,1
864691135595810859,864691135654622658,1
864691135595810859,864691135655028930,2
864691135595810859,864691135655359938,2
864691135595813163,864691135645163857,1
864691135595947819,864691135639901499,1
864691135596089899,864691135641489723,1
864691135609449479,864691135646841327,1
864691135609449479,864691135654715586,1
864691135609465351,864691135654447554,1
864691135609488647,864691135645062127,1
864691135609788167,864691135655635394,1
864691135609939975,864691135654108610,5
864691135609964039,864691135655166402,1
864691135610034439,864691135654529986,1
864691135610257927,864691135640089659,2
864691135610342919,864691135654529986,1
864691135610383111,864691135655140802,1
864691135610488839,864691135655140802,2
864691135610504199,864691135640013627,1
864691135611715591,864691135645445871,1
864691135611789831,864691135654959810,1
864691135611823367,864691135654618818,1
864691135611853063,864691135639905851,1
864691135611853063,864691135646017007,1
864691135611853063,864691135646053103,1
864691135611853063,864691135655372482,2
864691135611879943,864691135639901499,1
864691135614124747,864691135654622658,1
864691135614131915,864691135654948546,2
864691135614139595,864691135655168962,1
864691135614143947,864691135655140802,9
864691135614343883,864691135640013627,3
864691135614367947,864691135645544431,1
864691135614429387,864691135645524719,1
864691135614429387,864691135655166402,1
864691135614429387,864691135655372482,1
864691135614520267,864691135654715586,1
864691135614525643,864691135654529986,4
864691135614525643,864691135655129026,1
864691135614525643,864691135655140802,1
864691135614545611,864691135655136194,1
864691135614833355,864691135645306351,1
864691135615103179,864691135655143106,1
864691135615171019,864691135654696642,1
864691135615271371,864691135654715586,1
864691135615438795,864691135639869243,2
864691135615571403,864691135641487419,1
864691135615781481,864691135646119919,1
864691135615961035,864691135654280386,1
864691135616048587,864691135646053103,1
864691135616070347,864691135655028930,1
864691135616106601,864691135640013627,1
864691135616118475,864691135639881275,1
864691135616227275,864691135654980802,3
864691135616235979,864691135640873531,1
864691135616280267,864691135644642543,1
864691135616312011,864691135654959810,1
864691135616359273,864691135655414466,1
864691135616466379,864691135639884347,1
864691135616466379,864691135645377519,1
864691135616478155,864691135654618818,1
864691135616568523,864691135639901499,2
864691135616568523,864691135654948546,3
864691135616597451,864691135639905851,1
864691135616598219,864691135646017007,1
864691135616639947,864691135640873531,1
864691135616654697,864691135655168962,1
864691135616717673,864691135644704751,1
864691135616720489,864691135654954434,1
864691135616869481,864691135646430703,1
864691135616900969,864691135655136194,1
864691135616927849,864691135655414466,1
864691135617099113,864691135654622658,1
864691135617401961,864691135654973634,1
864691135617548393,864691135639897147,1
864691135617548393,864691135654618818,2
864691135617714063,864691135654447554,1
864691135617726351,864691135648278724,1
864691135617749647,864691135639904059,2
864691135617772431,864691135654529986,1
864691135618011535,864691135645445871,1
864691135618011535,864691135654696642,6
864691135618011535,864691135654980546,1
864691135618185359,864691135654919106,1
864691135618185615,864691135654447554,1
864691135618215567,864691135654409412,1
864691135618219407,864691135654948546,2
864691135618219407,864691135655676098,1
864691135618266729,864691135646430703,1
864691135618375785,864691135654618818,1
864691135618375785,864691135654980546,1
864691135618479247,864691135648278724,1
864691135618600297,864691135654622658,1
864691135618653033,864691135640801083,1
864691135618694287,864691135655137986,1
864691135618694543,864691135654959810,1
864691135618720399,864691135655414466,1
864691135619348111,864691135654696642,1
864691135619638671,864691135654529986,1
864691135619834767,864691135640873531,1
864691135619865231,864691135640873531,1
864691135619866767,864691135654280386,1
864691135619915407,864691135654980546,1
864691135619915407,864691135655372482,1
864691135638560196,864691135639901499,4
864691135638560196,864691135645472239,1
864691135638973243,864691135645062127,1
864691135639228987,864691135654715586,1
864691135639249211,864691135654529986,1
864691135639442491,864691135655168962,1
864691135639442747,864691135639869243,1
864691135639443003,864691135645065199,1
864691135639443003,864691135645170671,1
864691135639804731,864691135654108610,1
864691135639830843,864691135645745135,1
864691135639869243,864691135639869243,8
864691135639874107,864691135639874107,5
864691135639874619,864691135654618818,1
864691135639881275,864691135639881275,4
864691135639898683,864691135654529986,1
864691135639901499,864691135639901499,13
864691135639904059,864691135639904059,5
864691135639905851,864691135639905851,6
864691135639910459,864691135646841327,3
864691135639996731,864691135641489723,1
864691135640074811,864691135646430703,1
864691135640089659,864691135640089659,17
864691135640089659,864691135645425903,13
864691135640612667,864691135640612667,5
864691135640787771,864691135654280386,1
864691135640801083,864691135640801083,6
864691135640985028,864691135640532539,1
864691135640985028,864691135645367535,1
864691135640985028,864691135646119919,1
864691135640985028,864691135654073282,1
864691135640985028,864691135654570690,2
864691135641124411,864691135645350895,1
864691135641352507,864691135645256687,1
864691135641352507,864691135645433071,1
864691135641403195,864691135639869243,1
864691135641403195,864691135639881275,1
864691135641407803,864691135640089659,2
864691135641420347,864691135655676098,1
864691135641510203,864691135645529583,2
864691135643679940,864691135640482363,1
864691135644566767,864691135654280386,2
864691135644570351,864691135645985519,1
864691135644580335,864691135639874107,2
864691135644589295,864691135655162050,2
864691135644594927,864691135645529583,1
864691135644599791,864691135644599791,7
864691135644612847,864691135644612847,3
864691135644629999,864691135644629999,9
864691135644635375,864691135655448002,3
864691135644637679,864691135654529986,2
864691135644642543,864691135644642543,13
864691135644688367,864691135645350895,1
864691135644706799,864691135654919106,1
864691135644804591,864691135641487419,1
864691135644804591,864691135645529583,1
864691135644804591,864691135646119919,1
864691135644804591,864691135654386884,1
864691135644804591,864691135654959810,7
864691135644804591,864691135655127490,1
864691135645051887,864691135655676098,1
864691135645062127,864691135645062127,15
864691135645065199,864691135645065199,13
864691135645143279,864691135645065199,2
864691135645143279,864691135645143279,17
864691135645144303,864691135655051202,1
864691135645163857,864691135645163857,4
864691135645170671,864691135645170671,8
864691135645256687,864691135645256687,9
864691135645291503,864691135645291503,9
864691135645350895,864691135645350895,16
864691135645358063,864691135640089659,2
864691135645367535,864691135645367535,21
864691135645377519,864691135645377519,7
864691135645393647,864691135645393647,8
864691135645407215,864691135639901499,1
864691135645425903,864691135645425903,9
864691135645445871,864691135645445871,11
864691135645468399,864691135655005122,1
864691135645472239,864691135645472239,4
864691135645530863,864691135645524719,1
864691135645539311,864691135639881275,1
864691135645745135,864691135645745135,11
864691135645751791,864691135646841327,2
864691135645751791,864691135654108610,1
864691135645819375,864691135640013627,4
864691135646228975,864691135639884347,1
864691135646337519,864691135655129026,1
864691135646423535,864691135646353391,1
864691135646430703,864691135646430703,6
864691135646481903,864691135644704751,1
864691135646618863,864691135640873531,1
864691135646705903,864691135655051202,1
864691135646705903,864691135655635394,3
864691135646796015,864691135654618818,2
864691135646841327,864691135646841327,8
864691135646958319,864691135655166402,2
864691135647587780,864691135645420015,1
864691135654039234,864691135655166402,1
864691135654043586,864691135655137986,1
864691135654045634,864691135654045634,2
864691135654053570,864691135655448002,1
864691135654084034,864691135639881275,1
864691135654096578,864691135655372482,1
864691135654106306,864691135654409412,1
864691135654108610,864691135654108610,8
864691135654159810,864691135654529986,1
864691135654270658,864691135645524719,1
864691135654354370,864691135655414466,4
864691135654420162,864691135645350895,1
864691135654447554,864691135654447554,47
864691135654462658,864691135640089659,1
864691135654529986,864691135654529986,16
864691135654538690,864691135644704751,1
864691135654538690,864691135655168962,1
864691135654544578,864691135654409412,1
864691135654582978,864691135655028930,1
864691135654586050,864691135654715586,1
864691135654601922,864691135654447554,1
864691135654618818,864691135654618818,7
864691135654676418,864691135645524719,1
864691135654696642,864691135654696642,9
864691135654715586,864691135654715586,9
864691135654880194,864691135640089659,1
864691135654888898,864691135654888898,14
864691135654891970,864691135645377519,1
864691135654919106,864691135654919106,4
864691135654948546,864691135654948546,11
864691135654953666,864691135654953666,12
864691135654954434,864691135654954434,7
864691135654973634,864691135654973634,5
864691135654980546,864691135654980546,7
864691135654980802,864691135654980802,8
864691135655005122,864691135655005122,8
864691135655011010,864691135654447554,1
864691135655013826,864691135645445871,1
864691135655029186,864691135655029186,4
864691135655069890,864691135654409412,1
864691135655092418,864691135655092418,4
864691135655124162,864691135655140802,1
864691135655126978,864691135655137986,1
864691135655129026,864691135655129026,3
864691135655134658,864691135645256687,1
864691135655136194,864691135655136194,11
864691135655137986,864691135655137986,7
864691135655140802,864691135655140802,21
864691135655142594,864691135654447554,1
864691135655142594,864691135655140802,1
864691135655143106,864691135655143106,8
864691135655162306,864691135645445871,1
864691135655168962,864691135654386884,3
864691135655168962,864691135655168962,35
864691135655276738,864691135654919106,1
864691135655359938,864691135655359938,10
864691135655360450,864691135639897147,1
864691135655372482,864691135655372482,7
864691135655414466,864691135655414466,23
864691135655676098,864691135655676098,8
864691135656073410,864691135640089659,1
864691135656073410,864691135645291503,1
864691135656073410,864691135654980802,2
864691135656778946,864691135645521903,2
864691135656778946,864691135646119919,2
864691135656778946,864691135654570690,2
864691135656778946,864691135654715586,1
864691135656778946,864691135654953666,2
864691135656799682,864691135639869243,1
864691135656799682,864691135654715586,1
864691135657767298,864691135654919106,1
864691135657770882,864691135639901499,1
864691135657781890,864691135654696642,1
864691135657831810,864691135645062127,1
864691135658163586,864691135645350895,2
864691135658266498,864691135640013627,2
864691135658266498,864691135644612847,1
864691135658266498,864691135654954434,1
864691135658328962,864691135639901499,1
864691135658343554,864691135639901499,1
864691135658343554,864691135645350895,1
864691135658601602,864691135654529986,1
864691135658773634,864691135645143279,1
864691135658882178,864691135641008443,1
864691135658903170,864691135654696642,1
864691135658906754,864691135655414466,1
864691135658911618,864691135645170671,1
864691135658913922,864691135655140802,1
864691135658974082,864691135645350895,1
864691135658999682,864691135655414466,1
864691135659207554,864691135639901499,1
864691135659207554,864691135645350895,1
864691135659207554,864691135654280386,6
864691135659219074,864691135641008443,1
864691135659428482,864691135644612847,1
864691135659463298,864691135645529583,1
864691135659498114,864691135639869243,6
864691135659498114,864691135654529986,1
864691135659498114,864691135654715586,1
864691135659498114,864691135654959810,1
864691135659579266,864691135640089659,1
864691135659637122,864691135646053103,1
864691135659637122,864691135654715586,1
864691135659637122,864691135654973634,1
864691135659687554,864691135655028930,1
864691135659869826,864691135654948546,7
864691135659869826,864691135655676098,4
864691135659921282,864691135654618818,2
864691135659976834,864691135645529583,3
864691135660108674,864691135641505339,4
864691135660108674,864691135654618818,1
864691135660196994,864691135639884347,2
864691135660197762,864691135640873531,1
864691135660208002,864691135640089659,1
864691135660208002,864691135645291503,1
864691135660490992,864691135654386884,1
864691135660493552,864691135654959810,1
864691135660499696,864691135654570690,1
864691135660504560,864691135654959810,1
864691135660504560,864691135655168962,1
864691135660508656,864691135644612847,1
864691135660514032,864691135655140802,1
864691135660516336,864691135654919106,1
864691135660540144,864691135654980802,1
864691135660831984,864691135639881275,1
864691135660866800,864691135654618818,1
864691135660876016,864691135639881275,1
864691135661130224,864691135641487419,1
864691135661157360,864691135645065199,1
864691135661205488,864691135645529583,1
864691135661303536,864691135639869243,1
864691135661303536,864691135655137986,2
864691135661415920,864691135640482363,1
864691135661432560,864691135639901499,1
864691135661591792,864691135655029186,1
864691135661613296,864691135655414466,1
864691135661649392,864691135654973634,1
864691135661656816,864691135655168962,2
864691135661880816,864691135655051202,1
864691135662000112,864691135639905851,2
864691135662000112,864691135655372482,1
864691135662169584,864691135645985519,1
864691135662312432,864691135645472239,1
864691135662423792,864691135646353391,1
864691135662430960,864691135639897147,1
864691135662922224,864691135645544431,1
864691135662948336,864691135654715586,1
864691135662978032,864691135654948546,4
864691135662978032,864691135655676098,2
864691135671588804,864691135644704751,1
864691135678315204,864691135639904059,1
864691135678978034,864691135654447554,1
864691135679641586,864691135645745135,2
864691135681349060,864691135655168962,2
864691135681358276,864691135654959810,1
864691135682294932,864691135646841327,1
864691135682294932,864691135654715586,1
864691135682723220,864691135655414466,1
864691135683429362,864691135641008443,1
864691135683513330,864691135654957762,1
864691135683777266,864691135654108610,1
864691135683777266,864691135654529986,1
864691135683816178,864691135654386884,1
864691135683945655,864691135654529986,1
864691135683946935,864691135654529986,1
864691135683968695,864691135654108610,5
864691135683968695,864691135655140802,1
864691135684168690,864691135646053103,1
864691135684229106,864691135654696642,1
864691135684261618,864691135655676098,1
864691135684400823,864691135645472239,2
864691135684401847,864691135640873531,1
864691135684428530,864691135655414466,1
864691135684443063,864691135646841327,1
864691135684508343,864691135645062127,1
864691135684564919,864691135654618818,1
864691135684568503,864691135644642543,1
864691135684573879,864691135639904059,1
864691135684574391,864691135639869243,6
864691135684574391,864691135654529986,1
864691135684574391,864691135654715586,1
864691135684647410,864691135654447554,1
864691135684663991,864691135655028930,1
864691135684799927,864691135654529986,2
864691135684866999,864691135646017007,1
864691135684921271,864691135640873531,1
864691135684934583,864691135645143279,1
864691135684975543,864691135654953666,1
864691135684981687,864691135641487419,1
864691135685082807,864691135655448002,1
864691135685090743,864691135646841327,1
864691135685095607,864691135639881275,1
864691135685161143,864691135644704751,1
864691135685178354,864691135641487419,2
864691135685357810,864691135639897147,1
864691135685357810,864691135646353391,1
864691135685357810,864691135654980546,1
864691135685396151,864691135645367535,2
864691135685410290,864691135648278724,1
864691135685410290,864691135654409412,2
864691135685416946,864691135641008443,1
864691135685436658,864691135655028930,1
864691135685720050,864691135641505339,3
864691135685720050,864691135654618818,4
864691135685720050,864691135654622658,1
864691135685720050,864691135654948546,5
864691135685720050,864691135655028930,2
864691135685720050,864691135655359938,1
864691135685773495,864691135639904059,1
864691135685773495,864691135640013627,1
864691135685773495,864691135655051202,1
864691135685773495,864691135655137986,1
864691135685844919,864691135639884347,1
864691135685844919,864691135654696642,1
864691135685954999,864691135639897147,1
864691135686091447,864691135655162050,5
864691135686223287,864691135640532539,1
864691135686287543,864691135654618818,1
864691135686386615,864691135639901499,1
864691135686428087,864691135641505339,1
864691135686442423,864691135640873531,1
864691135686451383,864691135655414466,1
864691135686559415,864691135641505339,1
864691135686559415,864691135646017007,2
864691135686568119,864691135639901499,1
864691135686568119,864691135645163857,1
864691135686568119,864691135645377519,1
864691135686568119,864691135654618818,2
864691135686755511,864691135640482363,1
864691135686755511,864691135655028930,5
864691135686755511,864691135655092418,8
864691135686877408,864691135639884347,1
864691135686897376,864691135645420015,1
864691135686948832,864691135640873531,1
864691135687217632,864691135655137986,1
864691135687539936,864691135639881275,1
864691135687539936,864691135654953666,1
864691135687577824,864691135655414466,1
864691135687602656,864691135654529986,3
864691135687761632,864691135654108610,2
864691135687770848,864691135640801083,1
864691135687863264,864691135639881275,4
864691135687870432,864691135639884347,1
864691135687898080,864691135655414466,7
864691135687985888,864691135645306351,2
864691135688110816,864691135641487419,1
864691135688230112,864691135654715586,2
864691135688230112,864691135655028930,1
864691135688331744,864691135641505339,1
864691135688463584,864691135646053103,1
864691135688807136,864691135644599791,1
864691135688891616,864691135645745135,1
864691135688915168,864691135645350895,1
864691135688915168,864691135646353391,1
864691135688967392,864691135639897147,2
864691135689062880,864691135654108610,1
864691135689062880,864691135654954434,1
864691135689554400,864691135655136194,1
864691135689555680,864691135641008443,2
864691135689613536,864691135645529583,1
864691135689617376,864691135644704751,1
864691135689646304,864691135654948546,2
864691135689692384,864691135641487419,1
864691135689692384,864691135655005122,1
864691135689692384,864691135655028930,2
864691135689724896,864691135645472239,1
864691135689724896,864691135654948546,1
864691135689735904,864691135640482363,1
864691135689735904,864691135641489723,1
864691135689735904,864691135645521903,1
864691135689735904,864691135646119919,2
864691135689735904,864691135654570690,1
864691135689735904,864691135655127490,1
864691135689760736,864691135645350895,1
864691135689760736,864691135645377519,1
864691135689787360,864691135641505339,2
864691135692710847,864691135645472239,1
864691135692733375,864691135654954434,1
864691135692748479,864691135655676098,1
864691135692751295,864691135654447554,1
864691135692847764,864691135654529986,2
864691135693125567,864691135655051202,1
864691135693239231,864691135639881275,1
864691135693537983,864691135645062127,1
864691135693573823,864691135654980802,4
864691135693629119,864691135645062127,1
864691135693629119,864691135654447554,1
864691135693664447,864691135645544431,1
864691135693664447,864691135654957762,1
864691135693705407,864691135654529986,1
864691135693705407,864691135654954434,1
864691135693710271,864691135646841327,1
864691135694014911,864691135644642543,1
864691135694014911,864691135654529986,1
864691135694014911,864691135654715586,1
864691135694341567,864691135639901499,1
864691135694430655,864691135645420015,1
864691135694604223,864691135655005122,1
864691135694753727,864691135640873531,1
864691135694753727,864691135645350895,4
864691135694753727,864691135646430703,6
864691135694753727,864691135654980546,4
864691135695146943,864691135654409412,1
864691135695197375,864691135655676098,1
864691135695231935,864691135655372482,1
864691135695960218,864691135644642543,1
864691135695966362,864691135654073282,1
864691135695966362,864691135655162050,1
864691135695986586,864691135655029186,1
864691135696392602,864691135645291503,1
864691135696617882,864691135655137986,1
864691135696900506,864691135639884347,1
864691135696900506,864691135654696642,5
864691135696911002,864691135654959810,1
864691135696931226,864691135654529986,1
864691135696934810,864691135639884347,1
864691135696934810,864691135645524719,1
864691135697016986,864691135646353391,2
864691135697369621,864691135654447554,1
864691135697373717,864691135654108610,1
864691135697389077,864691135640482363,2
864691135697400085,864691135645350895,1
864691135697410325,864691135640185915,1
864691135697410325,864691135655137986,1
864691135697410325,864691135655448002,3
864691135697586586,864691135639897147,1
864691135697613077,864691135654447554,2
864691135697798421,864691135645445871,1
864691135697850522,864691135654953666,2
864691135697865882,864691135654529986,3
864691135697865882,864691135655129026,1
864691135697893530,864691135645420015,1
864691135698016410,864691135655092418,1
864691135698097173,864691135639884347,1
864691135698130965,864691135645985519,1
864691135698181397,864691135654108610,1
864691135698206229,864691135645425903,1
864691135698243994,864691135648278724,1
864691135698341653,864691135655028930,1
864691135698399765,864691135640873531,1
864691135698415125,864691135639869243,2
864691135698415125,864691135646841327,1
864691135698415125,864691135654529986,1
864691135698415381,864691135654696642,1
864691135698449562,864691135646017007,1
864691135698462741,864691135641489723,1
864691135698480026,864691135639901499,2
864691135698529178,864691135641505339,3
864691135698553877,864691135639881275,2
864691135698622741,864691135654618818,1
864691135698731541,864691135654108610,1
864691135698917141,864691135654570690,3
864691135699131540,864691135654973634,1
864691135699254050,864691135644704751,1
864691135699254562,864691135639904059,1
864691135699266338,864691135641487419,1
864691135699284514,864691135654108610,1
864691135699289122,864691135645170671,1
864691135699290402,864691135645062127,1
864691135699293986,864691135654715586,1
864691135699346965,864691135640873531,1
864691135699346965,864691135654948546,1
864691135699524130,864691135640801083,1
864691135699562274,864691135654622658,1
864691135699607317,864691135654073282,1
864691135699737365,864691135639897147,1
864691135699818005,864691135654618818,1
864691135699818005,864691135654948546,3
864691135699818005,864691135654980546,1
864691135699818005,864691135655372482,1
864691135699905557,864691135639897147,1
864691135699905557,864691135639905851,1
864691135699905557,864691135641008443,1
864691135699905557,864691135645256687,2
864691135699905557,864691135646017007,2
864691135699905557,864691135646053103,9
864691135699905557,864691135654980546,1
864691135699905557,864691135655166402,1
864691135699905557,864691135655359938,4
864691135699905557,864691135655372482,8
864691135700043554,864691135645377519,1
864691135700111394,864691135654447554,1
864691135700200738,864691135645065199,1
864691135700220450,864691135655140802,1
864691135700231803,864691135645350895,1
864691135700246651,864691135639874107,1
864691135700272162,864691135654715586,3
864691135700272162,864691135655414466,2
864691135700409211,864691135639881275,1
864691135700506146,864691135654529986,1
864691135700506914,864691135654447554,1
864691135700600955,864691135655136194,1
864691135700768379,864691135645420015,1
864691135700814114,864691135639897147,1
864691135701027451,864691135655414466,2
864691135701226018,864691135646053103,2
864691135701228155,864691135645143279,1
864691135701270139,864691135639901499,1
864691135701272610,864691135646430703,1
864691135701351458,864691135645433071,1
864691135701390882,864691135655137986,1
864691135701398651,864691135645425903,1
864691135701402235,864691135655372482,1
864691135701402747,864691135639884347,1
864691135701424507,864691135640089659,1
864691135701428347,864691135644599791,3
864691135701436027,864691135639897147,1
864691135701876514,864691135645256687,7
864691135701876514,864691135646017007,1
864691135701876514,864691135646053103,1
864691135701882402,864691135640482363,1
864691135701882402,864691135645256687,1
864691135701917563,864691135640873531,1
864691135702246523,864691135654980802,1
864691135702516091,864691135639905851,3
864691135702516091,864691135640801083,6
864691135702516091,864691135645524719,1
864691135702537851,864691135645544431,1
864691135702609275,864691135654948546,4
864691135702609275,864691135655028930,2
864691135702609275,864691135655676098,5
864691135702887291,864691135639897147,1
864691135702887291,864691135639901499,1
864691135702914427,864691135640089659,1
864691135703055995,864691135641008443,1
864691135703055995,864691135655676098,1
864691135703276155,864691135655359938,2
864691135704408724,864691135655137986,1
864691135704914580,864691135654529986,2
864691135711594388,864691135644612847,2
864691135713445012,864691135654529986,1
864691135715235610,864691135654529986,1
864691135715300500,864691135654715586,1
864691135715300500,864691135655137986,1
864691135715300500,864691135655414466,1
864691135715300500,864691135655448002,1
864691135715312154,864691135640089659,1
864691135715312154,864691135640801083,1
864691135715312154,864691135654696642,1
864691135715312666,864691135654973634,1
864691135715480090,864691135641008443,1
864691135715685658,864691135644612847,1
864691135715905818,864691135645350895,1
864691135716147482,864691135639901499,1
864691135716147482,864691135654696642,12
864691135716157722,864691135644612847,1
864691135716157722,864691135654529986,1
864691135716160538,864691135645306351,1
864691135716170778,864691135639884347,2
864691135716179226,864691135654980546,1
864691135716237594,864691135645306351,1
864691135716301338,864691135639897147,1
864691135716337178,864691135654529986,1
864691135716553876,864691135639869243,2
864691135716553876,864691135654529986,7
864691135716553876,864691135655129026,1
864691135716791322,864691135639869243,1
864691135716869658,864691135639901499,1
864691135716929562,864691135640482363,3
864691135716929562,864691135641487419,2
864691135716929562,864691135654973634,1
864691135716929562,864691135655635394,1
864691135716968474,864691135639884347,1
864691135716968474,864691135654696642,1
864691135717248794,864691135644576239,1
864691135717271834,864691135646017007,1
864691135717275162,864691135654386884,1
864691135717308442,864691135640532539,1
864691135717308442,864691135645367535,2
864691135717345562,864691135654280386,1
864691135717345562,864691135655359938,1
864691135717424154,864691135640801083,1
864691135717528346,864691135640612667,1
864691135717528346,864691135654948546,1
864691135718228372,864691135654529986,3
864691135718228372,864691135655129026,2
864691135718463537,864691135654409412,1
864691135718910513,864691135654919106,1
864691135718996785,864691135654529986,2
864691135719012401,864691135645472239,1
864691135719021361,864691135646841327,1
864691135719446833,864691135655140802,1
864691135719448212,864691135654447554,1
864691135719448212,864691135654919106,1
864691135719738929,864691135639901499,1
864691135719782449,864691135640013627,1
864691135719810353,864691135654959810,1
864691135719990833,864691135639901499,1
864691135720118833,864691135654409412,3
864691135720335665,864691135639881275,1
864691135720335665,864691135640013627,1
864691135720335665,864691135644612847,3
864691135720337201,864691135645521903,2
864691135720337201,864691135646119919,4
864691135720337201,864691135655635394,2
864691135720638769,864691135654715586,1
864691135720759345,864691135639905851,2
864691135720759345,864691135640801083,1
864691135720759345,864691135654618818,1
864691135720759345,864691135655372482,1
864691135722979220,864691135645306351,1
864691135724207019,864691135654618818,2
864691135724209067,864691135654959810,1
864691135724213163,864691135654980546,1
864691135724564907,864691135639881275,1
864691135724585131,864691135640612667,1
864691135724585131,864691135641008443,1
864691135724597419,864691135640482363,1
864691135724807851,864691135640089659,5
864691135724807851,864691135645291503,1
864691135724807851,864691135645425903,2
864691135724960427,864691135655414466,1
864691135725011371,864691135655136194,1
864691135725022123,864691135644704751,2
864691135725043627,864691135654447554,4
864691135725221803,864691135655136194,1
864691135725225131,864691135645425903,1
864691135725334187,864691135640873531,1
864691135725354155,864691135654980546,1
864691135725458091,864691135640873531,1
864691135725481387,864691135644642543,3
864691135725481387,864691135645521903,1
864691135725481387,864691135646841327,2
864691135725481387,864691135654715586,1
864691135725614143,864691135654715586,1
864691135725800255,864691135645393647,1
864691135725869631,864691135645377519,1
864691135725896767,864691135654957762,1
864691135726033727,864691135639881275,3
864691135726051391,864691135654108610,1
864691135726076843,864691135640532539,1
864691135726077611,864691135640532539,1
864691135726113451,864691135646119919,1
864691135726207551,864691135645256687,1
864691135726214571,864691135645367535,2
864691135726214571,864691135646119919,1
864691135726214571,864691135655162050,3
864691135726426027,864691135654715586,1
864691135726442155,864691135645521903,1
864691135726442155,864691135646119919,1
864691135726442155,864691135654973634,2
864691135726460991,864691135655136194,1
864691135726599743,864691135640185915,1
864691135726599743,864691135640482363,1
864691135726599743,864691135641487419,1
864691135726599743,864691135645529583,2
864691135726627243,864691135640873531,1
864691135726627243,864691135646017007,1
864691135726772907,864691135645163857,1
864691135726773419,864691135641008443,1
864691135726773419,864691135646053103,3
864691135726773419,864691135654618818,1
864691135726773419,864691135655372482,3
864691135726961215,864691135654980546,1
864691135726969259,864691135641008443,4
864691135726969259,864691135654622658,1
864691135726969259,864691135655166402,3
864691135727308095,864691135639897147,1
864691135727546943,864691135645433071,1
864691135727613503,864691135655137986,1
864691135728018751,864691135654073282,3
864691135728127295,864691135654618818,1
864691135730098361,864691135654447554,5
864691135730109881,864691135654409412,1
864691135730133433,864691135654529986,1
864691135730149049,864691135654447554,1
864691135730688185,864691135648278724,1
864691135730914745,864691135640801083,1
864691135731022777,864691135645143279,1
864691135731038137,864691135640801083,1
864691135731064249,864691135645420015,1
864691135731190201,864691135654980802,2
864691135731196601,864691135654696642,1
864691135731198137,864691135645425903,1
864691135731207865,864691135654953666,2
864691135731216569,864691135639881275,1
864691135731260345,864691135645306351,1
864691135731360185,864691135655137986,1
864691135731965076,864691135654715586,1
864691135732142521,864691135654948546,2
864691135732171961,864691135639905851,1
864691135732172692,864691135645521903,1
864691135732172692,864691135646119919,1
864691135732172692,864691135654953666,1
864691135732172692,864691135655137986,2
864691135732264889,864691135654280386,1
864691135732587449,864691135641008443,1
864691135732587449,864691135655028930,1
864691135732587449,864691135655676098,1
864691135732616377,864691135639905851,1
864691135732616377,864691135640801083,1
864691135732616377,864691135655372482,1
864691135732668345,864691135654618818,1
864691135732877972,864691135644642543,6
864691135732877972,864691135654715586,1
864691135733004692,864691135645062127,1
864691135734853268,864691135639904059,1
864691135735960724,864691135654953666,1
864691135736296084,864691135639869243,8
864691135736296084,864691135654715586,1
864691135736885636,864691135639881275,1
864691135736903556,864691135645367535,1
864691135736914564,864691135654529986,1
864691135736921220,864691135654953666,1
864691135736931716,864691135641487419,1
864691135736934020,864691135654919106,1
864691135737034884,864691135646430703,1
864691135737101700,864691135645306351,1
864691135737125508,864691135654980802,1
864691135737154948,864691135645350895,1
864691135737262468,864691135654953666,1
864691135737379716,864691135655414466,1
864691135737491825,864691135640089659,1
864691135737501844,864691135639869243,1
864691135737501844,864691135654529986,3
864691135737533572,864691135640089659,1
864691135737551473,864691135654888898,1
864691135737643924,864691135639869243,2
864691135737644932,864691135654715586,1
864691135737743473,864691135655137986,1
864691135737743473,864691135655448002,1
864691135737988996,864691135640801083,1
864691135737988996,864691135654618818,2
864691135738112916,864691135639869243,2
864691135738112916,864691135646841327,2
864691135738112916,864691135654715586,2
864691135738156420,864691135654715586,1
864691135738167921,864691135655140802,1
864691135738256532,864691135639869243,2
864691135738256532,864691135654529986,1
864691135738325380,864691135644704751,1
864691135738328689,864691135655414466,1
864691135738351985,864691135654529986,1
864691135738387076,864691135639904059,1
864691135738387076,864691135640013627,1
864691135738387076,864691135640482363,1
864691135738387076,864691135641487419,5
864691135738387076,864691135655137986,1
864691135738387076,864691135655635394,1
864691135738435185,864691135654696642,1
864691135738462321,864691135645163857,1
864691135738481009,864691135640089659,1
864691135738498673,864691135654280386,1
864691135738522993,864691135655136194,1
864691135738529905,864691135639874107,2
864691135738529905,864691135640089659,2
864691135738572401,864691135645529583,1
864691135738974340,864691135654696642,1
864691135739033457,864691135644704751,2
864691135739047812,864691135655676098,1
864691135739080068,864691135639905851,2
864691135739080068,864691135640801083,1
864691135739080068,864691135641489723,1
864691135739080068,864691135655372482,3
864691135739093124,864691135645544431,1
864691135739096964,864691135645544431,1
864691135739149956,864691135654948546,1
864691135739182980,864691135654696642,1
864691135739210628,864691135639901499,1
864691135739315076,864691135654948546,2
864691135739315076,864691135655676098,1
864691135739320945,864691135639905851,1
864691135739320945,864691135646053103,8
864691135739364209,864691135654618818,1
864691135739563156,864691135654529986,1
864691135739566996,864691135645445871,1
864691135739566996,864691135654696642,1
864691135739567252,864691135645420015,1
864691135739587988,864691135640482363,1
864691135739591828,864691135639901499,1
864691135739605652,864691135645350895,1
864691135739614577,864691135640532539,1
864691135739627156,864691135644642543,2
864691135739627156,864691135655414466,2
864691135739670129,864691135639901499,2
864691135739670129,864691135645377519,1
864691135739753073,864691135655635394,4
864691135740159892,864691135645306351,2
864691135740182891,864691135645256687,1
864691135740191083,864691135654622658,1
864691135740213355,864691135654953666,1
864691135740270443,864691135655140802,1
864691135740361620,864691135654618818,1
864691135740429972,864691135655136194,1
864691135740506260,864691135645529583,1
864691135740525675,864691135655140802,1
864691135740557972,864691135644576239,1
864691135740561044,864691135640089659,1
864691135740654699,864691135654954434,1
864691135740660587,864691135644576239,1
864691135740692843,864691135655127490,1
864691135740692843,864691135655137986,2
864691135740692843,864691135655448002,2
864691135740726164,864691135655414466,1
864691135740738708,864691135645425903,1
864691135740738708,864691135645445871,2
864691135740848532,864691135641505339,1
864691135741207403,864691135639901499,2
864691135741210987,864691135655414466,1
864691135741213291,864691135644704751,1
864691135741213803,864691135641487419,2
864691135741218196,864691135654073282,2
864691135741232788,864691135644704751,2
864691135741232788,864691135645529583,1
864691135741232788,864691135655127490,1
864691135741351787,864691135654529986,1
864691135741351787,864691135655129026,1
864691135741360235,864691135655140802,1
864691135741387115,864691135644704751,1
864691135741387115,864691135655414466,1
864691135741458324,864691135641008443,1
864691135741659499,864691135644612847,1
864691135741666196,864691135640185915,1
864691135741666196,864691135646017007,1
864691135741810580,864691135654948546,1
864691135741810580,864691135655676098,3
864691135741817236,864691135639901499,1
864691135741817236,864691135639905851,1
864691135741817236,864691135640089659,1
864691135741817236,864691135641505339,5
864691135741817236,864691135646053103,1
864691135741817236,864691135655028930,1
864691135741817236,864691135655359938,1
864691135741865108,864691135654073282,1
864691135741971092,864691135655676098,1
864691135741998484,864691135655372482,1
864691135742027156,864691135640873531,1
864691135742102635,864691135655359938,1
864691135742189163,864691135641008443,1
864691135742357355,864691135655676098,1
864691135742365803,864691135646053103,1
864691135742366827,864691135639869243,2
864691135742366827,864691135640185915,1
864691135742505835,864691135639897147,2
864691135742668395,864691135655028930,1
864691135742804331,864691135639884347,1
864691135742843499,864691135641489723,1
864691135742867307,864691135645472239,1
864691135742867307,864691135646430703,4
864691135742867307,864691135654280386,1
864691135742867307,864691135654980546,3
864691135742895723,864691135639897147,1
864691135742895723,864691135646430703,1
864691135742998379,864691135655028930,4
864691135743183723,864691135639901499,1
864691135743183723,864691135654618818,1
864691135743183723,864691135654948546,1
864691135743196523,864691135641487419,1
864691135743196523,864691135641505339,1
864691135743255403,864691135655166402,1
864691135743269739,864691135641505339,1
864691135743269739,864691135645350895,1
864691135747520392,864691135655166402,1
864691135748534313,864691135654953666,1
864691135748562985,864691135645420015,1
864691135748589609,864691135640013627,1
864691135749021225,864691135644642543,2
864691135749021225,864691135655414466,1
864691135749068329,864691135655140802,1
864691135749079081,864691135654409412,1
864691135749103496,864691135654622658,1
864691135749406761,864691135640089659,1
864691135749782057,864691135645544431,1
864691135749936681,864691135655028930,2
864691135749946665,864691135654948546,1
864691135750029609,864691135655414466,1
864691135750377257,864691135655028930,1
864691135750452777,864691135655166402,1
864691135750668841,864691135639905851,1
864691135750668841,864691135641505339,1
864691135750668841,864691135654618818,1
864691135750779433,864691135639897147,1
864691135751064873,864691135641505339,1
864691135751074857,864691135639901499,2
864691135751074857,864691135640873531,4
864691135751132457,864691135641008443,1
864691135751735176,864691135654570690,1
864691135753575629,864691135654045634,1
864691135753595341,864691135645143279,1
864691135753608397,864691135655140802,3
864691135753636045,864691135645306351,1
864691135753643725,864691135639904059,1
864691135753644237,864691135645745135,1
864691135753647053,864691135654280386,1
864691135753656013,864691135655143106,1
864691135753666765,864691135639905851,1
864691135753690573,864691135645529583,1
864691135753690573,864691135654953666,1
864691135753722829,864691135645291503,1
864691135754195661,864691135640185915,1
864691135754414029,864691135654715586,1
864691135754444237,864691135645472239,1
864691135754460365,864691135639904059,1
864691135754532050,864691135645377519,2
864691135754676941,864691135654622658,1
864691135754689741,864691135654696642,1
864691135754692557,864691135654954434,1
864691135754703821,864691135640089659,1
864691135754704077,864691135654919106,1
864691135754705869,864691135640089659,1
864691135754985677,864691135655136194,1
864691135755037394,864691135654447554,1
864691135755037394,864691135654919106,1
864691135755062994,864691135640013627,2
864691135755062994,864691135644612847,1
864691135755388621,864691135645445871,1
864691135755388621,864691135655136194,1
864691135755495890,864691135655143106,2
864691135755517133,864691135654280386,1
864691135755573970,864691135655676098,2
864691135755632338,864691135655137986,1
864691135755652562,864691135644704751,2
864691135755707597,864691135645521903,1
864691135755707597,864691135654570690,1
864691135755761618,864691135646841327,1
864691135755761618,864691135654715586,1
864691135755850957,864691135640612667,3
864691135755885778,864691135645143279,3
864691135755887058,864691135654447554,1
864691135756070605,864691135646053103,1
864691135756096717,864691135639901499,3
864691135756096717,864691135645472239,4
864691135756096717,864691135646430703,1
864691135756096717,864691135654980546,2
864691135756279757,864691135654618818,1
864691135756311245,864691135645985519,1
864691135756560338,864691135645256687,1
864691135756630226,864691135641008443,1
864691135756630226,864691135654280386,1
864691135756681170,864691135644642543,2
864691135756681170,864691135654529986,1
864691135756681170,864691135654715586,2
864691135756844242,864691135641489723,1
864691135756844242,864691135646017007,1
864691135756844242,864691135655028930,1
864691135756844242,864691135655166402,1
864691135756990674,864691135654280386,1
864691135756990674,864691135654618818,1
864691135757044690,864691135654618818,1
864691135757118418,864691135640873531,1
864691135757118418,864691135655359938,1
864691135757239506,864691135640612667,1
864691135757244114,864691135645350895,1
864691135757266130,864691135645062127,1
864691135757266130,864691135655414466,1
864691135757785533,864691135645306351,2
864691135758310589,864691135655414466,1
864691135758485838,864691135644642543,1
864691135758502734,864691135654529986,1
864691135758502734,864691135655140802,1
864691135758507086,864691135655414466,1
864691135758508878,864691135645529583,1
864691135758535502,864691135645445871,1
864691135758545998,864691135654409412,2
864691135758672206,864691135639874107,1
864691135758672206,864691135640089659,1
864691135758672206,864691135645425903,1
864691135758975822,864691135654954434,2
864691135758981454,864691135654529986,1
864691135759215438,864691135639897147,1
864691135759215438,864691135655166402,1
864691135759228750,864691135639869243,1
864691135759232078,864691135645350895,1
864691135759421774,864691135644704751,1
864691135759421774,864691135655414466,1
864691135759425870,864691135645425903,1
864691135759428430,864691135654618818,1
864691135759616701,864691135654108610,1
864691135759628733,864691135655140802,3
864691135759815758,864691135640612667,2
864691135759815758,864691135640873531,1
864691135759815758,864691135645163857,1
864691135759815758,864691135654980546,1
864691135759836093,864691135655140802,1
864691135760120654,864691135654973634,1
864691135760441678,864691135645377519,1
864691135760540349,864691135655414466,1
864691135760577870,864691135640013627,1
864691135760577870,864691135644642543,1
864691135760614222,864691135645065199,2
864691135760614222,864691135646841327,3
864691135760614222,864691135654715586,2
864691135760635214,864691135640873531,1
864691135760674638,864691135639897147,1
864691135760812110,864691135646017007,1
864691135760962638,864691135655414466,1
864691135761069902,864691135655676098,1
864691135761073486,864691135641505339,1
864691135761080142,864691135646017007,1
864691135761500214,864691135640089659,1
864691135761500214,864691135655136194,1
864691135761549622,864691135640532539,1
864691135761553462,864691135654529986,1
864691135761553718,864691135641487419,1
864691135761826614,864691135645062127,1
864691135761826614,864691135655143106,1
864691135761826614,864691135655414466,1
864691135761994038,864691135654108610,1
864691135761994806,864691135654073282,2
864691135762156854,864691135654447554,1
864691135762157110,864691135654696642,1
864691135762418230,864691135645377519,1
864691135762427958,864691135654529986,1
864691135762513974,864691135645425903,1
864691135762589238,864691135654570690,1
864691135762599101,864691135654919106,1
864691135762599101,864691135655029186,1
864691135762615094,864691135654622658,1
864691135762624310,864691135640089659,1
864691135763215293,864691135654447554,1
864691135763301174,864691135640089659,1
864691135763975990,864691135639905851,6
864691135763975990,864691135641505339,1
864691135763975990,864691135655359938,7
864691135763977526,864691135655372482,1
864691135763987254,864691135641487419,1
864691135763987254,864691135646119919,1
864691135764060470,864691135654980546,3
864691135764201782,864691135645521903,1
864691135764263222,864691135640013627,1
864691135764263222,864691135644612847,1
864691135764631862,864691135640873531,1
864691135764670262,864691135655028930,1
864691135764678198,864691135641008443,3
864691135764678198,864691135641489723,1
864691135764678198,864691135654570690,1
864691135764694326,864691135655414466,1
864691135764890678,864691135640873531,1
864691135765023542,864691135639905851,1
864691135765023542,864691135654280386,1
864691135765069878,864691135654386884,1
864691135765069878,864691135655168962,2
864691135771602427,864691135655127490,1
864691135771603451,864691135654529986,4
864691135771629051,864691135645745135,2
864691135771653451,864691135645544431,1
864691135771693899,864691135640612667,1
864691135772131067,864691135655676098,1
864691135772131579,864691135655676098,2
864691135772189435,864691135646053103,1
864691135772243787,864691135654959810,2
864691135772261115,864691135645377519,2
864691135772495867,864691135655448002,1
864691135772507387,864691135640089659,1
864691135772507387,864691135645425903,1
864691135772608843,864691135646053103,2
864691135772684107,864691135645445871,1
864691135772702795,864691135654980802,1
864691135772712267,864691135655372482,1
864691135772761595,864691135645985519,2
864691135772771323,864691135639901499,1
864691135772771323,864691135645350895,1
864691135772810315,864691135655414466,1
864691135772906571,864691135654973634,1
864691135773208651,864691135645433071,1
864691135773208651,864691135655448002,1
864691135773209163,864691135639901499,1
864691135773209163,864691135641505339,1
864691135773209163,864691135654618818,1
864691135773509195,864691135640089659,1
864691135773509195,864691135654618818,1
864691135773536251,864691135645256687,1
864691135773615867,864691135639901499,2
864691135773727739,864691135655137986,2
864691135773779275,864691135640482363,4
864691135773779275,864691135648278724,1
864691135774139467,864691135646017007,1
864691135774164299,864691135641505339,1
864691135774221643,864691135639905851,1
864691135774221643,864691135641505339,2
864691135774221643,864691135645256687,2
864691135774221643,864691135646017007,7
864691135774221643,864691135646053103,6
864691135774221643,864691135654622658,1
864691135774221643,864691135655359938,5
864691135774221643,864691135655372482,2
864691135774246731,864691135641505339,1
864691135774259963,864691135645524719,1
864691135774413307,864691135646017007,1
864691135774413307,864691135646053103,1
864691135774414843,864691135639905851,1
864691135774414843,864691135640801083,3
864691135774414843,864691135654980802,5
864691135774514507,864691135640482363,2
864691135774514507,864691135641489723,1
864691135774514507,864691135641505339,1
864691135774514507,864691135646017007,1
864691135774514507,864691135646430703,1
864691135774514507,864691135655028930,1
864691135774552059,864691135655028930,1
864691135774575355,864691135655372482,1
864691135774581835,864691135641505339,1
864691135774607179,864691135641008443,2
864691135774607179,864691135641505339,1
864691135775778989,864691135654953666,1
864691135775801773,864691135654715586,3
864691135775906989,864691135644704751,2
864691135776130477,864691135639884347,1
864691135776162477,864691135639869243,1
864691135776197549,864691135639904059,1
864691135776279981,864691135645367535,1
864691135776359085,864691135639904059,1
864691135776536416,864691135645420015,1
864691135776544096,864691135645062127,1
864691135776544096,864691135655414466,1
864691135776558432,864691135639881275,1
864691135776565856,864691135645065199,1
864691135776591456,864691135645745135,2
864691135776604000,864691135645062127,1
864691135776632928,864691135655140802,2
864691135776643680,864691135640612667,1
864691135776643936,864691135641008443,1
864691135776661856,864691135654108610,1
864691135776667565,864691135654957762,1
864691135776669024,864691135645544431,1
864691135776670816,864691135654957762,1
864691135776697005,864691135654696642,1
864691135776697261,864691135655140802,1
864691135776823981,864691135654618818,1
864691135776873901,864691135655092418,1
864691135776874157,864691135644704751,1
864691135776915117,864691135654108610,1
864691135776918368,864691135655092418,1
864691135776923053,864691135655166402,1
864691135776991328,864691135645544431,1
864691135777000032,864691135655168962,2
864691135777106109,864691135645306351,1
864691135777107645,864691135639881275,1
864691135777108669,864691135645377519,1
864691135777166176,864691135654529986,1
864691135777166176,864691135654715586,1
864691135777178557,864691135655168962,1
864691135777186144,864691135648278724,1
864691135777192800,864691135655414466,1
864691135777217453,864691135639905851,1
864691135777381805,864691135645350895,1
864691135777400237,864691135654447554,1
864691135777400237,864691135654529986,1
864691135777400237,864691135655168962,1
864691135777419965,864691135654715586,1
864691135777432237,864691135644704751,2
864691135777432237,864691135645521903,1
864691135777432237,864691135654959810,1
864691135777460157,864691135640801083,1
864691135777460909,864691135655676098,1
864691135777553853,864691135655028930,1
864691135777604797,864691135639874107,1
864691135777606240,864691135655676098,1
864691135777608800,864691135644611311,1
864691135777611360,864691135644704751,1
864691135777617760,864691135644704751,1
864691135777617760,864691135655168962,1
864691135777733821,864691135654980802,7
864691135777750957,864691135645445871,1
864691135777789357,864691135641008443,1
864691135777852512,864691135644612847,1
864691135777905085,864691135655414466,1
864691135777999200,864691135645425903,1
864691135777999200,864691135645445871,1
864691135778084285,864691135655168962,1
864691135778094525,864691135655448002,1
864691135778115517,864691135646353391,1
864691135778128317,864691135645256687,1
864691135778135997,864691135655137986,1
864691135778182845,864691135655028930,1
864691135778279869,864691135645544431,1
864691135778435501,864691135641487419,1
864691135778435501,864691135655448002,1
864691135778467517,864691135655028930,1
864691135778610365,864691135654108610,1
864691135778665824,864691135655140802,1
864691135778673341,864691135655414466,1
864691135778716589,864691135639905851,2
864691135778716589,864691135641008443,1
864691135778716589,864691135655372482,2
864691135778726752,864691135655168962,1
864691135778794336,864691135639905851,1
864691135778794336,864691135640801083,1
864691135778794336,864691135646053103,3
864691135778794336,864691135655166402,1
864691135778794336,864691135655372482,2
864691135778825133,864691135654948546,1
864691135779039677,864691135644576239,1
864691135779039677,864691135645521903,1
864691135779089248,864691135655676098,1
864691135779161440,864691135639905851,4
864691135779161440,864691135640089659,2
864691135779161440,864691135645163857,1
864691135779161440,864691135645524719,1
864691135779161440,864691135646053103,3
864691135779161440,864691135655166402,4
864691135779161440,864691135655359938,2
864691135779161440,864691135655372482,13
864691135779199584,864691135639901499,5
864691135779199584,864691135641008443,1
864691135779199584,864691135641505339,1
864691135779199584,864691135645377519,2
864691135779199584,864691135654618818,4
864691135779199584,864691135655028930,2
864691135779199584,864691135655676098,1
864691135779449533,864691135639869243,2
864691135779449533,864691135654715586,1
864691135780786512,864691135645529583,1
864691135780812880,864691135644612847,1
864691135780846672,864691135654529986,1
864691135780986448,864691135655137986,1
864691135781081680,864691135639869243,2
864691135781081680,864691135639904059,1
864691135781081680,864691135640013627,4
864691135781081680,864691135654715586,1
864691135781081680,864691135655129026,1
864691135781131344,864691135655051202,1
864691135781241424,864691135644642543,1
864691135781263696,864691135654108610,1
864691135781776720,864691135646841327,1
864691135781777488,864691135654570690,1
864691135781816144,864691135654980546,1
864691135781817680,864691135655359938,1
864691135781850960,864691135639901499,1
864691135781958992,864691135644576239,2
864691135782145872,864691135645163857,1
864691135782156368,864691135639904059,1
864691135782265424,864691135644642543,1
864691135782361936,864691135645544431,1
864691135782382387,864691135639884347,1
864691135782404403,864691135646353391,3
864691135782467152,864691135640089659,1
864691135782544435,864691135655168962,2
864691135782563408,864691135640482363,1
864691135782563408,864691135641487419,1
864691135782615632,864691135654715586,1
864691135782620240,864691135641487419,1
864691135782708304,864691135640089659,1
864691135782708304,864691135645524719,1
864691135782747443,864691135654953666,1
864691135782749491,864691135645544431,1
864691135782781776,864691135655676098,1
864691135782821456,864691135645163857,1
864691135782821456,864691135645291503,1
864691135782821456,864691135654980802,1
864691135782870864,864691135654948546,1
864691135782870864,864691135655676098,1
864691135782871091,864691135654948546,1
864691135783261776,864691135654980546,1
864691135783303987,864691135654529986,2
864691135783359539,864691135639897147,1
864691135783371315,864691135654953666,1
864691135783436339,864691135639905851,1
864691135783441488,864691135640532539,3
864691135783809843,864691135644576239,1
864691135783906611,864691135655168962,1
864691135783906611,864691135655414466,1
864691135783909427,864691135646841327,1
864691135783909427,864691135655168962,1
864691135784000051,864691135655137986,1
864691135784316467,864691135645524719,1
864691135784326195,864691135640801083,1
864691135784326195,864691135645291503,1
864691135784359475,864691135641505339,1
864691135784359475,864691135654618818,1
864691135784662067,864691135645985519,1
864691135784977203,864691135655028930,1
864691135785030451,864691135639905851,1
864691135785253828,864691135645377519,1
864691135785255108,864691135645433071,1
864691135785262020,864691135639884347,1
864691135785268932,864691135639881275,1
864691135785283524,864691135655162050,1
864691135785286852,864691135655136194,1
864691135785432004,864691135639904059,1
864691135785522884,864691135645445871,1
864691135785661892,864691135655414466,2
864691135785668292,864691135655140802,1
864691135785718724,864691135644611311,1
864691135785722052,864691135654715586,1
864691135785722052,864691135655635394,1
864691135785822660,864691135654954434,1
864691135786125252,864691135639905851,2
864691135786216388,864691135640873531,1
864691135786216388,864691135655676098,1
864691135786280388,864691135654529986,1
864691135786323396,864691135640873531,1
864691135786326212,864691135654948546,1
864691135786362052,864691135644704751,1
864691135786647236,864691135654618818,1
864691135786647236,864691135654948546,1
864691135786741700,864691135639869243,1
864691135787264964,864691135646353391,1
864691135787692740,864691135639897147,1
864691135787692740,864691135654280386,1
864691135799742306,864691135655372482,2
864691135800178018,864691135655136194,1
864691135800192610,864691135644642543,2
864691135800431458,864691135640089659,1
864691135800501346,864691135645425903,1
864691135800596066,864691135655168962,1
864691135800618082,864691135654696642,1
864691135800625762,864691135654696642,2
864691135800639586,864691135644704751,1
864691135800650594,864691135645445871,1
864691135800650594,864691135655136194,1
864691135800704866,864691135644704751,1
864691135800706402,864691135655162050,2
864691135800713570,864691135655372482,1
864691135800734306,864691135655140802,1
864691135800738658,864691135655676098,1
864691135800739938,864691135654888898,1
864691135800754274,864691135654447554,1
864691135800755042,864691135640089659,1
864691135800896610,864691135644704751,1
864691135800918882,864691135654953666,1
864691135801039970,864691135645425903,1
864691135801039970,864691135655136194,1
864691135801088610,864691135639904059,2
864691135801088610,864691135654973634,1
864691135801112930,864691135645306351,1
864691135801604706,864691135644576239,1
864691135801827938,864691135639884347,2
864691135802030178,864691135646353391,1
864691135802036834,864691135641505339,1
864691135802341986,864691135641008443,1
864691135802341986,864691135655359938,1
864691135802389858,864691135645521903,2
864691135802389858,864691135646119919,1
864691135802389858,864691135654570690,1
864691135802389858,864691135655162050,2
864691135802389858,864691135655635394,2
864691135802415458,864691135655028930,2
864691135802482274,864691135645367535,1
864691135802521186,864691135639901499,1
864691135802625634,864691135654618818,1
864691135802647394,864691135654618818,1
864691135802815586,864691135645143279,1
864691135807191069,864691135640482363,3
864691135807191069,864691135648278724,1
864691135807191069,864691135655051202,1
864691135807191069,864691135655092418,1
864691135807191069,864691135655448002,1
864691135807193117,864691135654980546,1
864691135807194397,864691135644704751,1
864691135807194397,864691135645143279,2
864691135807210525,864691135655140802,2
864691135807212317,864691135645420015,2
864691135807212317,864691135654386884,1
864691135807233565,864691135655140802,1
864691135807244061,864691135654447554,1
864691135807255325,864691135639897147,1
864691135807261213,864691135640089659,1
864691135807269661,864691135645291503,1
864691135807285789,864691135654980802,1
864691135807292445,864691135654108610,1
864691135807307293,864691135654959810,1
864691135807311389,864691135639905851,1
864691135807313693,864691135640013627,1
864691135807487005,864691135641008443,1
864691135807487005,864691135645163857,1
864691135807487005,864691135645425903,1
864691135807771933,864691135654973634,1
864691135807813149,864691135641505339,1
864691135808102429,864691135639881275,1
864691135808188445,864691135655140802,1
864691135808314397,864691135639881275,1
864691135808391965,864691135644704751,1
864691135808391965,864691135654386884,1
864691135808401437,864691135641008443,1
864691135808401437,864691135645524719,1
864691135808625181,864691135645521903,2
864691135809170717,864691135639897147,1
864691135809375005,864691135654280386,4
864691135809415197,864691135639901499,1
864691135809431500,864691135645985519,1
864691135809432524,864691135655414466,1
864691135809479116,864691135639881275,1
864691135809487901,864691135654980546,1
864691135809507532,864691135640612667,1
864691135809511628,864691135640185915,3
864691135809511628,864691135655635394,1
864691135809512140,864691135639904059,1
864691135809512140,864691135640013627,1
864691135809512140,864691135655127490,1
864691135809512140,864691135655137986,5
864691135809512140,864691135655448002,4
864691135809532876,864691135646841327,1
864691135809588253,864691135645350895,1
864691135809860300,864691135639881275,1
864691135809863965,864691135646353391,1
864691135809894173,864691135646353391,1
864691135809903564,864691135639869243,1
864691135809903564,864691135646841327,1
864691135809903564,864691135654715586,2
864691135809924381,864691135645529583,1
864691135809954589,864691135645377519,1
864691135809954589,864691135645472239,2
864691135809954589,864691135646353391,1
864691135809954589,864691135646430703,2
864691135810047773,864691135654980546,1
864691135810107596,864691135655359938,1
864691135810127820,864691135654386884,1
864691135810170572,864691135654919106,1
864691135810196172,864691135645377519,1
864691135810254284,864691135645472239,1
864691135810265885,864691135640532539,1
864691135810265885,864691135645420015,1
864691135810265885,864691135646017007,4
864691135810273996,864691135655676098,2
864691135810300108,864691135640089659,2
864691135810315805,864691135654618818,1
864691135810357196,864691135646119919,1
864691135810361036,864691135654409412,1
864691135810495773,864691135655359938,1
864691135810527773,864691135655676098,2
864691135810618909,864691135655359938,1
864691135810643485,864691135645163857,3
864691135810656029,864691135654948546,6
864691135810656029,864691135655028930,4
864691135810656029,864691135655676098,3
864691135810670365,864691135654386884,1
864691135811007692,864691135654618818,1
864691135811013580,864691135640482363,1
864691135811313100,864691135654948546,1
864691135811567052,864691135639905851,1
864691135811567052,864691135640089659,5
864691135811567052,864691135645425903,2
864691135811646924,864691135639901499,1
864691135811658956,864691135641008443,1
864691135811658956,864691135655372482,1
864691135811734220,864691135655137986,1
864691135815487823,864691135640089659,1
864691135815491919,864691135645350895,1
864691135815507023,864691135655140802,2
864691135816242511,864691135655140802,2
864691135816331087,864691135645472239,1
864691135816491087,864691135645377519,1
864691135816503887,864691135645170671,1
864691135816516687,864691135655140802,2
864691135816588623,864691135640013627,1
864691135816980303,864691135640013627,1
864691135816980303,864691135655448002,1
864691135816982863,864691135646119919,1
864691135817132879,864691135654108610,1
864691135817132879,864691135654529986,3
864691135817399375,864691135645472239,1
864691135817411663,864691135645472239,1
864691135817488207,864691135640089659,2
864691135817535823,864691135654280386,1
864691135817552463,864691135654618818,2
864691135817802371,864691135645350895,1
864691135817993807,864691135654948546,2
864691135817993807,864691135655676098,1
864691135818016335,864691135655136194,1
864691135837173139,864691135640089659,1
864691135837176979,864691135654980802,1
864691135837178259,864691135645306351,1
864691135837182611,864691135654980546,1
864691135837189267,864691135645544431,1
864691135837201299,864691135645472239,1
864691135837587603,864691135646841327,1
864691135837587603,864691135654108610,3
864691135837783187,864691135655137986,1
864691135837854867,864691135654447554,1
864691135838035347,864691135654529986,2
864691135838109587,864691135644642543,1
864691135838220435,864691135655168962,3
864691135838231187,864691135645377519,1
864691135838440595,864691135654280386,1
864691135838494867,864691135654570690,1
864691135838640275,864691135639901499,1
864691135838640275,864691135645350895,1
864691135838672019,864691135640873531,1
864691135838672019,864691135654980546,1
864691135838738579,864691135640873531,2
864691135838911123,864691135645367535,1
864691135839012755,864691135645367535,1
864691135839577235,864691135645521903,1
864691135839577235,864691135646017007,3
864691135839593363,864691135639901499,1
864691135839593363,864691135654948546,1
864691135839630227,864691135655051202,3
864691135839847827,864691135646053103,2
864691135839847827,864691135655372482,2
864691135839955347,864691135655359938,1
864691135840145299,864691135654280386,1
864691135841040355,864691135645445871,1
864691135841083619,864691135655168962,1
864691135841307619,864691135654980802,1
864691135841358307,864691135654696642,1
864691135841654243,864691135654715586,1
864691135841932515,864691135645062127,1
864691135841933027,864691135640089659,1
864691135841947875,864691135644612847,2
864691135842153187,864691135640089659,1
864691135842153187,864691135654280386,1
864691135842153187,864691135654980802,6
864691135842534883,864691135646017007,1
864691135842670819,864691135640612667,2
864691135842920419,864691135646119919,2
864691135842920419,864691135654570690,3
864691135842920419,864691135655635394,1
864691135843097059,864691135654073282,1
864691135843118051,864691135639904059,1
864691135843118051,864691135655137986,13
864691135843242211,864691135641487419,1
864691135843338979,864691135654409412,1
864691135847908446,864691135654919106,1
864691135847926878,864691135645170671,1
864691135847931998,864691135644611311,1
864691135847931998,864691135645521903,1
864691135847931998,864691135654570690,2
864691135847936862,864691135654447554,2
864691135847946833,864691135655372482,1
864691135847950174,864691135639869243,1
864691135848173406,864691135645529583,1
864691135848308830,864691135654715586,1
864691135848460894,864691135654948546,1
864691135848601438,864691135645433071,1
864691135848628574,864691135644612847,1
864691135848628574,864691135654715586,1
864691135848628574,864691135654973634,1
864691135848671582,864691135655140802,4
864691135848706654,864691135655140802,1
864691135848843870,864691135640089659,2
864691135848858206,864691135654529986,2
864691135848909662,864691135644704751,1
864691135848909662,864691135645143279,1
864691135849179486,864691135654409412,1
864691135849260894,864691135648278724,1
864691135849261662,864691135654280386,1
864691135849634142,864691135645985519,1
864691135849720670,864691135654529986,3
864691135849768798,864691135639901499,1
864691135850459847,864691135655092418,1
864691135850460871,864691135654948546,1
864691135850986183,864691135644612847,2
864691135850986183,864691135654715586,1
864691135851466439,864691135645062127,1
864691135851515591,864691135655166402,1
864691135851516615,864691135645306351,1
864691135851599303,864691135645163857,1
864691135851599303,864691135655372482,3
864691135851613127,864691135655136194,1
864691135851740871,864691135654953666,1
864691135851754695,864691135655414466,3
864691135851792071,864691135646841327,1
864691135852247751,864691135655676098,1
864691135852961991,864691135646353391,1
864691135853034439,864691135641008443,1
864691135853267655,864691135645256687,1
864691135855568942,864691135645524719,1
864691135855581486,864691135645065199,1
864691135855589166,864691135644642543,1
864691135855589166,864691135655414466,2
864691135855601198,864691135654715586,2
864691135855601710,864691135655414466,1
864691135855602222,864691135639869243,1
864691135855640622,864691135654696642,1
864691135855676206,864691135655414466,1
864691135855692590,864691135654919106,4
864691135855710254,864691135645420015,1
864691135855710254,864691135654386884,1
864691135855961390,864691135655166402,1
864691135856009006,864691135655140802,1
864691135856185134,864691135645393647,1
864691135856370222,864691135641489723,1
864691135856490030,864691135640013627,4
864691135856727342,864691135655140802,1
864691135856735790,864691135655166402,2
864691135856753198,864691135654622658,1
864691135856756270,864691135644611311,1
864691135856788270,864691135640089659,1
864691135856792110,864691135644642543,3
864691135856797230,864691135654280386,1
864691135857016878,864691135639897147,1
864691135857450030,864691135655414466,1
864691135857647406,864691135645163857,1
864691135857724206,864691135645256687,1
864691135857942574,864691135655005122,1
864691135857976366,864691135646841327,1
864691135857976366,864691135654715586,1
864691135858273326,864691135655005122,1
864691135858282030,864691135639905851,1
864691135858282030,864691135641505339,10
864691135858282030,864691135646017007,1
864691135858282030,864691135646053103,2
864691135858282030,864691135654618818,4
864691135858282030,864691135654948546,1
864691135858282030,864691135655028930,1
864691135858282030,864691135655359938,8
864691135858282030,864691135655372482,3
864691135858298670,864691135646053103,1
864691135858298670,864691135655166402,1
864691135858363694,864691135639897147,1
864691135858363694,864691135641489723,4
864691135858363694,864691135655137986,1
864691135858395950,864691135645544431,2
864691135858395950,864691135654073282,1
864691135858491438,864691135639905851,1
864691135858491438,864691135640482363,1
864691135858491438,864691135640873531,1
864691135858491438,864691135641505339,2
864691135858491438,864691135644704751,1
864691135858491438,864691135645062127,1
864691135858491438,864691135645377519,1
864691135858491438,864691135645420015,1
864691135858491438,864691135645529583,1
864691135858491438,864691135654280386,2
864691135858491438,864691135654409412,1
864691135858491438,864691135654618818,1
864691135858491438,864691135654953666,1
864691135858491438,864691135655005122,1
864691135858491438,864691135655028930,1
864691135858491438,864691135655359938,1
864691135858491438,864691135655448002,1
864691135858491438,864691135655676098,1
864691135858527534,864691135641489723,1
864691135858626606,864691135641505339,1
864691135858673512,864691135646053103,1
864691135858685800,864691135655005122,1
864691135858699880,864691135655137986,1
864691135858702696,864691135639881275,2
864691135858709096,864691135644612847,1
864691135858711400,864691135640013627,1
864691135859005288,864691135640013627,1
864691135859005288,864691135644612847,2
864691135859236712,864691135640185915,1
864691135859528296,864691135655143106,1
864691135859552104,864691135646353391,1
864691135859680104,864691135654409412,1
864691135859698280,864691135645544431,1
864691135859698280,864691135654280386,2
864691135859777128,864691135645529583,2
864691135860119912,864691135654409412,1
864691135860296296,864691135640089659,4
864691135860351848,864691135645062127,2
864691135860803944,864691135640873531,1
864691135860803944,864691135641489723,1
864691135860803944,864691135655028930,1
864691135860948072,864691135641008443,2
864691135860948072,864691135654948546,1
864691135860948072,864691135655028930,2
864691135860973416,864691135645350895,1
864691135861305192,864691135644599791,1
864691135861311592,864691135645163857,1
864691135861311592,864691135654622658,1
864691135861326440,864691135639905851,1
864691135864059006,864691135648278724,1
864691135864059006,864691135654409412,1
864691135864079486,864691135654715586,2
864691135864083326,864691135654715586,1
864691135864188286,864691135655414466,1
864691135864347518,864691135654447554,2
864691135864373118,864691135639901499,2
864691135864392318,864691135655414466,1
864691135864485502,864691135654529986,1
864691135864713692,864691135654108610,1
864691135864714460,864691135655414466,1
864691135864753534,864691135640089659,2
864691135864755932,864691135639897147,1
864691135864795518,864691135655166402,1
864691135864818652,864691135645163857,1
864691135864835036,864691135645985519,1
864691135864839038,864691135640089659,2
864691135864857214,864691135648278724,1
864691135864971134,864691135639905851,1
864691135864976510,864691135639869243,2
864691135864978814,864691135655137986,2
864691135864985564,864691135645367535,1
864691135865012700,864691135640013627,8
864691135865020892,864691135644576239,1
864691135865020892,864691135655137986,4
864691135865070044,864691135654954434,1
864691135865071580,864691135645420015,1
864691135865214590,864691135640089659,1
864691135865214590,864691135645445871,1
864691135865411804,864691135644642543,1
864691135865445852,864691135645377519,1
864691135865489628,864691135645529583,1
864691135865494917,864691135654954434,1
864691135865501916,864691135654529986,1
864691135865508316,864691135655676098,1
864691135865513349,864691135654529986,1
864691135865534853,864691135644629999,1
864691135865543557,864691135654108610,1
864691135865543557,864691135654715586,2
864691135865554309,864691135645445871,1
864691135865562757,864691135645445871,1
864691135865566341,864691135654888898,1
864691135865570949,864691135639869243,1
864691135865576837,864691135639881275,1
864691135865595013,864691135645062127,1
864691135865597317,864691135645350895,2
864691135865608837,864691135644704751,1
864691135865612421,864691135645529583,1
864691135865670364,864691135639881275,1
864691135865681116,864691135639869243,1
864691135865681116,864691135654715586,7
864691135865689052,864691135645065199,1
864691135865698012,864691135654529986,1
864691135865705436,864691135654529986,2
864691135865705436,864691135655129026,2
864691135865705436,864691135655140802,2
864691135865707228,864691135646841327,1
864691135865839580,864691135645143279,1
864691135865876444,864691135655676098,1
864691135865880796,864691135655414466,1
864691135865907676,864691135645256687,1
864691135865907676,864691135654280386,2
864691135865964158,864691135641489723,4
864691135865964158,864691135655028930,1
864691135865964158,864691135655051202,4
864691135865964158,864691135655635394,2
864691135865969285,864691135655168962,1
864691135866019205,864691135655676098,1
864691135866052572,864691135655137986,1
864691135866061957,864691135654618818,1
864691135866086021,864691135639869243,4
864691135866124926,864691135654980546,1
864691135866261630,864691135645350895,1
864691135866365462,864691135645350895,1
864691135866369558,864691135654618818,1
864691135866371606,864691135646841327,1
864691135866381590,864691135654073282,1
864691135866395414,864691135655414466,1
864691135866400790,864691135654386884,1
864691135866400901,864691135640089659,1
864691135866403606,864691135645529583,1
864691135866406782,864691135654529986,1
864691135866406782,864691135654954434,1
864691135866409494,864691135640185915,1
864691135866409494,864691135641487419,1
864691135866411798,864691135654980802,1
864691135866416150,864691135654973634,1
864691135866441605,864691135645291503,1
864691135866443141,864691135655676098,2
864691135866519004,864691135654715586,2
864691135866558085,864691135654618818,1
864691135866592389,864691135654957762,1
864691135866595973,864691135640532539,1
864691135866606469,864691135640013627,1
864691135866606469,864691135645521903,1
864691135866624732,864691135646353391,1
864691135866630876,864691135645420015,1
864691135866722181,864691135646053103,1
864691135866751870,864691135646430703,1
864691135866809052,864691135640089659,1
864691135866924566,864691135654447554,1
864691135866963478,864691135655140802,4
864691135866965886,864691135654618818,1
864691135866965886,864691135654948546,3
864691135866965886,864691135655676098,1
864691135866986629,864691135640013627,1
864691135867002750,864691135639901499,1
864691135867002750,864691135645377519,1
864691135867002750,864691135645472239,1
864691135867002750,864691135654280386,1
864691135867002750,864691135654948546,3
864691135867033726,864691135641505339,1
864691135867033726,864691135645377519,1
864691135867033726,864691135654618818,4
864691135867033726,864691135654948546,7
864691135867033726,864691135655028930,1
864691135867050972,864691135654715586,1
864691135867058140,864691135641487419,4
864691135867084677,864691135645524719,1
864691135867084677,864691135654280386,2
864691135867084677,864691135655372482,1
864691135867261829,864691135655359938,1
864691135867401238,864691135645377519,1
864691135867544598,864691135645521903,1
864691135867616790,864691135645143279,1
864691135867649046,864691135654108610,1
864691135867888150,864691135655005122,1
864691135867905302,864691135654529986,1
864691135867908886,864691135654409412,1
864691135868025878,864691135639881275,1
864691135868036630,864691135644704751,1
864691135868043397,864691135639897147,1
864691135868043397,864691135640873531,1
864691135868075141,864691135655028930,1
864691135868077957,864691135654715586,1
864691135868169349,864691135640532539,1
864691135868169349,864691135646017007,1
864691135868228630,864691135646430703,2
864691135868279830,864691135645350895,1
864691135868435734,864691135654280386,1
864691135868684566,864691135640873531,2
864691135868906774,864691135646430703,1
864691135868906774,864691135654980546,1
864691135868916246,864691135654948546,1
864691135869457430,864691135641489723,1
864691135869457430,864691135641505339,1
864691135869457430,864691135655028930,1
864691135869509142,864691135645433071,1
864691135869509142,864691135654957762,1
864691135869671190,864691135646053103,1
864691135869671190,864691135655372482,1
864691135869722721,864691135655029186,2
864691135870261601,864691135645062127,1
864691135870291297,864691135654447554,1
864691135872962657,864691135654409412,1
864691135873607054,864691135639901499,1
864691135873608078,864691135645420015,1
864691135873610382,864691135644611311,1
864691135873610382,864691135645521903,2
864691135873610382,864691135654959810,3
864691135873614990,864691135640873531,1
864691135873631374,864691135655414466,1
864691135873637774,864691135654045634,1
864691135873841038,864691135639904059,1
864691135874393998,864691135654696642,1
864691135874571150,864691135645425903,3
864691135874731406,864691135640873531,1
864691135874782350,864691135641008443,1
864691135874861454,864691135654953666,1
864691135875081614,864691135645062127,1
864691135875137678,864691135654696642,1
864691135875274638,864691135639884347,2
864691135875274638,864691135645425903,1
864691135875392398,864691135641008443,1
864691135875569550,864691135639901499,1
864691135875762062,864691135639897147,1
864691135875795342,864691135641008443,1
864691135875879822,864691135640013627,1
864691135875976275,864691135646119919,1
864691135875982163,864691135654447554,1
864691135875982163,864691135654919106,1
864691135875986003,864691135655140802,1
864691135876009043,864691135654980802,1
864691135876010067,864691135654948546,1
864691135876040078,864691135641489723,1
864691135876040078,864691135641505339,2
864691135876040078,864691135645062127,1
864691135876040078,864691135654948546,1
864691135876040078,864691135654953666,1
864691135876105614,864691135641489723,2
864691135876105614,864691135655028930,1
864691135876161619,864691135655028930,1
864691135876673363,864691135645062127,1
864691135876752211,864691135640089659,1
864691135876869203,864691135645306351,1
864691135876935251,864691135644642543,2
864691135876935251,864691135645065199,2
864691135876935251,864691135646841327,1
864691135876935251,864691135654715586,1
864691135876956499,864691135640089659,4
864691135877099603,864691135640801083,1
864691135877396563,864691135654447554,1
864691135877451091,864691135640482363,1
864691135877620307,864691135640612667,1
864691135878346579,864691135645377519,1
864691135878346579,864691135654948546,1
864691135878447187,864691135639905851,1
864691135878665811,864691135645256687,1
864691135878665811,864691135646017007,1
864691135878665811,864691135646053103,4
864691135878665811,864691135655372482,1
864691135878780499,864691135639905851,1
864691135878780499,864691135654980802,1
864691135883867248,864691135654957762,1
864691135884111728,864691135639901499,1
864691135884229488,864691135645350895,1
864691135884234864,864691135641487419,1
864691135884353136,864691135646841327,1
864691135884353136,864691135655414466,2
864691135884430704,864691135655414466,1
864691135884604272,864691135639869243,1
864691135884838000,864691135644612847,1
864691135884845424,864691135655140802,1
864691135884871792,864691135646119919,1
864691135884871792,864691135654570690,1
864691135884871792,864691135654715586,1
864691135884871792,864691135654973634,1
864691135884943984,864691135640873531,1
864691135885120368,864691135645524719,3
864691135885120368,864691135655372482,1
864691135885194352,864691135654409412,1
864691135885221488,864691135654973634,1
864691135885298544,864691135645350895,1
864691135885343856,864691135639905851,2
864691135885572208,864691135640482363,2
864691135885572208,864691135654954434,1
864691135885572208,864691135655092418,2
864691135885572208,864691135655448002,1
864691135885674352,864691135639884347,1
864691135885674352,864691135639897147,1
864691135885674352,864691135654618818,1
864691135885674352,864691135654696642,1
864691135885674352,864691135655136194,1
864691135885764464,864691135639901499,1
864691135885764464,864691135654948546,5
864691135885764464,864691135655028930,1
864691135885764464,864691135655676098,2
864691135886293872,864691135639874107,1
864691135886293872,864691135640089659,1
864691135886293872,864691135640801083,2
864691135886345072,864691135655137986,1
864691135886415472,864691135641008443,1
864691135888483721,864691135655372482,1
864691135888486537,864691135655136194,2
864691135888488073,864691135644704751,1
864691135888510857,864691135655137986,1
864691135888518281,864691135654980802,1
864691135888522377,864691135639869243,1
864691135888522633,864691135655092418,1
864691135888523145,864691135655143106,1
864691135888534665,864691135644576239,1
864691135888811913,864691135654529986,1
864691135889235337,864691135654447554,1
864691135889293449,864691135639869243,2
864691135889411721,864691135645306351,6
864691135889499273,864691135654108610,1
864691135889773449,864691135654529986,1
864691135889893769,864691135644642543,1
864691135890037385,864691135645433071,1
864691135890037385,864691135654973634,1
864691135890197385,864691135655028930,3
864691135890229129,864691135646053103,2
864691135890229129,864691135654280386,1
864691135890238601,864691135646430703,1
864691135890572169,864691135654529986,2
864691135890651529,864691135641487419,1
864691135890651529,864691135645065199,1
864691135891510153,864691135645377519,1
864691135891551369,864691135645985519,1
864691135891716745,864691135645256687,1
864691135891719305,864691135655166402,3
864691135891719305,864691135655372482,3
864691135891898761,864691135640801083,1
864691135892119177,864691135639905851,1
864691135892228489,864691135640089659,2
864691135892228489,864691135645425903,1
864691135892319113,864691135645350895,1
864691135892349065,864691135639897147,1
864691135892415881,864691135639901499,1
864691135892448137,864691135654618818,1
864691135908721761,864691135645420015,1
864691135909727657,864691135639905851,1
864691135909729961,864691135654409412,1
864691135909738409,864691135655414466,1
864691135909787561,864691135645350895,1
864691135910214825,864691135646841327,4
864691135910395561,864691135654447554,1
864691135910465449,864691135645163857,1
864691135910596009,864691135655372482,1
864691135910654889,864691135645472239,1
864691135910670249,864691135640089659,1
864691135910670249,864691135640801083,1
864691135910670249,864691135654696642,1
864691135910690729,864691135644612847,1
864691135911637673,864691135645524719,1
864691135911903401,864691135645472239,1
864691135912055977,864691135640532539,2
864691135912195497,864691135640612667,1
864691135912195497,864691135654618818,1
864691135912195497,864691135654948546,1
864691135912275881,864691135655166402,2
864691135912293289,864691135645445871,1
864691135912358569,864691135639901499,2
864691135912367785,864691135639905851,1
864691135912367785,864691135640612667,1
864691135912367785,864691135641505339,1
864691135912367785,864691135645350895,6
864691135912367785,864691135654618818,1
864691135912367785,864691135654948546,1
864691135912395689,864691135639905851,2
864691135915162982,864691135645062127,1
864691135915193702,864691135645256687,1
864691135915343462,864691135654529986,1
864691135915467622,864691135639869243,2
864691135915636326,864691135639881275,1
864691135915853926,864691135640089659,3
864691135916821606,864691135646053103,1
864691135916925030,864691135641487419,1
864691135917553254,864691135654618818,1
864691135917583462,864691135654715586,1
864691135917583462,864691135655414466,2
864691135917648230,864691135655676098,1
864691135917650534,864691135641008443,1
864691135917650534,864691135641489723,1
864691135918320048,864691135645745135,1
864691135918331824,864691135654919106,1
864691135918338480,864691135645377519,1
864691135918344112,864691135654948546,5
864691135918344112,864691135655676098,1
864691135918601136,864691135654447554,2
864691135918656688,864691135645377519,1
864691135919170736,864691135640013627,8
864691135919356592,864691135654715586,1
864691135919398320,864691135655414466,1
864691135919463600,864691135641008443,1
864691135919585456,864691135639897147,1
864691135919614384,864691135654957762,1
864691135919622320,864691135639901499,1
864691135919645872,864691135645420015,1
864691135919645872,864691135655414466,6
864691135919749808,864691135654280386,1
864691135919749808,864691135655136194,1
864691135919823792,864691135646353391,1
864691135919901616,864691135655137986,1
864691135919981232,864691135645143279,1
864691135920019120,864691135654570690,1
864691135920136624,864691135639901499,1
864691135920136624,864691135654980546,1
864691135920348592,864691135645472239,1
864691135920380080,864691135640013627,1
864691135920492976,864691135641487419,1
864691135920492976,864691135655051202,1
864691135920699824,864691135645062127,1
864691135920722179,864691135655140802,1
864691135920840880,864691135654948546,1
864691135920880304,864691135641505339,1
864691135920880304,864691135654948546,1
864691135920880304,864691135655028930,4
864691135920894128,864691135639901499,1
864691135920894128,864691135654948546,1
864691135920930224,864691135641487419,1
864691135920930224,864691135645521903,1
864691135920930224,864691135646119919,1
864691135920930224,864691135655051202,1
864691135920930224,864691135655092418,1
864691135920930224,864691135655448002,1
864691135921985539,864691135655140802,1
864691135925497614,864691135654696642,1
864691135925553166,864691135655028930,1
864691135925567246,864691135654953666,1
864691135925822990,864691135640612667,1
864691135925954830,864691135655137986,1
864691135926036494,864691135655414466,1
864691135926123534,864691135639881275,1
864691135926304468,864691135641008443,1
864691135926320596,864691135654108610,1
864691135926432270,864691135655414466,2
864691135926486228,864691135645425903,1
864691135926568206,864691135654108610,1
864691135926573070,864691135645472239,1
864691135926591246,864691135655414466,1
864691135926608142,864691135639904059,1
864691135926614798,864691135639905851,1
864691135926614798,864691135645524719,1
864691135926647252,864691135655140802,1
864691135927181268,864691135645544431,1
864691135927224846,864691135654715586,1
864691135927325908,864691135639869243,1
864691135927325908,864691135645306351,1
864691135927325908,864691135654953666,1
864691135927329236,864691135645425903,1
864691135927340244,864691135654529986,1
864691135927343572,864691135645350895,1
864691135927361492,864691135645377519,1
864691135927398868,864691135654529986,3
864691135927468756,864691135644576239,1
864691135927647700,864691135655092418,1
864691135927648212,864691135655414466,1
864691135927750100,864691135639869243,1
864691135927750100,864691135645062127,1
864691135927750100,864691135655414466,3
864691135927766542,864691135646119919,1
864691135927826958,864691135645524719,1
864691135927873492,864691135655359938,1
864691135927925460,864691135654948546,1
864691135927995662,864691135654409412,1
864691135928261076,864691135645529583,1
864691135928420622,864691135646430703,1
864691135928518100,864691135645425903,1
864691135928926676,864691135655372482,1
864691135929158612,864691135639905851,1
864691135929206740,864691135639905851,2
864691135929207508,864691135646017007,1
864691135929207508,864691135654409412,1
864691135929229780,864691135639869243,1
864691135929878787,864691135654529986,1
864691135932958979,864691135655140802,1
864691135937054979,864691135644642543,2
864691135937155076,864691135645377519,1
864691135937170436,864691135645377519,1
864691135937193220,864691135654108610,1
864691135937193220,864691135654529986,1
864691135937211652,864691135654529986,1
864691135937211652,864691135655140802,1
864691135937334581,864691135646841327,1
864691135937343541,864691135655168962,1
864691135937351477,864691135654529986,4
864691135937367605,864691135655635394,1
864691135937375541,864691135654715586,1
864691135937395253,864691135654622658,1
864691135937402884,864691135655414466,1
864691135937403701,864691135646353391,1
864691135937404725,864691135644704751,1
864691135937404725,864691135645065199,1
864691135937411381,864691135640013627,1
864691135937547780,864691135641487419,1
864691135937607684,864691135640013627,1
864691135937638404,864691135639904059,1
864691135937654276,864691135639869243,2
864691135937654276,864691135640482363,2
864691135937654276,864691135655127490,1
864691135937816629,864691135655168962,1
864691135938049540,864691135654447554,1
864691135938079236,864691135645985519,1
864691135938231861,864691135654980546,1
864691135938277380,864691135645256687,3
864691135938354229,864691135654108610,1
864691135938398468,864691135655140802,1
864691135938404356,864691135655136194,1
864691135938404612,864691135639901499,1
864691135938404612,864691135640873531,2
864691135938430980,864691135640013627,2
864691135938430980,864691135644612847,2
864691135938430980,864691135654715586,1
864691135938430980,864691135654954434,1
864691135938474037,864691135645065199,1
864691135938475573,864691135640089659,1
864691135938497796,864691135646430703,1
864691135938499637,864691135655143106,1
864691135938507573,864691135640013627,1
864691135938516533,864691135641505339,1
864691135938534453,864691135641487419,1
864691135938797316,864691135639869243,2
864691135938797316,864691135654529986,1
864691135938804996,864691135655136194,1
864691135939072004,864691135645524719,1
864691135939072004,864691135654696642,2
864691135939275829,864691135644599791,1
864691135939276545,864691135641489723,1
864691135939286017,864691135655414466,1
864691135939289345,864691135655143106,2
864691135939295233,864691135654447554,1
864691135939322677,864691135639905851,1
864691135939323905,864691135655140802,1
864691135939333633,864691135644612847,1
864691135939360769,864691135654948546,1
864691135939366657,864691135654919106,1
864691135939368193,864691135646119919,1
864691135939368449,864691135655372482,1
864691135939371265,864691135645377519,1
864691135939378945,864691135654980802,1
864691135939393537,864691135644612847,2
864691135939462453,864691135646017007,1
864691135939462453,864691135655136194,1
864691135939469569,864691135655414466,1
864691135939493685,864691135654948546,1
864691135939493685,864691135655676098,1
864691135939555585,864691135644611311,1
864691135939555585,864691135654715586,4
864691135939585540,864691135640873531,1
864691135939604533,864691135639884347,2
864691135939604533,864691135645445871,1
864691135939604533,864691135655136194,2
864691135939627430,864691135645521903,1
864691135939638694,864691135639901499,1
864691135939638694,864691135654696642,1
864691135939645444,864691135640482363,1
864691135939645444,864691135655051202,1
864691135939645444,864691135655137986,1
864691135939658918,864691135645521903,1
864691135939703300,864691135640089659,1
864691135939704580,864691135654618818,1
864691135939704580,864691135654948546,2
864691135939799297,864691135645062127,1
864691135939867189,864691135640089659,1
864691135939871541,864691135654959810,3
864691135939908518,864691135645291503,1
864691135939973633,864691135654386884,1
864691135940068149,864691135640612667,1
864691135940086325,864691135654980802,1
864691135940210342,864691135644612847,1
864691135940314881,864691135644704751,1
864691135940375974,864691135655137986,1
864691135940400038,864691135645350895,2
864691135940530598,864691135654280386,1
864691135940600742,864691135645170671,1
864691135940605862,864691135654447554,1
864691135940608422,864691135655372482,1
864691135940609958,864691135646017007,2
864691135940615078,864691135639869243,2
864691135940615078,864691135645065199,2
864691135940615078,864691135654529986,1
864691135940624038,864691135655414466,2
864691135940638630,864691135655414466,2
864691135940835750,864691135655414466,1
864691135940864422,864691135654715586,1
864691135940887297,864691135645524719,1
864691135941039361,864691135654529986,4
864691135941061633,864691135640013627,1
864691135941061633,864691135644612847,2
864691135941130662,864691135655168962,1
864691135941159284,864691135654888898,1
864691135941159540,864691135645350895,2
864691135941163636,864691135654980802,1
864691135941173364,864691135640013627,1
864691135941303462,864691135639901499,1
864691135941435046,864691135639901499,1
864691135941595252,864691135639904059,1
864691135941657859,864691135655140802,1
864691135941708033,864691135645256687,1
864691135941708033,864691135654570690,1
864691135941754113,864691135654280386,1
864691135941863284,864691135654386884,1
864691135941899777,864691135640482363,3
864691135941899777,864691135654953666,1
864691135941899777,864691135655448002,1
864691135941900660,864691135655140802,1
864691135941916020,864691135654447554,3
864691135941940390,864691135654948546,1
864691135941962612,864691135644704751,1
864691135941977857,864691135655414466,1
864691135941984116,864691135645529583,1
864691135941993894,864691135645472239,1
864691135942004852,864691135655414466,1
864691135942007297,864691135655028930,1
864691135942008180,864691135644599791,1
864691135942021236,864691135655166402,1
864691135942035110,864691135640089659,1
864691135942055284,864691135655414466,1
864691135942124404,864691135654954434,1
864691135942133108,864691135654108610,2
864691135942133108,864691135654529986,1
864691135942142068,864691135639905851,1
864691135942142068,864691135641505339,1
864691135942142068,864691135654618818,1
864691135942158452,864691135655127490,1
864691135942163201,864691135644704751,1
864691135942310260,864691135654715586,2
864691135942686324,864691135654980546,1
864691135942796916,864691135640873531,1
864691135942838644,864691135655448002,1
864691135943009908,864691135654696642,1
864691135943029620,864691135655028930,3
864691135943029620,864691135655676098,1
864691135943222132,864691135640612667,1
864691135943566964,864691135654973634,1
864691135943566964,864691135655005122,1
864691135943566964,864691135655448002,2
864691135943622772,864691135655028930,1
864691135943623284,864691135641008443,1
864691135943623284,864691135654622658,1
864691135943820148,864691135641505339,1
864691135943820148,864691135646053103,1
864691135943820916,864691135646053103,1
864691135943820916,864691135655166402,1
864691135943820916,864691135655372482,3
864691135943826292,864691135639901499,1
864691135943826292,864691135640873531,1
864691135943826548,864691135639901499,1
864691135943913332,864691135641489723,5
864691135943921524,864691135646430703,1
864691135944010356,864691135639897147,3
864691135944010356,864691135639905851,1
864691135944010356,864691135646017007,1
864691135944010356,864691135646053103,1
864691135944010356,864691135655359938,1
864691135945409572,864691135655140802,1
864691135945435172,864691135644629999,1
864691135945442596,864691135645745135,1
864691135945461540,864691135639881275,2
864691135945462564,864691135644612847,1
864691135945486884,864691135654888898,1
864691135945507364,864691135654948546,1
864691135945509668,864691135639901499,1
864691135945509668,864691135645350895,1
864691135945513508,864691135645445871,1
864691135945521444,864691135654888898,1
864691135945563428,864691135654447554,1
864691135945904676,864691135641487419,1
864691135945935140,864691135655372482,1
864691135946299428,864691135646017007,1
864691135946301732,864691135645425903,1
864691135946405924,864691135654108610,1
864691135946412324,864691135645065199,1
864691135946629668,864691135654108610,1
864691135946634593,864691135654447554,1
864691135946635873,864691135639881275,1
864691135946636385,864691135640801083,1
864691135946637153,864691135644704751,1
864691135946639969,864691135655372482,1
864691135946645857,864691135654953666,1
864691135946653281,864691135645367535,2
864691135946686049,864691135654447554,1
864691135946689889,864691135655676098,1
864691135946697569,864691135645544431,1
864691135946699617,864691135639897147,2
864691135946980193,864691135639901499,1
864691135946994785,864691135639901499,3
864691135946994785,864691135654280386,4
864691135947095137,864691135655168962,1
864691135947145252,864691135640873531,1
864691135947146532,864691135655448002,1
864691135947158308,864691135645065199,1
864691135947158308,864691135646841327,1
864691135947158308,864691135654529986,4
864691135947158308,864691135654715586,2
864691135947474785,864691135655136194,1
864691135947615073,864691135640612667,1
864691135947626593,864691135655168962,1
864691135947629348,864691135641489723,1
864691135947650340,864691135640089659,3
864691135947653412,864691135646017007,1
864691135947767905,864691135654622658,1
864691135947773281,864691135654948546,1
864691135947843620,864691135646430703,1
864691135948179492,864691135645544431,1
864691135948179492,864691135654386884,1
864691135948257377,864691135655166402,1
864691135948449572,864691135655162050,1
864691135948462433,864691135644612847,1
864691135948462433,864691135654529986,1
864691135948591713,864691135654948546,1
864691135948814433,864691135654948546,1
864691135948962401,864691135645472239,1
864691135949046625,864691135640873531,2
864691135949056097,864691135640873531,1
864691135949056353,864691135655028930,1
864691135949111649,864691135640612667,1
864691135949111649,864691135645377519,1
864691135949111649,864691135654948546,1
864691135949112417,864691135641505339,1
864691135949112417,864691135646017007,1
864691135949112417,864691135646053103,1
864691135949112417,864691135654618818,1
864691135949112417,864691135655359938,2
864691135951958819,864691135654696642,1
864691135951958819,864691135655372482,1
864691135951959331,864691135655168962,1
864691135951975971,864691135645521903,1
864691135951977763,864691135645393647,1
864691135951992867,864691135654980802,1
864691135952031267,864691135654280386,1
864691135952031267,864691135654980546,1
864691135952122147,864691135646841327,1
864691135952203555,864691135655028930,1
864691135952213539,864691135645521903,1
864691135952696099,864691135640089659,1
864691135952740899,864691135655137986,1
864691135952830499,864691135654715586,1
864691135952910883,864691135645377519,1
864691135952917539,864691135654954434,1
864691135952952355,864691135655137986,4
864691135952952355,864691135655448002,1
864691135952956451,864691135654948546,1
864691135953110819,864691135639884347,1
864691135953110819,864691135645445871,1
864691135953110819,864691135645472239,1
864691135953540387,864691135639897147,1
864691135953712419,864691135639901499,3
864691135953736456,864691135654447554,1
864691135953737992,864691135654696642,1
864691135953744648,864691135654696642,1
864691135953783816,864691135655448002,1
864691135953920291,864691135640089659,1
864691135954194952,864691135654973634,1
864691135954514184,864691135645350895,1
864691135954640648,864691135640185915,1
864691135954665480,864691135645433071,1
864691135954665480,864691135654959810,1
864691135954699299,864691135640532539,1
864691135954699299,864691135641505339,1
864691135954699299,864691135645256687,2
864691135954699299,864691135645433071,1
864691135954699299,864691135646053103,1
864691135954699299,864691135654570690,1
864691135954784264,864691135655414466,2
864691135954810147,864691135645256687,1
864691135954810888,864691135655414466,1
864691135954813448,864691135654529986,3
864691135954813448,864691135655140802,1
864691135954844963,864691135640089659,5
864691135954961928,864691135644704751,2
864691135954961928,864691135655137986,1
864691135955194376,864691135654409412,1
864691135955268616,864691135640532539,1
864691135955268616,864691135645256687,3
864691135955268616,864691135645367535,1
864691135955268616,864691135654073282,1
864691135955320328,864691135654570690,1
864691135955481608,864691135639884347,1
864691135955481608,864691135639905851,2
864691135955817480,864691135655414466,2
864691135955912456,864691135654618818,1
864691135955919880,864691135654618818,2
864691135955919880,864691135654948546,2
864691135955919880,864691135655005122,1
864691135955919880,864691135655676098,4
864691135958098378,864691135655143106,1
864691135960960714,864691135639869243,3
864691135960960714,864691135654953666,2
864691135963906762,864691135640013627,13
864691135963906762,864691135644612847,3
864691135963906762,864691135654954434,2
864691135964837066,864691135654529986,9
864691135964837066,864691135655129026,9
864691135965047754,864691135644612847,1
864691135965047754,864691135646841327,2
864691135968895589,864691135640185915,1
864691135968909669,864691135654919106,1
864691135968943973,864691135655168962,1
864691135969368677,864691135654919106,1
864691135969423717,864691135644704751,1
864691135969582181,864691135639884347,2
864691135969582181,864691135645163857,2
864691135969631333,864691135655635394,1
864691135969690725,864691135655051202,1
864691135969762405,864691135654447554,1
864691135969806437,864691135641505339,2
864691135969815909,864691135640873531,1
864691135969919589,864691135648278724,1
864691135970037093,864691135654618818,1
864691135970055781,864691135645143279,1
864691135970184037,864691135645367535,1
864691135970292837,864691135639897147,1
864691135970693989,864691135655166402,1
864691135970744933,864691135639897147,1
864691135970744933,864691135654696642,1
864691135971154021,864691135641008443,1
864691135971252837,864691135641505339,1
864691135971252837,864691135646430703,1
864691135971252837,864691135654948546,2
864691135971252837,864691135655166402,1
864691135971552101,864691135646353391,1
864691135971552101,864691135646430703,1
864691135971663717,864691135640873531,1
864691135971725157,864691135640612667,1
864691135971725157,864691135654570690,1
864691135971725157,864691135655635394,1
864691135971734373,864691135645350895,1
864691135971734373,864691135654948546,2
864691135971734373,864691135655166402,1
864691135971743845,864691135641489723,1
864691135972248010,864691135655414466,1
864691135974446447,864691135644704751,1
864691135974453615,864691135654919106,1
864691135974457711,864691135654980546,1
864691135974485871,864691135654919106,1
864691135974742383,864691135645745135,1
864691135974742383,864691135654447554,1
864691135974798703,864691135655143106,1
864691135974875503,864691135654447554,1
864691135975321199,864691135654529986,2
864691135975347823,864691135654447554,1
864691135975371375,864691135655143106,1
864691135975446595,864691135640013627,1
864691135975446595,864691135644612847,6
864691135975449411,864691135639904059,1
864691135975453807,864691135655168962,1
864691135975475011,864691135655137986,1
864691135975479875,864691135654409412,2
864691135975484015,864691135655359938,1
864691135975499887,864691135654447554,1
864691135975539779,864691135655129026,1
864691135975539779,864691135655140802,1
864691135975571311,864691135654447554,1
864691135975613295,864691135639905851,2
864691135975639107,864691135655414466,1
864691135975764591,864691135655414466,1
864691135975777347,864691135639905851,3
864691135975823939,864691135645065199,1
864691135976134211,864691135655005122,2
864691135976315503,864691135645472239,1
864691135976343754,864691135654529986,1
864691135976343754,864691135654919106,1
864691135976343754,864691135655140802,2
864691135976476483,864691135640089659,1
864691135976492867,864691135639884347,3
864691135976518467,864691135645433071,1
864691135976527427,864691135646353391,1
864691135976619331,864691135655676098,1
864691135976964931,864691135639869243,1
864691135976979567,864691135654570690,1
864691135977005891,864691135641505339,1
864691135977114991,864691135640612667,1
864691135977402691,864691135654529986,1
864691135977577539,864691135640013627,5
864691135977768259,864691135641505339,4
864691135977768259,864691135654280386,1
864691135977807427,864691135654980546,1
864691135977925187,864691135640013627,3
864691135977925187,864691135645521903,1
864691135977925187,864691135646119919,2
864691135977925187,864691135655635394,1
864691135982474915,864691135655140802,1
864691135982809763,864691135654447554,1
864691135983761315,864691135654447554,1
864691135985180672,864691135654447554,1
864691135986887171,864691135639881275,1
864691135986895619,864691135645521903,1
864691135986903043,864691135655140802,1
864691135986937347,864691135655137986,1
864691135986937347,864691135655448002,1
864691135986939139,864691135645062127,1
864691135986939139,864691135655414466,1
864691135987093251,864691135639884347,1
864691135987093251,864691135655166402,1
864691135988019971,864691135645420015,1
864691135988286976,864691135645377519,1
864691135988289024,864691135655166402,1
864691135988292608,864691135639869243,1
864691135988318720,864691135645985519,1
864691135988318976,864691135645420015,1
864691135988412874,864691135654919106,2
864691135988582659,864691135655372482,1
864691135988639488,864691135640089659,1
864691135988639744,864691135639884347,1
864691135988692224,864691135639881275,1
864691135988692224,864691135655137986,1
864691135988720387,864691135645065199,1
864691135988790787,864691135640532539,1
864691135988801792,864691135654280386,1
864691135988814336,864691135639901499,1
864691135988824067,864691135645544431,1
864691135988848896,864691135654980546,1
864691135988885507,864691135655005122,1
864691135989017603,864691135654888898,1
864691135989050058,864691135639869243,1
864691135989072128,864691135654618818,1
864691135989158659,864691135646353391,1
864691135989272064,864691135646841327,1
864691135989275648,864691135644642543,1
864691135989275648,864691135654529986,1
864691135989318912,864691135645445871,2
864691135989336320,864691135655137986,1
864691135989340931,864691135654618818,1
864691135989344512,864691135645420015,1
864691135989344512,864691135654280386,1
864691135989344512,864691135654386884,1
864691135989504003,864691135641489723,1
864691135989504003,864691135646053103,1
864691135989630720,864691135639897147,1
864691135989658371,864691135640532539,1
864691135989668096,864691135655166402,1
864691135989694976,864691135645143279,3
864691135989694976,864691135655168962,1
864691135989702915,864691135641489723,1
864691135989702915,864691135645256687,3
864691135989708803,864691135654948546,1
864691135989713155,864691135640873531,1
864691135989739011,864691135639901499,1
864691135989739011,864691135654618818,1
864691135989739011,864691135654948546,4
864691135989739011,864691135655676098,1
864691135989860867,864691135639901499,1
864691135989860867,864691135654980546,1
864691135990009600,864691135646119919,1
864691135990265344,864691135645350895,1
864691135990277376,864691135654948546,2
864691135990277376,864691135655676098,1
864691135990620160,864691135639901499,1
864691135990656000,864691135654953666,3
864691135990729728,864691135646353391,1
864691135990729728,864691135646430703,1
864691135990793216,864691135641008443,3
864691135990793216,864691135641489723,1
864691135990793216,864691135645163857,1
864691135990851584,864691135654529986,3
864691135990916352,864691135654618818,1
864691135991049472,864691135655372482,1
864691135991171328,864691135640089659,3
864691135991197184,864691135640873531,1
864691135991197184,864691135655028930,1
864691135991476161,864691135654529986,1
864691135991479745,864691135655359938,1
864691135991502785,864691135654386884,2
864691135991502785,864691135654957762,1
864691135991502785,864691135655005122,2
864691135991503809,864691135654715586,1
864691135991506369,864691135654529986,1
864691135991523265,864691135640612667,2
864691135991737025,864691135654953666,4
864691135991801025,864691135645291503,1
864691135991801025,864691135645524719,1
864691135991879617,864691135654529986,1
864691135992213697,864691135645163857,1
864691135992239041,864691135639884347,3
864691135992403137,864691135645529583,1
864691135992431809,864691135645524719,2
864691135992442817,864691135640089659,1
864691135992451521,864691135654447554,1
864691135992477377,864691135645521903,1
864691135992479425,864691135645529583,2
864691135992496577,864691135639905851,1
864691135992497089,864691135654409412,1
864691135992497089,864691135655414466,1
864691135992790209,864691135640873531,1
864691135992791233,864691135655140802,1
864691135992800449,864691135645350895,1
864691135992899521,864691135655635394,1
864691135993113025,864691135639904059,1
864691135993137345,864691135640873531,1
864691135993486017,864691135640612667,1
864691135993600961,864691135640089659,1
864691135993698753,864691135654980802,4
864691135993787585,864691135654073282,1
864691135993787585,864691135655137986,1
864691135993787585,864691135655162050,1
864691135993807297,864691135654529986,1
864691135994222017,864691135655028930,1
864691135994222017,864691135655635394,1
864691135994226881,864691135640612667,1
864691135994229194,864691135640013627,3
864691135994229194,864691135644612847,1
864691135994229194,864691135654715586,1
864691135994470337,864691135640482363,1
864691135994470337,864691135655127490,1
864691135994473153,864691135639901499,1
864691135994473153,864691135640612667,1
864691135994483137,864691135639905851,5
864691135994484929,864691135654409412,2
864691135994516650,864691135654447554,1
864691135994530218,864691135655168962,1
864691135994557610,864691135655168962,1
864691135994570666,864691135655143106,1
864691135994572202,864691135640873531,1
864691135994577066,864691135645445871,1
864691135994643370,864691135646841327,1
864691135994661802,864691135654447554,1
864691135994815946,864691135654447554,1
864691135994815946,864691135654953666,2
864691135994815946,864691135655005122,1
864691135994819754,864691135654618818,2
864691135994837418,864691135639897147,1
864691135995104714,864691135639904059,1
864691135995104714,864691135640013627,1
864691135995190442,864691135654959810,1
864691135995272874,864691135645524719,1
864691135995272874,864691135655372482,1
864691135995351722,864691135655414466,2
864691135995399850,864691135654570690,1
864691135995417002,864691135640801083,1
864691135995441834,864691135645445871,1
864691135995586506,864691135644642543,1
864691135995586506,864691135645306351,1
864691135995586506,864691135655414466,1
864691135995663786,864691135654715586,1
864691135995909546,864691135645143279,1
864691135995909546,864691135655168962,1
864691135996249002,864691135655127490,1
864691135996633002,864691135646430703,1
864691135997177258,864691135641487419,1
864691135997393834,864691135645377519,1
864691135997680042,864691135640612667,1
864691135997680042,864691135654948546,1
864691135998797770,864691135646841327,1
864691136000084131,864691135654447554,3
864691136000086730,864691135640013627,1
864691136000086730,864691135654954434,2
864691136001931978,864691135640013627,2
864691136001931978,864691135644612847,1
864691136002091427,864691135654919106,1
864691136003918538,864691135644612847,1
864691136003918538,864691135646841327,1
864691136003918538,864691135654108610,1
864691136004733130,864691135654948546,1
864691136004756426,864691135654447554,1
864691136004773066,864691135654529986,1
864691136004773066,864691135655140802,1
864691136004885706,864691135645367535,1
864691136005069514,864691135655168962,1
864691136005150154,864691135646119919,1
864691136005330634,864691135645433071,1
864691136005561992,864691135655162050,1
864691136005628106,864691135655143106,1
864691136005811658,864691135655168962,1
864691136005816266,864691135655676098,1
864691136005831882,864691135655635394,1
864691136006161610,864691135654108610,3
864691136006161610,864691135655129026,3
864691136006161610,864691135655140802,1
864691136006400931,864691135654447554,1
864691136006462154,864691135640873531,1
864691136006619850,864691135645985519,1
864691136006641098,864691135654529986,1
864691136006669514,864691135639897147,1
864691136006687434,864691135655168962,2
864691136006739914,864691135639905851,2
864691136006790090,864691135654618818,1
864691136006790090,864691135655676098,1
864691136006940874,864691135654570690,1
864691136007393994,864691135641008443,5
864691136007393994,864691135641489723,5
864691136007393994,864691135645256687,1
864691136008402604,864691135654280386,1
864691136008412332,864691135639884347,1
864691136008448940,864691135654529986,2
864691136008461740,864691135654980546,1
864691136008463276,864691135640089659,1
864691136008589230,864691135639904059,1
864691136008718764,864691135640089659,1
864691136008820396,864691135644611311,1
864691136008821422,864691135655137986,1
864691136008881580,864691135645306351,1
864691136008955308,864691135645256687,1
864691136008962990,864691135639881275,1
864691136008962990,864691135639904059,1
864691136008966574,864691135654108610,2
864691136008981166,864691135654957762,1
864691136009349804,864691135640873531,1
864691136009371054,864691135645306351,2
864691136009415340,864691135646841327,1
864691136009419180,864691135654957762,1
864691136009424300,864691135645544431,1
864691136009425324,864691135639901499,1
864691136009425324,864691135654948546,1
864691136009428396,864691135648278724,1
864691136009428396,864691135655092418,1
864691136009428396,864691135655448002,1
864691136009429932,864691135654529986,1
864691136009500078,864691135655140802,1
864691136009506734,864691135654980802,1
864691136009507502,864691135654447554,1
864691136009641644,864691135639905851,1
864691136009658540,864691135639869243,5
864691136009840556,864691135655166402,1
864691136009890476,864691135641487419,2
864691136009890476,864691135655051202,1
864691136009905070,864691135654386884,1
864691136010028974,864691135655168962,1
864691136010068142,864691135654953666,1
864691136010068652,864691135654948546,1
864691136010068652,864691135655028930,1
864691136010227118,864691135655028930,1
864691136010375596,864691135646430703,1
864691136010376620,864691135640482363,1
864691136010434732,864691135654622658,1
864691136010487982,864691135654570690,1
864691136010642348,864691135654570690,1
864691136010676652,864691135645445871,1
864691136010687404,864691135639905851,5
864691136010687404,864691135640089659,1
864691136010687404,864691135640801083,3
864691136010687404,864691135641505339,1
864691136010687404,864691135654618818,4
864691136010687404,864691135655372482,1
864691136010717356,864691135640482363,1
864691136010717356,864691135655635394,1
864691136010800812,864691135654948546,1
864691136010875299,864691135645350895,1
864691136010893731,864691135639881275,2
864691136010910382,864691135646053103,1
864691136010913454,864691135639905851,1
864691136010922147,864691135645745135,1
864691136010961059,864691135655676098,1
864691136010963875,864691135654980802,1
864691136010967203,864691135654888898,1
864691136011046318,864691135640873531,1
864691136011211182,864691135640873531,1
864691136011307171,864691135644642543,3
864691136011379107,864691135639901499,1
864691136011458734,864691135646053103,2
864691136011458734,864691135655372482,1
864691136011485614,864691135639901499,2
864691136011485614,864691135641505339,7
864691136011485614,864691135646053103,1
864691136011485614,864691135654618818,4
864691136011485614,864691135655166402,3
864691136011485614,864691135655359938,1
864691136011485614,864691135655372482,1
864691136011596707,864691135655372482,1
864691136011634339,864691135640089659,2
864691136011684526,864691135640612667,1
864691136011684526,864691135641008443,1
864691136011698350,864691135645377519,1
864691136011733934,864691135646017007,5
864691136011733934,864691135655359938,1
864691136011782318,864691135640185915,1
864691136011782318,864691135655092418,1
864691136011905187,864691135640089659,2
864691136011908515,864691135654447554,1
864691136011931299,864691135654948546,1
864691136012046499,864691135654529986,1
864691136012167075,864691135645350895,1
864691136012167075,864691135654280386,1
864691136012173475,864691135646430703,1
864691136012302755,864691135640089659,2
864691136012942499,864691135645377519,1
864691136012973731,864691135640873531,1
864691136013000867,864691135640873531,1
864691136013000867,864691135646353391,1
864691136013021091,864691135639897147,1
864691136013021091,864691135654386884,1
864691136013125795,864691135639901499,2
864691136013125795,864691135639905851,1
864691136013160611,864691135640089659,1
864691136013160611,864691135655136194,1
864691136013242787,864691135639884347,1
864691136013242787,864691135639897147,1
864691136013242787,864691135654953666,1
864691136013242787,864691135655092418,1
864691136013337507,864691135655005122,1
864691136013367715,864691135645367535,1
864691136013367715,864691135654570690,1
864691136013653411,864691135639901499,1
864691136013653411,864691135640612667,3
864691136020233976,864691135639881275,1
864691136020244472,864691135644704751,1
864691136020254200,864691135655029186,1
864691136020260088,864691135655140802,1
864691136020265208,864691135654409412,1
864691136020287992,864691135655140802,3
864691136020314616,864691135645062127,2
864691136020717816,864691135654948546,1
864691136021044216,864691135645524719,1
864691136021061880,864691135655414466,1
864691136021197048,864691135655676098,1
864691136021299448,864691135640801083,1
864691136021365496,864691135655168962,1
864691136021448184,864691135644704751,1
864691136021570552,864691135645529583,1
864691136021592568,864691135639884347,2
864691136021592568,864691135639897147,2
864691136021592568,864691135639905851,1
864691136021592568,864691135645524719,4
864691136021592568,864691135654386884,1
864691136021895416,864691135654715586,3
864691136021895416,864691135655168962,1
864691136021961720,864691135655028930,2
864691136022118648,864691135645985519,1
864691136022177272,864691135646430703,1
864691136022200056,864691135640801083,2
864691136022558200,864691135654280386,1
864691136022608888,864691135645445871,2
864691136022684408,864691135640089659,1
864691136022735608,864691135654980546,1
864691136022735608,864691135655166402,1
864691136023718457,864691135654954434,1
864691136023744057,864691135645065199,1
864691136023760185,864691135654953666,1
864691136023764025,864691135646841327,1
864691136023764025,864691135654715586,2
864691136023775801,864691135655168962,1
864691136023778361,864691135645170671,1
864691136023793721,864691135655414466,1
864691136023794233,864691135655140802,2
864691136023800633,864691135645521903,1
864691136023811641,864691135654447554,2
864691136023825721,864691135640089659,5
864691136023825721,864691135645425903,7
864691136023919161,864691135654529986,1
864691136024186937,864691135639869243,1
864691136024228409,864691135645377519,1
864691136024329529,864691135654954434,2
864691136024596281,864691135640185915,1
864691136024618041,864691135654447554,1
864691136024680761,864691135639904059,1
864691136024828729,864691135645065199,1
864691136024828729,864691135654715586,1
864691136024830521,864691135655448002,1
864691136024833337,864691135654529986,1
864691136024904505,864691135646017007,1
864691136024928313,864691135639905851,1
864691136024963385,864691135645524719,1
864691136024984377,864691135646841327,3
864691136024984377,864691135654715586,1
864691136025093689,864691135654108610,1
864691136025093689,864691135654529986,1
864691136025093689,864691135654715586,2
864691136025143097,864691135655414466,2
864691136025145145,864691135655028930,1
864691136025503033,864691135645377519,1
864691136025504569,864691135641505339,1
864691136025504569,864691135654618818,1
864691136025504569,864691135655372482,1
864691136025913913,864691135640612667,2
864691136025913913,864691135641008443,2
864691136026234169,864691135655028930,1
864691136026263353,864691135645350895,1
864691136026317113,864691135641008443,1
864691136026331449,864691135640873531,1
864691136026356281,864691135654280386,1
864691136026374201,864691135640482363,1
864691136026848478,864691135654888898,1
864691136031645115,864691135639884347,1
864691136031645627,864691135645524719,1
864691136031650491,864691135640873531,1
864691136031689659,864691135654696642,1
864691136031691963,864691135648278724,2
864691136031693755,864691135655140802,1
864691136031699131,864691135654108610,4
864691136031700411,864691135645062127,1
864691136031700923,864691135645062127,1
864691136031709115,864691135645062127,1
864691136031711419,864691135655414466,2
864691136031719099,864691135645062127,1
864691136031720635,864691135645306351,1
864691136031724731,864691135654888898,1
864691136031726267,864691135640185915,1
864691136031726267,864691135655635394,1
864691136031728059,864691135655676098,1
864691136031768763,864691135644599791,1
864691136031769275,864691135645350895,1
864691136031769275,864691135645377519,1
864691136031777211,864691135644629999,1
864691136031885755,864691135654696642,1
864691136031963579,864691135645420015,1
864691136031970747,864691135640873531,1
864691136031975611,864691135654696642,1
864691136032269755,864691135654715586,1
864691136032443579,864691135655414466,1
864691136032650939,864691135645367535,3
864691136032650939,864691135655166402,1
864691136032653499,864691135655414466,1
864691136032654523,864691135645306351,3
864691136032655803,864691135639874107,1
864691136032688571,864691135654696642,1
864691136032692411,864691135655414466,1
864691136032732603,864691135645062127,1
864691136033301435,864691135645256687,1
864691136033332155,864691135655092418,1
864691136034003899,864691135640013627,1
864691136034274747,864691135644704751,1
864691136034294459,864691135654973634,1
864691136034464443,864691135644704751,1
864691136034487483,864691135641505339,2
864691136034487483,864691135646053103,1
864691136034487483,864691135655028930,3
864691136039372798,864691135645143279,1
864691136039373310,864691135639881275,1
864691136039395838,864691135654447554,1
864691136039397630,864691135641505339,1
864691136039551998,864691135654447554,2
864691136039660286,864691135640873531,1
864691136039723262,864691135654622658,1
864691136040157694,864691135655136194,1
864691136040264702,864691135655166402,1
864691136040354814,864691135655136194,1
864691136040892158,864691135655137986,1
864691136040993878,864691135654980546,1
864691136040999254,864691135654919106,1
864691136041021782,864691135654108610,4
864691136041041494,864691135654959810,1
864691136041049174,864691135640801083,1
864691136041076990,864691135655676098,3
864691136041080150,864691135655140802,1
864691136041081430,864691135640873531,1
864691136041321982,864691135641489723,1
864691136041321982,864691135655028930,1
864691136041394518,864691135654045634,1
864691136041438550,864691135639869243,1
864691136041504254,864691135655028930,1
864691136041575678,864691135640013627,1
864691136041604438,864691135654409412,1
864691136041604438,864691135654953666,2
864691136041642494,864691135639901499,1
864691136041642494,864691135641505339,2
864691136041642494,864691135645163857,1
864691136041642494,864691135654948546,1
864691136041672534,864691135655140802,1
864691136041679702,864691135644642543,2
864691136041679702,864691135645306351,1
864691136041679702,864691135654715586,1
864691136041694718,864691135655448002,1
864691136041737470,864691135645163857,1
864691136041942102,864691135639901499,1
864691136042341718,864691135654696642,2
864691136042350422,864691135640013627,1
864691136042350422,864691135654529986,1
864691136042350422,864691135654715586,1
864691136042350422,864691135655051202,2
864691136042350422,864691135655635394,1
864691136042373462,864691135655372482,2
864691136042548054,864691135655137986,1
864691136042854742,864691135654948546,1
864691136042941526,864691135654570690,1
864691136043245654,864691135639869243,1
864691136043245654,864691135645065199,2
864691136043397206,864691135655676098,1
864691136043601238,864691135641487419,2
864691136050819827,864691135645143279,1
864691136050827507,864691135655127490,1
864691136050837235,864691135654447554,1
864691136050857203,864691135655372482,1
864691136050858483,864691135639901499,1
864691136050873075,864691135655136194,1
864691136050875123,864691135639904059,1
864691136050904819,864691135639869243,1
864691136050904819,864691135654715586,1
864691136051071987,864691135654948546,1
864691136051136243,864691135654108610,1
864691136051266803,864691135654948546,1
864691136051494387,864691135645163857,1
864691136051589619,864691135655140802,1
864691136051626739,864691135640873531,1
864691136051626739,864691135645143279,1
864691136051758323,864691135654529986,1
864691136051781619,864691135654954434,1
864691136051800563,864691135655028930,1
864691136051803635,864691135654888898,1
864691136051806707,864691135641008443,1
864691136051830771,864691135654108610,1
864691136051920115,864691135639897147,1
864691136051920115,864691135640532539,1
864691136052178675,864691135655372482,1
864691136052738803,864691135646017007,1
864691136052738803,864691135655372482,1
864691136052791027,864691135640873531,1
864691136052860403,864691135644704751,1
864691136052882163,864691135655676098,1
864691136052893939,864691135655162050,1
864691136052923123,864691135654957762,1
864691136052938227,864691135654696642,5
864691136052973811,864691135645377519,1
864691136053140723,864691135646353391,1
864691136053201395,864691135654280386,2
864691136053225715,864691135645170671,2
864691136053225715,864691135655005122,1
864691136053227763,864691135639884347,1
864691136053263859,864691135645350895,1
864691136053537779,864691135646841327,1
864691136053537779,864691135654715586,1
864691136053645299,864691135640185915,5
864691136053645299,864691135640482363,3
864691136053645299,864691135641487419,2
864691136053645299,864691135655092418,1
864691136053645299,864691135655448002,2
864691136056309976,864691135655051202,1
864691136056310232,864691135654696642,1
864691136056342744,864691135654715586,1
864691136056352728,864691135646841327,1
864691136056359896,864691135645143279,1
864691136056362456,864691135645062127,1
864691136056362456,864691135655414466,1
864691136056377048,864691135655140802,4
864691136056378840,864691135654980802,2
864691136056386776,864691135654980802,3
864691136056399064,864691135644642543,1
864691136056692440,864691135645367535,1
864691136056692440,864691135655162050,8
864691136056791512,864691135646841327,1
864691136057103576,864691135640185915,1
864691136057172184,864691135655168962,1
864691136057278936,864691135645350895,1
864691136057332184,864691135640482363,1
864691136057332184,864691135641487419,1
864691136057332184,864691135655448002,1
864691136057333976,864691135640873531,1
864691136057345496,864691135639904059,1
864691136057352920,864691135655372482,1
864691136057475800,864691135655414466,1
864691136057489368,864691135654386884,1
864691136057493464,864691135654948546,1
864691136057775320,864691135655092418,1
864691136057962200,864691135655676098,1
864691136058023640,864691135640873531,1
864691136058096856,864691135654696642,1
864691136058096856,864691135654980546,1
864691136058100440,864691135655136194,2
864691136058116568,864691135639901499,1
864691136058116568,864691135641505339,1
864691136058116568,864691135645350895,1
864691136058116568,864691135654948546,3
864691136058210520,864691135654280386,1
864691136058447832,864691135645367535,1
864691136058459096,864691135639901499,1
864691136058459096,864691135641505339,1
864691136058690264,864691135640873531,2
864691136058810328,864691135641505339,1
864691136058810328,864691135654948546,1
864691136058810328,864691135655028930,7
864691136058810328,864691135655676098,1
864691136058885080,864691135639884347,1
864691136058963160,864691135639901499,1
864691136058963160,864691135641505339,1
864691136059003864,864691135655635394,1
864691136065219992,864691135654280386,1
864691136065252248,864691135645170671,4
864691136065263256,864691135646430703,1
864691136065272984,864691135654973634,1
864691136065287832,864691135646053103,2
864691136065291672,864691135655359938,1
864691136065725336,864691135645377519,1
864691136065821592,864691135639869243,10
864691136065821592,864691135655127490,1
864691136065851288,864691135655140802,3
864691136065856664,864691135654948546,1
864691136065862808,864691135655137986,1
864691136065923992,864691135645306351,1
864691136065951896,864691135654447554,1
864691136066253720,864691135654529986,2
864691136066398104,864691135648278724,1
864691136066513560,864691135644704751,1
864691136066516376,864691135655127490,1
864691136066746776,864691135644704751,1
864691136067018392,864691135644704751,1
864691136067062936,864691135645524719,1
864691136067602328,864691135654715586,1
864691136067612824,864691135646119919,1
864691136067612824,864691135654570690,1
864691136067615384,864691135639897147,1
864691136067819416,864691135640089659,2
864691136067819416,864691135640801083,1
864691136067819416,864691135641505339,1
864691136067819416,864691135655372482,1
864691136067886488,864691135645544431,2
864691136067891096,864691135654570690,1
864691136084040556,864691135639901499,1
864691136084056684,864691135655051202,1
864691136084059756,864691135639897147,1
864691136084060524,864691135644642543,2
864691136084077676,864691135639869243,6
864691136084077676,864691135654529986,2
864691136084303468,864691135640612667,2
864691136084425068,864691135645445871,1
864691136084428908,864691135654045634,2
864691136084488044,864691135645425903,1
864691136084510572,864691135640873531,1
864691136084660588,864691135645529583,2
864691136084664940,864691135654696642,2
864691136085043308,864691135645529583,2
864691136085171820,864691135645065199,1
864691136085261932,864691135640801083,1
864691136085442668,864691135645377519,1
864691136085458284,864691135645291503,1
864691136085904236,864691135639897147,1
864691136086171244,864691135645445871,1
864691136086206316,864691135655028930,1
864691136086239084,864691135645521903,1
864691136086239084,864691135654715586,2
864691136086239084,864691135654973634,4
864691136086239084,864691135655162050,1
864691136086639212,864691135640873531,1
864691136086639212,864691135654980546,1
864691136086667628,864691135645256687,1
864691136086667628,864691135655166402,1
864691136086667628,864691135655359938,1
864691136086744684,864691135640873531,1
864691136086755436,864691135639905851,1
864691136086772844,864691135654570690,3
864691136086810476,864691135654618818,1
864691136088927543,864691135640801083,1
864691136088927543,864691135654696642,1
864691136088930871,864691135655676098,1
864691136088937015,864691135640089659,1
864691136088943671,864691135655166402,1
864691136088958263,864691135654447554,1
864691136088965687,864691135644642543,1
864691136088965687,864691135654715586,1
864691136088969271,864691135654108610,1
864691136088969271,864691135655129026,1
864691136088969271,864691135655140802,1
864691136089376567,864691135640013627,1
864691136089571383,864691135655140802,2
864691136089879863,864691135645306351,1
864691136090104119,864691135639881275,1
864691136090104119,864691135639904059,1
864691136090114615,864691135645062127,1
864691136090125111,864691135645291503,1
864691136090477367,864691135645529583,1
864691136090479159,864691135645521903,1
864691136090479159,864691135646119919,4
864691136090479159,864691135654570690,1
864691136090479159,864691135654957762,1
864691136090479159,864691135655127490,1
864691136090479159,864691135655137986,1
864691136090479159,864691135655414466,1
864691136090689847,864691135645420015,2
864691136090689847,864691135645985519,1
864691136090689847,864691135654953666,1
864691136090896820,864691135654919106,1
864691136090936756,864691135646841327,1
864691136090936756,864691135654715586,1
864691136090939316,864691135654529986,1
864691136090939316,864691135655140802,2
864691136090948532,864691135654447554,2
864691136091074615,864691135654570690,2
864691136091310391,864691135654108610,1
864691136091310391,864691135654529986,2
864691136091310391,864691135655129026,2
864691136091311028,864691135644612847,1
864691136091465140,864691135646430703,1
864691136091580727,864691135644629999,2
864691136091620919,864691135655676098,1
864691136091718711,864691135641487419,3
864691136091718711,864691135655051202,1
864691136091779383,864691135639897147,1
864691136091782580,864691135645256687,1
864691136091895220,864691135655136194,1
864691136092044724,864691135654953666,1
864691136092070068,864691135645529583,1
864691136092164020,864691135655414466,1
864691136092359604,864691135640089659,1
864691136092483508,864691135640482363,4
864691136092483508,864691135641487419,3
864691136092646836,864691135640089659,1
864691136092646836,864691135640801083,1
864691136092646836,864691135655372482,7
864691136092922804,864691135645377519,1
864691136092922804,864691135646430703,1
864691136092922804,864691135655136194,2
864691136092950964,864691135654948546,5
864691136093202356,864691135654618818,1
864691136093396404,864691135640801083,2
864691136093493172,864691135655676098,2
864691136099759477,864691135654280386,1
864691136099766901,864691135645420015,3
864691136099767669,864691135655140802,1
864691136099778677,864691135646053103,1
864691136099784309,864691135655136194,1
864691136099785077,864691135654980546,1
864691136099791221,864691135639869243,1
864691136099795829,864691135654447554,1
864691136099823477,864691135654529986,1
864691136099824501,864691135646841327,3
864691136099827829,864691135645445871,1
864691136099827829,864691135655136194,1
864691136099836021,864691135645433071,1
864691136099836021,864691135646119919,1
864691136099864949,864691135654529986,1
864691136099870325,864691135655140802,1
864691136100585589,864691135654957762,1
864691136100646517,864691135645445871,1
864691136100800117,864691135655168962,1
864691136100848757,864691135654696642,1
864691136100926581,864691135655168962,1
864691136100929909,864691135654108610,1
864691136100933749,864691135654696642,2
864691136100937589,864691135655414466,1
864691136101136757,864691135644642543,2
864691136101276021,864691135640089659,1
864691136101276021,864691135654696642,1
864691136101295221,864691135654073282,1
864691136101534069,864691135654696642,1
864691136101767541,864691135641505339,1
864691136101767541,864691135646053103,1
864691136101842037,864691135639904059,1
864691136102393205,864691135654973634,1
864691136105468633,864691135645377519,1
864691136105477593,864691135645350895,1
864691136105478361,864691135645529583,1
864691136105478361,864691135655005122,1
864691136105523161,864691135655140802,1
864691136105574361,864691135654973634,1
864691136105872345,864691135645529583,1
864691136105899993,864691135640013627,1
864691136106218201,864691135654715586,1
864691136106320601,864691135655414466,1
864691136106400985,864691135655140802,1
864691136106426329,864691135654447554,1
864691136106515929,864691135640089659,1
864691136106523353,864691135655676098,1
864691136106586585,864691135654529986,1
864691136106671321,864691135654447554,1
864691136106855129,864691135655676098,1
864691136106935001,864691135645377519,1
864691136107108825,864691135646430703,1
864691136107269081,864691135654696642,1
864691136107283417,864691135654622658,1
864691136107964377,864691135646353391,2
864691136107980761,864691135654108610,1
864691136107980761,864691135654529986,6
864691136107980761,864691135655129026,2
864691136107980761,864691135655140802,1
864691136108025561,864691135654618818,1
864691136108411097,864691135640873531,1
864691136108519129,864691135655051202,1
864691136108519129,864691135655448002,2
864691136108611033,864691135641505339,1
864691136108611033,864691135654948546,5
864691136108611033,864691135655676098,4
864691136108702392,864691135654948546,4
864691136108702392,864691135655676098,1
864691136108703619,864691135645445871,1
864691136108724664,864691135655140802,1
864691136108726200,864691135654919106,1
864691136108726968,864691135654529986,1
864691136108736440,864691135654953666,1
864691136108736440,864691135655168962,1
864691136108747960,864691135644704751,1
864691136108753080,864691135654409412,1
864691136108755640,864691135654919106,1
864691136108938168,864691135639869243,1
864691136109032120,864691135655168962,1
864691136109147064,864691135655143106,1
864691136109157816,864691135640089659,1
864691136109294008,864691135654973634,1
864691136109323448,864691135654888898,1
864691136109371576,864691135654973634,2
864691136109701816,864691135639905851,1
864691136109764536,864691135654948546,1
864691136109775544,864691135655414466,1
864691136109891512,864691135654447554,1
864691136110005176,864691135654529986,1
864691136110005176,864691135654715586,1
864691136110206904,864691135655414466,1
864691136110217400,864691135639901499,1
864691136110362296,864691135639869243,9
864691136110362296,864691135639904059,1
864691136110362296,864691135654108610,1
864691136110362296,864691135654529986,2
864691136110362296,864691135654715586,1
864691136110362296,864691135655137986,1
864691136110362296,864691135655448002,1
864691136110366904,864691135641505339,1
864691136110550456,864691135654618818,1
864691136110685880,864691135644642543,1
864691136110685880,864691135654529986,3
864691136110763704,864691135655136194,1
864691136110947512,864691135646353391,1
864691136111185336,864691135645377519,1
864691136111411896,864691135655136194,1
864691136111602104,864691135645377519,1
864691136111602104,864691135654618818,1
864691136111602360,864691135645163857,1
864691136116140964,864691135645377519,1
864691136116154788,864691135655137986,1
864691136116155044,864691135640801083,1
864691136116155044,864691135655166402,1
864691136116155044,864691135655372482,1
864691136116186788,864691135639881275,1
864691136116186788,864691135655137986,5
864691136116529316,864691135655676098,1
864691136116535204,864691135646353391,1
864691136116665508,864691135645065199,1
864691136116789156,864691135655136194,1
864691136116977060,864691135655140802,1
864691136117061284,864691135639905851,1
864691136117069220,864691135654980802,3
864691136117076900,864691135655140802,1
864691136117080740,864691135654447554,1
864691136117220516,864691135645445871,1
864691136117228196,864691135641489723,2
864691136117396900,864691135655140802,1
864691136117470884,864691135654957762,1
864691136118080164,864691135646430703,2
864691136118161572,864691135646353391,1
864691136118414104,864691135645445871,1
864691136118417688,864691135640089659,1
864691136118419992,864691135654280386,1
864691136118427160,864691135641008443,1
864691136118428952,864691135655136194,1
864691136118429720,864691135646119919,1
864691136118430628,864691135654715586,1
864691136118434328,864691135654280386,1
864691136118438168,864691135639904059,1
864691136118441496,864691135654108610,3
864691136118450200,864691135655140802,1
864691136118586648,864691135645062127,1
864691136118618136,864691135655676098,1
864691136118637336,864691135655372482,1
864691136118746392,864691135645433071,1
864691136118784792,864691135655137986,1
864691136118784792,864691135655414466,2
864691136118809880,864691135646353391,1
864691136118878116,864691135641505339,3
864691136118878116,864691135645256687,2
864691136118878116,864691135646017007,2
864691136118878116,864691135646053103,2
864691136118878116,864691135654280386,1
864691136118878116,864691135654618818,1
864691136118878116,864691135655028930,1
864691136118878116,864691135655359938,3
864691136118952728,864691135654447554,1
864691136119201816,864691135654447554,1
864691136119357720,864691135654447554,1
864691136119360536,864691135654622658,1
864691136119394840,864691135654386884,1
864691136119414040,864691135640482363,2
864691136119692824,864691135655005122,1
864691136119907864,864691135641487419,1
864691136119929368,864691135645065199,1
864691136119929368,864691135655414466,2
864691136120064536,864691135645529583,1
864691136120487448,864691135655372482,1
864691136120642584,864691135654715586,3
864691136120658712,864691135654715586,1
864691136120832280,864691135640873531,1
864691136120844312,864691135654948546,1
864691136123686438,864691135645425903,1
864691136123691046,864691135645985519,1
864691136123723046,864691135654447554,1
864691136123726118,864691135654447554,2
864691136123732262,864691135645524719,1
864691136123733286,864691135640013627,1
864691136123737638,864691135646841327,1
864691136123737638,864691135654715586,2
864691136123738150,864691135654529986,1
864691136123757350,864691135645163857,1
864691136123762470,864691135644612847,1
864691136123765798,864691135654696642,2
864691136123778086,864691135645377519,1
864691136123847206,864691135654919106,1
864691136124106022,864691135646053103,2
864691136124126502,864691135654948546,1
864691136124147750,864691135655140802,1
864691136124176934,864691135645350895,1
864691136124234534,864691135645524719,1
864691136124474662,864691135644612847,1
864691136124560422,864691135655168962,1
864691136124603174,864691135655414466,5
864691136124605222,864691135654447554,1
864691136124621862,864691135655414466,1
864691136124622886,864691135640089659,1
864691136124832806,864691135655359938,1
864691136124889894,864691135645065199,1
864691136124898598,864691135654959810,1
864691136125352742,864691135655137986,1
864691136125497382,864691135654280386,1
864691136125840678,864691135640873531,1
864691136125910822,864691135654980546,1
864691136125994022,864691135646353391,1
864691136126005030,864691135654409412,2
864691136126397990,864691135645350895,1
864691136126397990,864691135645472239,1
864691136126499366,864691135640873531,1
864691136126586406,864691135646017007,1
864691136126637350,864691135641008443,1
864691136126700582,864691135654948546,1
864691136126709542,864691135639901499,2
864691136134397835,864691135654108610,1
864691136134448011,864691135655414466,1
864691136134448523,864691135645445871,1
864691136134707851,864691135654529986,3
864691136134718091,864691135645065199,5
864691136134718091,864691135654715586,2
864691136134726795,864691135640089659,1
864691136134765195,864691135655137986,1
864691136134904715,864691135644576239,2
864691136134942347,864691135644612847,1
864691136134942347,864691135655137986,3
864691136134942347,864691135655448002,2
864691136134952075,864691135655140802,1
864691136135509131,864691135641487419,1
864691136135533195,864691135644704751,3
864691136135535243,864691135640801083,2
864691136135752843,864691135640185915,1
864691136135752843,864691135640482363,5
864691136135752843,864691135641487419,6
864691136135752843,864691135655448002,4
864691136135856011,864691135639881275,1
864691136136104843,864691135640873531,1
864691136136313483,864691135640482363,1
864691136136326283,864691135645163857,1
864691136136326283,864691135655372482,1
864691136136563581,864691135654447554,1
864691136136572811,864691135654618818,1
864691136136584317,864691135645367535,1
864691136136590205,864691135654447554,1
864691136136590205,864691135654919106,1
864691136136592779,864691135654618818,1
864691136136598141,864691135654447554,1
864691136136601469,864691135648278724,1
864691136136614269,864691135655140802,1
864691136136616317,864691135654108610,1
864691136136622205,864691135654696642,1
864691136136631933,864691135640089659,2
864691136136636029,864691135655136194,1
864691136136640125,864691135645350895,2
864691136136647805,864691135640185915,1
864691136136647805,864691135640482363,4
864691136136647805,864691135655051202,3
864691136136647805,864691135655448002,1
864691136136647805,864691135655635394,3
864691136136839293,864691135655414466,1
864691136136855947,864691135645985519,1
864691136136936573,864691135655168962,1
864691136137017725,864691135654570690,1
864691136137060491,864691135654948546,1
864691136137140093,864691135640013627,3
864691136137140093,864691135654108610,1
864691136137168779,864691135641505339,2
864691136137168779,864691135646053103,3
864691136137210507,864691135645256687,1
864691136137244797,864691135645529583,1
864691136137275275,864691135646119919,1
864691136137317515,864691135639897147,1
864691136137317515,864691135646053103,1
864691136137317515,864691135654618818,1
864691136137318539,864691135639901499,1
864691136137401483,864691135640185915,1
864691136137401483,864691135640482363,1
864691136137401483,864691135646119919,1
864691136137401483,864691135654570690,1
864691136137401483,864691135655359938,1
864691136137401483,864691135655635394,1
864691136137411453,864691135640801083,1
864691136137463435,864691135655028930,1
864691136137503101,864691135644576239,1
864691136137514109,864691135639881275,1
864691136137600381,864691135654618818,1
864691136137647485,864691135639904059,1
864691136137648253,864691135645143279,2
864691136137648253,864691135654959810,1
864691136137662077,864691135639884347,1
864691136137662077,864691135640801083,1
864691136137662077,864691135645524719,1
864691136137665661,864691135646841327,4
864691136137673597,864691135645291503,1
864691136137749117,864691135644704751,1
864691136137834877,864691135655414466,1
864691136137887101,864691135654948546,1
864691136137942397,864691135646353391,1
864691136138291325,864691135645472239,1
864691136138291325,864691135654980546,1
864691136138329725,864691135645445871,1
864691136138335101,864691135645170671,1
864691136138622333,864691135641489723,1
864691136138622333,864691135641505339,2
864691136138622333,864691135646119919,1
864691136138622333,864691135654570690,1
864691136138622333,864691135655028930,4
864691136138756221,864691135655028930,1
864691136138801789,864691135654948546,1
864691136138801789,864691135655028930,1
864691136139009149,864691135639901499,1
864691136139009149,864691135641505339,2
864691136139009149,864691135654618818,1
864691136139009149,864691135654948546,8
864691136139009149,864691135655372482,1
864691136139018621,864691135646017007,1
864691136139119741,864691135646430703,1
864691136139155837,864691135654696642,1
864691136139155837,864691135655136194,2
864691136139266173,864691135654973634,1
864691136143353652,864691135639897147,1
864691136143358772,864691135640089659,3
864691136143379764,864691135645062127,1
864691136143392564,864691135654953666,1
864691136143393588,864691135654447554,5
864691136143393588,864691135655029186,1
864691136143397940,864691135654570690,1
864691136143420212,864691135641487419,1
864691136143830068,864691135640873531,1
864691136143875380,864691135654948546,1
864691136143876660,864691135644629999,1
864691136143965492,864691135654529986,5
864691136143965492,864691135654953666,1
864691136144542260,864691135654973634,2
864691136144610100,864691135639904059,1
864691136144610100,864691135654715586,1
864691136144610868,864691135644704751,1
864691136144695860,864691135654715586,1
864691136144739636,864691135655028930,1
864691136145127988,864691135654980546,1
864691136145176628,864691135640185915,1
864691136145176628,864691135641487419,1
864691136145176628,864691135655635394,2
864691136145232948,864691135639901499,2
864691136145232948,864691135654618818,3
864691136145351476,864691135639874107,1
864691136145351476,864691135645291503,1
864691136145351476,864691135654045634,1
864691136145520692,864691135639897147,1
864691136145574196,864691135655136194,1
864691136145718836,864691135646017007,2
864691136147152721,864691135645425903,1
864691136147471697,864691135640612667,1
864691136147528599,864691135640089659,1
864691136174958854,864691135640089659,1
864691136174978566,864691135655168962,1
864691136174980358,864691135648278724,1
864691136174992134,864691135655051202,1
864691136175014918,864691135645433071,1
864691136175016966,864691135645065199,1
864691136175032070,864691135654954434,1
864691136175038214,864691135645393647,1
864691136175048710,864691135645306351,1
864691136175069446,864691135645377519,1
864691136175085830,864691135654919106,1
864691136175393542,864691135655140802,1
864691136175501062,864691135645420015,1
864691136175511558,864691135655166402,1
864691136175581446,864691135640873531,1
864691136175781126,864691135640013627,2
864691136176129286,864691135654447554,1
864691136176193286,864691135639901499,1
864691136176197126,864691135641008443,1
864691136176197126,864691135645163857,1
864691136176209414,864691135654973634,1
864691136176211206,864691135655166402,1
864691136177300998,864691135654622658,1
864691136177312262,864691135645367535,1
864691136177312262,864691135645521903,1
864691136177312518,864691135644704751,1
864691136177312518,864691135654570690,1
864691136177312518,864691135654715586,1
864691136177312518,864691135654973634,1
864691136177312518,864691135655137986,1
864691136177845510,864691135645350895,1
864691136177851654,864691135639884347,1
864691136180402189,864691135645393647,1
864691136194009814,864691135655168962,2
864691136194014678,864691135645529583,1
864691136194014678,864691135654957762,1
864691136194023126,864691135645529583,1
864691136194052310,864691135654447554,1
864691136194081494,864691135654696642,1
864691136194087638,864691135645377519,1
864691136194088150,864691135654980546,1
864691136194093270,864691135639901499,1
864691136194180584,864691135655448002,2
864691136194188520,864691135644704751,1
864691136194191080,864691135655127490,1
864691136194191592,864691135654715586,2
864691136194206184,864691135655359938,1
864691136194284776,864691135644642543,1
864691136194296908,864691135640873531,1
864691136194298700,864691135640873531,1
864691136194299980,864691135639905851,1
864691136194316264,864691135639901499,1
864691136194316876,864691135645985519,1
864691136194316876,864691135654280386,1
864691136194321740,864691135654919106,1
864691136194326348,864691135641008443,1
864691136194326348,864691135645163857,1
864691136194329576,864691135639884347,1
864691136194335308,864691135655140802,2
864691136194338892,864691135645143279,1
864691136194347340,864691135654980546,1
864691136194350156,864691135655140802,1
864691136194362444,864691135645170671,2
864691136194412520,864691135655028930,1
864691136194475734,864691135654280386,1
864691136194489932,864691135654948546,1
864691136194736460,864691135655168962,1
864691136194737384,864691135654959810,1
864691136194744908,864691135654529986,1
864691136194887400,864691135654570690,1
864691136194898902,864691135639869243,1
864691136194910934,864691135654948546,1
864691136194970326,864691135654108610,1
864691136194976332,864691135645377519,1
864691136194990038,864691135655140802,1
864691136195028182,864691135654447554,1
864691136195041612,864691135645062127,1
864691136195060950,864691135655127490,1
864691136195161832,864691135654715586,1
864691136195172072,864691135644704751,1
864691136195172072,864691135645529583,2
864691136195172072,864691135655168962,1
864691136195175500,864691135639901499,1
864691136195175500,864691135654618818,1
864691136195175500,864691135654948546,2
864691136195175500,864691135655676098,1
864691136195178060,864691135654529986,1
864691136195196118,864691135654447554,1
864691136195214668,864691135655051202,1
864691136195265768,864691135654529986,1
864691136195391208,864691135655414466,1
864691136195508968,864691135640089659,1
864691136195519464,864691135655166402,1
864691136195526120,864691135639897147,1
864691136195617494,864691135654959810,1
864691136195634134,864691135654948546,4
864691136195714518,864691135639905851,1
864691136195735116,864691135645163857,1
864691136195783912,864691135644611311,1
864691136195783912,864691135645433071,2
864691136195783912,864691135654959810,7
864691136195783912,864691135655127490,1
864691136195796182,864691135639901499,1
864691136195796182,864691135639905851,1
864691136195796182,864691135645544431,1
864691136195796182,864691135646053103,7
864691136195796182,864691135654280386,1
864691136195796182,864691135655166402,3
864691136195829718,864691135654280386,1
864691136196009960,864691135645377519,1
864691136196023116,864691135644612847,1
864691136196023116,864691135645521903,1
864691136196023116,864691135654973634,1
864691136196023116,864691135655635394,1
864691136196057576,864691135641008443,1
864691136196057576,864691135655359938,1
864691136196075340,864691135655676098,1
864691136196127208,864691135644642543,1
864691136196202472,864691135645256687,1
864691136196342604,864691135640801083,1
864691136196391894,864691135639905851,1
864691136196391894,864691135641008443,1
864691136196391894,864691135646017007,1
864691136196391894,864691135654618818,4
864691136196391894,864691135655359938,1
864691136196443094,864691135641489723,1
864691136196463948,864691135645377519,2
864691136196520524,864691135655168962,1
864691136196682060,864691135640873531,1
864691136196837708,864691135645367535,1
864691136196979020,864691135640532539,1
864691136196979020,864691135655635394,2
864691136197083468,864691135654696642,1
864691136201203646,864691135654108610,1
864691136205491390,864691135639869243,1
864691136208988604,864691135645445871,1
864691136208990908,864691135639905851,1
864691136208993724,864691135645420015,1
864691136208995516,864691135640089659,1
864691136208995772,864691135644642543,3
864691136209011132,864691135640612667,1
864691136209011132,864691135654980802,1
864691136209032636,864691135645544431,2
864691136209203388,864691135639881275,1
864691136209300924,864691135645163857,1
864691136209303740,864691135645143279,1
864691136209303740,864691135655168962,1
864691136209615804,864691135655137986,7
864691136209915324,864691135639905851,1
864691136209963708,864691135654447554,1
864691136210027196,864691135640532539,1
864691136210177468,864691135654447554,1
864691136210185660,864691135644704751,1
864691136210185660,864691135655168962,2
864691136210189244,864691135640482363,1
864691136210199740,864691135639901499,1
864691136210232508,864691135654529986,1
864691136210233788,864691135654959810,1
864691136210266812,864691135640873531,1
864691136210344892,864691135645529583,1
864691136210547900,864691135640801083,1
864691136210547900,864691135645163857,3
864691136210847932,864691135645367535,2
864691136210963644,864691135655372482,1
864691136211187900,864691135639869243,1
864691136211344572,864691135639897147,1
864691136211344572,864691135654280386,2
864691136211430588,864691135655028930,2
864691136211430588,864691135655676098,1
864691136211461564,864691135655162050,1
864691136212117226,864691135645393647,1
864691136216286654,864691135654108610,1
864691136226949969,864691135655168962,1
864691136226954833,864691135639881275,1
864691136226957137,864691135654696642,1
864691136226961489,864691135655162050,1
864691136226981713,864691135655140802,1
864691136227242321,864691135654980802,1
864691136227297873,864691135654529986,1
864691136227931729,864691135654280386,1
864691136228087889,864691135646017007,1
864691136228210001,864691135654447554,1
864691136228244561,864691135655140802,2
864691136228336721,864691135644704751,1
864691136228794193,864691135640089659,1
864691136229303121,864691135641505339,1
864691136229312849,864691135654948546,1
864691136229395793,864691135654948546,2
864691136229401937,864691135654948546,1
864691136229435217,864691135641505339,1
864691136229436497,864691135655129026,3
864691136229437265,864691135640873531,1
864691136236664847,864691135654957762,1
864691136236664847,864691135655168962,1
864691136236710159,864691135654973634,1
864691136236713743,864691135654959810,1
864691136236910351,864691135644642543,1
864691136236910351,864691135646841327,3
864691136237009423,864691135654622658,1
864691136237114127,864691135654973634,1
864691136237148943,864691135655448002,1
864691136237462076,864691135654696642,1
864691136237477948,864691135654529986,1
864691136237482511,864691135654622658,1
864691136237490748,864691135654447554,1
864691136237499708,864691135645420015,1
864691136237515580,864691135654980802,1
864691136237517628,864691135640089659,4
864691136237521212,864691135639901499,2
864691136237521212,864691135645377519,1
864691136237536828,864691135644612847,1
864691136237601084,864691135654948546,1
864691136237613327,864691135655028930,1
864691136237620239,864691135654696642,1
864691136237620239,864691135655136194,1
864691136237654031,864691135645433071,1
864691136237704463,864691135655137986,1
864691136237774095,864691135655635394,1
864691136237808956,864691135655372482,1
864691136237840188,864691135639904059,1
864691136237881148,864691135645524719,3
864691136237887292,864691135644629999,1
864691136237948175,864691135645445871,1
864691136238090767,864691135641505339,1
864691136238505276,864691135655676098,1
864691136238531132,864691135645420015,1
864691136238531132,864691135646353391,1
864691136238566460,864691135646053103,1
864691136238573116,864691135639881275,1
864691136238573116,864691135655137986,1
864691136238595900,864691135646017007,1
864691136238651964,864691135655137986,1
864691136238686223,864691135655028930,1
864691136238694460,864691135655359938,1
864691136238715151,864691135655005122,1
864691136238715964,864691135646430703,1
864691136238777871,864691135641487419,1
864691136238777871,864691135654570690,1
864691136238777871,864691135655635394,1
864691136238806031,864691135640185915,1
864691136238806031,864691135640482363,13
864691136238806031,864691135641487419,12
864691136238806031,864691135655051202,1
864691136238806031,864691135655092418,2
864691136238806031,864691135655127490,1
864691136238806031,864691135655448002,2
864691136238806031,864691135655635394,2
864691136238829116,864691135654529986,1
864691136239587644,864691135655166402,1
864691136239914300,864691135646841327,1
864691136239917884,864691135654948546,1
864691136239919932,864691135640873531,1
864691136239980860,864691135639897147,1
864691136240028220,864691135639901499,1
864691136240028220,864691135641505339,1
864691136240041532,864691135645065199,2
864691136240041532,864691135655092418,1
864691136262786788,864691135654980802,3
864691136266408436,864691135655676098,1
864691136266417652,864691135646353391,1
864691136266419444,864691135640089659,1
864691136266437620,864691135646353391,1
864691136266439924,864691135655140802,1
864691136266442484,864691135646841327,1
864691136266488308,864691135654715586,1
864691136266830836,864691135646841327,1
864691136266830836,864691135654108610,1
864691136266842612,864691135640013627,1
864691136267313396,864691135645306351,1
864691136267372532,864691135644704751,1
864691136267372532,864691135645143279,1
864691136267389684,864691135655140802,4
864691136267393012,864691135654696642,1
864691136267393780,864691135654045634,1
864691136267609332,864691135645745135,1
864691136268046836,864691135641008443,1
864691136268234228,864691135641505339,1
864691136268644084,864691135655166402,1
864691136268809204,864691135639884347,1
864691136268878836,864691135655129026,1
864691136268937972,864691135655127490,1
864691136272937918,864691135640089659,3
864691136272955838,864691135645306351,1
864691136272986302,864691135639904059,1
864691136272992958,864691135645143279,1
864691136272998334,864691135639881275,1
864691136272998334,864691135654386884,1
864691136273012158,864691135654888898,1
864691136273013694,864691135654447554,3
864691136273014718,864691135654957762,1
864691136273178814,864691135646053103,1
864691136273354686,864691135654715586,1
864691136273610509,864691135654108610,1
864691136273622029,864691135640089659,1
864691136273624077,864691135645524719,1
864691136273624077,864691135646053103,2
864691136273624077,864691135655372482,1
864691136273629453,864691135639874107,1
864691136273637389,864691135641487419,1
864691136273637389,864691135655448002,2
864691136273638157,864691135655448002,1
864691136273645837,864691135644612847,1
864691136273681677,864691135654715586,1
864691136273689869,864691135655140802,1
864691136273869758,864691135655414466,1
864691136273884094,864691135645143279,2
864691136273892030,864691135655162050,1
864691136273895102,864691135655143106,1
864691136273899966,864691135645065199,1
864691136273908158,864691135654529986,5
864691136273908158,864691135654715586,1
864691136273908158,864691135654954434,1
864691136273981453,864691135654919106,1
864691136274006285,864691135645062127,1
864691136274045374,864691135644642543,1
864691136274093325,864691135645745135,1
864691136274110989,864691135654953666,2
864691136274181901,864691135654919106,1
864691136274203405,864691135645524719,1
864691136274212798,864691135655414466,1
864691136274219198,864691135654715586,1
864691136274401214,864691135639901499,1
864691136274401214,864691135640873531,1
864691136274579134,864691135655372482,1
864691136274746381,864691135645065199,1
864691136274751934,864691135654980546,1
864691136274755341,864691135655140802,1
864691136274765325,864691135654954434,1
864691136274772749,864691135645524719,1
864691136274784525,864691135654108610,1
864691136274974477,864691135641008443,1
864691136275104958,864691135654948546,1
864691136275223821,864691135654980546,1
864691136275333822,864691135655372482,1
864691136275345854,864691135654618818,1
864691136275347469,864691135655676098,1
864691136275890189,864691135639901499,1
864691136275910925,864691135655676098,1
864691136276283149,864691135639905851,1
864691136276309773,864691135639905851,1
864691136276347149,864691135645350895,1
864691136276364045,864691135654948546,1
864691136286021517,864691135645377519,1
864691136286536899,864691135639881275,1
864691136286540995,864691135645350895,1
864691136286554307,864691135654570690,1
864691136286563011,864691135654108610,1
864691136286569155,864691135648278724,1
864691136286576835,864691135654529986,1
864691136286589123,864691135640089659,1
864691136286594243,864691135654696642,1
864691136286627011,864691135655372482,1
864691136286818755,864691135654570690,1
864691136286819011,864691135654888898,1
864691136286879427,864691135655028930,5
864691136286901187,864691135654980802,3
864691136287442115,864691135654386884,1
864691136287512771,864691135655140802,2
864691136287523011,864691135641487419,1
864691136287523011,864691135644642543,1
864691136287527107,864691135640089659,1
864691136287529411,864691135654715586,1
864691136287736259,864691135654108610,1
864691136288067267,864691135655028930,1
864691136288145347,864691135639897147,1
864691136288145347,864691135645524719,1
864691136288807619,864691135655372482,1
864691136288910275,864691135645420015,1
864691136288910275,864691135646430703,1
864691136296650779,864691135645529583,2
864691136296652571,864691135639897147,1
864691136296655387,864691135645062127,1
864691136296655387,864691135645306351,1
864691136296656411,864691135645291503,1
864691136296669211,864691135645377519,2
864691136296672283,864691135655137986,1
864691136296675099,864691135644629999,1
864691136296683291,864691135654447554,1
864691136296706587,864691135655414466,1
864691136296720155,864691135640089659,1
864691136296720155,864691135645291503,2
864691136296727323,864691135645524719,1
864691136296732955,864691135639874107,1
864691136296732955,864691135640089659,1
864691136296735003,864691135655136194,2
864691136296747547,864691135655140802,1
864691136296749083,864691135654919106,1
864691136297012507,864691135655372482,1
864691136297086491,864691135655635394,1
864691136297117723,864691135639869243,1
864691136297187355,864691135645745135,1
864691136297320219,864691135654957762,1
864691136297320475,864691135645529583,1
864691136297446683,864691135645393647,2
864691136297576219,864691135654948546,1
864691136297701147,864691135645425903,1
864691136297701147,864691135654045634,1
864691136297714971,864691135640089659,2
864691136297766939,864691135645377519,1
864691136297775387,864691135654073282,1
864691136297782811,864691135654108610,1
864691136297790747,864691135639881275,1
864691136298115099,864691135639881275,1
864691136298115099,864691135654715586,1
864691136298115099,864691135654973634,1
864691136298466587,864691135644576239,1
864691136298494491,864691135645377519,1
864691136298677019,864691135640873531,1
864691136298896155,864691135646053103,1
864691136298896155,864691135655028930,1
864691136298913563,864691135641008443,2
864691136298913563,864691135641489723,2
864691136298913563,864691135645163857,1
864691136299036443,864691135645425903,1
864691136299118363,864691135655136194,1
864691136299136795,864691135655372482,2
864691136299163419,864691135655137986,2
864691136299219483,864691135645524719,1
864691136299219483,864691135655166402,1
864691136301901975,864691135654980802,1
864691136307143063,864691135654948546,1
864691136308609943,864691135640612667,1
864691136309642586,864691135655051202,1
864691136309643354,864691135655414466,1
864691136309654362,864691135655140802,4
864691136309657178,864691135655129026,2
864691136309676890,864691135655140802,1
864691136309699162,864691135644704751,1
864691136309700442,864691135654948546,1
864691136309895002,864691135639901499,1
864691136309904986,864691135639874107,1
864691136310264410,864691135645544431,1
864691136310283866,864691135646841327,1
864691136310619994,864691135644612847,1
864691136310682458,864691135645350895,1
864691136310683994,864691135654715586,4
864691136310685786,864691135654447554,1
864691136310802266,864691135640801083,1
864691136310917466,864691135644704751,2
864691136311098970,864691135654570690,1
864691136311098970,864691135654622658,1
864691136311098970,864691135655162050,4
864691136311106650,864691135644704751,1
864691136311106650,864691135654715586,1
864691136311106650,864691135655129026,1
864691136311106650,864691135655414466,2
864691136311179354,864691135640873531,1
864691136311213914,864691135641008443,5
864691136311213914,864691135641489723,2
864691136311213914,864691135655028930,1
864691136311330906,864691135655092418,1
864691136311762778,864691135646353391,1
864691136311768381,864691135655005122,1
864691136311769149,864691135654919106,1
864691136311772477,864691135646841327,1
864691136311780954,864691135646119919,1
864691136311792218,864691135644704751,1
864691136311822909,864691135645420015,1
864691136311822909,864691135645529583,1
864691136311830589,864691135645350895,1
864691136311832125,864691135654888898,2
864691136311836221,864691135654529986,1
864691136311842365,864691135640089659,1
864691136312029245,864691135655168962,1
864691136312057178,864691135641008443,1
864691136312057178,864691135641505339,3
864691136312057178,864691135646053103,4
864691136312057178,864691135654948546,1
864691136312057178,864691135655372482,1
864691136312254554,864691135654948546,1
864691136312282941,864691135655127490,1
864691136312284250,864691135639901499,1
864691136312445786,864691135641008443,1
864691136312445786,864691135641489723,2
864691136312445786,864691135645163857,1
864691136312445786,864691135646053103,1
864691136312445786,864691135654618818,2
864691136312466010,864691135641487419,1
864691136312516157,864691135655140802,1
864691136312528474,864691135641008443,1
864691136312528474,864691135655359938,1
864691136312548157,864691135655676098,1
864691136312554586,864691135641505339,2
864691136312755773,864691135640532539,1
864691136312760381,864691135640089659,3
864691136312850237,864691135654980546,1
864691136312852029,864691135655137986,1
864691136313065277,864691135645062127,1
864691136313406781,864691135654948546,1
864691136313828669,864691135640873531,1
864691136313828669,864691135655028930,1
864691136313833021,864691135654953666,1
864691136313833021,864691135655137986,1
864691136313833021,864691135655414466,1
864691136313847869,864691135641505339,1
864691136313847869,864691135654948546,8
864691136314078013,864691135641008443,2
864691136314078013,864691135641489723,1
864691136314078013,864691135646430703,1
864691136314078013,864691135655028930,1
864691136314078013,864691135655166402,1
864691136314120765,864691135641008443,3
864691136314120765,864691135641489723,7
864691136314120765,864691135655028930,1
864691136314282301,864691135654948546,1
864691136314431293,864691135645420015,1
864691136314456125,864691135654386884,2
864691136314485053,864691135640873531,2
864691136314485053,864691135654980546,2
864691136314549309,864691135639897147,1
864691136314615357,864691135654980546,1
864691136320677086,864691135654888898,1
864691136321830295,864691135654980802,2
864691136327719390,864691135645377519,1
864691136328416407,864691135654045634,1
864691136328902378,864691135646353391,1
864691136328905962,864691135645291503,1
864691136328921834,864691135639869243,1
864691136328930794,864691135639905851,1
864691136329083626,864691135645472239,1
864691136329540074,864691135644704751,2
864691136329658858,864691135654529986,2
864691136329692906,864691135654696642,1
864691136329759722,864691135645529583,1
864691136329764586,864691135655448002,1
864691136329766890,864691135654447554,1
864691136329812458,864691135654980546,1
864691136329819882,864691135654529986,1
864691136329911274,864691135654529986,1
864691136329911274,864691135655140802,2
864691136330101226,864691135640873531,1
864691136330107882,864691135639897147,1
864691136330320106,864691135644612847,1
864691136330882026,864691135641505339,1
864691136331132394,864691135645377519,1
864691136331149290,864691135645163857,1
864691136331215850,864691135639901499,1
864691136331215850,864691135645350895,1
864691136331215850,864691135654948546,1
864691136331421674,864691135655028930,2
864691136331448810,864691135641008443,1
864691136331448810,864691135641489723,1
864691136331448810,864691135655028930,3
864691136331512298,864691135639905851,1
864691136331512298,864691135646053103,6
864691136331512298,864691135654618818,1
864691136331512298,864691135655372482,2
864691136333737139,864691135654980802,1
864691136333752243,864691135645524719,1
864691136333755827,864691135655166402,1
864691136333759923,864691135640532539,1
864691136333765299,864691135645367535,1
864691136334033843,864691135655414466,1
864691136334185139,864691135640185915,1
864691136334640051,864691135655414466,1
864691136334842547,864691135654529986,1
864691136334855859,864691135640089659,1
864691136334857139,864691135639869243,1
864691136334857139,864691135654529986,1
864691136335027635,864691135654529986,3
864691136335130035,864691135645472239,1
864691136335130035,864691135654980546,3
864691136335604147,864691135645256687,1
864691136335899059,864691135654529986,1
864691136336019891,864691135645350895,1
864691136336159155,864691135654618818,1
864691136336252339,864691135639905851,2
864691136336252339,864691135640089659,1
864691136336252339,864691135640801083,3
864691136336252339,864691135655372482,5
864691136336274867,864691135639905851,1
864691136361481442,864691135645524719,1
864691136361485282,864691135645544431,2
864691136361491170,864691135654919106,1
864691136361491938,864691135645445871,1
864691136361491938,864691135646430703,2
864691136361491938,864691135654280386,5
864691136361492450,864691135654953666,2
864691136362180322,864691135645425903,1
864691136362263266,864691135645529583,1
864691136362277090,864691135645745135,1
864691136362414818,864691135644629999,2
864691136362432994,864691135655414466,1
864691136362468578,864691135639884347,1
864691136362468578,864691135655136194,1
864691136362480610,864691135645425903,2
864691136362485218,864691135639869243,1
864691136362494434,864691135645529583,1
864691136362585570,864691135645367535,2
864691136362585570,864691135655162050,1
864691136362637026,864691135654529986,1
864691136362775266,864691135645521903,1
864691136362775266,864691135645544431,1
864691136362829538,864691135654529986,4
864691136362829538,864691135655414466,1
864691136363060194,864691135654529986,1
864691136363207394,864691135640532539,1
864691136363207394,864691135645256687,1
864691136363207394,864691135646017007,1
864691136363207394,864691135655359938,1
864691136363567074,864691135639869243,1
864691136363567074,864691135640013627,1
864691136363769826,864691135655092418,2
864691136363981282,864691135646119919,1
864691136364166370,864691135654696642,1
864691136364166370,864691135655028930,1
864691136364231906,864691135645350895,1
864691136364381410,864691135639905851,1
864691136370787976,864691135645367535,1
864691136370787976,864691135645544431,2
864691136370790280,864691135639904059,1
864691136370793864,864691135645529583,1
864691136370796936,864691135645143279,2
864691136370800776,864691135655140802,1
864691136370803080,864691135655676098,1
864691136370820232,864691135654919106,1
864691136370822280,864691135639874107,1
864691136371472264,864691135644704751,1
864691136371510920,864691135654529986,1
864691136371510920,864691135655129026,1
864691136371510920,864691135655140802,1
864691136371672712,864691135654948546,1
864691136371731336,864691135645445871,1
864691136371765896,864691135654529986,1
864691136371765896,864691135655137986,1
864691136371836040,864691135654948546,1
864691136372208008,864691135655448002,1
864691136372284552,864691135654618818,1
864691136372357256,864691135645377519,2
864691136372513160,864691135645472239,1
864691136373149064,864691135654618818,1
864691136378756309,864691135655414466,2
864691136378758613,864691135645524719,4
864691136378758613,864691135646017007,1
864691136378765781,864691135654959810,1
864691136378786261,864691135655140802,1
864691136379058133,864691135655448002,1
864691136379126485,864691135655029186,1
864691136379214805,864691135654447554,2
864691136379240917,864691135655676098,1
864691136379321813,864691135655414466,3
864691136379558613,864691135655635394,2
864691136379654101,864691135654948546,1
864691136379797717,864691135655448002,1
864691136379805653,864691135654696642,1
864691136379811797,864691135646119919,1
864691136379811797,864691135654973634,2
864691136379816149,864691135654980802,2
864691136380062165,864691135655414466,1
864691136380160725,864691135639897147,1
864691136380160725,864691135654618818,1
864691136380160725,864691135655028930,1
864691136380217301,864691135654280386,1
864691136380245205,864691135645367535,1
864691136380245205,864691135654957762,1
864691136380264149,864691135654715586,1
864691136380264149,864691135655414466,2
864691136380314069,864691135639884347,3
864691136380314069,864691135639897147,1
864691136381198805,864691135645350895,1
864691136381324501,864691135641008443,8
864691136381324501,864691135641489723,2
864691136381324501,864691135645521903,1
864691136381324501,864691135654622658,4
864691136381325781,864691135654948546,1
864691136381348309,864691135655676098,1
864691136381454549,864691135655359938,2
864691136388266615,864691135655168962,1
864691136388280695,864691135644599791,1
864691136388286583,864691135645445871,1
864691136388559120,864691135639901499,9
864691136388566647,864691135639884347,1
864691136388568183,864691135654715586,1
864691136388569463,864691135655676098,1
864691136388572535,864691135640801083,1
864691136388601360,864691135645985519,1
864691136388660087,864691135640801083,1
864691136388660087,864691135641008443,1
864691136388746615,864691135655168962,2
864691136388779127,864691135655005122,1
864691136388779127,864691135655168962,1
864691136388956688,864691135655140802,1
864691136388961552,864691135645350895,1
864691136389056528,864691135654919106,1
864691136389152784,864691135654715586,1
864691136389183351,864691135655166402,1
864691136389205264,864691135639881275,1
864691136389280887,864691135645529583,2
864691136389283959,864691135639874107,1
864691136389283959,864691135640089659,1
864691136389302903,864691135654959810,1
864691136389313399,864691135646841327,1
864691136389460240,864691135645425903,3
864691136389463312,864691135639905851,1
864691136389493264,864691135654980802,1
864691136389551991,864691135654696642,1
864691136389607287,864691135654529986,1
864691136389687312,864691135655676098,2
864691136389825296,864691135655129026,1
864691136389854224,864691135645143279,1
864691136389854224,864691135645529583,1
864691136389861136,864691135645143279,1
864691136390034704,864691135644704751,2
864691136390289936,864691135639901499,1
864691136390289936,864691135645445871,1
864691136390364031,864691135654948546,1
864691136390377343,864691135645367535,1
864691136390391423,864691135655414466,2
864691136390392191,864691135655005122,1
864691136390420863,864691135639884347,1
864691136390426495,864691135645377519,1
864691136390484599,864691135654073282,1
864691136390488447,864691135655162050,1
864691136390515583,864691135646841327,1
864691136390676343,864691135639905851,1
864691136390676343,864691135655372482,1
864691136390697591,864691135640873531,5
864691136390697591,864691135655137986,1
864691136390718736,864691135639905851,4
864691136390718736,864691135654980546,1
864691136390718736,864691135655166402,1
864691136390718736,864691135655372482,1
864691136390784127,864691135654959810,1
864691136390799743,864691135654108610,1
864691136390803839,864691135639904059,1
864691136390808336,864691135655359938,1
864691136390818679,864691135640532539,1
864691136390860927,864691135654447554,2
864691136390905207,864691135640873531,1
864691136390905207,864691135641008443,1
864691136390905207,864691135641489723,2
864691136390905207,864691135641505339,1
864691136390905207,864691135646017007,4
864691136390905207,864691135655028930,1
864691136390905207,864691135655359938,1
864691136390918672,864691135645350895,1
864691136390918672,864691135645377519,3
864691136390918672,864691135655028930,1
864691136390918672,864691135655676098,2
864691136390920976,864691135639901499,1
864691136390920976,864691135655676098,8
864691136391011856,864691135654948546,1
864691136391012624,864691135639901499,1
864691136391023120,864691135641489723,1
864691136391023120,864691135641505339,1
864691136391023120,864691135645367535,1
864691136391023120,864691135646053103,1
864691136391023120,864691135655028930,1
864691136391072784,864691135655414466,4
864691136391094544,864691135654948546,1
864691136391094544,864691135655676098,1
864691136391132688,864691135655166402,1
864691136391214975,864691135640089659,2
864691136391242512,864691135641505339,3
864691136391242512,864691135654948546,14
864691136391242512,864691135655028930,2
864691136391242512,864691135655676098,2
864691136391341439,864691135655140802,1
864691136391367039,864691135640089659,2
864691136391376511,864691135654529986,1
864691136391382143,864691135639904059,1
864691136391399039,864691135641489723,1
864691136391399039,864691135655028930,1
864691136391746431,864691135645062127,1
864691136391783295,864691135655005122,1
864691136391832447,864691135645529583,2
864691136391832447,864691135654957762,1
864691136392179839,864691135645420015,1
864691136392198271,864691135645350895,1
864691136392206207,864691135655136194,1
864691136392381311,864691135645377519,1
864691136392461695,864691135655140802,4
864691136392754047,864691135655676098,1
864691136392865407,864691135655005122,2
864691136418635927,864691135645306351,1
864691136418644119,864691135654980546,1
864691136418657431,864691135655414466,1
864691136418890647,864691135645425903,1
864691136419115159,864691135655414466,1
864691136419343255,864691135654980546,2
864691136419351959,864691135654570690,1
864691136419455639,864691135655372482,1
864691136419554199,864691135655372482,1
864691136420195223,864691135640185915,2
864691136420378007,864691135645521903,1
864691136420418455,864691135644704751,2
864691136420428695,864691135654622658,1
864691136420428695,864691135655166402,1
864691136420774551,864691135646017007,1
864691136420801687,864691135640873531,1
864691136421122199,864691135646017007,1
864691136421164951,864691135648278724,1
864691136421308311,864691135655635394,1
864691136421319063,864691135639897147,1
864691136421359255,864691135639881275,2
864691136422825775,864691135640013627,1
864691136422830895,864691135654447554,1
864691136422834223,864691135645163857,1
864691136422836271,864691135645521903,1
864691136422836271,864691135646119919,1
864691136422839087,864691135645985519,1
864691136422839855,864691135654953666,2
864691136422841135,864691135639905851,1
864691136422841135,864691135646053103,1
864691136422842927,864691135640089659,2
864691136423032879,864691135655448002,1
864691136423065135,864691135654696642,1
864691136423108911,864691135644704751,1
864691136423169327,864691135655136194,1
864691136423456303,864691135640089659,1
864691136423473967,864691135645393647,1
864691136423477039,864691135645472239,2
864691136423565359,864691135646053103,1
864691136423640879,864691135640801083,1
864691136423676463,864691135645420015,1
864691136423695919,864691135640089659,2
864691136423709487,864691135655372482,1
864691136423714351,864691135639881275,1
864691136424289839,864691135640482363,1
864691136424289839,864691135655051202,1
864691136424289839,864691135655635394,1
864691136424305711,864691135655166402,1
864691136424305711,864691135655372482,2
864691136424309295,864691135654409412,1
864691136424328495,864691135645350895,1
864691136424437551,864691135645163857,1
864691136424685871,864691135639901499,1
864691136424704815,864691135640089659,1
864691136424898095,864691135654073282,2
864691136425554479,864691135655166402,1
864691136425623343,864691135654973634,1
864691136425655343,864691135644576239,2
864691136425671983,864691135654888898,1
864691136425751087,864691135655028930,6
864691136425758767,864691135655028930,1
864691136425782575,864691135641505339,1
864691136425782575,864691135645163857,1
864691136425782575,864691135646053103,1
864691136425782575,864691135654980546,1
864691136436379806,864691135645529583,2
864691136436379806,864691135645544431,1
864691136436400798,864691135655676098,1
864691136436414878,864691135646430703,1
864691136436526494,864691135639881275,2
864691136436735902,864691135654715586,1
864691136436737694,864691135645062127,1
864691136436763038,864691135655414466,1
864691136436788382,864691135640873531,5
864691136437197726,864691135640532539,1
864691136437203358,864691135645367535,1
864691136437409438,864691135645445871,1
864691136437409438,864691135654696642,1
864691136437409438,864691135655136194,1
864691136437413278,864691135640089659,1
864691136437429150,864691135646841327,1
864691136437553054,864691135654618818,1
864691136437633950,864691135640089659,1
864691136437633950,864691135641008443,1
864691136437633950,864691135655372482,1
864691136437788574,864691135640532539,1
864691136437788574,864691135655359938,1
864691136437887902,864691135655676098,1
864691136438375326,864691135655005122,2
864691136438537630,864691135645350895,1
864691136438584478,864691135645521903,2
864691136438584478,864691135654973634,1
864691136438763422,864691135655676098,1
864691136438882974,864691135641008443,1
864691136443724163,864691135645529583,1
864691136445259907,864691135655676098,1
864691136445670787,864691135639905851,1
864691136445670787,864691135655372482,3
864691136445763203,864691135654696642,1
864691136446125699,864691135654948546,1
864691136451084031,864691135654386884,1
864691136451084799,864691135655137986,1
864691136451106047,864691135654280386,1
864691136451113471,864691135645529583,1
864691136451331071,864691135645420015,1
864691136451400959,864691135645433071,9
864691136451400959,864691135655127490,1
864691136451448063,864691135645350895,1
864691136451448063,864691135654948546,1
864691136451484415,864691135645745135,1
864691136451484415,864691135654447554,1
864691136451496959,864691135654386884,1
864691136451496959,864691135654953666,2
864691136451713791,864691135644704751,1
864691136451811071,864691135645062127,1
864691136451850751,864691135655676098,1
864691136451919103,864691135655140802,1
864691136451990015,864691135639901499,3
864691136451992575,864691135645377519,1
864691136451994111,864691135654447554,1
864691136452007167,864691135654447554,1
864691136452007167,864691135654919106,1
864691136452230911,864691135640612667,1
864691136452325375,864691135640873531,1
864691136452325375,864691135655676098,1
864691136452920319,864691135639901499,2
864691136452920319,864691135641505339,1
864691136452920319,864691135645544431,1
864691136452920319,864691135654280386,10
864691136452920319,864691135654953666,1
864691136453017599,864691135641487419,1
864691136453017855,864691135654980802,2
864691136453085695,864691135654959810,1
864691136453096959,864691135639905851,1
864691136453098239,864691135640873531,1
864691136453186559,864691135639897147,2
864691136453196543,864691135645256687,1
864691136453395455,864691135640532539,2
864691136453395455,864691135645256687,3
864691136453395455,864691135645544431,3
864691136453395455,864691135654073282,2
864691136453478911,864691135646053103,1
864691136453478911,864691135655359938,1
864691136453495551,864691135645062127,1
864691136453546495,864691135645985519,1
864691136482878764,864691135655137986,1
864691136482885420,864691135646841327,1
864691136482916396,864691135654529986,1
864691136482923308,864691135654953666,1
864691136482962220,864691135639869243,3
864691136482962220,864691135654715586,1
864691136483355948,864691135645420015,2
864691136483630124,864691135655414466,1
864691136483729964,864691135654447554,1
864691136483762732,864691135655414466,1
864691136483782444,864691135655168962,1
864691136483851308,864691135645062127,1
864691136483859500,864691135645062127,1
864691136483920940,864691135645433071,2
864691136483920940,864691135654570690,1
864691136484080940,864691135655372482,1
864691136484525100,864691135639897147,1
864691136484525100,864691135645524719,2
864691136484525100,864691135655372482,1
864691136484613676,864691135644704751,1
864691136484613676,864691135655414466,1
864691136484824108,864691135640013627,1
864691136484824108,864691135654529986,1
864691136484849196,864691135645544431,1
864691136485033516,864691135639897147,1
864691136485089068,864691135640089659,1
864691136485089068,864691135645425903,2
864691136485125164,864691135640089659,2
864691136485145900,864691135645256687,1
864691136485145900,864691135655166402,4
864691136485237036,864691135654409412,1
864691136486757906,864691135645143279,1
864691136486762514,864691135654409412,1
864691136486763282,864691135645367535,1
864691136486766098,864691135654696642,2
864691136486779666,864691135640185915,1
864691136486800914,864691135654045634,1
864691136486908434,864691135655137986,2
864691136487034642,864691135655372482,1
864691136487494418,864691135655414466,1
864691136487866898,864691135654447554,2
864691136487874322,864691135645745135,1
864691136487936786,864691135654073282,1
864691136487987474,864691135639901499,1
864691136487987474,864691135645350895,1
864691136488013074,864691135654953666,1
864691136488013330,864691135654919106,1
864691136488327954,864691135639905851,1
864691136488439570,864691135640185915,1
864691136488570386,864691135645472239,1
864691136489055762,864691135640532539,1
864691136489259282,864691135646353391,1
864691136489452050,864691135645367535,2
864691136489452050,864691135655162050,2
864691136489712914,864691135645256687,4
864691136489712914,864691135654570690,1
864691136489757458,864691135645521903,1
864691136489758482,864691135654280386,1
864691136489874194,864691135640482363,1
864691136489874194,864691135645521903,2
864691136489874194,864691135646119919,5
864691136489874194,864691135654570690,1
864691136489874194,864691135655635394,2
864691136489880594,864691135641489723,3
864691136489880594,864691135645163857,1
864691136489880594,864691135646053103,2
864691136489880594,864691135654622658,1
864691136521600401,864691135640089659,1
864691136521602193,864691135645529583,1
864691136521602193,864691135654957762,1
864691136521831825,864691135644704751,1
864691136521831825,864691135655140802,1
864691136521842321,864691135641505339,1
864691136521858961,864691135655136194,1
864691136521866385,864691135654957762,1
864691136521869969,864691135640089659,1
864691136522052753,864691135645521903,1
864691136522279313,864691135654959810,2
864691136522285457,864691135640873531,1
864691136522343313,864691135655414466,1
864691136522490769,864691135655005122,1
864691136522563217,864691135654948546,1
864691136522585233,864691135639884347,1
864691136522845329,864691135655635394,1
864691136523554449,864691135645472239,1
864691136523554449,864691135654980546,5
864691136523699857,864691135639901499,1
864691136523870353,864691135655136194,1
864691136523889553,864691135639901499,1
864691136523889553,864691135639905851,2
864691136523889553,864691135655028930,1
864691136523971473,864691135646119919,1
864691136523974289,864691135645350895,4
864691136523974289,864691135654948546,1
864691136524030353,864691135645529583,1
864691136524057489,864691135654715586,2
864691136524130193,864691135639901499,2
864691136524130193,864691135654948546,1
864691136524139921,864691135640873531,1
864691136524258449,864691135655372482,1
864691136524348561,864691135640873531,1
864691136524348561,864691135645163857,1
864691136524348561,864691135654618818,1
864691136524371345,864691135641505339,1
864691136524445329,864691135640089659,1
864691136524448913,864691135641487419,2
864691136524448913,864691135655028930,2
864691136524481937,864691135654715586,1
864691136533870684,864691135645420015,1
864691136534021026,864691135654715586,1
864691136534303906,864691135639869243,3
864691136534303906,864691135639904059,1
864691136534303906,864691135654529986,1
864691136534919330,864691135654953666,1
864691136534943650,864691135639881275,1
864691136534943650,864691135648278724,1
864691136536121506,864691135654954434,4
864691136537343394,864691135639904059,1
864691136537343394,864691135640013627,1
864691136538833058,864691135654447554,1
864691136539230114,864691135654715586,1
864691136540364962,864691135655414466,1
864691136540452258,864691135655414466,1
864691136544383906,864691135655414466,1
864691136545525410,864691135655414466,1
864691136546245538,864691135645065199,1
864691136546496418,864691135654447554,1
864691136546771618,864691135640013627,1
864691136546797986,864691135654954434,1
864691136546864034,864691135654954434,1
864691136548027554,864691135654108610,1
864691136551074466,864691135639881275,1
864691136553724578,864691135654529986,1
864691136554277282,864691135654108610,1
864691136556146594,864691135654953666,1
864691136558078370,864691135654529986,2
864691136561325730,864691135655137986,2
864691136565846434,864691135654953666,1
864691136566374050,864691135655414466,1
864691136566781602,864691135645065199,1
864691136570801058,864691135655137986,3
864691136570938786,864691135646841327,1
864691136571494818,864691135655029186,2
864691136577475348,864691135639901499,1
864691136577486100,864691135639904059,1
864691136577504276,864691135645143279,1
864691136577504276,864691135645170671,1
864691136577509396,864691135640801083,1
864691136577515540,864691135645350895,3
864691136577527060,864691135655140802,2
864691136577816852,864691135654447554,5
864691136577821460,864691135655414466,1
864691136577971732,864691135641487419,2
864691136577971732,864691135655635394,1
864691136578257684,864691135639884347,1
864691136578400020,864691135645521903,1
864691136578499604,864691135654953666,1
864691136578527252,864691135639869243,2
864691136578529044,864691135655140802,1
864691136578566676,864691135639881275,2
864691136578575636,864691135655448002,1
864691136578693396,864691135645544431,1
864691136578693652,864691135639905851,1
864691136578815252,864691135654447554,2
864691136579054100,864691135654715586,1
864691136579463956,864691135645472239,2
864691136579538964,864691135640532539,1
864691136579538964,864691135654280386,1
864691136579961364,864691135640873531,1
864691136579969300,864691135639897147,1
864691136579984916,864691135654948546,1
864691136580009236,864691135654570690,1
864691136580009492,864691135645521903,1
864691136580009492,864691135655051202,1
864691136580009492,864691135655448002,1
864691136580085012,864691135655028930,1
864691136580086036,864691135655372482,1
864691136587818614,864691135644704751,1
864691136588920994,864691135639881275,1
864691136589356194,864691135654954434,1
864691136590394530,864691135655143106,1
864691136594484130,864691135654447554,1
864691136594491810,864691135645163857,1
864691136594492578,864691135645062127,1
864691136594492578,864691135654447554,4
864691136594928290,864691135645377519,1
864691136595021730,864691135648278724,1
864691136595132578,864691135645065199,1
864691136595332770,864691135655136194,1
864691136595457186,864691135654447554,1
864691136595488674,864691135641489723,1
864691136595489442,864691135654954434,1
864691136595492258,864691135655137986,1
864691136595492258,864691135655448002,1
864691136595504034,864691135655414466,1
864691136595517090,864691135654447554,1
864691136595518882,864691135655414466,3
864691136595522210,864691135655168962,1
864691136595624354,864691135654980546,1
864691136595764898,864691135655414466,1
864691136595846050,864691135655136194,1
864691136595999650,864691135655127490,1
864691136596335266,864691135655372482,1
864691136596378530,864691135654953666,2
864691136596391074,864691135640089659,1
864691136596801954,864691135655414466,1
864691136596964258,864691135654948546,2
864691136597003170,864691135645425903,1
864691136597043106,864691135641489723,1
864691136597043106,864691135645163857,1
864691136597043106,864691135655028930,1
864691136597063330,864691135646053103,1
864691136601550545,864691135644642543,1
864691136601574353,864691135655162050,1
864691136601575633,864691135648278724,1
864691136601586129,864691135655140802,1
864691136601621201,864691135655140802,1
864691136601912017,864691135640612667,1
864691136602038737,864691135644642543,1
864691136602250961,864691135655676098,1
864691136602609361,864691135654973634,1
864691136602652881,864691135655140802,2
864691136602671825,864691135640013627,2
864691136602779857,864691135655136194,1
864691136602781393,864691135655005122,2
864691136602787537,864691135646841327,1
864691136602788049,864691135654386884,1
864691136602798545,864691135639881275,1
864691136602819281,864691135654948546,1
864691136603017169,864691135645256687,1
864691136603462353,864691135655372482,1
864691136603620305,864691135640089659,1
864691136603793873,864691135645529583,1
864691136603793873,864691135645544431,1
864691136604006353,864691135640089659,1
864691136604118481,864691135639901499,1
864691136604219857,864691135639897147,1
864691136617105883,864691135655166402,1
864691136617131483,864691135655140802,1
864691136617148123,864691135655140802,1
864691136617291995,864691135655414466,5
864691136617403611,864691135655166402,1
864691136617553883,864691135654108610,1
864691136617563355,864691135639881275,1
864691136617593563,864691135640089659,1
864691136617707739,864691135655676098,2
864691136617943003,864691135645377519,1
864691136618004699,864691135644611311,1
864691136618145755,864691135655635394,1
864691136618231515,864691135654980546,1
864691136618387341,864691135654386884,1
864691136618417037,864691135655140802,2
864691136618419085,864691135655029186,1
864691136618423515,864691135654073282,1
864691136618441691,864691135655162050,1
864691136618451597,864691135645521903,1
864691136618454669,864691135654696642,1
864691136618468237,864691135645291503,1
864691136618476173,864691135655136194,1
864691136618560475,864691135654948546,1
864691136618704013,864691135655140802,1
864691136618795227,864691135646430703,1
864691136618797965,864691135655676098,1
864691136618808795,864691135644704751,1
864691136618894043,864691135655372482,1
864691136619027419,864691135655372482,1
864691136619089293,864691135645393647,1
864691136619089293,864691135645445871,1
864691136619200909,864691135639901499,1
864691136619260813,864691135644642543,1
864691136619330189,864691135639874107,1
864691136619340429,864691135640089659,1
864691136619354765,864691135640612667,1
864691136619592845,864691135641487419,1
864691136619592845,864691135655448002,6
864691136619605467,864691135645445871,2
864691136619605467,864691135646053103,1
864691136619625947,864691135639869243,1
864691136619729371,864691135640482363,1
864691136619729371,864691135645521903,1
864691136619729371,864691135646119919,1
864691136619729371,864691135654973634,1
864691136619729371,864691135655028930,1
864691136619729371,864691135655635394,1
864691136619750619,864691135641505339,2
864691136619750619,864691135646017007,2
864691136619750619,864691135655359938,6
864691136619882637,864691135646841327,1
864691136619939213,864691135640873531,1
864691136619984525,864691135639905851,1
864691136620192653,864691135639897147,2
864691136620192653,864691135641008443,1
864691136620192653,864691135641489723,1
864691136620192653,864691135646053103,1
864691136620192653,864691135646430703,1
864691136620192653,864691135654618818,1
864691136620486029,864691135640089659,2
864691136620535693,864691135641487419,1
864691136620576397,864691135639897147,1
864691136620576397,864691135655359938,1
864691136621077389,864691135641487419,1
864691136621082253,864691135640089659,7
864691136621082253,864691135645425903,6
864691136621082253,864691135655166402,5
864691136621082253,864691135655372482,1
864691136621099149,864691135640185915,2
864691136621099149,864691135641487419,3
864691136621099149,864691135645521903,2
864691136621108877,864691135655676098,1
864691136641487990,864691135654959810,1
864691136655627773,864691135654108610,1
864691136662194398,864691135640013627,1
864691136662194398,864691135644612847,5
864691136662200286,864691135641487419,1
864691136662219230,864691135655136194,1
864691136662232030,864691135645420015,1
864691136662261982,864691135655414466,2
864691136662363901,864691135654108610,1
864691136662363901,864691135655129026,1
864691136662393310,864691135654280386,1
864691136662413790,864691135654980546,1
864691136662437598,864691135645350895,1
864691136662437598,864691135645445871,1
864691136662440670,864691135639869243,1
864691136662440670,864691135639881275,1
864691136662440670,864691135640013627,6
864691136662440670,864691135654715586,1
864691136662511838,864691135645745135,1
864691136662536158,864691135655140802,2
864691136662587870,864691135645985519,3
864691136662649310,864691135654529986,1
864691136662659806,864691135640185915,1
864691136662929886,864691135645062127,1
864691136662981598,864691135655168962,1
864691136663080158,864691135654954434,1
864691136663105758,864691135644629999,1
864691136663175134,864691135655127490,1
864691136663185118,864691135645985519,1
864691136663199710,864691135654529986,1
864691136663212254,864691135655137986,1
864691136663348958,864691135654280386,4
864691136663528670,864691135654529986,1
864691136663603934,864691135644704751,1
864691136663603934,864691135645062127,1
864691136663603934,864691135654386884,2
864691136664127454,864691135639869243,1
864691136664127454,864691135655635394,1
864691136664604894,864691135645256687,1
864691136664648158,864691135639874107,2
864691136664648158,864691135640089659,4
864691136664648158,864691135640801083,1
864691136664648158,864691135645425903,2
864691136664648158,864691135645445871,1
864691136664648158,864691135654980802,1
864691136664988382,864691135654980546,1
864691136665155294,864691135641505339,4
864691136665155294,864691135646053103,1
864691136665155294,864691135654618818,2
864691136665155294,864691135655166402,2
864691136665180894,864691135655166402,1
864691136665194974,864691135641505339,1
864691136665220062,864691135640089659,1
864691136672249597,864691135654529986,1
864691136672630151,864691135645445871,1
864691136672630151,864691135654696642,1
864691136672647047,864691135655676098,1
864691136672647559,864691135654959810,1
864691136672653447,864691135640089659,1
864691136672655239,864691135655137986,1
864691136672677767,864691135654888898,2
864691136672845191,864691135640089659,1
864691136672845191,864691135645291503,1
864691136673148295,864691135641487419,1
864691136673563271,864691135645062127,1
864691136673589895,864691135639901499,1
864691136673730951,864691135655140802,1
864691136673737351,864691135644704751,1
864691136673915271,864691135640482363,1
864691136673937543,864691135645377519,1
864691136674065543,864691135645524719,1
864691136674134663,864691135654953666,1
864691136674327431,864691135641008443,1
864691136674363783,864691135640185915,2
864691136675020935,864691135641008443,1
864691136675020935,864691135641489723,1
864691136675020935,864691135646430703,1
864691136675020935,864691135654948546,1
864691136675098759,864691135639884347,1
864691136675151751,864691135640612667,1
864691136675151751,864691135641008443,1
864691136675476359,864691135639904059,1
864691136675573127,864691135639905851,1
864691136675573127,864691135646053103,2
864691136675573127,864691135655166402,1
864691136675573127,864691135655372482,2
864691136675813511,864691135639884347,1
864691136675813511,864691135644704751,1
864691136675813511,864691135645143279,1
864691136675813511,864691135655168962,1
864691136675966343,864691135645377519,1
864691136675966343,864691135654948546,4
864691136681140477,864691135655129026,1
864691136681300590,864691135640089659,2
864691136681300590,864691135645291503,2
864691136681300590,864691135645425903,2
864691136681300590,864691135654980802,1
864691136682123126,864691135644611311,1
864691136683211126,864691135654073282,1
864691136684780398,864691135645291503,1
864691136685329149,864691135654108610,1
864691136685329149,864691135655129026,1
864691136688927598,864691135654280386,1
864691136698836078,864691135654696642,1
864691136700892270,864691135645350895,1
864691136705292654,864691135639905851,2
864691136710057582,864691135645350895,1
864691136715732334,864691135640089659,1
864691136715814510,864691135640089659,2
864691136716771694,864691135639884347,1
864691136716771694,864691135645393647,1
864691136716771694,864691135645445871,4
864691136722736494,864691135654696642,1
864691136723301885,864691135645367535,1
864691136723316477,864691135645524719,8
864691136723327485,864691135654919106,1
864691136723369469,864691135654888898,2
864691136723382781,864691135645065199,1
864691136723388925,864691135655414466,1
864691136723395325,864691135655414466,1
864691136723410173,864691135644611311,1
864691136723410173,864691135654973634,2
864691136723416061,864691135640801083,1
864691136723424253,864691135655140802,1
864691136723443453,864691135654696642,1
864691136723459837,864691135645350895,2
864691136723471613,864691135640089659,1
864691136723492861,864691135654447554,1
864691136723495677,864691135654570690,1
864691136723498237,864691135640089659,1
864691136723499261,864691135654919106,1
864691136723521277,864691135645163857,1
864691136723555837,864691135640089659,1
864691136723565565,864691135654696642,1
864691136723576061,864691135655168962,2
864691136723585277,864691135654447554,1
864691136723586557,864691135654973634,1
864691136723602429,864691135655029186,1
864691136723637501,864691135654954434,4
864691136723657725,864691135654108610,1
864691136723971581,864691135655029186,4
864691136723976445,864691135655676098,1
864691136724092413,864691135654953666,4
864691136724398589,864691135654696642,2
864691136724488189,864691135640089659,1
864691136724575485,864691135645745135,1
864691136724615421,864691135645143279,1
864691136724624125,864691135646841327,4
864691136725057789,864691135641489723,1
864691136725093373,864691135640801083,1
864691136725134589,864691135654570690,1
864691136725144061,864691135645256687,1
864691136725177853,864691135655372482,1
864691136725353725,864691135654386884,1
864691136725455357,864691135655127490,4
864691136725717245,864691135641487419,1
864691136725745661,864691135645350895,1
864691136725800701,864691135654948546,1
864691136725817341,864691135646017007,1
864691136725819645,864691135654280386,1
864691136728689262,864691135654980546,1
864691136729335158,864691135645521903,2
864691136729335158,864691135654570690,3
864691136731992686,864691135645472239,1
864691136739030126,864691135655140802,1
864691136740102766,864691135654529986,1
864691136740102766,864691135655140802,1
864691136740408156,864691135654280386,1
864691136740408156,864691135654980546,1
864691136740432220,864691135655140802,1
864691136740440412,864691135645065199,1
864691136740442204,864691135655136194,1
864691136740696668,864691135655414466,1
864691136740746332,864691135645350895,2
864691136740752476,864691135639869243,1
864691136740782428,864691135646119919,1
864691136740782428,864691135654570690,1
864691136740804188,864691135655635394,1
864691136740814940,864691135655448002,1
864691136740851036,864691135645163857,1
864691136740918108,864691135639901499,1
864691136740918108,864691135645377519,2
864691136740924764,864691135639869243,9
864691136741412188,864691135645065199,1
864691136741438556,864691135639904059,1
864691136741482076,864691135639869243,1
864691136741495900,864691135654919106,1
864691136741497692,864691135654529986,1
864691136741530460,864691135640089659,3
864691136741530460,864691135645425903,1
864691136741530460,864691135654696642,1
864691136741542748,864691135654919106,1
864691136741545564,864691135655140802,1
864691136741629020,864691135655414466,2
864691136742071900,864691135640482363,1
864691136742071900,864691135655448002,1
864691136742685788,864691135645420015,1
864691136742685788,864691135655005122,1
864691136742800476,864691135640089659,1
864691136742800476,864691135655136194,1
864691136743169116,864691135639901499,1
864691136743319132,864691135654529986,6
864691136743319132,864691135655129026,1
864691136743319132,864691135655140802,1
864691136743343452,864691135655051202,1
864691136743457884,864691135654529986,1
864691136743486300,864691135654980546,1
864691136746178532,864691135640801083,1
864691136746745710,864691135645425903,1
864691136752821870,864691135655414466,2
864691136755063918,864691135655166402,2
864691136755365742,864691135640089659,2
864691136755365742,864691135645445871,1
864691136755365742,864691135655136194,1
864691136757023598,864691135640873531,1
864691136763884142,864691135655414466,2
864691136766683758,864691135639869243,3
864691136766683758,864691135654108610,2
864691136766683758,864691135654529986,6
864691136766683758,864691135654954434,1
864691136766683758,864691135655129026,5
864691136775138158,864691135645350895,1
864691136776466798,864691135645377519,2
864691136780346222,864691135639897147,1
864691136800949614,864691135645062127,1
864691136804453742,864691135645445871,1
864691136811608686,864691135645425903,1
864691136811819379,864691135645306351,1
864691136811819379,864691135655414466,2
864691136811828339,864691135645445871,1
864691136811832435,864691135640089659,4
864691136811954035,864691135655137986,1
864691136811982707,864691135655136194,2
864691136812081779,864691135655414466,1
864691136812443251,864691135644599791,1
864691136812862323,864691135654618818,2
864691136812955251,864691135644629999,1
864691136812955251,864691135645306351,1
864691136812955251,864691135655414466,1
864691136813086067,864691135655136194,1
864691136813124979,864691135648278724,1
864691136813312627,864691135645433071,1
864691136813428595,864691135655051202,1
864691136813471091,864691135641487419,2
864691136813807475,864691135639905851,1
864691136813807475,864691135640089659,1
864691136813807475,864691135640801083,1
864691136813807475,864691135646017007,1
864691136813807475,864691135646053103,1
864691136813807475,864691135655372482,1
864691136813847923,864691135645350895,2
864691136813847923,864691135645377519,1
864691136813911150,864691135645420015,1
864691136814271603,864691135654980546,1
864691136814343283,864691135639897147,1
864691136814343283,864691135646430703,1
864691136814357619,864691135645062127,1
864691136814606958,864691135639884347,3
864691136814606958,864691135639905851,1
864691136814622835,864691135639897147,1
864691136814627955,864691135646017007,1
864691136814627955,864691135654980546,1
864691136814635123,864691135654948546,1
864691136814677875,864691135640185915,2
864691136814703987,864691135645163857,1
864691136814761075,864691135641489723,2
864691136814761075,864691135655028930,1
864691136816759662,864691135655136194,1
864691136817744750,864691135640089659,1
864691136817750382,864691135640089659,2
864691136817774446,864691135645425903,1
864691136819432558,864691135645425903,2
864691136819672942,864691135645163857,1
864691136819698542,864691135654980802,2
864691136821399918,864691135644576239,1
864691136824272494,864691135645377519,1
864691136824491374,864691135645350895,1
864691136830885230,864691135654696642,1
864691136836937582,864691135645529583,1
864691136861229678,864691135645393647,1
864691136878498158,864691135654957762,1
864691136881607534,864691135655448002,1
864691136885541230,864691135654409412,1
864691136885541230,864691135654953666,1
864691136893395822,864691135655448002,1
864691136897149294,864691135640185915,1
864691136897149294,864691135641487419,1
864691136900268910,864691135655168962,1
864691136903003314,864691135639884347,1
864691136903052978,864691135640013627,4
864691136903052978,864691135644612847,1
864691136903052978,864691135646841327,2
864691136903055282,864691135655414466,1
864691136903066546,864691135655168962,1
864691136903069874,864691135655092418,1
864691136903144370,864691135645306351,1
864691136903387826,864691135639901499,1
864691136903387826,864691135646353391,3
864691136903445426,864691135644642543,1
864691136903454386,864691135639884347,1
864691136903552946,864691135640013627,1
864691136903569586,864691135645350895,2
864691136903569586,864691135645377519,1
864691136903569586,864691135645472239,1
864691136903812274,864691135639897147,1
864691136903882930,864691135655166402,1
864691136903986098,864691135645163857,1
864691136904061874,864691135655414466,2
864691136904066994,864691135654919106,1
864691136904078514,864691135645425903,3
864691136904081586,864691135655140802,4
864691136904349618,864691135645350895,1
864691136904349618,864691135654618818,1
864691136904354994,864691135645350895,3
864691136904538290,864691135640873531,1
864691136904538290,864691135654953666,1
864691136904761266,864691135655414466,1
864691136905147314,864691135655372482,1
864691136905192882,864691135645521903,1
864691136905267890,864691135654570690,1
864691136905506482,864691135640873531,1
864691136905570994,864691135655676098,1
864691136905576626,864691135645524719,1
864691136905791666,864691135654948546,1
864691136905791666,864691135655676098,1
864691136905988274,864691135654948546,3
864691136906073454,864691135644704751,1
864691136906189234,864691135646053103,1
864691136906189234,864691135654618818,1
864691136906189234,864691135655359938,1
864691136906696558,864691135640013627,1
864691136906696558,864691135644612847,4
864691136906761838,864691135640532539,1
864691136906761838,864691135644611311,1
864691136906761838,864691135645433071,3
864691136907591534,864691135640013627,5
864691136907591534,864691135644612847,1
864691136907705454,864691135654973634,1
864691136908231278,864691135639904059,1
864691136908845422,864691135654073282,2
864691136910393454,864691135644704751,1
864691136911321966,864691135641487419,1
864691136911621873,864691135654980802,1
864691136911629041,864691135640089659,1
864691136911644657,864691135655137986,1
864691136911644913,864691135654386884,1
864691136911656177,864691135654447554,1
864691136911656177,864691135654919106,1
864691136911668209,864691135655676098,1
864691136911864561,864691135644642543,2
864691136911864561,864691135654715586,3
864691136911976433,864691135655168962,1
864691136911978737,864691135640089659,2
864691136912017393,864691135640013627,1
864691136912054257,864691135655676098,1
864691136912113905,864691135655140802,1
864691136912463601,864691135639904059,2
864691136912476145,864691135654957762,1
864691136912502001,864691135645745135,1
864691136912553713,864691135654386884,1
864691136912602097,864691135640801083,1
864691136912659953,864691135655372482,1
864691136912660977,864691135644599791,1
864691136912665329,864691135639869243,1
864691136912667633,864691135645143279,1
864691136912667633,864691135645433071,1
864691136912684529,864691135645143279,1
864691136912690417,864691135639869243,1
864691136912690417,864691135645065199,1
864691136912690417,864691135655414466,1
864691136912691441,864691135655414466,1
864691136912698865,864691135640089659,1
864691136912698865,864691135640801083,4
864691136912796657,864691135645062127,1
864691136913170929,864691135645143279,3
864691136913209073,864691135645062127,1
864691136913338609,864691135645985519,1
864691136913343473,864691135640482363,1
864691136913493233,864691135641487419,1
864691136913993713,864691135655166402,3
864691136914038513,864691135645065199,1
864691136914038513,864691135654715586,1
864691136914081521,864691135644642543,2
864691136914081521,864691135646841327,1
864691136914081521,864691135654108610,3
864691136914081521,864691135654715586,4
864691136914235889,864691135645521903,1
864691136914235889,864691135646119919,4
864691136914235889,864691135654570690,3
864691136914235889,864691135655635394,1
864691136914241521,864691135640873531,1
864691136914241521,864691135648278724,1
864691136914398449,864691135646017007,1
864691136914426353,864691135640873531,1
864691136914541297,864691135654948546,1
864691136914555121,864691135645544431,2
864691136914613489,864691135640873531,1
864691136914647662,864691135645143279,1
864691136914647662,864691135655168962,2
864691136922732004,864691135641487419,1
864691136922732004,864691135655092418,1
864691136922751460,864691135654529986,1
864691136922784228,864691135639881275,1
864691136923098084,864691135639881275,1
864691136923469540,864691135639905851,1
864691136923469540,864691135640089659,1
864691136923541988,864691135654696642,1
864691136923656420,864691135655136194,1
864691136923703780,864691135646053103,1
864691136923741668,864691135654447554,1
864691136923752420,864691135645425903,1
864691136923766500,864691135640089659,2
864691136923775972,864691135646841327,1
864691136923775972,864691135655414466,2
864691136923788772,864691135654948546,2
864691136923789796,864691135639874107,1
864691136923789796,864691135645425903,3
864691136923791588,864691135645256687,1
864691136923936228,864691135646053103,1
864691136924138468,864691135644704751,1
864691136924174820,864691135644642543,1
864691136924174820,864691135646841327,2
864691136924297956,864691135640873531,1
864691136924297956,864691135654280386,1
864691136924554724,864691135654980546,1
864691136924636900,864691135654953666,1
864691136924736740,864691135640482363,1
864691136924736740,864691135641487419,4
864691136924736740,864691135655448002,6
864691136925014756,864691135641505339,2
864691136925089508,864691135654948546,2
864691136925107172,864691135654529986,2
864691136925111012,864691135639905851,3
864691136925111012,864691135645377519,1
864691136925111012,864691135655372482,1
864691136925222372,864691135645163857,2
864691136925341258,864691135640089659,1
864691136925352266,864691135654447554,1
864691136925355850,864691135640482363,1
864691136925359946,864691135655140802,2
864691136925360458,864691135654447554,1
864691136925360714,864691135644611311,2
864691136925368650,864691135645445871,1
864691136925369674,864691135645420015,1
864691136925373258,864691135645544431,1
864691136925375306,864691135655136194,1
864691136925375818,864691135655136194,1
864691136925381962,864691135645529583,1
864691136925565258,864691135654948546,1
864691136925777226,864691135654108610,1
864691136925785162,864691135654888898,1
864691136926153034,864691135645445871,1
864691136926266186,864691135640482363,1
864691136926414666,864691135644642543,5
864691136926426954,864691135640612667,1
864691136926430026,864691135639874107,1
864691136926779466,864691135644576239,1
864691136926789962,864691135639904059,1
864691136926789962,864691135640873531,1
864691136926789962,864691135644576239,1
864691136926789962,864691135644704751,2
864691136926789962,864691135655137986,2
864691136927086154,864691135654386884,1
864691136927187786,864691135640873531,3
864691136927491146,864691135640185915,7
864691136927491146,864691135640482363,2
864691136927491146,864691135641487419,3
864691136927491146,864691135645256687,1
864691136927491146,864691135655028930,1
864691136927491146,864691135655051202,5
864691136927491146,864691135655092418,1
864691136927659594,864691135645521903,1
864691136927736138,864691135644704751,1
864691136927736138,864691135645065199,2
864691136928535263,864691135645745135,1
864691136933206751,864691135655140802,1
864691136933278943,864691135654919106,1
864691136945691359,864691135655140802,4
864691136945842911,864691135645062127,1
864691136946916831,864691135654919106,1
864691136951558623,864691135648278724,1
864691136951558879,864691135654529986,1
864691136951566047,864691135640089659,1
864691136951570911,864691135639904059,1
864691136951570911,864691135655137986,1
864691136951570911,864691135655414466,1
864691136951583967,864691135654953666,1
864691136951585503,864691135654980546,1
864691136951599839,864691135654570690,1
864691136951613663,864691135640612667,1
864691136951617247,864691135645445871,1
864691136951628767,864691135645377519,1
864691136951630559,864691135644612847,1
864691136951639519,864691135654980546,1
864691136951639519,864691135655136194,1
864691136951645919,864691135654280386,2
864691136951645919,864691135654696642,1
864691136951734495,864691135655166402,1
864691136951959007,864691135655372482,1
864691136952201183,864691135655168962,1
864691136952276191,864691135654447554,1
864691136952281567,864691135644704751,2
864691136952293599,864691135655140802,2
864691136952301791,864691135645306351,1
864691136952366815,864691135654919106,1
864691136952897503,864691135645367535,1
864691136952921823,864691135654529986,2
864691136952931295,864691135654529986,1
864691136952960735,864691135654386884,1
864691136952960735,864691135654570690,1
864691136953221599,864691135644611311,1
864691136953486303,864691135645291503,1
864691136954050527,864691135655359938,2
864691136954077151,864691135655028930,1
864691136965775822,864691135655166402,1
864691136965805006,864691135655414466,1
864691136965808078,864691135654888898,1
864691136965812942,864691135655372482,1
864691136965830350,864691135646053103,2
864691136965849550,864691135645529583,1
864691136965986254,864691135654529986,4
864691136965986254,864691135654715586,1
864691136966531022,864691135645529583,1
864691136966552014,864691135646841327,1
864691136966552014,864691135654973634,1
864691136966673870,864691135645433071,1
864691136966673870,864691135655127490,1
864691136966678222,864691135654529986,1
864691136966694094,864691135644704751,1
864691136966696654,864691135655414466,1
864691136966951886,864691135640612667,1
864691136966951886,864691135645472239,1
864691136966995662,864691135639905851,1
864691136966995662,864691135654622658,1
864691136967336910,864691135641505339,1
864691136967336910,864691135655372482,1
864691136967337678,864691135645425903,1
864691136967789006,864691135645367535,1
864691136967796942,864691135641505339,1
864691136968099022,864691135645163857,2
864691136968568014,864691135645377519,1
864691136968568014,864691135654948546,3
864691136968627406,864691135646017007,1
864691136968656078,864691135639897147,1
864691136968656078,864691135645256687,1
864691136968930254,864691135654948546,2
864691136968930254,864691135655676098,4
864691136973669660,864691135655168962,1
864691136973694492,864691135646841327,2
864691136973707036,864691135654888898,1
864691136973709596,864691135654919106,1
864691136973712924,864691135640089659,1
864691136973943836,864691135644704751,1
864691136973967644,864691135654715586,1
864691136973978652,864691135654696642,1
864691136974018076,864691135654919106,1
864691136974028828,864691135640089659,2
864691136974064156,864691135654529986,1
864691136974073372,864691135640013627,1
864691136974109724,864691135654953666,1
864691136974538780,864691135654715586,1
864691136974545436,864691135655168962,1
864691136974550044,864691135655140802,4
864691136974557468,864691135645445871,1
864691136974572316,864691135640873531,1
864691136974638876,864691135655635394,1
864691136974639644,864691135655414466,2
864691136974841884,864691135654108610,1
864691136974841884,864691135655129026,1
864691136974876956,864691135654447554,1
864691136974876956,864691135655414466,1
864691136974983196,864691135645065199,1
864691136975161628,864691135639901499,1
864691136975309084,864691135645367535,1
864691136975309084,864691135655162050,1
864691136975332380,864691135654618818,1
864691136975364636,864691135655028930,1
864691136975671324,864691135655676098,1
864691136975857436,864691135655005122,1
864691136975917852,864691135655137986,2
864691136976129564,864691135639901499,3
864691136976129564,864691135654948546,3
864691136976145948,864691135641008443,1
864691136976145948,864691135645163857,2
864691136976146716,864691135641008443,5
864691136976146716,864691135645163857,1
864691136989946261,864691135640013627,1
864691136989946261,864691135644612847,1
864691136989947029,864691135655028930,6
864691136989951125,864691135645377519,1
864691136989958549,864691135644704751,1
864691136989960597,864691135644642543,1
864691136989962389,864691135654447554,1
864691136989962389,864691135654919106,1
864691136989969045,864691135648278724,1
864691136990008725,864691135645350895,1
864691136990010005,864691135655136194,1
864691136990012309,864691135654696642,1
864691136990238357,864691135654529986,1
864691136990239381,864691135654529986,1
864691136990374037,864691135645521903,1
864691136990374037,864691135654973634,1
864691136990688149,864691135654948546,1
864691136990809237,864691135655140802,1
864691136990871957,864691135640801083,1
864691136990940565,864691135645170671,1
864691136990940821,864691135640185915,1
864691136990940821,864691135640482363,4
864691136991213461,864691135645544431,11
864691136991213461,864691135646430703,1
864691136991213461,864691135654280386,2
864691136991400341,864691135645350895,3
864691136991400341,864691135645445871,1
864691136991400341,864691135655136194,1
864691136991445909,864691135640089659,5
864691136991445909,864691135645291503,1
864691136991606421,864691135654570690,1
864691136991924885,864691135646053103,1
864691136992004501,864691135654948546,1
864691136992007317,864691135644642543,1
864691136992007317,864691135654715586,2
864691136992007317,864691135655414466,1
864691136992294549,864691135640873531,2
864691136992294549,864691135654618818,1
864691136992383637,864691135639901499,2
864691136992383637,864691135645472239,1
864691136992383637,864691135654280386,1
864691136992383637,864691135655005122,1
864691136992612757,864691135639869243,1
864691136992612757,864691135654715586,4
864691136992612757,864691135654973634,1
864691137018050414,864691135655140802,1
864691137019549294,864691135654696642,1
864691137019552110,864691135641487419,1
864691137019552110,864691135644612847,1
864691137019552366,864691135640089659,1
864691137019564910,864691135639869243,3
864691137019564910,864691135655137986,1
864691137019570798,864691135655448002,1
864691137019571566,864691135654919106,1
864691137019576686,864691135654948546,4
864691137019578990,864691135640089659,3
864691137019580014,864691135644704751,1
864691137019839854,864691135645306351,1
864691137019964526,864691135655676098,1
864691137020046702,864691135639904059,1
864691137020087406,864691135655028930,1
864691137020649070,864691135654073282,1
864691137020663406,864691135655414466,1
864691137020671086,864691135655137986,1
864691137020671342,864691135639869243,1
864691137020678254,864691135645065199,1
864691137020883054,864691135639869243,1
864691137020883054,864691135654715586,1
864691137021075566,864691135641487419,4
864691137021178478,864691135645163857,1
864691137021272174,864691135641487419,1
864691137021272174,864691135655635394,1
864691137021909102,864691135640089659,1
864691137022180974,864691135639905851,4
864691137022180974,864691135645524719,3
864691137022180974,864691135646053103,2
864691137022180974,864691135654618818,1
864691137022180974,864691135655166402,1
864691137022222702,864691135646053103,1
864691137022244206,864691135639897147,1
864691137022244206,864691135641008443,4
864691137022244206,864691135641489723,2
864691137022244206,864691135645163857,1
864691137022263406,864691135641008443,1
864691137022263406,864691135654948546,2
864691137022263406,864691135655676098,1
864691137022275182,864691135655359938,1
864691137022278254,864691135641489723,1
864691137022278254,864691135654622658,4
864691137022356590,864691135639884347,1
864691137053628278,864691135645524719,1
864691137053653622,864691135640089659,3
864691137053671286,864691135655136194,1
864691137053940598,864691135655029186,1
864691137054430838,864691135641487419,1
864691137054507382,864691135645062127,1
864691137054515062,864691135640089659,1
864691137054706806,864691135645393647,1
864691137054706806,864691135645445871,2
864691137054706806,864691135654280386,1
864691137054709878,864691135644642543,1
864691137054709878,864691135654715586,1
864691137054824054,864691135640801083,2
864691137054824054,864691135645524719,2
864691137055210102,864691135654715586,1
864691137055571574,864691135645425903,1
864691137055668086,864691135644611311,1
864691137055668086,864691135645433071,1
864691137055668086,864691135645521903,3
864691137055668086,864691135654959810,2
864691137055668086,864691135654973634,4
864691137056031094,864691135654280386,1
864691137056098166,864691135646119919,1
864691137056230006,864691135641008443,1
864691137056338550,864691135654618818,1
864691137056421238,864691135655359938,1
864691137196896065,864691135646353391,1
864691137196913985,864691135640482363,1
864691137196913985,864691135654409412,1
864691137196918849,864691135645377519,1
864691137196931393,864691135639901499,1
864691137196935233,864691135654948546,1
864691137197239617,864691135645350895,1
864691137197246017,864691135640801083,1
864691137197246017,864691135645291503,1
864691137197339457,864691135640089659,2
864691137197351745,864691135654957762,1
864691137197711169,864691135641505339,1
864691137197890369,864691135645420015,1
864691137197893953,864691135654953666,1
864691137197920577,864691135645524719,1
864691137197941825,864691135654529986,1
864691137198754369,864691135655414466,1
864691137199038273,864691135640801083,1
864691137199359553,864691135639905851,1
864691137199359553,864691135640089659,1
864691137199359553,864691135645256687,1
864691137199585345,864691135654570690,1
864691137199688513,864691135645062127,1
864691137199772993,864691135640612667,2
864691137199772993,864691135641489723,1
864691137199772993,864691135645163857,1
864691137199800385,864691135646017007,2
864691137199800385,864691135655359938,4
864691137199914561,864691135640612667,1
864691137199914561,864691135641489723,3
864691137199973441,864691135641008443,1
864691137199973441,864691135646017007,3
864691137199973441,864691135646430703,1
864691137199973441,864691135654618818,1
864691137199973441,864691135655359938,1
864691137199973441,864691135655372482,1
864691137199983169,864691135645163857,1
