pre_pt_root_id,post_pt_root_id,n
864691134884746490,864691136009473966,2
864691134884751866,864691136005816266,1
864691134884754426,864691136008393900,1
864691134884764666,864691136009415084,1
864691134884791290,864691136009292716,1
864691134884855290,864691136005670602,4
864691134884855290,864691136009061806,1
864691134885142778,864691136009326766,1
864691134885471994,864691136005890250,1
864691134885481722,864691136009223086,1
864691134885488634,864691136009415084,1
864691134885557498,864691136009507502,3
864691134885720314,864691136008490412,1
864691134885768186,864691136005624778,1
864691134885957882,864691136007339466,1
864691134886037498,864691136005607626,1
864691134886037498,864691136005906122,1
864691134886037498,864691136006508490,3
864691134886037498,864691136008420012,2
864691134886037498,864691136008805804,2
864691134886037498,864691136008953518,1
864691134886037498,864691136009007276,1
864691134886037498,864691136009200300,3
864691134886037498,864691136009332654,3
864691134886037498,864691136009440428,2
864691134886037498,864691136009511596,1
864691134886037498,864691136009539500,2
864691134886295802,864691136009419180,1
864691134886350330,864691136005721546,1
864691134886350330,864691136009768622,2
864691134886364922,864691136005816266,2
864691134886400250,864691136005656266,1
864691134887236346,864691136008884652,2
864691134887236346,864691136009366446,1
864691134887273978,864691136005205194,1
864691134887540986,864691136008762284,2
864691134917425418,864691136009425324,1
864691134917428746,864691136008452012,1
864691134917488138,864691136009423020,2
864691134917620234,864691136005340362,1
864691134917794314,864691136008870828,1
864691134917794314,864691136009394350,1
864691134917794314,864691136009473966,1
864691134917901322,864691136008490412,2
864691134917901322,864691136009318062,1
864691134917923338,864691136009425324,1
864691134918277642,864691136005670602,1
864691134918279946,864691136008486572,1
864691134918310154,864691136009507502,1
864691134918318602,864691136009366446,1
864691134918384650,864691136009223086,1
864691134918384650,864691136009418414,1
864691134918396938,864691136004798154,1
864691134918396938,864691136005340362,1
864691134918404874,864691136006745507,1
864691134918614794,864691136009511596,2
864691134918947338,864691136009007276,1
864691134919225354,864691136005816266,1
864691134919570698,864691136009768622,1
864691134919748362,864691136005721546,2
864691134919748362,864691136005816266,1
864691134919931146,864691136007281354,3
864691134919967498,864691136007281354,1
864691134920072202,864691136007281354,1
864691134920072202,864691136009473966,1
864691134920072202,864691136009768622,1
864691134939986019,864691136009513134,1
864691134939991651,864691136005835722,1
864691134939991651,864691136009415598,1
864691134939992931,864691136009200300,1
864691134939998563,864691136009061806,1
864691134940025955,864691136005835722,12
864691134940025955,864691136005890250,1
864691134940025955,864691136008490412,1
864691134940206947,864691136009768622,1
864691134940377955,864691136009500078,1
864691134940379491,864691136005589194,2
864691134940380259,864691136009383598,1
864691134940381539,864691136005589194,2
864691134940433507,864691136008559790,1
864691134940933475,864691136006508490,3
864691134940933475,864691136009511596,1
864691134940946531,864691136009292716,1
864691134941165155,864691136006508490,1
864691134941346403,864691136006508490,1
864691134941488995,864691136009359788,1
864691134941490787,864691136009473966,1
864691134941693027,864691136008762284,1
864691134941750883,864691136009292716,1
864691134942221411,864691136008452012,3
864691134942610787,864691136009314990,1
864691134947756284,864691136008884652,1
864691134947843068,864691136005656266,1
864691134947855612,864691136008439212,2
864691134947861500,864691136009229996,1
864691134947861500,864691136009335980,1
864691134947906044,864691136005835722,2
864691134947959548,864691136005670602,1
864691134948266236,864691136009539500,1
864691134948287228,864691136009236396,1
864691134948419836,864691136005340362,1
864691134948605180,864691136008420012,1
864691134948605180,864691136008490412,1
864691134948605180,864691136009440428,1
864691134948605180,864691136009511596,4
864691134948665340,864691136009394350,1
864691134948788476,864691136009424300,1
864691134949368316,864691136009425324,1
864691134949774844,864691136009507502,1
864691134950088188,864691136005543882,1
864691134950149116,864691136005589194,17
864691134950149116,864691136008762284,9
864691134950149116,864691136009410990,1
864691134950228988,864691136005205194,2
864691134950228988,864691136006703240,1
864691134950228988,864691136009007276,1
864691134950228988,864691136009326766,1
864691134950248188,864691136007339466,1
864691134950317308,864691136009419180,1
864691134950317308,864691136009511596,1
864691134964449567,864691136005656266,1
864691134964455455,864691136009500078,1
864691134964516895,864691136008953518,1
864691134964699935,864691136009244590,1
864691134964699935,864691136009500078,1
864691134964831519,864691136009415598,2
864691134964864543,864691136009348782,1
864691134965202463,864691136009500078,1
864691134965202463,864691136009507502,4
864691134965268511,864691136009493934,2
864691134965292575,864691136009476526,1
864691134965301791,864691136005205194,1
864691134965379103,864691136009425836,1
864691134965411871,864691136009500078,1
864691134965425951,864691136009493934,1
864691134965429023,864691136008452012,1
864691134965447967,864691136005656266,1
864691134965597471,864691136008762284,1
864691134965718303,864691136009511596,2
864691134966187807,864691136009410990,1
864691134966290975,864691136005816266,1
864691134966306591,864691136005890250,2
864691134966306591,864691136006508490,5
864691134966306591,864691136009440428,1
864691134966306591,864691136009539500,1
864691134966306847,864691136009223086,3
864691134966306847,864691136009423020,2
864691134966306847,864691136009539500,1
864691134966651679,864691136005816266,2
864691134966722335,864691136009007276,1
864691134966759711,864691136005589194,2
864691134966759711,864691136008577198,1
864691134988375418,864691136009217196,1
864691134988377722,864691136005340362,1
864691134988403066,864691136005835722,2
864691134988408954,864691136009299374,1
864691134988431226,864691136009476526,1
864691134988462714,864691136009236396,2
864691134988473978,864691136009359788,1
864691134988477562,864691136009511596,3
864691134988480378,864691136005340362,1
864691134988596858,864691136005890250,1
864691134988596858,864691136009318062,1
864691134988596858,864691136009511596,3
864691134988881274,864691136005199818,1
864691134988881274,864691136009511596,1
864691134988927610,864691136009768622,1
864691134988929914,864691136008762284,1
864691134988939898,864691136009415598,1
864691134989042042,864691136009217196,1
864691134989228154,864691136005589194,1
864691134989260922,864691136009768622,2
864691134989283450,864691136009315244,1
864691134989461882,864691136006508490,1
864691134989461882,864691136009539500,1
864691134989471098,864691136009315244,4
864691134989478522,864691136009539500,1
864691134990535546,864691136008762284,2
864691134990544762,864691136005721546,1
864691134990548090,864691136009473966,1
864691134990553978,864691136009415084,1
864691134990596474,864691136006798282,2
864691134990630010,864691136009425324,1
864691134990847098,864691136005721546,1
864691134991040378,864691136005560522,4
864691134991040378,864691136008420012,1
864691134991040378,864691136009154988,1
864691134991040378,864691136009768622,1
864691134991100794,864691136007281354,1
864691134991150202,864691136005816266,1
864691134991229562,864691136009007276,1
864691135012378358,864691136009318062,1
864691135012402678,864691136008420012,1
864691135012412406,864691136005835722,1
864691135012418550,864691136008591022,1
864691135012418550,864691136009423020,2
864691135012458230,864691136008787372,1
864691135012458742,864691136009236396,1
864691135012461814,864691136008460972,1
864691135012482038,864691136005607626,1
864691135012492278,864691136009440428,1
864691135012497654,864691136009415598,1
864691135012509686,864691136005757642,1
864691135012530422,864691136005646026,1
864691135012534006,864691136008953518,1
864691135012564470,864691136009061806,1
864691135012831990,864691136009061806,1
864691135012856214,864691136009236396,1
864691135012858614,864691136009507502,1
864691135012865174,864691136005623242,1
864691135012889846,864691136009415598,1
864691135012920214,864691136009292716,1
864691135012925078,864691136005205194,2
864691135012941302,864691136005816266,1
864691135013093878,864691136008880556,1
864691135013105654,864691136009299374,1
864691135013151990,864691136009292716,1
864691135013260438,864691136008787372,1
864691135013300470,864691136008226211,1
864691135013325718,864691136009415084,2
864691135013336566,864691136008486572,1
864691135013367542,864691136009507502,1
864691135013399190,864691136009440428,2
864691135013406966,864691136009200300,1
864691135013437174,864691136009415598,1
864691135013450998,864691136008805804,1
864691135013464214,864691136005816266,1
864691135013505014,864691136009394350,1
864691135013518838,864691136009539500,1
864691135013522934,864691136005816266,2
864691135013528566,864691136008805804,1
864691135013528566,864691136009539500,2
864691135013544438,864691136009440428,1
864691135013596822,864691136005624778,1
864691135013807862,864691136009511596,1
864691135013838742,864691136009410990,1
864691135013923734,864691136008460972,1
864691135013926134,864691136005816266,1
864691135013934230,864691136009511596,3
864691135013957622,864691136005607626,1
864691135013958390,864691136006508490,1
864691135014165494,864691136005835722,1
864691135014181878,864691136004798154,1
864691135014181878,864691136009394350,1
864691135014208918,864691136009440428,1
864691135014258070,864691136008805804,1
864691135014276342,864691136005721546,1
864691135014276342,864691136005835722,1
864691135014276342,864691136009440428,1
864691135014347254,864691136005835722,1
864691135014383254,864691136009244590,3
864691135014383254,864691136009500078,7
864691135014442486,864691136005835722,1
864691135014442486,864691136008490412,1
864691135014442486,864691136009511596,2
864691135014751734,864691136005816266,1
864691135014751734,864691136008577198,3
864691135015095446,864691136005816266,1
864691135015096822,864691136007281354,1
864691135015324406,864691136009299374,1
864691135015324406,864691136009473966,1
864691135015350422,864691136005543882,1
864691135015350422,864691136005816266,1
864691135015350422,864691136007281354,1
864691135015364854,864691136008762284,1
864691135015369974,864691136009326766,1
864691135015437462,864691136009326766,1
864691135015652246,864691136009314990,1
864691135015755670,864691136005589194,1
864691135015755670,864691136005656266,2
864691135015755670,864691136005816266,6
864691135015755670,864691136009359788,1
864691135015792534,864691136009513134,1
864691135015822742,864691136008884652,1
864691135015822742,864691136009513134,2
864691135058531995,864691136005623242,1
864691135058533275,864691136009424300,1
864691135058534555,864691136008953518,1
864691135058549659,864691136005695178,1
864691135058562715,864691136009415598,1
864691135058587291,864691136008787372,1
864691135058616731,864691136009507502,1
864691135058889115,864691136005890250,3
864691135058889115,864691136009493934,1
864691135058889115,864691136009511596,1
864691135058981019,864691136009299374,1
864691135058992539,864691136008762284,2
864691135059358875,864691136009424300,1
864691135059404443,864691136009415598,1
864691135059420827,864691136006798282,1
864691135059469211,864691136009200300,1
864691135059525787,864691136009236396,1
864691135059539099,864691136009493934,2
864691135059557531,864691136009539500,1
864691135059558811,864691136008452012,1
864691135059561371,864691136005835722,1
864691135059845275,864691136005890250,1
864691135059951771,864691136009424300,2
864691135060020123,864691136008880556,1
864691135060055707,864691136005543882,1
864691135060103067,864691136008870828,1
864691135060204955,864691136009292716,1
864691135060204955,864691136009415084,1
864691135060385179,864691136005721546,1
864691135060581531,864691136005816266,1
864691135060772763,864691136008884652,2
864691135060772763,864691136009326766,3
864691135060862107,864691136005816266,2
864691135060882843,864691136009326766,1
864691135060887707,864691136009425324,1
864691135060968091,864691136009007276,5
864691135060968091,864691136009513134,1
864691135060968859,864691136005656266,1
864691135060968859,864691136009314990,1
864691135060975003,864691136009425324,1
864691135060992155,864691136005589194,1
864691135060992155,864691136007339466,1
864691135060992155,864691136009154988,1
864691135064989508,864691136009768622,1
864691135065003332,864691136009394350,1
864691135065007940,864691136009473966,1
864691135065013572,864691136009061806,1
864691135065013572,864691136009415598,1
864691135065016644,864691136009425324,1
864691135065021508,864691136009425324,2
864691135065086020,864691136005890250,2
864691135065128260,864691136009440428,2
864691135065250884,864691136009507502,1
864691135065280068,864691136009425324,2
864691135065334340,864691136008591022,1
864691135065701700,864691136008805804,1
864691135065760324,864691136009154988,1
864691135065800260,864691136009415084,1
864691135065804356,864691136009418414,1
864691135065895492,864691136009236396,1
864691135065910340,864691136009154988,1
864691135065979460,864691136009415084,1
864691135065990468,864691136009292716,1
864691135066327620,864691136004793802,1
864691135066377796,864691136009415598,1
864691135066377796,864691136009507502,8
864691135066617924,864691136006745507,1
864691135066617924,864691136009415598,2
864691135066958404,864691136007281354,1
864691135067053124,864691136005203146,1
864691135067053124,864691136005205194,1
864691135067053124,864691136008452012,2
864691135067053124,864691136009315244,1
864691135067053124,864691136009511596,4
864691135067129412,864691136009270188,1
864691135067181124,864691136009425324,1
864691135067192900,864691136009359788,1
864691135067192900,864691136009461678,1
864691135067387972,864691136009425324,1
864691135067476548,864691136005330634,2
864691135067476548,864691136008420012,2
864691135067476548,864691136009440428,1
864691135067476548,864691136009513134,1
864691135067645764,864691136005656266,1
864691135067645764,864691136005816266,2
864691135067645764,864691136008762284,8
864691135067645764,864691136009359788,5
864691135067739972,864691136008762284,1
864691135068023876,864691136007339466,1
864691135081640695,864691136005816266,2
864691135081640695,864691136006798282,1
864691135081659383,864691136008953518,1
864691135081692663,864691136009424300,1
864691135082002679,864691136009493934,2
864691135082003959,864691136008907180,3
864691135082003959,864691136009511596,5
864691135082007287,864691136005890250,2
864691135082007287,864691136009229996,1
864691135082007287,864691136009423020,7
864691135082023927,864691136008591022,1
864691135082085111,864691136009229996,1
864691135082085111,864691136009244590,1
864691135082085111,864691136009423020,1
864691135082116343,864691136008762284,1
864691135082121207,864691136009229996,1
864691135082138103,864691136005205194,1
864691135082265335,864691136009394350,1
864691135082275831,864691136004798154,2
864691135082420215,864691136005890250,8
864691135082420215,864691136009511596,1
864691135082433015,864691136005816266,1
864691135082525943,864691136009383598,1
864691135082690039,864691136009415598,1
864691135082743287,864691136009500078,1
864691135082864887,864691136009419180,1
864691135082891255,864691136009299374,1
864691135083033847,864691136008490412,2
864691135083103991,864691136006798282,1
864691135083595255,864691136008460972,1
864691135083595255,864691136008486572,1
864691135083595255,864691136009415084,1
864691135083619831,864691136009499566,1
864691135083812343,864691136009424300,1
864691135083812599,864691136005757642,1
864691135083812599,864691136008880556,2
864691135083812599,864691136009438638,1
864691135083846903,864691136005543882,1
864691135083846903,864691136009359788,1
864691135083846903,864691136009425324,2
864691135083929591,864691136009511596,1
864691135084038647,864691136009154988,1
864691135084038647,864691136009314990,1
864691135084068087,864691136005589194,3
864691135088099872,864691136008431020,1
864691135099874080,864691136008846764,2
864691135099874080,864691136009418414,6
864691135099874848,864691136008226211,1
864691135099901728,864691136009418414,1
864691135100140320,864691136005589194,2
864691135100233248,864691136009507502,1
864691135100344608,864691136009326766,1
864691135100377120,864691136005205194,1
864691135100658464,864691136006798282,1
864691135100913440,864691136009223086,1
864691135100931104,864691136009507502,2
864691135100940064,864691136009315244,1
864691135101045792,864691136009424300,1
864691135101093408,864691136008575150,1
864691135101101600,864691136009292716,2
864691135101921568,864691136008805804,1
864691135101921568,864691136009440428,2
864691135101924384,864691136009223086,3
864691135102241312,864691136009425324,1
864691135102385696,864691136009424300,2
864691135103974477,864691136008226211,2
864691135103979341,864691136009359788,2
864691135103983181,864691136005890250,2
864691135104001869,864691136009415598,1
864691135104009549,864691136005670602,1
864691135104309325,864691136005589194,1
864691135104416077,864691136009383598,1
864691135104948045,864691136009418414,1
864691135104964173,864691136006798282,1
864691135105044813,864691136009440428,1
864691135105044813,864691136009539500,1
864691135105046349,864691136005607626,1
864691135105050189,864691136005543882,1
864691135105052749,864691136005906122,6
864691135105052749,864691136008805804,4
864691135105052749,864691136008807340,1
864691135105052749,864691136009539500,1
864691135105068109,864691136008591022,1
864691135105068109,864691136009507502,1
864691135105149773,864691136009061806,1
864691135105341005,864691136009424300,3
864691135105524557,864691136009394350,1
864691135105988685,864691136009299374,1
864691135106138445,864691136005199818,1
864691135106189901,864691136006798282,2
864691135106189901,864691136008880556,7
864691135106189901,864691136009499566,1
864691135106700109,864691136005656266,1
864691135106718029,864691136008880556,1
864691135113142425,864691136009539500,1
864691135113201305,864691136009415598,1
864691135113440153,864691136009418414,2
864691135113449113,864691136009061806,1
864691135113588377,864691136009419180,2
864691135113613209,864691136008762284,1
864691135113620889,864691136005816266,1
864691135113649561,864691136009292716,2
864691135113696153,864691136009511596,1
864691135113926809,864691136008762284,1
864691135113958041,864691136009476526,1
864691135114003609,864691136005670602,1
864691135114060185,864691136005816266,1
864691135114134169,864691136009410990,1
864691135114156953,864691136005589194,1
864691135114156953,864691136005816266,1
864691135114160025,864691136009440428,1
864691135114165657,864691136009244590,1
864691135114165657,864691136009423020,1
864691135114165657,864691136009493934,1
864691135114169753,864691136005721546,1
864691135114295961,864691136009299374,1
864691135114561945,864691136005340362,1
864691135115058329,864691136009154988,1
864691135115402905,864691136008880556,1
864691135117770205,864691136008907180,1
864691135117770461,864691136005589194,5
864691135117770461,864691136008762284,1
864691135117801437,864691136009315244,1
864691135117803741,864691136009061806,4
864691135117816029,864691136006798282,1
864691135117836509,864691136008559790,1
864691135118095325,864691136005656266,1
864691135118095325,864691136009359788,1
864691135118128861,864691136009415084,2
864691135118137309,864691136005199818,1
864691135118137309,864691136005835722,1
864691135118157277,864691136005646026,1
864691135118157277,864691136009415598,2
864691135118191837,864691136008953518,1
864691135118210269,864691136005589194,1
864691135118228189,864691136005589194,1
864691135118298333,864691136009438638,1
864691135118637277,864691136005589194,1
864691135118706909,864691136005624778,2
864691135119436765,864691136005816266,2
864691135119506909,864691136008420012,3
864691135119506909,864691136009539500,2
864691135119836381,864691136008559790,1
864691135119839453,864691136009326766,2
864691135119877085,864691136005589194,1
864691135119877085,864691136005816266,2
864691135119912413,864691136005589194,3
864691135119912413,864691136005816266,3
864691135119920349,864691136009326766,1
864691135122299431,864691136009507502,1
864691135122303015,864691136009423020,1
864691135122326055,864691136006703240,2
864691135122692391,864691136005670602,1
864691135122755367,864691136009348782,5
864691135122799399,864691136009507502,8
864691135123072295,864691136005340362,1
864691135123178023,864691136008486572,1
864691135123246887,864691136009061806,1
864691135123255591,864691136009061806,1
864691135123355431,864691136006745507,1
864691135123355431,864691136009061806,5
864691135123355431,864691136009415598,4
864691135123528487,864691136009511596,2
864691135123554599,864691136009410990,1
864691135123670055,864691136009410990,1
864691135123714087,864691136005199818,1
864691135123807271,864691136008907180,2
864691135123807271,864691136009511596,2
864691135123951655,864691136009425324,3
864691135124404519,864691136005816266,1
864691135124547111,864691136005721546,1
864691135124547111,864691136007281354,1
864691135124547111,864691136008884652,1
864691135124690471,864691136007281354,2
864691135124690471,864691136007339466,1
864691135124690471,864691136009461678,6
864691135132654752,864691136009415598,1
864691135132662176,864691136006798282,1
864691135132671904,864691136009318062,1
864691135132673696,864691136009507502,1
864691135132684704,864691136009229996,1
864691135132692128,864691136009223086,1
864691135132958112,864691136009415598,1
864691135133008544,864691136008490412,2
864691135133008544,864691136009318062,1
864691135133008544,864691136009335980,4
864691135133560736,864691136005607626,1
864691135133580960,864691136009314990,1
864691135133598624,864691136007281354,1
864691135133736864,864691136009440428,1
864691135133822368,864691136009418414,1
864691135133846176,864691136009229996,1
864691135133884320,864691136005890250,1
864691135133884320,864691136009423020,5
864691135134114976,864691136005205194,1
864691135134146720,864691136005721546,1
864691135134155168,864691136009366446,1
864691135134201248,864691136009425324,2
864691135134485920,864691136009419180,1
864691135134635680,864691136008762284,1
864691135134669849,864691136008805804,1
864691135134669849,864691136009539500,1
864691135134695328,864691136009335980,1
864691135134697241,864691136005721546,1
864691135134697632,864691136009419180,1
864691135134700825,864691136009440428,1
864691135134704409,864691136009415084,1
864691135134745625,864691136009507502,1
864691135134852256,864691136007281354,3
864691135134852256,864691136009473966,1
864691135134874784,864691136007281354,1
864691135134957472,864691136005589194,1
864691135134957472,864691136005656266,1
864691135134957472,864691136005816266,2
864691135134957472,864691136009425324,1
864691135135001760,864691136009154988,1
864691135135030688,864691136005589194,1
864691135135035929,864691136009511596,1
864691135135080217,864691136009299374,1
864691135135085728,864691136009292716,2
864691135135087520,864691136005656266,1
864691135135087520,864691136005816266,1
864691135135087520,864691136009359788,1
864691135135098393,864691136009415598,2
864691135135122457,864691136004798154,1
864691135135126809,864691136009244590,1
864691135135141913,864691136009318062,1
864691135135221529,864691136009314990,1
864691135135406617,864691136008452012,1
864691135135411993,864691136009440428,2
864691135135467801,864691136005340362,1
864691135135485209,864691136005757642,7
864691135135620633,864691136005543882,1
864691135135661081,864691136005816266,1
864691135135669273,864691136008452012,1
864691135135675417,864691136009061806,1
864691135135729177,864691136009359788,1
864691135136056345,864691136009315244,1
864691135136555289,864691136009217196,1
864691135136564505,864691136009768622,1
864691135136889369,864691136009768622,1
864691135137105177,864691136009154988,1
864691135137357081,864691136005721546,2
864691135137357081,864691136007281354,3
864691135137357081,864691136007339466,3
864691135137357081,864691136008884652,1
864691135137357081,864691136009326766,1
864691135137357081,864691136009473966,2
864691135137357081,864691136009768622,1
864691135155507044,864691136009425324,1
864691135155527780,864691136009229996,1
864691135155543652,864691136009419180,1
864691135155543652,864691136009511596,1
864691135155544932,864691136009440428,1
864691135155551332,864691136008846764,1
864691135155566692,864691136008762284,1
864691135155894116,864691136005589194,1
864691135155908452,864691136009507502,1
864691135156414308,864691136005589194,2
864691135156439908,864691136009418414,1
864691135156487780,864691136008460972,1
864691135156581988,864691136005560522,1
864691135156822116,864691136005835722,1
864691135157332068,864691136009424300,1
864691135157652068,864691136009292716,1
864691135158055012,864691136005656266,3
864691135158055012,864691136005816266,1
864691135158055012,864691136009359788,1
864691135162192173,864691136006798282,1
864691135162226733,864691136009415598,1
864691135162226733,864691136009507502,2
864691135162234413,864691136005646026,4
864691135162234413,864691136009061806,1
864691135162234413,864691136009415598,1
864691135162585389,864691136009410990,1
864691135162665005,864691136005835722,1
864691135162707501,864691136005589194,1
864691135162755629,864691136008490412,1
864691135162767661,864691136009415598,4
864691135163055149,864691136009061806,2
864691135163058989,864691136008591022,2
864691135163058989,864691136009507502,1
864691135163339053,864691136009768622,1
864691135163343661,864691136009507502,1
864691135163353389,864691136009415598,1
864691135163365421,864691136009500078,2
864691135163379245,864691136008452012,1
864691135163379245,864691136008490412,1
864691135163379245,864691136009315244,1
864691135163379245,864691136009539500,1
864691135163546157,864691136004793802,10
864691135163588397,864691136005721546,1
864691135163734317,864691136006798282,1
864691135163912237,864691136005205194,1
864691135163912237,864691136009299374,1
864691135163912237,864691136009768622,1
864691135164186413,864691136009768622,2
864691135164291373,864691136009061806,1
864691135164408621,864691136005330634,1
864691135164408621,864691136008805804,1
864691135164408621,864691136009332654,6
864691135164857133,864691136005906122,4
864691135164857133,864691136008805804,2
864691135164857133,864691136009200300,1
864691135164857133,864691136009438638,2
864691135181693698,864691136009348782,1
864691135181768962,864691136005835722,2
864691135181773314,864691136009229996,1
864691135181855746,864691136009440428,1
864691135182075906,864691136009423020,2
864691135182086402,864691136005721546,1
864691135182086402,864691136007281354,1
864691135182207234,864691136009440428,1
864691135182220290,864691136008762284,1
864691135182268674,864691136009061806,3
864691135182541058,864691136009348782,1
864691135182594306,864691136009410990,1
864691135182702594,864691136005695178,1
864691135182705410,864691136009425324,1
864691135182804226,864691136009299374,1
864691135182809858,864691136009415598,1
864691135182812418,864691136005624778,1
864691135182815234,864691136009318062,1
864691135182824194,864691136005835722,1
864691135182824194,864691136009315244,1
864691135183507970,864691136009415084,1
864691135183789314,864691136009229996,2
864691135183789314,864691136009423020,3
864691135183789314,864691136009493934,3
864691135183789314,864691136009507502,2
864691135183972354,864691136009493934,1
864691135183972354,864691136009507502,1
864691135184022786,864691136009424300,2
864691135184046082,864691136008762284,2
864691135184104194,864691136009007276,1
864691135184119810,864691136005816266,1
864691135184119810,864691136009425324,1
864691135194396202,864691136009425836,1
864691135194423338,864691136006745507,1
864691135194423338,864691136009507502,1
864691135194429994,864691136008591022,1
864691135194429994,864691136009415598,2
864691135194434602,864691136006508490,1
864691135194753322,864691136009415598,1
864691135194753322,864691136009507502,1
864691135194970154,864691136005890250,2
864691135195039530,864691136004798154,1
864691135195139626,864691136005835722,1
864691135195139626,864691136009061806,1
864691135195437866,864691136009326766,1
864691135195474730,864691136009440428,1
864691135195530538,864691136005205194,1
864691135195530538,864691136008870828,1
864691135195809322,864691136009394350,1
864691135196201514,864691136009500078,1
864691135196291626,864691136009473966,1
864691135196385578,864691136007281354,1
864691135196385578,864691136009461678,1
864691135196632106,864691136005757642,1
864691135196633642,864691136005816266,1
864691135196643114,864691136005816266,2
864691135196692010,864691136005656266,2
864691135196692010,864691136005816266,1
864691135196720938,864691136009315244,1
864691135202304896,864691136009415598,1
864691135207749241,864691136005203146,1
864691135207749241,864691136005205194,1
864691135207749241,864691136005721546,1
864691135207818361,864691136009507502,2
864691135208402297,864691136009493934,1
864691135208566137,864691136006508490,1
864691135208676985,864691136006508490,1
864691135208693113,864691136006745507,1
864691135208926073,864691136005906122,2
864691135209080697,864691136005890250,1
864691135209080697,864691136009244590,4
864691135209080697,864691136009423020,4
864691135209080697,864691136009493934,2
864691135209080697,864691136009500078,4
864691135209083513,864691136005543882,1
864691135209134457,864691136009473966,1
864691135209134457,864691136009768622,1
864691135209184121,864691136009315244,1
864691135209300601,864691136009440428,1
864691135209378681,864691136005589194,1
864691135209428857,864691136005205194,1
864691135209451385,864691136009292716,1
864691135209576057,864691136009326766,1
864691135209651321,864691136009292716,1
864691135209739385,864691136005589194,1
864691135209739385,864691136008762284,2
864691135209968505,864691136009425324,1
864691135209994105,864691136008884652,3
864691135209994105,864691136009326766,1
864691135210017472,864691136009299374,1
864691135210024640,864691136005607626,1
864691135210048377,864691136009154988,3
864691135210074048,864691136005330634,10
864691135210074048,864691136009315244,1
864691135210074048,864691136009511596,1
864691135210074048,864691136009513134,1
864691135210134905,864691136008762284,1
864691135210261113,864691136005560522,1
864691135210345849,864691136009440428,1
864691135210364537,864691136009314990,2
864691135210446457,864691136005205194,2
864691135210446457,864691136009299374,1
864691135210446457,864691136009394350,2
864691135210446457,864691136009473966,8
864691135210446457,864691136009768622,3
864691135210482624,864691136009348782,1
864691135210483392,864691136008452012,1
864691135210671808,864691136009511596,3
864691135210799552,864691136005656266,1
864691135211071424,864691136009539500,1
864691135211106752,864691136008226211,1
864691135211106752,864691136009061806,1
864691135211106752,864691136009415598,2
864691135211125184,864691136009768622,1
864691135211334848,864691136005721546,1
864691135211488960,864691136009425324,2
864691135211591360,864691136009419180,1
864691135211591360,864691136009440428,1
864691135211599808,864691136004798154,1
864691135211772864,864691136005721546,1
864691135212292032,864691136009410990,2
864691135212398528,864691136005560522,3
864691135212398528,864691136007281354,3
864691135212398528,864691136007339466,1
864691135212398528,864691136009461678,9
864691135212398528,864691136009473966,1
864691135212508096,864691136008884652,3
864691135212508096,864691136009007276,1
864691135212508096,864691136009326766,5
864691135212516288,864691136006508490,1
864691135212618880,864691136009415598,1
864691135212619136,864691136009507502,3
864691135212622720,864691136005835722,1
864691135212622720,864691136008490412,1
864691135212624000,864691136009200300,1
864691135212638848,864691136005646026,1
864691135212638848,864691136009415598,3
864691135212669568,864691136009493934,1
864691135212669568,864691136009507502,1
864691135212680576,864691136009415598,1
864691135212691584,864691136009415598,2
864691135212691584,864691136009507502,1
864691135212738688,864691136005835722,1
864691135213022520,864691136009061806,1
864691135213026176,864691136005646026,1
864691135213049144,864691136009318062,1
864691135213060920,864691136009539500,1
864691135213070136,864691136009507502,1
864691135213073208,864691136009223086,1
864691135213077304,864691136005656266,1
864691135213077304,864691136008577198,2
864691135213077304,864691136008762284,2
864691135213081656,864691136005543882,1
864691135213207680,864691136009315244,1
864691135213207680,864691136009511596,1
864691135213416504,864691136008559790,1
864691135213463352,864691136009507502,1
864691135213514880,864691136008226211,2
864691135213591168,864691136009423020,1
864691135213625472,864691136009415598,1
864691135213633664,864691136009200300,1
864691135213708928,864691136009223086,1
864691135213726848,864691136005835722,1
864691135213726848,864691136005890250,1
864691135213726848,864691136008452012,1
864691135213820032,864691136005203146,1
864691135213825592,864691136009507502,2
864691135213877560,864691136009223086,1
864691135213885752,864691136005757642,1
864691135213885752,864691136009425836,1
864691135213925504,864691136009292716,1
864691135213937720,864691136009493934,1
864691135214035768,864691136009500078,1
864691135214130744,864691136005721546,1
864691135214154552,864691136005670602,1
864691135214158648,864691136009217196,7
864691135214158648,864691136009292716,1
864691135214163768,864691136009425324,1
864691135214246528,864691136005543882,1
864691135214316928,864691136008559790,1
864691135214381440,864691136008420012,1
864691135214381440,864691136009394350,2
864691135214392960,864691136006798282,1
864691135214653240,864691136009476526,1
864691135214900024,864691136005589194,1
864691135214931072,864691136005543882,1
864691135214931072,864691136007281354,1
864691135215102592,864691136005816266,2
864691135215117112,864691136006798282,1
864691135215125304,864691136006745507,1
864691135215125304,864691136008591022,1
864691135215148088,864691136005203146,1
864691135215148088,864691136005205194,3
864691135215148088,864691136005330634,1
864691135215148088,864691136008420012,2
864691135215148088,864691136008870828,1
864691135215148088,864691136009315244,3
864691135215170360,864691136009440428,1
864691135215175040,864691136005589194,4
864691135215175040,864691136007339466,4
864691135215175040,864691136009359788,1
864691135215175040,864691136009425324,1
864691135215217280,864691136005589194,1
864691135215235640,864691136005656266,1
864691135215313464,864691136005656266,2
864691135215313464,864691136005816266,3
864691135215348536,864691136008907180,1
864691135233109849,864691136005589194,1
864691135233123929,864691136008486572,1
864691135233125465,864691136005646026,1
864691135233125465,864691136008431020,1
864691135233128537,864691136009061806,1
864691135233143641,864691136009423020,1
864691135233398105,864691136008486572,1
864691135233406553,864691136009493934,1
864691135233568857,864691136009154988,2
864691135233980505,864691136009507502,1
864691135234030937,864691136009507502,1
864691135234043993,864691136005890250,1
864691135234193753,864691136009326766,2
864691135234402137,864691136005560522,1
864691135234402137,864691136005589194,1
864691135234402137,864691136007281354,2
864691135234633049,864691136009424300,1
864691135234840409,864691136006798282,1
864691135234998617,864691136008577198,2
864691135235196249,864691136008762284,1
864691135235196249,864691136009326766,1
864691135235339865,864691136005199818,1
864691135235344985,864691136006508490,1
864691135235363417,864691136009425324,2
864691135235386713,864691136009154988,1
864691135235386713,864691136009217196,1
864691135235386713,864691136009314990,1
864691135235392089,864691136005205194,1
864691135235392089,864691136005721546,1
864691135235496025,864691136006508490,5
864691135235496025,864691136009511596,2
864691135235527513,864691136005560522,1
864691135235527513,864691136005816266,1
864691135235527513,864691136007281354,2
864691135235527513,864691136008762284,2
864691135256123055,864691136009292716,1
864691135256133807,864691136009061806,1
864691135256138415,864691136005721546,3
864691135256144815,864691136009299374,1
864691135256636847,864691136008880556,3
864691135256702383,864691136009223086,1
864691135256702895,864691136005835722,1
864691135256702895,864691136009423020,1
864691135256707247,864691136005816266,1
864691135256933039,864691136009425324,1
864691135256958639,864691136009440428,1
864691135257012655,864691136008431020,1
864691135257056175,864691136008226211,1
864691135257076911,864691136009415598,1
864691135257189039,864691136008762284,1
864691135257232559,864691136009511596,1
864691135257241007,864691136005816266,2
864691135257404079,864691136009383598,1
864691135257423535,864691136005199818,1
864691135257589679,864691136005890250,1
864691135257589679,864691136008452012,3
864691135257589679,864691136009335980,1
864691135257916591,864691136009154988,2
864691135258274735,864691136009217196,1
864691135258274735,864691136009236396,1
864691135258274735,864691136009270188,2
864691135258635183,864691136007281354,2
864691135258635183,864691136009425324,2
864691135258655151,864691136005589194,15
864691135258655151,864691136008762284,3
864691135269675941,864691136009292716,2
864691135269690789,864691136005835722,1
864691135269706149,864691136009507502,1
864691135269722021,864691136006745507,1
864691135269722021,864691136009415598,1
864691135269725349,864691136009423020,1
864691135269738149,864691136005205194,1
864691135269739173,864691136005205194,1
864691135269757349,864691136008591022,2
864691135269786277,864691136008762284,2
864691135269800613,864691136009415084,1
864691135269820581,864691136008226211,1
864691135270001573,864691136009415598,1
864691135270096037,864691136009415084,1
864691135270118821,864691136008762284,1
864691135270327205,864691136009383598,1
864691135270365093,864691136009383598,1
864691135270448805,864691136006745507,1
864691135270489253,864691136009292716,1
864691135270563493,864691136009415084,1
864691135270584485,864691136009418414,1
864691135270584741,864691136009440428,1
864691135270590373,864691136005890250,1
864691135270868901,864691136009539500,1
864691135271394469,864691136005656266,1
864691135271394469,864691136009314990,1
864691135271535781,864691136009299374,1
864691135271671461,864691136005340362,1
864691135271915173,864691136008884652,1
864691135271915173,864691136009326766,1
864691135272105125,864691136008880556,1
864691135272160677,864691136005816266,7
864691135272161553,864691136009424300,1
864691135272166929,864691136009299374,1
864691135272166929,864691136009394350,1
864691135272176401,864691136008431020,2
864691135272176401,864691136009061806,1
864691135272268709,864691136007281354,2
864691135272357905,864691136009394350,1
864691135272398609,864691136005560522,1
864691135272843537,864691136009440428,1
864691135272978193,864691136009440428,1
864691135273034769,864691136009415598,1
864691135273041681,864691136008846764,1
864691135273236241,864691136009424300,1
864691135273243921,864691136005670602,1
864691135273260305,864691136009217196,1
864691135273289489,864691136009154988,2
864691135273544465,864691136009440428,1
864691135273568273,864691136005340362,2
864691135274092517,864691136009507502,1
864691135274101477,864691136008577198,1
864691135274124261,864691136005721546,1
864691135274309605,864691136009440428,3
864691135274394897,864691136004798154,1
864691135274403557,864691136009768622,1
864691135274497509,864691136009425324,2
864691135274524433,864691136009314990,1
864691135274546961,864691136009217196,2
864691135274546961,864691136009292716,2
864691135274546961,864691136009424300,4
864691135274595813,864691136005589194,1
864691135274598629,864691136005589194,1
864691135274619665,864691136005205194,1
864691135274738193,864691136009154988,1
864691135274738193,864691136009217196,3
864691135274738193,864691136009292716,2
864691135274738193,864691136009424300,1
864691135274830353,864691136007339466,1
864691135275176677,864691136005646026,1
864691135275192293,864691136009332654,1
864691135275311589,864691136008846764,1
864691135275392741,864691136005340362,1
864691135275392741,864691136009154988,1
864691135275666917,864691136005816266,1
864691135275939813,864691136009229996,2
864691135275983589,864691136005203146,3
864691135275983589,864691136005205194,3
864691135276152293,864691136007281354,1
864691135276413157,864691136005589194,1
864691135276413157,864691136005656266,3
864691135276413157,864691136005816266,4
864691135276501733,864691136004798154,5
864691135276599013,864691136005721546,1
864691135276599781,864691136009425324,1
864691135276770789,864691136009425324,1
864691135276776677,864691136009410990,1
864691135276917733,864691136005890250,2
864691135276917733,864691136008452012,3
864691135276917733,864691136008490412,3
864691135276917733,864691136009318062,2
864691135276917733,864691136009511596,1
864691135276975333,864691136008420012,3
864691135276975333,864691136009315244,3
864691135277299429,864691136009425324,1
864691135277337061,864691136009217196,1
864691135277337061,864691136009359788,1
864691135277499877,864691136005589194,1
864691135277506533,864691136009425324,1
864691135277595365,864691136009326766,1
864691135277615589,864691136005656266,7
864691135277615589,864691136009359788,1
864691135277713893,864691136005203146,1
864691135278229409,864691136009500078,1
864691135278428321,864691136009425324,1
864691135278523041,864691136009415598,2
864691135278526881,864691136005199818,2
864691135278567329,864691136009440428,1
864691135279137185,864691136008420012,1
864691135279137185,864691136009473966,1
864691135279147169,864691136009424300,1
864691135279591841,864691136009236396,1
864691135279591841,864691136009270188,1
864691135279609505,864691136008805804,1
864691135279730337,864691136005835722,1
864691135280290209,864691136005695178,1
864691135280496289,864691136007281354,1
864691135280496289,864691136009425324,1
864691135280588961,864691136006798282,1
864691135280852897,864691136009424300,1
864691135280860833,864691136008762284,4
864691135280879009,864691136005835722,6
864691135280879009,864691136009440428,2
864691135280891553,864691136005816266,3
864691135281078689,864691136008420012,1
864691135281121441,864691136009154988,1
864691135281208481,864691136005589194,1
864691135281227425,864691136005721546,4
864691135281227425,864691136007339466,1
864691135281227425,864691136009394350,1
864691135281227425,864691136009768622,3
864691135281252001,864691136009326766,1
864691135291757238,864691136005589194,2
864691135291757494,864691136008486572,1
864691135291759542,864691136008907180,1
864691135292265910,864691136009270188,1
864691135292437174,864691136005835722,1
864691135292605622,864691136009415598,2
864691135292605622,864691136009507502,1
864691135292688310,864691136009438638,1
864691135292727990,864691136009418414,1
864691135292842678,864691136009270188,1
864691135292890806,864691136009424300,1
864691135293116598,864691136009507502,2
864691135293119670,864691136007281354,3
864691135293245110,864691136005589194,1
864691135293250316,864691136009292716,1
864691135293397004,864691136008226211,1
864691135293397004,864691136009507502,1
864691135293486604,864691136008452012,3
864691135293605558,864691136005205194,1
864691135293605558,864691136009326766,1
864691135293605558,864691136009332654,1
864691135293605558,864691136009768622,2
864691135293791926,864691136009061806,2
864691135293801484,864691136009315244,1
864691135293810102,864691136009425324,1
864691135293972236,864691136009418414,1
864691135294018572,864691136009493934,1
864691135294124812,864691136005203146,1
864691135294124812,864691136005835722,1
864691135294124812,864691136005890250,1
864691135294124812,864691136008452012,3
864691135294124812,864691136008490412,1
864691135294146572,864691136005695178,1
864691135294146572,864691136009332654,1
864691135294149900,864691136009270188,1
864691135294151948,864691136009423020,1
864691135294360844,864691136005670602,1
864691135294380300,864691136008884652,1
864691135294398988,864691136008805804,1
864691135294441654,864691136009461678,1
864691135294537654,864691136009299374,1
864691135294633654,864691136009394350,1
864691135294667020,864691136005816266,1
864691135294667020,864691136008762284,1
864691135294695350,864691136009383598,1
864691135294719158,864691136005560522,1
864691135294719158,864691136007339466,2
864691135294719158,864691136009299374,1
864691135294719158,864691136009461678,2
864691135294719158,864691136009473966,3
864691135294719158,864691136009768622,6
864691135294761228,864691136006798282,1
864691135294848438,864691136005656266,1
864691135294944694,864691136009425324,1
864691135294944950,864691136009415598,1
864691135294950838,864691136009217196,7
864691135294950838,864691136009292716,2
864691135295058700,864691136005589194,1
864691135295058700,864691136005816266,6
864691135295058700,864691136008762284,1
864691135295058700,864691136009768622,1
864691135295389708,864691136005543882,1
864691135295458572,864691136009424300,1
864691135303164839,864691136008591022,1
864691135303202215,864691136008577198,1
864691135303475367,864691136009511596,1
864691135303554727,864691136005589194,2
864691135303583399,864691136005816266,1
864691135303953575,864691136009061806,2
864691135304027815,864691136009507502,2
864691135304080807,864691136009315244,1
864691135304150183,864691136008490412,1
864691135304150183,864691136009423020,2
864691135304152743,864691136005890250,1
864691135304184231,864691136009415084,2
864691135304414631,864691136009511596,1
864691135304416423,864691136009223086,1
864691135304560807,864691136009410990,2
864691135304836007,864691136009473966,1
864691135304949927,864691136009217196,1
864691135304996263,864691136009394350,1
864691135305488551,864691136005203146,1
864691135305488551,864691136005330634,15
864691135305488551,864691136008420012,1
864691135305488551,864691136009332654,2
864691135305585063,864691136009424300,1
864691135305590439,864691136005816266,3
864691135305596583,864691136009415598,1
864691135305730471,864691136007281354,3
864691135305730471,864691136007339466,1
864691135305730471,864691136009154988,1
864691135305730471,864691136009461678,1
864691135307093830,864691136009326766,1
864691135307105862,864691136009415598,1
864691135307109702,864691136009423020,3
864691135307857734,864691136009154988,1
864691135307982662,864691136006745507,2
864691135307982662,864691136009415598,1
864691135308066118,864691136009507502,3
864691135308077638,864691136009394350,1
864691135309325638,864691136005560522,1
864691135309325638,864691136009438638,1
864691135309727302,864691136005543882,1
864691135309758022,864691136009511596,1
864691135309834054,864691136009424300,1
864691135322929052,864691136005721546,1
864691135322936988,864691136005340362,1
864691135322960796,864691136009507502,1
864691135322962076,864691136009424300,1
864691135322973852,864691136008846764,1
864691135323001244,864691136009424300,1
864691135323181212,864691136009326766,1
864691135323764636,864691136009292716,1
864691135323856028,864691136008846764,1
864691135323869852,864691136008559790,1
864691135323951516,864691136006508490,1
864691135323951516,864691136009440428,1
864691135323955868,864691136005721546,1
864691135323962524,864691136009348782,1
864691135323962524,864691136009476526,4
864691135323973276,864691136009229996,1
864691135323973276,864691136009244590,2
864691135323973276,864691136009500078,2
864691135323983260,864691136009440428,1
864691135323986076,864691136009359788,1
864691135323994524,864691136009292716,1
864691135323996572,864691136005835722,1
864691135324047004,864691136009326766,1
864691135324557724,864691136006798282,2
864691135324557724,864691136009410990,1
864691135324573084,864691136005205194,1
864691135324725404,864691136009154988,1
864691135325064604,864691136007281354,1
864691135325547164,864691136009499566,1
864691135325562012,864691136007281354,1
864691135334488297,864691136005695178,1
864691135334489065,864691136009425324,3
864691135334489577,864691136009415084,1
864691135334501097,864691136009511596,1
864691135334508009,864691136008431020,1
864691135334508009,864691136009061806,1
864691135334531305,864691136009415084,2
864691135334539241,864691136009315244,1
864691135334600425,864691136009415598,1
864691135334756073,864691136009500078,3
864691135334758633,864691136004798154,1
864691135334789097,864691136009415598,1
864691135334821865,864691136005890250,1
864691135334821865,864691136009511596,3
864691135334936809,864691136009348782,1
864691135335255017,864691136009314990,1
864691135335340521,864691136009438638,1
864691135335377641,864691136009768622,1
864691135335380713,864691136008444588,1
864691135335601641,864691136008486572,1
864691135335744745,864691136005890250,1
864691135335744745,864691136009244590,2
864691135335855337,864691136005816266,1
864691135335998953,864691136008431020,1
864691135335998953,864691136009061806,2
864691135336226537,864691136008444588,1
864691135336226537,864691136008787372,1
864691135336465897,864691136009461678,1
864691135336616937,864691136005816266,4
864691135336814569,864691136005721546,1
864691135337004009,864691136009410990,4
864691135337039337,864691136005589194,4
864691135337039337,864691136008762284,2
864691135337671910,864691136008907180,1
864691135337672166,864691136009061806,1
864691135337672678,864691136006745507,4
864691135337685478,864691136009415598,1
864691135337722342,864691136009507502,1
864691135337737190,864691136009507502,1
864691135337746918,864691136009419180,1
864691135338025446,864691136009768622,1
864691135338143974,864691136009424300,3
864691135338262246,864691136005607626,1
864691135338335974,864691136004798154,1
864691135338542822,864691136005670602,1
864691135338631910,864691136006508490,1
864691135338655974,864691136005607626,1
864691135338657510,864691136008805804,1
864691135338709990,864691136009415084,1
864691135338758374,864691136009507502,1
864691135338803686,864691136009415598,1
864691135338803686,864691136009423020,3
864691135339066342,864691136009423020,1
864691135339247078,864691136005340362,1
864691135339650790,864691136005624778,1
864691135339826150,864691136009326766,1
864691135340160230,864691136009326766,6
864691135340203238,864691136007281354,1
864691135340203238,864691136009424300,1
864691135340203238,864691136009425324,1
864691135340203238,864691136009425836,1
864691135340960453,864691136009415598,1
864691135340961477,864691136009299374,2
864691135340961477,864691136009394350,1
864691135340983749,864691136005203146,1
864691135340983749,864691136008490412,7
864691135340983749,864691136009315244,2
864691135340995781,864691136009423020,1
864691135341004741,864691136008575150,1
864691135341022149,864691136009217196,2
864691135341123525,864691136005890250,1
864691135341123525,864691136008490412,1
864691135341123525,864691136009423020,2
864691135341145009,864691136005890250,7
864691135341156529,864691136006798282,1
864691135341187249,864691136009394350,1
864691135341363141,864691136008907180,1
864691135341368517,864691136009507502,2
864691135341505221,864691136009236396,1
864691135341650353,864691136005543882,1
864691135341781189,864691136005589194,1
864691135341783985,864691136009438638,1
864691135341933765,864691136009061806,2
864691135341937841,864691136009440428,1
864691135341996485,864691136009061806,1
864691135342038981,864691136008953518,1
864691135342091697,864691136009335980,1
864691135342091697,864691136009511596,3
864691135342102193,864691136009292716,1
864691135342115761,864691136005816266,2
864691135342176177,864691136009423020,1
864691135342211249,864691136009511596,1
864691135342211761,864691136008577198,1
864691135342233285,864691136009217196,1
864691135342233285,864691136009383598,2
864691135342324401,864691136009154988,1
864691135342389957,864691136005890250,3
864691135342389957,864691136008452012,6
864691135342389957,864691136008490412,1
864691135342389957,864691136008907180,1
864691135342389957,864691136009229996,1
864691135342389957,864691136009335980,2
864691135342389957,864691136009511596,1
864691135342476209,864691136008452012,1
864691135342476209,864691136009229996,1
864691135342876081,864691136005721546,3
864691135342876081,864691136009473966,2
864691135342876081,864691136009768622,1
864691135343171249,864691136005656266,1
864691135343569585,864691136005199818,1
864691135343569585,864691136005890250,2
864691135343569585,864691136009423020,2
864691135343583409,864691136009425324,1
864691135343588549,864691136009154988,1
864691135343588549,864691136009217196,8
864691135343588549,864691136009292716,2
864691135343616453,864691136009473966,1
864691135343618501,864691136005543882,1
864691135343618501,864691136006798282,1
864691135343625905,864691136008490412,1
864691135343653809,864691136009425836,1
864691135343663813,864691136009299374,1
864691135343706565,864691136009154988,2
864691135343787185,864691136005656266,1
864691135343787185,864691136005816266,1
864691135343797425,864691136005589194,3
864691135343797425,864691136005816266,1
864691135343797425,864691136008762284,1
864691135343840945,864691136005589194,1
864691135343840945,864691136009359788,1
864691135343952049,864691136009154988,1
864691135343974321,864691136009359788,1
864691135343974577,864691136009217196,2
864691135343974577,864691136009383598,2
864691135345114015,864691136009061806,1
864691135345127583,864691136009061806,1
864691135345144735,864691136009061806,1
864691135345163679,864691136009539500,1
864691135345174431,864691136009440428,1
864691135345174431,864691136009513134,2
864691135345178783,864691136005721546,1
864691135345182879,864691136009425324,1
864691135345203615,864691136008444588,1
864691135345231007,864691136009507502,1
864691135345232031,864691136009229996,1
864691135345233567,864691136009768622,1
864691135345235103,864691136005835722,1
864691135345235103,864691136009440428,1
864691135345241759,864691136009423020,2
864691135345245855,864691136009292716,2
864691135345258911,864691136009366446,1
864691135345258911,864691136009513134,1
864691135345261471,864691136009425836,1
864691135345771167,864691136005330634,1
864691135345771167,864691136005607626,1
864691135345771167,864691136009332654,1
864691135345771167,864691136009419180,1
864691135345771167,864691136009440428,1
864691135345771935,864691136005816266,1
864691135345796255,864691136009223086,2
864691135345900959,864691136009292716,1
864691135345990303,864691136009415598,1
864691135346118303,864691136008486572,2
864691135346159775,864691136005670602,1
864691135346162079,864691136009244590,1
864691135346162079,864691136009415598,1
864691135346162079,864691136009423020,1
864691135346162079,864691136009493934,2
864691135346171295,864691136005890250,1
864691135346616479,864691136009440428,1
864691135346692767,864691136005199818,1
864691135346692767,864691136005835722,1
864691135346759839,864691136009425324,1
864691135346818463,864691136009424300,1
864691135346996127,864691136009410990,1
864691135346997919,864691136008907180,1
864691135347123103,864691136005721546,1
864691135347166623,864691136009154988,2
864691135347215519,864691136009314990,1
864691135347340703,864691136009476526,1
864691135347633567,864691136009326766,1
864691135347703455,864691136005589194,2
864691135347733151,864691136009424300,2
864691135347849631,864691136005656266,1
864691135348264407,864691136008452012,2
864691135348264919,864691136005670602,1
864691135348281815,864691136008787372,2
864691135348290519,864691136009476526,1
864691135348294615,864691136009440428,2
864691135348298967,864691136005835722,1
864691135348298967,864691136005890250,8
864691135348298967,864691136008490412,4
864691135348298967,864691136009315244,2
864691135348298967,864691136009440428,1
864691135348724951,864691136005816266,2
864691135348766706,864691136009154988,1
864691135348829911,864691136005624778,1
864691135348844759,864691136008226211,1
864691135348855767,864691136009335980,1
864691135349011442,864691136009425324,1
864691135349141463,864691136009425324,1
864691135349199319,864691136009440428,1
864691135349205207,864691136009493934,1
864691135349287127,864691136009061806,1
864691135349302487,864691136006508490,1
864691135349326551,864691136009768622,1
864691135349530071,864691136009415598,1
864691135350283991,864691136005816266,2
864691135350529495,864691136005656266,1
864691135350977751,864691136008884652,1
864691135350977751,864691136009007276,1
864691135350977751,864691136009314990,1
864691135350977751,864691136009366446,1
864691135351022807,864691136009326766,2
864691135351291351,864691136005816266,5
864691135354905039,864691136009513134,1
864691135354926543,864691136008431020,1
864691135354926543,864691136009061806,2
864691135354933199,864691136006745507,1
864691135355418063,864691136008462508,1
864691135355473103,864691136009507502,1
864691135355568079,864691136009461678,1
864691135355739343,864691136009539500,2
864691135355903439,864691136009061806,1
864691135355923919,864691136005589194,2
864691135355936207,864691136009499566,1
864691135355965391,864691136005623242,1
864691135355992271,864691136009348782,1
864691135356708303,864691136005340362,1
864691135356765903,864691136005835722,1
864691135356765903,864691136005890250,1
864691135356765903,864691136008452012,1
864691135356765903,864691136009511596,3
864691135356799439,864691136005816266,1
864691135357039567,864691136008884652,1
864691135357039567,864691136009366446,2
864691135357078479,864691136006798282,2
864691135357089487,864691136008884652,1
864691135357422543,864691136007281354,1
864691135357429199,864691136007281354,6
864691135357429199,864691136007339466,1
864691135357429199,864691136009461678,6
864691135357517007,864691136007339466,1
864691135357835506,864691136007281354,1
864691135358833752,864691136008452012,2
864691135358848088,864691136008226211,1
864691135358848088,864691136009423020,1
864691135359192920,864691136006745507,3
864691135359202392,864691136008486572,1
864691135359278936,864691136008846764,1
864691135359411800,864691136007281354,2
864691135359753304,864691136005906122,1
864691135359799384,864691136009493934,1
864691135359807576,864691136005330634,1
864691135359945816,864691136005203146,1
864691135359945816,864691136009315244,1
864691135359945816,864691136009394350,2
864691135359945816,864691136009473966,1
864691135359986264,864691136009292716,1
864691135360037720,864691136005205194,1
864691135360108871,864691136009768622,1
864691135360120647,864691136005330634,1
864691135360120647,864691136009539500,2
864691135360123207,864691136008226211,2
864691135360123207,864691136009415598,1
864691135360126791,864691136009415598,1
864691135360127559,864691136008444588,1
864691135360127559,864691136009493934,4
864691135360128071,864691136009539500,2
864691135360153159,864691136009223086,2
864691135360153671,864691136008420012,1
864691135360154183,864691136005757642,1
864691135360166215,864691136005835722,3
864691135360169031,864691136005816266,1
864691135360399943,864691136005835722,1
864691135360434247,864691136005670602,1
864691135360482392,864691136009768622,1
864691135360494680,864691136009425324,2
864691135360515928,864691136009154988,1
864691135360545624,864691136009424300,1
864691135360557656,864691136009326766,1
864691135360737112,864691136005589194,15
864691135360810567,864691136009511596,1
864691135361061464,864691136009425836,1
864691135361075288,864691136005589194,1
864691135361121607,864691136009415598,1
864691135361199192,864691136009326766,1
864691135361231448,864691136009461678,4
864691135361247815,864691136009418414,1
864691135361306951,864691136009229996,1
864691135361532999,864691136005340362,1
864691135362104647,864691136004798154,2
864691135362206535,864691136005906122,1
864691135362221895,864691136008591022,1
864691135362432583,864691136009425324,2
864691135362486855,864691136009768622,1
864691135366933753,864691136005623242,1
864691135366936825,864691136005330634,2
864691135366936825,864691136006508490,1
864691135366936825,864691136009394350,1
864691135366945273,864691136009511596,1
864691135366955257,864691136009473966,1
864691135366960633,864691136009348782,2
864691135366990073,864691136009236396,1
864691135366995193,864691136008953518,1
864691135367004153,864691136009440428,1
864691135367007225,864691136009507502,1
864691135367020025,864691136009768622,5
864691135367033849,864691136005199818,1
864691135367436537,864691136005670602,3
864691135367436537,864691136006508490,1
864691135367436537,864691136008953518,1
864691135367442937,864691136005624778,1
864691135367454457,864691136008444588,1
864691135367530745,864691136005816266,1
864691135367610361,864691136005721546,1
864691135367820793,864691136009415084,1
864691135367890425,864691136009415084,1
864691135368107257,864691136009244590,2
864691135368108281,864691136006508490,1
864691135368113913,864691136009315244,1
864691135368512761,864691136009394350,1
864691135368760313,864691136005757642,1
864691135368791545,864691136009394350,1
864691135368860409,864691136005656266,1
864691135368860409,864691136005816266,1
864691135368860409,864691136009425324,1
864691135368901625,864691136006798282,1
864691135368949241,864691136008880556,1
864691135368950521,864691136005816266,1
864691135368954361,864691136005721546,1
864691135368954361,864691136007281354,1
864691135368954361,864691136009768622,1
864691135369388537,864691136006798282,3
864691135369388537,864691136009410990,1
864691135369430009,864691136008452012,1
864691135369500153,864691136007281354,1
864691135369616377,864691136009383598,1
864691135369635833,864691136007281354,6
864691135369639417,864691136005656266,1
864691135369639417,864691136005816266,1
864691135369697017,864691136007281354,1
864691135369713913,864691136009438638,1
864691135373376968,864691136009383598,1
864691135373387976,864691136005906122,1
864691135373389512,864691136006798282,1
864691135373399752,864691136009223086,1
864691135373417160,864691136009315244,1
864691135373513416,864691136008805804,1
864691135373513416,864691136009539500,1
864691135373631305,864691136005695178,1
864691135373646153,864691136006745507,4
864691135373677129,864691136009511596,1
864691135373693384,864691136008907180,1
864691135373723721,864691136008953518,1
864691135373753417,864691136009500078,1
864691135373753800,864691136006745507,3
864691135373753800,864691136009507502,3
864691135373820104,864691136005695178,1
864691135373820104,864691136009476526,1
864691135373834184,864691136009418414,1
864691135373856200,864691136008439212,1
864691135373891016,864691136009473966,1
864691135373995720,864691136005205194,1
864691135373995720,864691136008870828,1
864691135374178889,864691136009423020,1
864691135374224328,864691136005589194,1
864691135374300104,864691136009154988,1
864691135374343880,864691136009415084,1
864691135374364360,864691136005816266,1
864691135374398537,864691136009473966,1
864691135374440136,864691136005670602,1
864691135374455496,864691136005816266,2
864691135374456008,864691136008884652,8
864691135374456008,864691136009513134,1
864691135374457288,864691136008846764,1
864691135374472521,864691136009507502,1
864691135374477897,864691136009425324,1
864691135374818377,864691136006703240,1
864691135374907977,864691136008431020,3
864691135374907977,864691136009061806,1
864691135374917193,864691136009440428,3
864691135374922569,864691136009423020,1
864691135375107272,864691136009461678,1
864691135375135561,864691136009410990,1
864691135375179593,864691136005199818,2
864691135375324872,864691136009476526,1
864691135375361480,864691136009154988,1
864691135375430985,864691136009217196,11
864691135375430985,864691136009292716,5
864691135375473993,864691136009318062,1
864691135375473993,864691136009335980,1
864691135375498952,864691136009394350,1
864691135375498952,864691136009768622,1
864691135375776712,864691136009425324,1
864691135375826120,864691136005589194,1
864691135375956424,864691136005589194,1
864691135375956424,864691136005656266,1
864691135375956424,864691136009359788,2
864691135376057032,864691136009217196,1
864691135376399689,864691136005589194,2
864691135376413001,864691136005757642,1
864691135376429897,864691136005816266,1
864691135376493897,864691136005560522,1
864691135376567369,864691136005589194,3
864691135379650034,864691136009425324,1
864691135381372146,864691136009154988,1
864691135382459354,864691136006745507,1
864691135382459354,864691136009507502,1
864691135382472154,864691136009061806,1
864691135382480346,864691136009415598,4
864691135382501082,864691136009394350,2
864691135382502874,864691136005656266,1
864691135382590938,864691136009007276,1
864691135382911723,864691136009419180,1
864691135382926059,864691136009768622,1
864691135382942682,864691136005835722,5
864691135382942682,864691136008490412,3
864691135382942682,864691136009318062,1
864691135382942682,864691136009511596,4
864691135382956762,864691136008762284,1
864691135382982635,864691136009418414,1
864691135383028954,864691136009418414,1
864691135383296235,864691136005199818,1
864691135383334106,864691136009318062,1
864691135383406042,864691136005340362,1
864691135383480282,864691136005816266,1
864691135383497434,864691136009440428,1
864691135383516122,864691136008226211,1
864691135383516122,864691136009507502,1
864691135383553515,864691136009440428,1
864691135383586027,864691136009425836,1
864691135383595755,864691136006798282,1
864691135383789530,864691136009511596,2
864691135383822827,864691136009410990,1
864691135383858411,864691136009292716,1
864691135383905515,864691136005835722,1
864691135383922155,864691136005203146,1
864691135383936730,864691136005816266,1
864691135384197082,864691136005340362,1
864691135384465138,864691136009154988,1
864691135384465138,864691136009438638,1
864691135384507610,864691136009154988,1
864691135384507610,864691136009438638,1
864691135384524779,864691136009425324,1
864691135384526554,864691136005816266,4
864691135384790746,864691136005721546,1
864691135384790746,864691136009440428,2
864691135384998379,864691136007281354,1
864691135384998379,864691136009326766,1
864691135385000666,864691136005543882,1
864691135385125867,864691136009539500,1
864691135385126379,864691136009217196,1
864691135385200213,864691136005890250,1
864691135385236309,864691136006745507,1
864691135385236309,864691136009061806,1
864691135385254741,864691136005543882,1
864691135385256021,864691136006798282,1
864691135385258325,864691136005340362,1
864691135385263189,864691136005890250,1
864691135385292373,864691136009292716,1
864691135385307477,864691136008226211,2
864691135385307989,864691136009493934,1
864691135385307989,864691136009507502,2
864691135385310037,864691136009507502,1
864691135385346539,864691136009154988,2
864691135385356629,864691136009473966,1
864691135385657941,864691136005646026,1
864691135385684053,864691136009424300,1
864691135385846101,864691136009415598,2
864691135386057301,864691136009326766,3
864691135386127189,864691136005890250,1
864691135386158165,864691136009061806,1
864691135386221141,864691136009229996,1
864691135386222165,864691136009493934,1
864691135386258517,864691136009299374,1
864691135386276949,864691136005589194,1
864691135386350977,864691136009415598,2
864691135386369621,864691136005624778,2
864691135386371413,864691136005656266,1
864691135386376065,864691136009394350,1
864691135386376065,864691136009473966,1
864691135386383189,864691136009539500,1
864691135386402433,864691136009061806,1
864691135386407041,864691136009415084,1
864691135386498433,864691136008490412,1
864691135386498433,864691136009511596,3
864691135386608213,864691136005835722,2
864691135386872449,864691136005589194,1
864691135386872449,864691136008762284,2
864691135386872449,864691136009425324,1
864691135386879105,864691136005835722,1
864691135386904961,864691136005589194,1
864691135387028609,864691136005623242,1
864691135387181141,864691136008559790,1
864691135387410049,864691136005646026,2
864691135387410049,864691136008431020,2
864691135387410049,864691136009415598,1
864691135387529301,864691136007339466,10
864691135387529301,864691136009007276,1
864691135387529301,864691136009154988,1
864691135387529301,864691136009438638,1
864691135387557973,864691136009217196,1
864691135387557973,864691136009314990,2
864691135387603841,864691136005809866,1
864691135387958401,864691136009410990,1
864691135388015445,864691136008953518,1
864691135388015445,864691136009154988,1
864691135388015445,864691136009326766,2
864691135388068181,864691136007339466,1
864691135388368001,864691136009768622,1
864691135388660865,864691136009410990,1
864691135388742069,864691136009348782,1
864691135388961665,864691136008577198,1
864691135389231233,864691136007281354,1
864691135389231233,864691136009359788,1
864691135389256833,864691136005656266,1
864691135389291905,864691136009359788,1
864691135389296769,864691136009217196,1
864691135389296769,864691136009383598,1
864691135389371265,864691136009326766,1
864691135390211058,864691136009424300,1
864691135390211058,864691136009438638,1
864691135392223218,864691136005543882,1
864691135393965557,864691136006798282,1
864691135393978869,864691136009415598,1
864691135393985781,864691136005589194,1
864691135393985781,864691136008762284,2
864691135393991413,864691136009318062,1
864691135394002677,864691136009244590,1
864691135394002677,864691136009500078,1
864691135394016757,864691136009217196,1
864691135394026997,864691136009200300,1
864691135394359285,864691136005589194,1
864691135394648053,864691136009061806,1
864691135394677749,864691136009476526,1
864691135394681333,864691136009440428,1
864691135394831605,864691136009425324,1
864691135394838005,864691136009507502,1
864691135394869237,864691136009440428,1
864691135394871797,864691136009348782,1
864691135394969333,864691136006508490,1
864691135394969333,864691136008805804,3
864691135394969333,864691136008807340,1
864691135394969333,864691136009332654,1
864691135394969333,864691136009440428,6
864691135394970357,864691136005835722,1
864691135394972149,864691136009507502,1
864691135394982133,864691136005670602,2
864691135394982133,864691136008431020,1
864691135394982133,864691136008559790,1
864691135394982133,864691136009418414,2
864691135395206389,864691136009511596,1
864691135395410677,864691136009292716,3
864691135395410677,864691136009424300,1
864691135395740405,864691136005589194,1
864691135395740405,864691136005656266,1
864691135395843573,864691136007281354,2
864691135395957493,864691136005589194,1
864691135395957493,864691136005656266,1
864691135395957493,864691136005816266,1
864691135395957493,864691136009359788,1
864691135395957493,864691136009425324,3
864691135396172533,864691136009473966,1
864691135396172533,864691136009768622,2
864691135396290549,864691136009383598,1
864691135396342517,864691136005203146,1
864691135396342517,864691136005205194,1
864691135396342517,864691136005835722,1
864691135396342517,864691136008452012,1
864691135396342517,864691136008870828,4
864691135396342517,864691136009315244,1
864691135396373237,864691136009419180,1
864691135396413729,864691136005340362,1
864691135396413985,864691136009500078,1
864691135396570401,864691136009383598,2
864691135396622325,864691136009425324,1
864691135396701429,864691136009410990,1
864691135396702753,864691136009423020,1
864691135396706593,864691136009507502,2
864691135396794101,864691136009424300,1
864691135396940021,864691136007281354,1
864691135397057781,864691136009511596,1
864691135397170209,864691136005656266,1
864691135397170209,864691136005816266,1
864691135397232417,864691136005656266,1
864691135397464865,864691136009366446,1
864691135397522977,864691136005835722,2
864691135397547553,864691136009440428,1
864691135397960481,864691136009335980,1
864691135397960481,864691136009511596,1
864691135398077473,864691136009424300,1
864691135398560801,864691136009424300,1
864691135398717217,864691136006703240,1
864691135398717217,864691136008805804,1
864691135398717217,864691136009332654,1
864691135398717217,864691136009440428,5
864691135398717217,864691136009511596,1
864691135398941217,864691136008884652,1
864691135398955809,864691136009154988,1
864691135398955809,864691136009217196,2
864691135398987297,864691136007339466,1
864691135398987297,864691136009425324,1
864691135403779822,864691136008462508,1
864691135403887086,864691136009507502,1
864691135404452590,864691136009415598,2
864691135404582638,864691136005330634,1
864691135404657646,864691136009244590,1
864691135404878574,864691136009425324,1
864691135405007854,864691136009768622,1
864691135405071086,864691136009394350,1
864691135405071086,864691136009419180,1
864691135405071086,864691136009440428,1
864691135405224174,864691136005330634,1
864691135405224174,864691136009539500,1
864691135405647342,864691136005589194,1
864691135405732590,864691136009440428,1
864691135405748974,864691136008807340,1
864691135406896114,864691136008486572,3
864691135407306697,864691136008591022,1
864691135407316681,864691136008787372,1
864691135407330761,864691136009500078,1
864691135407553737,864691136008591022,1
864691135407553737,864691136008787372,2
864691135407558345,864691136006745507,2
864691135407558345,864691136008431020,1
864691135407559369,864691136009511596,1
864691135407608265,864691136006703240,1
864691135407663305,864691136005835722,1
864691135407685065,864691136009425324,1
864691135407730377,864691136009061806,1
864691135407730377,864691136009418414,1
864691135407755977,864691136005330634,1
864691135408015305,864691136009410990,1
864691135408069833,864691136008577198,1
864691135408127945,864691136009348782,2
864691135408137673,864691136008762284,1
864691135408198601,864691136006508490,2
864691135408207561,864691136005199818,1
864691135408209353,864691136005199818,1
864691135408209353,864691136008226211,1
864691135408211145,864691136009511596,2
864691135408213193,864691136006798282,1
864691135408445641,864691136009415084,1
864691135408517065,864691136005835722,1
864691135408560329,864691136005906122,1
864691135408560329,864691136009318062,1
864691135408822985,864691136009440428,1
864691135409523401,864691136005560522,2
864691135409523401,864691136005757642,1
864691135409523401,864691136009154988,4
864691135409523401,864691136009438638,1
864691135409554121,864691136005203146,5
864691135409554121,864691136008420012,3
864691135409554121,864691136009440428,1
864691135409554121,864691136009539500,1
864691135409856713,864691136009326766,2
864691135410045897,864691136008884652,1
864691135410077897,864691136005199818,1
864691135410077897,864691136005203146,1
864691135410077897,864691136005835722,8
864691135410077897,864691136008452012,1
864691135410077897,864691136008870828,1
864691135410077897,864691136009318062,1
864691135410116041,864691136009440428,1
864691135410116041,864691136009473966,1
864691135410116041,864691136009768622,1
864691135410140361,864691136005624778,1
864691135410186441,864691136009326766,4
864691135415482554,864691136009335980,1
864691135415505338,864691136009415598,1
864691135415928762,864691136009217196,5
864691135415928762,864691136009270188,1
864691135415928762,864691136009383598,1
864691135415928762,864691136009424300,1
864691135415956922,864691136005340362,1
864691135416106426,864691136009511596,1
864691135416123322,864691136009415598,1
864691135416164282,864691136009332654,1
864691135416372666,864691136009423020,1
864691135416393658,864691136005607626,1
864691135416509882,864691136009507502,1
864691135416514234,864691136009223086,2
864691135416531386,864691136009507502,1
864691135416556474,864691136009425324,1
864691135416570554,864691136008953518,1
864691135416703162,864691136005835722,1
864691135416808890,864691136009244590,1
864691135417253306,864691136005816266,3
864691135417478842,864691136005560522,1
864691135417784506,864691136008559790,1
864691135417784506,864691136008880556,1
864691135417830330,864691136009424300,1
864691135418002874,864691136005199818,1
864691135418002874,864691136005890250,3
864691135418002874,864691136009318062,1
864691135418028218,864691136009440428,1
864691135418240698,864691136005543882,2
864691135418240698,864691136008577198,1
864691135418240698,864691136008762284,2
864691135418260410,864691136005816266,1
864691135418399418,864691136009461678,3
864691135418399418,864691136009768622,1
864691135418767346,864691136009425324,1
864691135419304373,864691136004798154,2
864691135426098357,864691136005340362,1
864691135428521008,864691136005646026,1
864691135428854576,864691136009418414,1
864691135428986928,864691136005589194,2
864691135429010224,864691136009415084,1
864691135429291312,864691136005199818,1
864691135429291312,864691136005890250,1
864691135429291312,864691136008907180,1
864691135429332272,864691136009315244,1
864691135429495600,864691136005205194,1
864691135429570608,864691136005757642,1
864691135429591856,864691136009425324,1
864691135429597232,864691136008452012,2
864691135429597232,864691136008870828,2
864691135429597232,864691136009315244,2
864691135429612592,864691136005835722,1
864691135429932848,864691136005656266,3
864691135430204720,864691136009315244,1
864691135430204720,864691136009326766,1
864691135430290480,864691136009326766,1
864691135430398000,864691136009217196,1
864691135430484542,864691136005721546,1
864691135430727984,864691136009318062,1
864691135430749232,864691136005816266,1
864691135430923824,864691136009326766,1
864691135431242288,864691136005721546,1
864691135431456816,864691136005560522,1
864691135431456816,864691136005721546,1
864691135431456816,864691136009314990,1
864691135431456816,864691136009473966,1
864691135431456816,864691136009768622,1
864691135431812656,864691136005721546,2
864691135431870256,864691136005816266,1
864691135431870256,864691136007281354,5
864691135431870256,864691136007339466,1
864691135431941936,864691136009217196,1
864691135431976496,864691136009425324,1
864691135431978800,864691136005330634,1
864691135431978800,864691136009440428,6
864691135431993904,864691136005656266,8
864691135431993904,864691136005816266,11
864691135431993904,864691136007281354,1
864691135431993904,864691136008762284,2
864691135440456264,864691136009476526,2
864691135440456520,864691136005340362,1
864691135440456520,864691136006798282,1
864691135440463176,864691136009394350,1
864691135440473160,864691136009229996,1
864691135440473160,864691136009500078,1
864691135440475720,864691136009061806,2
864691135440480072,864691136009415084,2
864691135440500808,864691136009061806,1
864691135440501064,864691136005656266,5
864691135440517704,864691136009335980,1
864691135440911688,864691136009270188,1
864691135441286728,864691136005646026,1
864691135441286728,864691136009415598,3
864691135441381448,864691136005589194,1
864691135441508936,864691136006508490,1
864691135441525832,864691136009394350,1
864691135441573960,864691136009425324,1
864691135441579080,864691136009423020,1
864691135441585224,864691136008226211,1
864691135441651784,864691136009440428,1
864691135441788488,864691136008591022,2
864691135441988424,864691136005589194,2
864691135441988424,864691136005816266,1
864691135441988424,864691136008762284,1
864691135442044744,864691136009539500,1
864691135442453576,864691136009007276,1
864691135442839112,864691136005560522,1
864691135442839112,864691136007281354,3
864691135442839112,864691136007339466,6
864691135442839112,864691136009461678,5
864691135442839112,864691136009768622,1
864691135442910536,864691136009359788,1
864691135445534354,864691136009061806,1
864691135445541778,864691136005816266,1
864691135445890706,864691136009499566,1
864691135445912978,864691136008591022,1
864691135446037394,864691136009318062,2
864691135446037394,864691136009335980,2
864691135446065810,864691136009440428,14
864691135446385810,864691136009418414,1
864691135446395538,864691136008431020,2
864691135446395538,864691136009415598,1
864691135446400146,864691136009493934,1
864691135446400146,864691136009507502,2
864691135446502034,864691136009299374,1
864691135446555538,864691136009366446,1
864691135446618964,864691136008807340,1
864691135446624084,864691136009507502,1
864691135446785426,864691136009217196,1
864691135446857618,864691136009410990,2
864691135446953556,864691136005890250,1
864691135446953556,864691136009493934,3
864691135446953556,864691136009500078,1
864691135446968466,864691136005623242,1
864691135447074644,864691136009507502,1
864691135447080788,864691136005624778,1
864691135447123028,864691136009425324,1
864691135447402068,864691136006745507,1
864691135447402068,864691136008787372,1
864691135447402068,864691136009493934,1
864691135447412820,864691136005589194,1
864691135447450708,864691136009425324,1
864691135447491668,864691136005816266,3
864691135447624082,864691136005695178,1
864691135447635346,864691136009539500,1
864691135447701332,864691136009513134,3
864691135447777682,864691136009326766,1
864691135447777682,864691136009366446,1
864691135448069106,864691136008486572,2
864691135448256146,864691136005816266,2
864691135448309394,864691136005624778,1
864691135448309394,864691136005757642,1
864691135448394898,864691136005656266,1
864691135448813908,864691136005721546,1
864691135454042730,864691136009223086,1
864691135454047082,864691136009425836,2
864691135454066282,864691136008805804,1
864691135454067562,864691136005721546,2
864691135454091114,864691136009424300,2
864691135454507114,864691136005340362,1
864691135454507114,864691136009299374,4
864691135454606698,864691136009424300,1
864691135454709956,864691136008462508,1
864691135454709956,864691136009348782,1
864691135454780010,864691136009154988,1
864691135454801002,864691136009513134,1
864691135454892906,864691136008452012,1
864691135454924650,864691136009415598,1
864691135454983274,864691136009425324,1
864691135454983530,864691136009425324,1
864691135455040362,864691136009424300,1
864691135455049322,864691136005340362,1
864691135455218026,864691136009438638,1
864691135455264362,864691136008420012,1
864691135455266410,864691136008462508,1
864691135455485802,864691136005816266,1
864691135455823978,864691136008880556,1
864691135455957610,864691136005816266,1
864691135455971946,864691136007281354,1
864691135455977578,864691136009154988,1
864691135456054212,864691136009423020,2
864691135456054212,864691136009493934,1
864691135456095082,864691136005816266,1
864691135456095082,864691136009425324,1
864691135456102250,864691136009424300,1
864691135456535658,864691136007281354,2
864691135456535658,864691136007339466,2
864691135456535658,864691136009461678,5
864691135456714090,864691136005656266,1
864691135462243229,864691136009244590,2
864691135462255261,864691136008420012,1
864691135462265245,864691136005816266,1
864691135462281373,864691136009394350,1
864691135462698046,864691136008880556,1
864691135462714686,864691136008907180,1
864691135462716061,864691136008591022,1
864691135462722110,864691136009507502,1
864691135462725182,864691136009359788,1
864691135462725694,864691136005205194,1
864691135462725694,864691136005330634,1
864691135462731070,864691136009415084,1
864691135462745918,864691136009500078,1
864691135462749246,864691136005203146,2
864691135462749246,864691136005205194,1
864691135462749246,864691136008420012,1
864691135462749246,864691136009315244,2
864691135462764701,864691136009511596,1
864691135462943389,864691136008439212,1
864691135462952766,864691136009299374,1
864691135462954302,864691136009419180,1
864691135463087166,864691136005816266,3
864691135463088541,864691136009440428,1
864691135463094846,864691136008953518,1
864691135463242909,864691136009315244,1
864691135463263133,864691136009061806,1
864691135463381661,864691136008490412,1
864691135463400349,864691136008420012,1
864691135463408541,864691136009223086,1
864691135463501381,864691136005340362,1
864691135463521093,864691136008762284,1
864691135463523909,864691136009332654,1
864691135463528254,864691136009154988,1
864691135463533637,864691136009217196,1
864691135463597886,864691136008439212,1
864691135463606846,864691136005816266,1
864691135463639965,864691136009539500,2
864691135463653438,864691136009425324,1
864691135463695429,864691136009768622,1
864691135463696446,864691136009513134,3
864691135463696958,864691136009315244,8
864691135463723582,864691136005816266,1
864691135463723582,864691136008762284,1
864691135463750813,864691136008870828,1
864691135463752254,864691136005695178,1
864691135463752254,864691136005757642,1
864691135463820445,864691136008452012,3
864691135463913285,864691136005589194,1
864691135464076701,864691136009332654,1
864691135464076701,864691136009440428,1
864691135464076701,864691136009539500,2
864691135464137534,864691136008762284,1
864691135464156229,864691136009473966,1
864691135464162366,864691136008762284,1
864691135464200261,864691136005624778,1
864691135464273982,864691136008805804,1
864691135464273982,864691136009440428,1
864691135464273982,864691136009511596,2
864691135464273982,864691136009539500,1
864691135464277573,864691136009424300,1
864691135464289093,864691136009440428,2
864691135464290373,864691136008226211,1
864691135464302493,864691136005607626,1
864691135464302493,864691136008846764,1
864691135464397381,864691136005890250,1
864691135464404293,864691136009507502,1
864691135464456261,864691136008807340,1
864691135464482629,864691136008591022,2
864691135464482629,864691136009244590,1
864691135464482629,864691136009493934,1
864691135464593470,864691136009236396,1
864691135464657989,864691136005757642,1
864691135464748350,864691136009507502,1
864691135464862533,864691136009424300,1
864691135464921406,864691136007281354,1
864691135464921406,864691136008884652,1
864691135464921406,864691136009473966,1
864691135464930878,864691136009314990,1
864691135464995134,864691136009007276,1
864691135465001373,864691136005560522,1
864691135465001373,864691136009461678,1
864691135465065022,864691136005560522,1
864691135465065022,864691136009461678,1
864691135465107869,864691136004793802,1
864691135465142429,864691136007281354,3
864691135465211710,864691136005816266,1
864691135465254469,864691136009425324,1
864691135465292357,864691136005330634,1
864691135465551429,864691136005340362,1
864691135466025285,864691136009424300,1
864691135466236229,864691136007281354,1
864691135466274629,864691136005721546,1
864691135467536780,864691136009223086,1
864691135467589004,864691136008226211,1
864691135467875724,864691136005816266,2
864691135467985292,864691136009425324,1
864691135468028556,864691136009507502,1
864691135468075916,864691136008907180,1
864691135468155986,864691136005589194,1
864691135468169810,864691136009511596,1
864691135468308364,864691136005589194,1
864691135468318604,864691136008486572,1
864691135468342866,864691136005695178,1
864691135468382034,864691136009440428,1
864691135468385106,864691136008787372,3
864691135468385106,864691136009423020,1
864691135468385106,864691136009507502,2
864691135468385362,864691136008226211,1
864691135468386444,864691136008591022,1
864691135468400722,864691136008807340,1
864691135468408914,864691136009511596,1
864691135468503634,864691136009410990,1
864691135468508812,864691136008393900,1
864691135468519564,864691136009440428,3
864691135468525196,864691136009440428,1
864691135468550226,864691136009419180,1
864691135468666764,864691136008452012,1
864691135468706700,864691136005906122,6
864691135468706700,864691136008805804,1
864691135468706700,864691136009200300,2
864691135468706700,864691136009539500,1
864691135468761938,864691136004793802,2
864691135468824658,864691136005589194,1
864691135468850514,864691136009217196,1
864691135468854156,864691136008907180,1
864691135468966994,864691136009511596,1
864691135469077330,864691136009507502,2
864691135469086034,864691136005890250,1
864691135469089362,864691136009425324,1
864691135469090898,864691136009315244,1
864691135469312594,864691136009410990,1
864691135469446482,864691136005543882,1
864691135469460876,864691136005721546,1
864691135469460876,864691136009440428,1
864691135469490514,864691136009440428,2
864691135469554572,864691136009440428,2
864691135469774732,864691136009440428,1
864691135469802124,864691136009292716,1
864691135469895308,864691136009326766,2
864691135469919884,864691136009461678,1
864691135470061394,864691136009299374,2
864691135470127698,864691136009425324,1
864691135470776146,864691136009461678,2
864691135470820946,864691136004798154,1
864691135470820946,864691136009348782,1
864691135470942290,864691136009461678,1
864691135471233732,864691136009418414,1
864691135472017970,864691136009415084,1
864691135472040498,864691136005835722,1
864691135472048178,864691136005656266,1
864691135472048946,864691136009061806,2
864691135472055602,864691136008460972,2
864691135472427314,864691136008846764,1
864691135472454962,864691136009419180,1
864691135472454962,864691136009476526,1
864691135472470578,864691136009415598,1
864691135472807474,864691136009423020,1
864691135472972594,864691136009440428,1
864691135472973362,864691136009415598,1
864691135472973618,864691136008846764,1
864691135472999986,864691136009507502,2
864691135473739314,864691136005816266,2
864691135473914674,864691136009410990,1
864691135474199492,864691136009440428,1
864691135474312754,864691136005589194,2
864691135474312754,864691136005816266,1
864691135474312754,864691136008762284,4
864691135474481458,864691136009424300,2
864691135474608192,864691136009299374,1
864691135474608192,864691136009440428,2
864691135474608704,864691136009493934,1
864691135474609984,864691136005624778,1
864691135474611776,864691136005816266,1
864691135474615616,864691136004798154,2
864691135474620480,864691136009223086,1
864691135474641202,864691136005816266,2
864691135474641202,864691136009425324,1
864691135474642752,864691136009061806,1
864691135474646592,864691136008807340,1
864691135474646592,864691136009539500,1
864691135474694464,864691136005543882,1
864691135474732096,864691136008870828,1
864691135474748736,864691136009315244,1
864691135475139392,864691136009425324,1
864691135475356480,864691136006745507,1
864691135475356480,864691136009415598,2
864691135475464000,864691136005624778,1
864691135475530560,864691136009476526,1
864691135475545152,864691136009315244,1
864691135475647808,864691136005589194,1
864691135475678016,864691136009507502,1
864691135475682112,864691136006703240,1
864691135475682112,864691136009315244,1
864691135475698240,864691136008226211,2
864691135475712576,864691136009425324,1
864691135475713344,864691136009768622,1
864691135475753024,864691136008870828,1
864691135475797568,864691136008452012,1
864691135475841344,864691136007339466,2
864691135475935552,864691136009415598,1
864691135475976768,864691136008490412,1
864691135475995968,864691136005203146,1
864691135475995968,864691136005205194,2
864691135475995968,864691136008452012,2
864691135475995968,864691136008490412,1
864691135475995968,864691136009315244,4
864691135476153256,864691136009461678,1
864691135476156328,864691136009418414,1
864691135476161192,864691136009425324,1
864691135476167592,864691136008490412,1
864691135476219332,864691136009415598,1
864691135476251200,864691136009332654,1
864691135476251200,864691136009440428,1
864691135476561320,864691136008577198,1
864691135476566696,864691136005199818,4
864691135476566696,864691136005835722,1
864691135476566696,864691136005890250,2
864691135476566696,864691136008452012,1
864691135476566696,864691136008490412,4
864691135476566696,864691136009318062,4
864691135476566696,864691136009335980,1
864691135476566696,864691136009511596,4
864691135476584512,864691136005656266,3
864691135476666688,864691136004798154,1
864691135476737856,864691136009292716,1
864691135476968000,864691136009394350,1
864691135476968000,864691136009473966,3
864691135476968000,864691136009768622,1
864691135476989864,864691136008486572,3
864691135477007272,864691136008762284,1
864691135477012648,864691136005816266,1
864691135477012648,864691136009425324,1
864691135477013056,864691136005589194,2
864691135477014696,864691136005589194,2
864691135477022120,864691136005695178,1
864691135477026472,864691136009473966,1
864691135477034920,864691136008452012,1
864691135477034920,864691136009493934,1
864691135477036200,864691136009440428,1
864691135477167016,864691136008575150,1
864691135477177000,864691136005816266,1
864691135477266752,864691136009292716,1
864691135477335976,864691136009314990,1
864691135477375808,864691136009366446,1
864691135477375808,864691136009410990,1
864691135477409600,864691136007281354,1
864691135477460544,864691136005330634,1
864691135477460544,864691136009315244,2
864691135477474624,864691136005656266,4
864691135477476928,864691136007281354,2
864691135477491368,864691136005670602,1
864691135477491368,864691136008907180,1
864691135477491368,864691136009440428,1
864691135477535144,864691136009154988,1
864691135477535144,864691136009314990,1
864691135478171048,864691136008884652,1
864691135478175656,864691136009007276,1
864691135478175656,864691136009513134,1
864691135478274502,864691136008805804,1
864691135478296262,864691136005589194,1
864691135478302406,864691136009061806,1
864691135478383528,864691136004798154,1
864691135478404520,864691136009154988,1
864691135478404520,864691136009461678,4
864691135478433192,864691136007339466,1
864691135478466984,864691136009425324,2
864691135478492840,864691136008846764,2
864691135478492840,864691136009440428,1
864691135478543272,864691136009768622,2
864691135478642118,864691136009507502,1
864691135478785990,864691136009394350,1
864691135479045574,864691136009473966,1
864691135479100358,864691136009423020,1
864691135479248582,864691136005199818,1
864691135479258054,864691136009223086,4
864691135479440070,864691136009511596,1
864691135479721414,864691136006798282,1
864691135479849414,864691136009438638,1
864691135480537542,864691136009410990,6
864691135480553414,864691136005199818,2
864691135480553414,864691136005890250,9
864691135480553414,864691136006508490,1
864691135480553414,864691136008452012,1
864691135480553414,864691136009229996,2
864691135480553414,864691136009318062,1
864691135480592838,864691136008884652,6
864691135480592838,864691136009513134,1
864691135480678086,864691136005330634,1
864691135481144518,864691136008490412,1
864691135481144518,864691136009335980,1
864691135481144518,864691136009511596,2
864691135483359428,864691136009507502,3
864691135483602674,864691136005624778,1
864691135488122564,864691136009493934,1
864691135488122564,864691136009507502,1
864691135488208698,864691136009359788,1
864691135488491066,864691136008431020,1
864691135488491066,864691136009061806,1
864691135488688186,864691136009332654,1
864691135489177658,864691136005607626,1
864691135489177658,864691136008575150,1
864691135489352250,864691136009476526,2
864691135489467194,864691136009768622,1
864691135489836346,864691136008490412,1
864691135489845306,864691136005589194,1
864691135490054202,864691136008559790,1
864691135490054202,864691136009415084,1
864691135490110266,864691136005199818,1
864691135490110266,864691136005835722,1
864691135490110266,864691136005890250,1
864691135490251623,864691136009154988,1
864691135490279226,864691136009423020,1
864691135490458727,864691136009154988,1
864691135490461754,864691136005656266,1
864691135490461754,864691136005816266,1
864691135490461754,864691136008762284,1
864691135490483514,864691136009461678,1
864691135490552378,864691136005757642,2
864691135490552378,864691136007339466,1
864691135490552378,864691136009438638,1
864691135490552378,864691136009461678,1
864691135490574823,864691136005816266,2
864691135490579175,864691136009061806,2
864691135490584634,864691136007339466,1
864691135490584634,864691136009326766,1
864691135490588986,864691136005656266,1
864691135490588986,864691136008762284,1
864691135490589799,864691136009229996,1
864691135490589799,864691136009500078,1
864691135490589927,864691136005623242,1
864691135490603066,864691136005656266,1
864691135490603066,864691136005816266,3
864691135490826855,864691136008577198,1
864691135490860135,864691136008486572,1
864691135490941031,864691136005340362,1
864691135490997991,864691136009061806,2
864691135491003495,864691136005835722,1
864691135491036263,864691136008870828,1
864691135491069799,864691136005906122,1
864691135491084519,864691136005906122,3
864691135491084519,864691136006703240,1
864691135491084519,864691136008805804,1
864691135491084519,864691136008807340,1
864691135491084519,864691136009511596,1
864691135491127399,864691136009507502,1
864691135491170919,864691136009348782,1
864691135491207007,864691136009217196,3
864691135491208287,864691136009425324,1
864691135491212639,864691136009332654,1
864691135491217503,864691136005560522,1
864691135491226207,864691136009223086,1
864691135491245919,864691136006745507,2
864691135491301351,864691136005816266,1
864691135491338599,864691136009473966,1
864691135491364839,864691136006798282,1
864691135491456487,864691136009424300,1
864691135491479655,864691136009461678,1
864691135491532647,864691136008762284,1
864691135491568615,864691136005199818,1
864691135491568615,864691136008907180,1
864691135491571943,864691136008452012,2
864691135491572455,864691136009383598,1
864691135491593447,864691136005890250,1
864691135491593447,864691136009500078,4
864691135491665639,864691136005835722,1
864691135491697759,864691136005589194,3
864691135491697759,864691136008762284,2
864691135491838303,864691136005589194,1
864691135492050663,864691136006745507,1
864691135492050663,864691136008439212,1
864691135492050663,864691136008591022,2
864691135492050663,864691136009500078,1
864691135492050663,864691136009507502,9
864691135492057575,864691136009318062,1
864691135492160103,864691136009425836,2
864691135492170471,864691136005721546,1
864691135492219879,864691136008420012,2
864691135492219879,864691136008807340,1
864691135492224351,864691136005624778,1
864691135492357471,864691136009500078,2
864691135492359007,864691136009394350,1
864691135492359007,864691136009473966,1
864691135492398055,864691136006703240,3
864691135492398055,864691136009335980,1
864691135492405863,864691136005890250,1
864691135492405863,864691136006703240,1
864691135492405863,864691136009440428,3
864691135492405863,864691136009511596,7
864691135492423143,864691136009314990,1
864691135492431719,864691136008907180,1
864691135492431719,864691136009244590,3
864691135492431719,864691136009415598,1
864691135492431719,864691136009423020,3
864691135492431719,864691136009493934,4
864691135492614239,864691136009326766,1
864691135492623591,864691136008452012,2
864691135492623591,864691136008870828,1
864691135492623591,864691136009315244,1
864691135492633183,864691136008880556,2
864691135492636511,864691136009507502,9
864691135492640607,864691136009440428,1
864691135492665959,864691136009326766,1
864691135492665959,864691136009366446,1
864691135492855399,864691136005205194,2
864691135492879463,864691136005589194,2
864691135492879463,864691136008762284,2
864691135492906591,864691136009425324,2
864691135493079783,864691136005835722,1
864691135493149927,864691136007281354,2
864691135493222375,864691136005589194,1
864691135493222375,864691136009359788,4
864691135493224167,864691136009154988,1
864691135493292519,864691136009326766,1
864691135493593951,864691136005721546,3
864691135493593951,864691136009768622,1
864691135493690463,864691136005721546,1
864691135493690463,864691136009394350,1
864691135493690463,864691136009768622,8
864691135493960080,864691136009415084,2
864691135493976464,864691136009315244,1
864691135493979024,864691136009394350,1
864691135493980816,864691136009061806,2
864691135493998736,864691136004798154,1
864691135494003856,864691136009348782,1
864691135494013072,864691136005607626,3
864691135494027664,864691136005607626,1
864691135494048400,864691136009423020,1
864691135494063760,864691136009348782,1
864691135494070416,864691136008439212,3
864691135494070416,864691136009229996,1
864691135494070416,864691136009244590,1
864691135494585744,864691136009217196,1
864691135494585744,864691136009292716,2
864691135494585744,864691136009383598,1
864691135494685840,864691136009415598,5
864691135494720144,864691136005656266,2
864691135494843792,864691136006508490,1
864691135494883472,864691136009217196,1
864691135494915472,864691136008591022,1
864691135494915728,864691136009061806,2
864691135495009424,864691136009418414,1
864691135495047824,864691136007281354,1
864691135495084176,864691136008805804,1
864691135495146128,864691136005646026,1
864691135495146640,864691136005589194,2
864691135495146640,864691136005816266,3
864691135495146640,864691136008577198,1
864691135495150736,864691136005809866,2
864691135495159696,864691136009270188,1
864691135495173776,864691136005835722,2
864691135495178384,864691136009440428,1
864691135495406992,864691136009383598,1
864691135496222352,864691136005340362,1
864691135496333968,864691136009511596,1
864691135496383120,864691136008870828,1
864691135496383120,864691136009335980,1
864691135497610259,864691136009299374,2
864691135497658899,864691136008486572,1
864691135497743635,864691136009223086,1
864691135497962003,864691136005890250,1
864691135498040851,864691136009424300,1
864691135498084371,864691136008846764,1
864691135498265619,864691136005607626,1
864691135498444819,864691136009061806,1
864691135498446355,864691136009415598,1
864691135498723859,864691136009424300,1
864691135498740755,864691136009292716,1
864691135498979603,864691136006745507,1
864691135498979603,864691136009507502,1
864691135499204883,864691136005816266,2
864691135499385107,864691136005890250,1
864691135499599123,864691136009154988,1
864691135499599123,864691136009314990,1
864691135499616019,864691136005560522,13
864691135499616019,864691136009461678,3
864691135499635731,864691136006798282,1
864691135499964947,864691136009326766,1
864691135499967251,864691136009292716,1
864691135500020755,864691136008762284,1
864691135501559362,864691136009299374,1
864691135501566530,864691136009507502,2
864691135501572930,864691136009415598,1
864691135501572930,864691136009507502,1
864691135501588034,864691136008907180,1
864691135501588290,864691136009500078,1
864691135501802077,864691136009061806,1
864691135501814109,864691136005835722,2
864691135501839197,864691136008807340,1
864691135501862978,864691136005890250,1
864691135502034357,864691136009768622,1
864691135502043573,864691136009061806,1
864691135502043829,864691136008486572,2
864691135502062773,864691136008420012,1
864691135502062773,864691136009315244,2
864691135502105949,864691136009461678,1
864691135502309725,864691136009383598,1
864691135502322498,864691136005816266,1
864691135502324573,864691136005624778,1
864691135502403394,864691136009007276,1
864691135502438581,864691136009315244,1
864691135502527042,864691136008805804,1
864691135502527157,864691136009425324,3
864691135502537282,864691136008880556,1
864691135502580573,864691136005670602,1
864691135502601026,864691136008559790,1
864691135502602589,864691136009507502,1
864691135502610242,864691136005890250,2
864691135502610242,864691136009511596,2
864691135502629698,864691136009440428,1
864691135502630466,864691136008452012,1
864691135502721373,864691136009292716,1
864691135502754229,864691136006508490,1
864691135502763357,864691136009315244,1
864691135502774109,864691136005560522,3
864691135502873666,864691136009314990,1
864691135502971573,864691136009493934,1
864691135502989237,864691136009299374,2
864691135502989237,864691136009440428,1
864691135502991797,864691136008420012,1
864691135503008693,864691136005816266,1
864691135503117917,864691136009332654,1
864691135503163202,864691136005816266,1
864691135503367605,864691136009394350,1
864691135503367605,864691136009768622,2
864691135503443549,864691136005906122,1
864691135503455810,864691136009383598,1
864691135503465141,864691136006798282,1
864691135503466818,864691136009318062,2
864691135503501749,864691136005890250,1
864691135503501749,864691136009318062,1
864691135503501749,864691136009511596,4
864691135503535709,864691136005695178,1
864691135503553885,864691136009425836,1
864691135503554485,864691136005835722,3
864691135503554485,864691136008490412,1
864691135503554485,864691136009394350,1
864691135503584693,864691136005330634,1
864691135503593026,864691136005543882,1
864691135503644226,864691136009217196,9
864691135503644226,864691136009292716,4
864691135503681717,864691136009315244,2
864691135503681717,864691136009511596,1
864691135503703477,864691136005656266,2
864691135503724354,864691136005656266,1
864691135503724354,864691136005816266,1
864691135503724354,864691136007281354,2
864691135503959221,864691136009007276,1
864691135503962717,864691136005816266,1
864691135503963202,864691136005543882,1
864691135504073141,864691136005330634,1
864691135504073141,864691136005695178,1
864691135504073141,864691136007339466,1
864691135504073141,864691136009473966,1
864691135504202845,864691136005330634,1
864691135504202845,864691136008807340,1
864691135504202845,864691136009539500,5
864691135504279901,864691136009410990,1
864691135504372661,864691136009154988,1
864691135505401842,864691136005623242,1
864691135506411731,864691136006745507,1
864691135508680201,864691136009383598,1
864691135508708617,864691136008431020,1
864691135508708617,864691136009507502,1
864691135508725001,864691136008846764,1
864691135508730633,864691136009493934,1
864691135509169417,864691136007281354,1
864691135509434633,864691136008591022,2
864691135509508105,864691136009440428,1
864691135509573641,864691136009473966,1
864691135509679113,864691136006508490,1
864691135509701385,864691136005624778,1
864691135509815817,864691136007339466,1
864691135509989129,864691136007281354,1
864691135510031625,864691136007339466,1
864691135510191369,864691136009438638,1
864691135510411472,864691136005656266,1
864691135510411472,864691136009425324,1
864691135510435536,864691136009440428,1
864691135510442704,864691136009415598,1
864691135510585040,864691136009229996,1
864691135510607369,864691136009217196,2
864691135510607369,864691136009292716,1
864691135510888912,864691136009332654,1
864691135510924752,864691136008805804,1
864691135510940624,864691136005340362,1
864691135510959824,864691136009217196,1
864691135510981328,864691136009511596,1
864691135511077385,864691136005340362,1
864691135511199753,864691136009217196,1
864691135511253513,864691136009410990,1
864691135511256585,864691136009326766,1
864691135511274704,864691136005757642,1
864691135511283465,864691136005816266,1
864691135511303888,864691136008462508,1
864691135511421449,864691136008577198,2
864691135511421449,864691136008762284,1
864691135511421449,864691136009359788,1
864691135511484368,864691136009440428,1
864691135511493328,864691136005835722,1
864691135512020944,864691136009507502,1
864691135512118224,864691136005816266,2
864691135512118224,864691136009425324,1
864691135512170448,864691136005543882,1
864691135515911635,864691136009410990,1
864691135515927507,864691136005205194,1
864691135515939283,864691136009507502,1
864691135516372435,864691136009394350,1
864691135516622803,864691136009493934,1
864691135516673491,864691136009440428,1
864691135516812499,864691136008846764,1
864691135516830931,864691136008226211,1
864691135516879827,864691136005199818,1
864691135516879827,864691136005890250,2
864691135516888787,864691136005607626,2
864691135516888787,864691136005809866,2
864691135516888787,864691136008846764,1
864691135516896723,864691136005906122,1
864691135516909523,864691136005816266,1
864691135516909779,864691136008452012,3
864691135516909779,864691136008870828,1
864691135516954067,864691136006703240,1
864691135516954067,864691136008907180,1
864691135516954067,864691136009335980,1
864691135516996051,864691136005199818,1
864691135517315795,864691136009394350,3
864691135517315795,864691136009473966,3
864691135517349770,864691136008490412,1
864691135517442003,864691136009425324,1
864691135517531786,864691136008907180,1
864691135517531786,864691136009318062,1
864691135517640915,864691136005757642,1
864691135517678730,864691136009425324,1
864691135517773706,864691136005656266,1
864691135517773706,864691136008577198,1
864691135517773706,864691136008762284,3
864691135517773706,864691136009326766,1
864691135517873802,864691136009394350,1
864691135517936339,864691136009200300,1
864691135518177930,864691136005816266,1
864691135518241418,864691136008444588,1
864691135518275722,864691136009292716,2
864691135518283475,864691136009326766,1
864691135518290058,864691136009415598,1
864691135518303370,864691136009425324,1
864691135518383754,864691136009229996,1
864691135518435027,864691136009394350,1
864691135518495699,864691136005721546,1
864691135518495699,864691136007281354,1
864691135518495699,864691136007339466,2
864691135518495699,864691136009768622,1
864691135518510730,864691136009511596,1
864691135518694282,864691136005205194,1
864691135518694282,864691136009473966,1
864691135518694282,864691136009768622,1
864691135518928522,864691136005205194,1
864691135518928522,864691136005721546,6
864691135518928522,864691136008870828,1
864691135518928522,864691136009394350,2
864691135518928522,864691136009768622,1
864691135519365002,864691136005205194,1
864691135519404682,864691136009440428,1
864691135519404682,864691136009768622,1
864691135519432330,864691136009326766,1
864691135519572874,864691136005656266,1
864691135519632266,864691136005199818,2
864691135519632266,864691136009223086,1
864691135519632266,864691136009493934,1
864691135519657354,864691136009424300,1
864691135519956874,864691136004798154,1
864691135520014986,864691136009326766,1
864691135520262282,864691136007281354,1
864691135526074203,864691136009507502,1
864691135526090843,864691136008431020,1
864691135526104667,864691136008591022,1
864691135526109275,864691136009292716,1
864691135526318171,864691136005205194,1
864691135526405723,864691136005890250,1
864691135526405723,864691136009223086,1
864691135526528603,864691136009507502,1
864691135526874971,864691136005330634,1
864691135526899803,864691136008762284,2
864691135526906203,864691136009425324,2
864691135526912091,864691136009440428,1
864691135526932059,864691136006745507,1
864691135527289435,864691136005890250,1
864691135527289435,864691136009423020,1
864691135527305307,864691136009229996,1
864691135527531099,864691136009461678,1
864691135527950171,864691136009461678,1
864691135528204379,864691136009217196,6
864691135528216155,864691136008884652,1
864691135528255940,864691136005589194,1
864691135528255940,864691136005656266,1
864691135528255940,864691136005816266,1
864691135534558706,864691136008226211,1
864691135534558706,864691136009507502,2
864691135535777522,864691136009244590,1
864691135535777522,864691136009493934,1
864691135537424114,864691136005890250,1
864691135537424114,864691136009244590,3
864691135538054770,864691136009061806,1
864691135538070642,864691136008575150,1
864691135538070642,864691136008846764,1
864691135538114034,864691136005809866,1
864691135538114034,864691136009419180,1
864691135538114034,864691136009476526,1
864691135538124146,864691136005560522,1
864691135538124146,864691136009768622,1
864691135538133362,864691136009348782,2
864691135538139506,864691136009299374,1
864691135538145394,864691136009315244,1
864691135538470770,864691136009440428,1
864691135538697586,864691136005589194,2
864691135538870386,864691136005890250,2
864691135538883954,864691136009154988,1
864691135538886258,864691136005816266,1
864691135538905970,864691136005890250,1
864691135539070322,864691136009415598,1
864691135539132274,864691136008591022,1
864691135539132530,864691136005543882,1
864691135539358578,864691136009292716,1
864691135539797618,864691136009292716,1
864691135539923954,864691136009493934,1
864691135539923954,864691136009500078,1
864691135540002930,864691136009217196,1
864691135540002930,864691136009292716,1
864691135540002930,864691136009383598,1
864691135540028274,864691136005656266,4
864691135540028274,864691136005816266,1
864691135540028530,864691136005589194,1
864691135540028530,864691136008762284,1
864691135540068466,864691136005816266,1
864691135540488818,864691136009768622,2
864691135540650948,864691136005624778,1
864691135540650948,864691136009415084,1
864691135544352808,864691136009507502,1
864691135544378664,864691136009539500,1
864691135544380200,864691136008226211,1
864691135544392744,864691136005589194,1
864691135544396072,864691136005890250,2
864691135544396072,864691136008907180,1
864691135544396840,864691136005670602,1
864691135544404264,864691136008462508,1
864691135544406056,864691136005203146,1
864691135544807464,864691136009299374,1
864691135544813608,864691136005816266,1
864691135545093928,864691136008486572,1
864691135545098536,864691136005589194,1
864691135545239336,864691136006745507,1
864691135545377576,864691136008486572,1
864691135545378856,864691136009507502,1
864691135545398824,864691136009270188,1
864691135545408296,864691136005816266,1
864691135545409576,864691136008846764,1
864691135545417256,864691136009507502,3
864691135545456424,864691136008953518,1
864691135545456424,864691136009440428,1
864691135545554984,864691136005543882,1
864691135546142504,864691136005695178,1
864691135546142504,864691136009476526,1
864691135546427176,864691136009424300,1
864691135546506536,864691136009292716,1
864691135546694440,864691136005656266,1
864691135551415748,864691136009424300,1
864691135554290418,864691136005623242,1
864691135560488161,864691136009507502,2
864691135560497633,864691136009425324,1
864691135560510689,864691136009335980,1
864691135560606433,864691136009539500,1
864691135560610529,864691136009768622,1
864691135560863969,864691136005340362,1
864691135560863969,864691136009768622,1
864691135560937441,864691136007339466,1
864691135561048033,864691136008420012,6
864691135561511137,864691136007281354,1
864691135561512673,864691136009424300,1
864691135561528289,864691136009244590,1
864691135561529057,864691136008226211,1
864691135561529057,864691136009423020,4
864691135561529057,864691136009493934,4
864691135561529057,864691136009507502,1
864691135561530849,864691136006745507,1
864691135561539553,864691136005816266,1
864691135561547233,864691136009507502,9
864691135561721057,864691136005340362,3
864691135562001633,864691136005589194,4
864691135562001633,864691136009326766,4
864691135562001633,864691136009461678,1
864691135562018529,864691136009425324,1
864691135562141153,864691136005330634,2
864691135562141153,864691136009473966,1
864691135562493409,864691136005340362,1
864691135562558177,864691136007281354,1
864691135563024097,864691136009217196,1
864691135563031265,864691136005906122,1
864691135563052513,864691136009326766,1
864691135563095009,864691136008884652,4
864691135563095009,864691136009326766,1
864691135564529175,864691136009007276,1
864691135564541975,864691136005205194,2
864691135564565271,864691136008591022,1
864691135564621399,864691136009499566,1
864691135564643927,864691136005721546,1
864691135564651607,864691136008575150,1
864691135564664663,864691136009499566,1
864691135564679511,864691136009511596,1
864691135564681559,864691136009415598,1
864691135564687191,864691136009223086,2
864691135564734039,864691136008953518,1
864691135564912727,864691136009292716,2
864691135564936727,864691136009473966,1
864691135564962071,864691136009200300,2
864691135565098839,864691136005816266,1
864691135565268247,864691136009418414,1
864691135565271831,864691136008762284,1
864691135565342999,864691136009440428,1
864691135565343831,864691136005835722,2
864691135565343831,864691136008452012,5
864691135565350935,864691136009418414,1
864691135565357847,864691136009440428,1
864691135565361175,864691136009223086,1
864691135565361175,864691136009315244,1
864691135565361175,864691136009511596,2
864691135565379351,864691136009511596,1
864691135565387799,864691136008591022,1
864691135565389335,864691136005670602,1
864691135565422679,864691136005906122,1
864691135565433367,864691136009244590,1
864691135565443095,864691136009061806,1
864691135565449495,864691136009415598,1
864691135565469783,864691136009415598,1
864691135565521751,864691136009299374,1
864691135565544727,864691136008907180,2
864691135565544727,864691136009229996,3
864691135565547095,864691136009394350,1
864691135565553687,864691136008420012,1
864691135565580055,864691136008439212,1
864691135565580055,864691136009493934,1
864691135565580055,864691136009507502,1
864691135565582167,864691136009061806,2
864691135565583895,864691136009440428,1
864691135565592151,864691136005835722,1
864691135565624663,864691136008226211,1
864691135565664791,864691136008490412,1
864691135565664791,864691136009318062,3
864691135565664791,864691136009335980,1
864691135565664791,864691136009511596,4
864691135565873431,864691136009539500,1
864691135565972247,864691136005816266,3
864691135566352407,864691136005589194,2
864691135566459671,864691136006798282,1
864691135566523159,864691136005589194,1
864691135566523159,864691136008762284,1
864691135566577431,864691136006798282,1
864691135566705943,864691136005656266,1
864691135566761815,864691136009394350,1
864691135566761815,864691136009473966,1
864691135566761815,864691136009768622,1
864691135566774551,864691136008884652,1
864691135566855191,864691136009461678,1
864691135566979927,864691136009326766,1
864691135567047191,864691136009154988,1
864691135567080279,864691136005816266,1
864691135567087703,864691136007339466,2
864691135567137111,864691136009292716,1
864691135567180823,864691136007281354,1
864691135567206743,864691136009424300,1
864691135567720684,864691136008762284,1
864691135567731436,864691136009423020,1
864691135567755244,864691136005906122,1
864691135567759340,864691136005695178,1
864691135567950828,864691136005890250,4
864691135567950828,864691136008907180,1
864691135567950828,864691136009229996,1
864691135567950828,864691136009318062,1
864691135567950828,864691136009423020,1
864691135567950828,864691136009511596,1
864691135568126956,864691136009539500,1
864691135568134636,864691136009507502,2
864691135568146156,864691136005670602,1
864691135568178412,864691136009539500,1
864691135568282348,864691136009425836,1
864691135568283116,864691136009473966,1
864691135568589804,864691136009425324,2
864691135568690412,864691136009425324,1
864691135568720108,864691136005624778,1
864691135568759532,864691136009424300,1
864691135568833004,864691136005624778,1
864691135568833004,864691136009236396,1
864691135568833004,864691136009424300,6
864691135568905350,864691136009440428,1
864691135568906630,864691136009061806,2
864691135568925830,864691136009410990,1
864691135568928134,864691136008591022,1
864691135568929158,864691136005646026,1
864691135568929158,864691136009415598,1
864691135568929158,864691136009507502,1
864691135569044204,864691136009236396,1
864691135569282284,864691136008907180,1
864691135569282284,864691136009318062,1
864691135569282284,864691136009335980,1
864691135569282284,864691136009440428,1
864691135569282284,864691136009511596,1
864691135569282284,864691136009539500,1
864691135569307014,864691136009299374,1
864691135569520518,864691136008805804,3
864691135569520518,864691136009440428,2
864691135569527686,864691136005835722,1
864691135569527686,864691136008452012,1
864691135569690092,864691136007281354,1
864691135569745542,864691136005835722,1
864691135569795718,864691136009292716,1
864691135569831814,864691136005816266,1
864691135569853318,864691136008846764,1
864691135569866988,864691136005589194,1
864691135569866988,864691136009359788,1
864691135569910406,864691136009440428,1
864691135569974150,864691136008907180,1
864691135569974662,864691136008805804,1
864691135570000006,864691136005205194,1
864691135570003590,864691136009394350,2
864691135570016390,864691136008591022,2
864691135570024326,864691136005816266,1
864691135570037126,864691136004798154,1
864691135570047110,864691136009315244,1
864691135570320620,864691136005589194,1
864691135570320620,864691136008577198,2
864691135570320620,864691136008762284,1
864691135570457990,864691136009154988,4
864691135570502790,864691136009217196,1
864691135570502790,864691136009292716,5
864691135570668781,864691136005670602,1
864691135570680301,864691136009438638,1
864691135570680813,864691136009061806,2
864691135570701037,864691136005906122,1
864691135570703597,864691136005721546,1
864691135570703597,864691136007281354,1
864691135570703597,864691136009473966,6
864691135570703597,864691136009768622,6
864691135570704877,864691136009425324,1
864691135570722797,864691136009425324,1
864691135570729709,864691136005623242,1
864691135570730886,864691136005330634,4
864691135570730886,864691136006508490,1
864691135570730886,864691136009332654,2
864691135570730886,864691136009539500,1
864691135570734317,864691136008439212,1
864691135570734317,864691136009507502,1
864691135570816134,864691136009154988,2
864691135570938349,864691136005890250,1
864691135571097990,864691136005543882,2
864691135571097990,864691136009425324,1
864691135571097990,864691136009499566,1
864691135571108742,864691136005203146,1
864691135571108742,864691136005205194,6
864691135571108742,864691136008870828,2
864691135571108742,864691136009394350,1
864691135571108742,864691136009768622,1
864691135571193478,864691136005589194,2
864691135571193478,864691136005656266,1
864691135571193478,864691136005816266,1
864691135571193478,864691136007281354,1
864691135571193478,864691136008762284,4
864691135571193478,864691136009359788,1
864691135571213861,864691136009419180,1
864691135571222765,864691136005589194,1
864691135571222765,864691136008762284,1
864691135571234285,864691136005890250,1
864691135571239205,864691136005623242,1
864691135571244525,864691136009415084,1
864691135571253741,864691136009539500,1
864691135571259429,864691136009299374,2
864691135571259941,864691136005695178,1
864691135571262245,864691136009415598,2
864691135571262245,864691136009507502,2
864691135571295366,864691136009473966,1
864691135571406573,864691136009440428,1
864691135571490341,864691136009425324,2
864691135571500837,864691136008431020,1
864691135571500837,864691136009061806,1
864691135571501605,864691136009383598,1
864691135571524486,864691136009326766,1
864691135571558693,864691136009061806,1
864691135571561965,864691136009440428,1
864691135571567653,864691136008431020,1
864691135571567653,864691136009061806,1
864691135571585261,864691136009499566,1
864691135571592685,864691136008439212,1
864691135571628325,864691136008907180,2
864691135571632518,864691136005589194,1
864691135571632518,864691136005816266,2
864691135571650797,864691136009440428,1
864691135571672813,864691136009359788,1
864691135571672813,864691136009425324,1
864691135571673837,864691136008591022,1
864691135571679525,864691136005589194,1
864691135571683053,864691136008762284,1
864691135571730413,864691136009768622,1
864691135571806189,864691136009332654,1
864691135571806445,864691136009511596,1
864691135571814381,864691136009335980,1
864691135571815661,864691136009394350,1
864691135571820525,864691136008226211,1
864691135571941413,864691136005560522,4
864691135571941413,864691136009461678,1
864691135571970541,864691136009410990,1
864691135571979045,864691136008431020,1
864691135572276773,864691136009424300,1
864691135572276773,864691136009425836,2
864691135572278053,864691136008787372,1
864691135572278053,864691136009507502,1
864691135572346349,864691136009326766,1
864691135572373229,864691136009383598,1
864691135572468773,864691136009332654,1
864691135572609061,864691136009440428,6
864691135572742637,864691136004798154,1
864691135573302509,864691136009410990,1
864691135573378797,864691136009461678,1
864691135573378797,864691136009768622,1
864691135573434093,864691136005589194,1
864691135573434093,864691136005816266,1
864691135573480173,864691136005589194,1
864691135575103774,864691136009229996,1
864691135575111198,864691136005757642,1
864691135575139614,864691136008431020,1
864691135575386654,864691136005816266,1
864691135575445790,864691136009318062,1
864691135575568414,864691136008490412,1
864691135575594014,864691136009415084,1
864691135575613214,864691136009229996,1
864691135575613214,864691136009318062,2
864691135575613214,864691136009335980,1
864691135575845150,864691136009415598,1
864691135575953694,864691136009415084,1
864691135575988510,864691136005340362,1
864691135575988510,864691136009768622,1
864691135576182046,864691136006703240,1
864691135576231454,864691136009440428,2
864691135576521246,864691136009440428,1
864691135576634654,864691136009513134,1
864691135576674078,864691136009415084,1
864691135576945157,864691136005646026,1
864691135576960517,864691136009418414,1
864691135576991518,864691136009154988,1
864691135577043486,864691136005816266,1
864691135577065246,864691136008577198,2
864691135577219077,864691136008460972,1
864691135577240350,864691136009383598,1
864691135577247774,864691136009425836,1
864691135577248005,864691136009229996,1
864691135577249285,864691136009332654,1
864691135577269765,864691136009359788,1
864691135577327902,864691136009476526,1
864691135577339141,864691136008787372,3
864691135577392068,864691136009270188,1
864691135577486853,864691136008870828,1
864691135577486853,864691136009394350,1
864691135577489157,864691136005330634,1
864691135577539614,864691136007281354,1
864691135577592606,864691136005560522,1
864691135577592606,864691136005757642,1
864691135577592606,864691136009154988,2
864691135577592606,864691136009424300,1
864691135577592606,864691136009461678,1
864691135577607198,864691136009270188,1
864691135577607198,864691136009292716,3
864691135577607198,864691136009424300,1
864691135577674782,864691136009154988,1
864691135577744414,864691136009768622,1
864691135577816862,864691136007281354,2
864691135577817630,864691136009359788,1
864691135577855006,864691136009292716,1
864691135577855006,864691136009424300,1
864691135577857029,864691136009270188,1
864691135578032389,864691136006508490,1
864691135578032389,864691136009440428,1
864691135578098949,864691136008870828,1
864691135578098949,864691136009007276,1
864691135578098949,864691136009366446,1
864691135578098949,864691136009768622,2
864691135578109445,864691136009315244,1
864691135578600965,864691136005589194,1
864691135578620421,864691136005656266,1
864691135578620421,864691136005816266,1
864691135578866693,864691136005816266,1
864691135579100165,864691136007281354,1
864691135579307269,864691136009473966,1
864691135579412741,864691136008884652,1
864691135581327044,864691136009314990,1
864691135581560685,864691136009415598,1
864691135581562221,864691136005835722,1
864691135581577325,864691136005890250,2
864691135581581677,864691136009415598,1
864691135581601389,864691136005543882,1
864691135581715565,864691136005589194,1
864691135581798765,864691136009410990,1
864691135581798765,864691136009425324,2
864691135581963629,864691136008591022,1
864691135581993581,864691136009348782,1
864691135582035821,864691136005340362,1
864691135582311277,864691136005589194,1
864691135582423149,864691136009507502,1
864691135582496365,864691136009419180,1
864691135582501741,864691136005816266,1
864691135582513517,864691136009440428,1
864691135582529901,864691136008880556,1
864691135582552685,864691136009440428,1
864691135582615149,864691136005656266,1
864691135582629997,864691136005623242,1
864691135582629997,864691136008559790,2
864691135582633325,864691136009415598,3
864691135582634349,864691136009507502,2
864691135582642029,864691136005835722,1
864691135582642029,864691136009423020,1
864691135582645101,864691136008226211,1
864691135582685938,864691136009511596,1
864691135582699629,864691136005656266,1
864691135583176301,864691136009499566,1
864691135583223405,864691136009326766,2
864691135583223405,864691136009394350,1
864691135583299437,864691136009440428,1
864691135583651704,864691136009424300,1
864691135583674488,864691136008486572,1
864691135583674488,864691136009415084,1
864691135583675768,864691136009415598,1
864691135583677048,864691136009315244,1
864691135583695992,864691136009332654,2
864691135583698040,864691136008444588,1
864691135583698040,864691136008787372,1
864691135583704952,864691136009244590,1
864691135583740024,864691136009410990,1
864691135583988722,864691136008452012,2
864691135583988722,864691136008490412,1
864691135583988722,864691136009315244,3
864691135583988722,864691136009394350,1
864691135584019053,864691136009007276,2
864691135584193912,864691136008762284,1
864691135584266093,864691136008846764,1
864691135584266093,864691136009511596,1
864691135584519533,864691136005589194,7
864691135584519533,864691136008762284,2
864691135584530552,864691136009476526,1
864691135584548973,864691136005589194,1
864691135584548973,864691136005656266,2
864691135584548973,864691136008762284,1
864691135584548973,864691136009425324,2
864691135584662648,864691136009425324,1
864691135584700536,864691136008486572,1
864691135584745080,864691136009007276,1
864691135584767096,864691136005624778,1
864691135584771181,864691136008577198,1
864691135584778861,864691136005816266,1
864691135584811128,864691136009314990,1
864691135584818552,864691136009236396,1
864691135584827768,864691136009511596,4
864691135584858488,864691136009335980,1
864691135585106044,864691136009425324,1
864691135585121916,864691136009513134,1
864691135585130108,864691136005205194,1
864691135585130108,864691136005721546,1
864691135585317752,864691136009513134,1
864691135585324668,864691136009425324,1
864691135585389692,864691136009440428,1
864691135585527164,864691136008226211,1
864691135585538428,864691136009419180,3
864691135585628280,864691136005623242,1
864691135585713528,864691136009366446,1
864691135585754236,864691136009348782,1
864691135585800828,864691136005624778,1
864691135585990012,864691136009425324,1
864691135586012024,864691136007281354,1
864691135586012024,864691136009425836,1
864691135586054524,864691136005890250,2
864691135586054524,864691136008490412,1
864691135586054524,864691136009229996,2
864691135586054524,864691136009423020,1
864691135586054524,864691136009511596,1
864691135586059900,864691136009513134,1
864691135586087804,864691136009425836,1
864691135586089596,864691136009359788,1
864691135586202232,864691136008907180,1
864691135586283644,864691136009473966,2
864691135586375292,864691136009061806,1
864691135586476412,864691136009425324,1
864691135586491260,864691136008452012,5
864691135586724220,864691136009768622,1
864691135586773628,864691136005340362,2
864691135586774908,864691136005560522,1
864691135586830716,864691136009394350,1
864691135586865092,864691136005816266,1
864691135586876028,864691136005906122,2
864691135586876028,864691136009513134,1
864691135587183996,864691136005624778,1
864691135587196284,864691136009410990,1
864691135587472252,864691136005205194,1
864691135587472252,864691136009473966,5
864691135587862652,864691136007281354,1
864691135587862652,864691136007339466,2
864691135587877756,864691136009394350,1
864691135589911563,864691136009061806,1
864691135589925643,864691136009507502,1
864691135589949707,864691136009229996,1
864691135590267147,864691136009236396,1
864691135590371851,864691136008762284,1
864691135590388491,864691136005589194,4
864691135590435339,864691136008226211,1
864691135590435339,864691136008444588,1
864691135590435339,864691136009415598,1
864691135590435339,864691136009423020,3
864691135590435339,864691136009493934,1
864691135590472203,864691136008907180,1
864691135590822667,864691136009270188,1
864691135590845963,864691136009500078,1
864691135590854411,864691136005656266,1
864691135590983435,864691136008907180,1
864691135590985227,864691136009507502,1
864691135590985739,864691136009292716,1
864691135591211019,864691136009359788,1
864691135591267339,864691136008762284,1
864691135591380747,864691136009507502,1
864691135591398411,864691136005695178,1
864691135591459595,864691136005199818,1
864691135591473419,864691136009768622,2
864691135591994891,864691136009425324,1
864691135592400139,864691136005560522,2
864691135592444171,864691136009461678,1
864691135592545035,864691136008884652,2
864691135592545035,864691136009425324,1
864691135592595211,864691136009359788,1
864691135592830731,864691136007339466,1
864691135592837899,864691136009007276,1
864691135592837899,864691136009314990,1
864691135592837899,864691136009424300,1
864691135592837899,864691136009461678,1
864691135593048331,864691136005589194,1
864691135593048331,864691136005816266,1
864691135593093131,864691136007281354,1
864691135593133067,864691136007281354,1
864691135593133067,864691136009366446,1
864691135593200395,864691136007281354,2
864691135593200395,864691136007339466,3
864691135593215243,864691136009511596,1
864691135593535787,864691136009539500,1
864691135593547307,864691136009507502,27
864691135593553707,864691136009415598,1
864691135593611563,864691136009507502,1
864691135593801515,864691136009424300,1
864691135593804587,864691136009154988,1
864691135593829163,864691136006508490,1
864691135593962539,864691136009507502,1
864691135593978155,864691136005816266,1
864691135594101291,864691136005835722,1
864691135594237483,864691136009493934,1
864691135594416427,864691136005816266,1
864691135594447915,864691136009423020,3
864691135594447915,864691136009493934,2
864691135594447915,864691136009507502,1
864691135594472747,864691136009154988,1
864691135594606379,864691136005890250,1
864691135594892331,864691136008870828,1
864691135595025707,864691136008452012,1
864691135595120939,864691136007281354,1
864691135595120939,864691136008884652,1
864691135595712811,864691136007339466,1
864691135595810859,864691136007339466,1
864691135596033835,864691136009473966,1
864691135596065835,864691136005656266,1
864691135596067115,864691136008884652,1
864691135596089899,864691136009425324,1
864691135596105003,864691136009299374,1
864691135596105003,864691136009394350,1
864691135609200707,864691136008807340,1
864691135609426183,864691136009061806,1
864691135609430279,864691136008486572,1
864691135609449479,864691136009511596,1
864691135609465351,864691136005646026,2
864691135609495303,864691136009511596,1
864691135609903111,864691136009270188,2
864691135609939975,864691136009493934,1
864691135609939975,864691136009507502,1
864691135609969159,864691136009348782,1
864691135610034439,864691136009423020,1
864691135610079555,864691136008805804,2
864691135610079555,864691136008807340,1
864691135610339079,864691136005624778,1
864691135610339079,864691136009424300,1
864691135610377991,864691136005670602,1
864691135610394887,864691136009236396,1
864691135610477319,864691136005607626,1
864691135610488839,864691136009500078,1
864691135610665735,864691136009007276,1
864691135610718215,864691136005816266,1
864691135610942983,864691136009425324,4
864691135611153671,864691136009244590,1
864691135611153671,864691136009415598,1
864691135611174919,864691136009476526,1
864691135611235079,864691136009473966,1
864691135611331079,864691136009425324,1
864691135611337735,864691136009425324,1
864691135611491591,864691136009425324,1
864691135611515655,864691136009425324,1
864691135611789831,864691136005623242,4
864691135611789831,864691136009332654,1
864691135611789831,864691136009419180,1
864691135611789831,864691136009539500,1
864691135611853063,864691136009424300,1
864691135611879943,864691136009315244,1
864691135611879943,864691136009410990,1
864691135614143947,864691136006745507,1
864691135614143947,864691136009415598,1
864691135614143947,864691136009423020,1
864691135614143947,864691136009493934,4
864691135614143947,864691136009507502,1
864691135614344139,864691136005205194,1
864691135614429387,864691136009424300,3
864691135614448843,864691136008762284,1
864691135614517707,864691136008444588,1
864691135614525643,864691136009229996,1
864691135614525643,864691136009423020,6
864691135614525643,864691136009493934,4
864691135614525643,864691136009500078,1
864691135614942411,864691136009061806,2
864691135614951115,864691136005670602,1
864691135615027403,864691136005816266,1
864691135615057355,864691136008444588,2
864691135615057355,864691136008787372,2
864691135615057355,864691136009493934,2
864691135615057355,864691136009507502,1
864691135615073739,864691136008953518,1
864691135615073739,864691136009415598,1
864691135615089867,864691136008807340,1
864691135615109835,864691136005816266,2
864691135615193547,864691136005835722,1
864691135615248075,864691136009461678,1
864691135615331787,864691136005835722,1
864691135615331787,864691136009440428,1
864691135615438795,864691136005835722,2
864691135615438795,864691136008490412,1
864691135615438795,864691136009315244,1
864691135615438795,864691136009318062,2
864691135615438795,864691136009511596,1
864691135615516363,864691136009539500,1
864691135615571403,864691136005721546,1
864691135615757515,864691136009217196,1
864691135615784553,864691136009499566,1
864691135615787881,864691136009415598,1
864691135615790953,864691136005816266,1
864691135615798889,864691136005646026,1
864691135615803497,864691136006508490,1
864691135615803497,864691136009511596,1
864691135616036457,864691136009425324,1
864691135616070347,864691136005589194,3
864691135616070347,864691136005816266,1
864691135616107625,864691136009419180,1
864691135616143721,864691136005205194,1
864691135616227275,864691136009292716,1
864691135616227275,864691136009383598,1
864691135616235979,864691136009425324,1
864691135616263273,864691136005816266,1
864691135616317289,864691136008762284,1
864691135616356969,864691136009500078,1
864691135616568523,864691136008762284,1
864691135616568523,864691136008884652,1
864691135616568523,864691136009359788,1
864691135616588137,864691136009425324,1
864691135616639947,864691136009314990,1
864691135616647273,864691136006745507,1
864691135616698729,864691136009292716,1
864691135616773737,864691136009332654,2
864691135616790889,864691136008431020,1
864691135616851817,864691136009493934,1
864691135616867177,864691136008452012,3
864691135616879721,864691136005816266,1
864691135616896873,864691136009507502,1
864691135616907113,864691136008762284,1
864691135616994153,864691136005835722,1
864691135616994153,864691136009315244,1
864691135617052265,864691136008807340,1
864691135617749647,864691136005835722,1
864691135617750415,864691136008559790,1
864691135617755279,864691136008226211,1
864691135617757071,864691136006745507,2
864691135617757071,864691136009415598,1
864691135617757071,864691136009507502,1
864691135617760655,864691136009440428,1
864691135617772175,864691136009461678,1
864691135617789839,864691136009348782,1
864691135617807247,864691136006745507,1
864691135617810063,864691136008460972,1
864691135617998991,864691136005340362,1
864691135618011535,864691136008880556,1
864691135618011535,864691136009415084,6
864691135618079849,864691136005624778,1
864691135618109839,864691136009326766,1
864691135618185359,864691136008431020,1
864691135618219407,864691136005816266,1
864691135618266729,864691136005340362,1
864691135618295183,864691136009394350,1
864691135618310249,864691136009425324,1
864691135618375785,864691136006798282,1
864691135618375785,864691136008762284,1
864691135618375785,864691136009359788,1
864691135618529129,864691136009314990,1
864691135618531983,864691136005330634,1
864691135618564495,864691136009493934,1
864691135618649999,864691136008805804,1
864691135618693007,864691136008591022,1
864691135618695823,864691136005721546,1
864691135618718607,864691136006508490,2
864691135618720655,864691136005809866,1
864691135618877071,864691136008907180,1
864691135619186575,864691136009394350,1
864691135619317391,864691136009154988,1
864691135619317391,864691136009326766,1
864691135619403663,864691136009236396,1
864691135619493007,864691136005589194,1
864691135619501455,864691136008870828,1
864691135619501455,864691136009394350,1
864691135619638671,864691136005890250,2
864691135619638671,864691136008490412,2
864691135638952763,864691136006745507,1
864691135638981435,864691136004798154,1
864691135638981435,864691136009299374,4
864691135638986555,864691136009061806,2
864691135638992699,864691136008762284,1
864691135639012155,864691136008444588,1
864691135639012155,864691136008787372,1
864691135639666491,864691136009348782,5
864691135639767099,864691136009315244,1
864691135639874619,864691136009425324,1
864691135639876667,864691136009440428,1
864691135639885627,864691136009493934,1
864691135639898683,864691136005890250,1
864691135639910459,864691136008907180,1
864691135640074811,864691136008559790,1
864691135640508731,864691136009217196,1
864691135640570171,864691136005816266,2
864691135640985028,864691136005560522,1
864691135641402564,864691136009061806,1
864691135641403195,864691136005835722,1
864691135641491003,864691136005816266,1
864691135641491003,864691136009326766,1
864691135641510203,864691136008953518,2
864691135641510203,864691136009476526,1
864691135641518395,864691136009461678,1
864691135641518395,864691136009768622,1
864691135644589295,864691136009200300,1
864691135644608495,864691136008486572,1
864691135644633583,864691136009415598,1
864691135644634863,864691136009223086,1
864691135644688367,864691136009425324,1
864691135644709871,864691136009418414,1
864691135644719599,864691136009423020,1
864691135644719599,864691136009493934,1
864691135644767727,864691136009415598,1
864691135644804591,864691136005560522,1
864691135644804591,864691136005906122,1
864691135644804591,864691136008805804,2
864691135645033711,864691136008884652,1
864691135645033711,864691136009366446,1
864691135645065199,864691136006508490,1
864691135645070575,864691136009061806,1
864691135645143279,864691136008846764,1
864691135645143279,864691136009332654,1
864691135645143279,864691136009440428,6
864691135645393647,864691136005624778,1
864691135645407215,864691136009425324,1
864691135645435631,864691136009507502,1
864691135645436911,864691136006745507,1
864691135645751791,864691136009229996,1
864691135645812207,864691136009394350,1
864691135645819375,864691136009318062,1
864691135645858799,864691136005835722,1
864691135645900527,864691136009410990,1
864691135646147567,864691136007281354,1
864691135646618863,864691136009410990,1
864691135646705903,864691136009314990,1
864691135646796015,864691136005589194,1
864691135646796015,864691136009359788,1
864691135654022338,864691136009154988,1
864691135654030530,864691136009335980,1
864691135654043586,864691136009473966,1
864691135654047682,864691136009394350,1
864691135654053570,864691136005205194,1
864691135654054338,864691136008591022,1
864691135654064322,864691136009061806,2
864691135654067394,864691136008490412,1
864691135654102210,864691136005340362,2
864691135654106306,864691136009768622,1
864691135654159810,864691136009244590,1
864691135654159810,864691136009507502,1
864691135654354370,864691136008953518,1
864691135654354370,864691136009440428,1
864691135654417858,864691136005199818,1
864691135654417858,864691136006703240,1
864691135654418370,864691136009061806,1
864691135654420162,864691136009425324,1
864691135654447554,864691136009507502,5
864691135654453698,864691136009423020,1
864691135654453698,864691136009493934,1
864691135654601154,864691136008575150,1
864691135654633154,864691136005589194,1
864691135654676418,864691136009424300,2
864691135654888898,864691136008486572,4
864691135654931650,864691136004798154,1
864691135654948546,864691136009425324,1
864691135655069890,864691136009299374,2
864691135655104450,864691136005816266,1
864691135655140802,864691136009500078,3
864691135655168706,864691136009394350,1
864691135655173570,864691136009383598,1
864691135655414466,864691136006508490,1
864691135655686082,864691136004798154,1
864691135655768258,864691136009229996,2
864691135656073410,864691136009217196,1
864691135656073410,864691136009292716,4
864691135656157378,864691136005656266,1
864691135656253122,864691136005560522,1
864691135656253122,864691136009768622,1
864691135656397250,864691136009424300,1
864691135656654530,864691136005656266,2
864691135656654530,864691136005816266,1
864691135656778946,864691136005835722,3
864691135656778946,864691136005906122,1
864691135656778946,864691136006703240,1
864691135656778946,864691136008490412,1
864691135656778946,864691136009318062,6
864691135656778946,864691136009335980,4
864691135656778946,864691136009511596,6
864691135656800706,864691136008762284,1
864691135656800706,864691136009359788,4
864691135657767298,864691136009415598,1
864691135657800834,864691136009223086,1
864691135657810050,864691136008486572,1
864691135658163586,864691136009425324,1
864691135658266498,864691136009318062,1
864691135658266498,864691136009335980,2
864691135658302338,864691136005589194,1
864691135658302338,864691136008762284,1
864691135658328962,864691136005816266,1
864691135658343554,864691136009415084,1
864691135658737538,864691136008431020,1
864691135658737538,864691136009415598,1
864691135658803842,864691136009511596,1
864691135658848386,864691136009270188,1
864691135658865026,864691136009511596,1
864691135658889346,864691136005199818,1
864691135658911618,864691136009348782,3
864691135658913922,864691136009244590,1
864691135658954370,864691136009314990,1
864691135659105410,864691136009425324,2
864691135659207554,864691136006798282,1
864691135659207554,864691136009425324,1
864691135659498114,864691136005330634,1
864691135659498114,864691136005835722,1
864691135659498114,864691136005890250,1
864691135659498114,864691136006508490,2
864691135659498114,864691136009423020,2
864691135659637122,864691136006508490,1
864691135659687554,864691136007281354,1
864691135659777666,864691136007339466,1
864691135659824514,864691136007281354,1
864691135659869826,864691136005589194,3
864691135659869826,864691136005816266,2
864691135659869826,864691136008762284,1
864691135660108674,864691136009461678,2
864691135660500720,864691136009539500,1
864691135660504560,864691136009332654,1
864691135660516336,864691136008431020,1
864691135660516336,864691136009061806,2
864691135660524016,864691136009415084,1
864691135660543984,864691136005589194,1
864691135660547312,864691136009154988,1
864691135660549872,864691136009507502,2
864691135660570608,864691136006745507,1
864691135660710384,864691136008870828,1
864691135660720880,864691136009473966,1
864691135660830704,864691136009415598,1
864691135660831984,864691136004798154,1
864691135660842224,864691136009061806,1
864691135660876784,864691136009493934,1
864691135661074928,864691136005835722,2
864691135661130224,864691136009768622,1
864691135661192688,864691136009359788,1
864691135661221360,864691136009236396,1
864691135661288944,864691136005589194,1
864691135661288944,864691136005816266,1
864691135661415920,864691136009768622,1
864691135661426928,864691136005757642,1
864691135661591792,864691136009415598,1
864691135661591792,864691136009507502,2
864691135661622512,864691136009348782,1
864691135661671664,864691136009415598,9
864691135661880816,864691136008870828,1
864691135662000112,864691136009217196,3
864691135662008816,864691136005816266,1
864691135662423792,864691136006798282,3
864691135662423792,864691136009410990,2
864691135662448880,864691136005835722,1
864691135662448880,864691136009511596,2
864691135662718192,864691136009461678,1
864691135662978032,864691136005656266,1
864691135662978032,864691136005816266,8
864691135675768306,864691136008591022,1
864691135677500995,864691136009332654,1
864691135679641586,864691136008591022,2
864691135682294932,864691136008907180,3
864691135682723220,864691136008846764,1
864691135683223026,864691136005560522,1
864691135683223026,864691136009007276,1
864691135683413746,864691136009507502,2
864691135683513330,864691136005809866,1
864691135683513330,864691136008559790,1
864691135683577842,864691136006703240,1
864691135683641330,864691136005340362,1
864691135683731954,864691136009507502,1
864691135683738354,864691136008880556,1
864691135683777266,864691136008439212,1
864691135683946935,864691136005835722,2
864691135683968695,864691136008439212,3
864691135683968695,864691136009500078,5
864691135683968695,864691136009507502,2
864691135683980983,864691136005816266,1
864691135684189682,864691136005589194,1
864691135684284914,864691136005624778,1
864691135684304370,864691136009415084,1
864691135684321522,864691136009440428,1
864691135684401847,864691136009461678,1
864691135684464823,864691136005835722,1
864691135684464823,864691136009507502,10
864691135684468372,864691136006508490,1
864691135684574391,864691136006508490,1
864691135684574391,864691136006703240,1
864691135684574391,864691136008420012,1
864691135684574391,864691136009315244,1
864691135684663991,864691136007281354,1
864691135684663991,864691136008880556,2
864691135684853175,864691136005656266,1
864691135684895927,864691136005816266,1
864691135684895927,864691136009425324,2
864691135684964279,864691136009418414,1
864691135685034994,864691136005816266,2
864691135685060338,864691136005543882,1
864691135685060338,864691136009425324,1
864691135685061874,864691136008880556,1
864691135685082807,864691136009394350,1
864691135685396151,864691136009154988,2
864691135685396151,864691136009438638,1
864691135685598450,864691136005816266,1
864691135685601522,864691136009332654,1
864691135685645810,864691136009440428,1
864691135685679858,864691136009476526,1
864691135685720050,864691136005656266,1
864691135685720050,864691136007339466,3
864691135685720050,864691136008577198,2
864691135685720050,864691136009359788,2
864691135685773495,864691136008420012,1
864691135685773495,864691136008490412,1
864691135685773495,864691136009513134,1
864691135685853367,864691136005816266,2
864691135686091447,864691136005906122,1
864691135686091447,864691136008807340,1
864691135686091447,864691136009200300,4
864691135686091447,864691136009539500,1
864691135686178743,864691136009200300,1
864691135686386615,864691136009425324,1
864691135686559415,864691136005757642,4
864691135686568119,864691136005656266,2
864691135686568119,864691136005816266,3
864691135686568119,864691136009359788,2
864691135686743479,864691136009768622,1
864691135686755511,864691136005205194,1
864691135686755511,864691136007281354,3
864691135686755511,864691136007339466,1
864691135686755511,864691136009366446,1
864691135686755511,864691136009473966,1
864691135686755511,864691136009768622,1
864691135686758327,864691136009511596,1
864691135686818743,864691136009461678,1
864691135686884320,864691136009292716,1
864691135686896096,864691136009507502,1
864691135686899424,864691136008846764,1
864691135686905824,864691136008953518,2
864691135686907872,864691136005205194,1
864691135686913760,864691136008953518,2
864691135686929888,864691136009314990,1
864691135686945760,864691136008575150,1
864691135686948832,864691136005721546,1
864691135686957024,864691136009425324,1
864691135687217632,864691136009315244,2
864691135687241184,864691136008444588,1
864691135687241184,864691136008787372,1
864691135687268064,864691136009229996,1
864691135687677920,864691136005906122,1
864691135687761632,864691136005199818,1
864691135687761632,864691136005890250,1
864691135687812320,864691136009359788,1
864691135687863776,864691136008452012,1
864691135687864032,864691136009440428,1
864691135687873248,864691136006508490,1
864691135687898080,864691136005670602,1
864691135688049376,864691136009425324,1
864691135688344544,864691136005543882,1
864691135688405216,864691136006798282,1
864691135688419296,864691136009768622,1
864691135688915168,864691136006798282,3
864691135688915168,864691136009425324,1
864691135688960736,864691136005589194,1
864691135688960736,864691136005816266,1
864691135688960736,864691136009359788,3
864691135689062880,864691136005890250,1
864691135689062880,864691136008907180,1
864691135689361888,864691136009007276,1
864691135689555680,864691136009314990,2
864691135689646304,864691136009425324,2
864691135689692384,864691136005721546,1
864691135689692384,864691136009299374,1
864691135689692384,864691136009461678,1
864691135689692384,864691136009473966,1
864691135689724896,864691136005816266,1
864691135689735904,864691136005560522,1
864691135689735904,864691136008420012,2
864691135689735904,864691136009539500,1
864691135689735904,864691136009768622,1
864691135689760736,864691136005816266,1
864691135689787360,864691136005560522,1
864691135689787360,864691136007281354,2
864691135689787360,864691136009461678,4
864691135692699583,864691136009061806,2
864691135692743871,864691136009425324,1
864691135692744639,864691136006798282,2
864691135692847764,864691136005890250,2
864691135692847764,864691136008452012,1
864691135693131967,864691136009507502,1
864691135693415871,864691136005816266,1
864691135693533887,864691136009440428,1
864691135693556927,864691136009061806,1
864691135693664447,864691136009499566,1
864691135693691071,864691136006798282,1
864691135693705407,864691136005835722,1
864691135693705407,864691136009318062,2
864691135693709503,864691136005906122,1
864691135693710271,864691136008907180,4
864691135694014911,864691136005890250,2
864691135694014911,864691136009229996,1
864691135694014911,864691136009423020,1
864691135694341567,864691136006798282,1
864691135694341567,864691136009410990,5
864691135694598847,864691136005589194,1
864691135694753727,864691136006798282,4
864691135695197375,864691136005589194,2
864691135695197375,864691136005656266,3
864691135695197375,864691136005816266,2
864691135695231935,864691136009424300,1
864691135695972250,864691136009438638,1
864691135695989658,864691136009415598,1
864691135696320410,864691136008880556,1
864691135696380826,864691136005646026,1
864691135696380826,864691136009440428,1
864691135696412570,864691136008490412,1
864691135696720026,864691136009424300,1
864691135696753562,864691136008953518,1
864691135696809370,864691136009229996,1
864691135696826778,864691136005203146,1
864691135696900506,864691136009415084,5
864691135696916122,864691136005757642,1
864691135696917146,864691136009415598,2
864691135696935066,864691136009359788,1
864691135697378069,864691136005205194,1
864691135697398549,864691136008787372,1
864691135697410325,864691136005203146,1
864691135697410325,864691136008420012,2
864691135697410325,864691136008870828,2
864691135697410325,864691136009315244,2
864691135697410325,864691136009394350,1
864691135697436314,864691136009473966,1
864691135697793557,864691136008762284,2
864691135697865882,864691136005199818,1
864691135697865882,864691136005890250,1
864691135698097173,864691136009424300,1
864691135698253333,864691136009507502,1
864691135698270106,864691136009539500,4
864691135698417941,864691136009500078,1
864691135698462741,864691136009359788,1
864691135698529178,864691136005656266,1
864691135698529178,864691136009461678,1
864691135698718485,864691136005835722,3
864691135698718485,864691136008452012,1
864691135698718485,864691136008490412,1
864691135698740757,864691136009507502,6
864691135699133717,864691136005835722,1
864691135699133717,864691136009315244,1
864691135699286050,864691136008486572,1
864691135699291170,864691136009507502,2
864691135699306274,864691136009507502,1
864691135699346965,864691136005589194,1
864691135699346965,864691136005656266,1
864691135699346965,864691136005816266,1
864691135699536930,864691136008591022,2
864691135699550754,864691136009511596,1
864691135699607829,864691136005560522,1
864691135699607829,864691136007281354,2
864691135699771925,864691136005816266,1
864691135699771925,864691136009425324,1
864691135699818005,864691136005656266,1
864691135699905557,864691136005757642,5
864691135699905557,864691136009154988,4
864691135699929634,864691136009415598,2
864691135699958562,864691136005589194,1
864691135699958562,864691136008762284,1
864691135699980578,864691136005656266,1
864691135700022306,864691136005670602,1
864691135700080674,864691136009425324,1
864691135700105506,864691136009061806,1
864691135700146978,864691136005340362,1
864691135700149794,864691136005816266,1
864691135700176930,864691136009314990,1
864691135700219003,864691136005816266,1
864691135700224635,864691136006798282,1
864691135700253563,864691136009424300,1
864691135700254242,864691136008591022,1
864691135700259874,864691136009507502,1
864691135700260642,864691136009244590,1
864691135700266107,864691136009768622,2
864691135700272162,864691136006508490,1
864691135700277883,864691136008452012,1
864691135700277883,864691136008490412,1
864691135700278651,864691136005835722,1
864691135700409211,864691136005890250,1
864691135700477730,864691136007281354,1
864691135700497954,864691136005835722,1
864691135700506914,864691136009415598,1
864691135700506914,864691136009507502,2
864691135700569890,864691136005695178,1
864691135700750971,864691136005607626,1
864691135701115515,864691136008953518,1
864691135701200930,864691136004798154,1
864691135701200930,864691136005340362,1
864691135701227899,864691136008490412,1
864691135701228155,864691136009332654,1
864691135701234555,864691136009440428,1
864691135701270139,864691136007281354,1
864691135701398651,864691136009270188,1
864691135701404283,864691136009415084,1
864691135701427579,864691136009440428,1
864691135701427579,864691136009768622,1
864691135701592699,864691136009415598,1
864691135701876514,864691136009154988,1
864691135701898786,864691136005624778,1
864691135701898786,864691136009425324,1
864691135702609275,864691136005816266,1
864691135702914427,864691136009424300,1
864691135703055995,864691136005543882,1
864691135703055995,864691136008762284,10
864691135703055995,864691136009425324,2
864691135703291771,864691136007281354,3
864691135703291771,864691136009326766,1
864691135703308923,864691136006508490,1
864691135703595668,864691136009061806,1
864691135704914580,864691136005835722,1
864691135711594388,864691136008490412,1
864691135715209242,864691136005890250,1
864691135715300500,864691136005835722,2
864691135715300500,864691136008490412,1
864691135715300500,864691136009511596,4
864691135715477274,864691136009326766,1
864691135715478810,864691136008907180,1
864691135715619098,864691136006745507,1
864691135715621914,864691136009507502,1
864691135715700250,864691136009440428,1
864691135715769882,864691136009229996,1
864691135715909402,864691136008762284,2
864691135715988762,864691136009500078,1
864691135716017434,864691136005670602,2
864691135716147482,864691136005543882,1
864691135716157722,864691136008452012,2
864691135716160538,864691136009223086,1
864691135716161306,864691136005623242,1
864691135716189466,864691136009419180,1
864691135716237594,864691136005670602,2
864691135716237594,864691136009061806,1
864691135716337178,864691136009423020,1
864691135716553876,864691136008452012,1
864691135716553876,864691136009335980,1
864691135716553876,864691136009423020,8
864691135716553876,864691136009493934,2
864691135716553876,864691136009507502,1
864691135716679194,864691136007281354,1
864691135716929562,864691136004798154,2
864691135716929562,864691136005721546,2
864691135716929562,864691136007281354,1
864691135716929562,864691136009461678,1
864691135717123354,864691136005543882,1
864691135717174810,864691136005816266,1
864691135717174810,864691136009425324,1
864691135717275162,864691136009154988,1
864691135717365018,864691136005816266,1
864691135717528346,864691136005589194,8
864691135717528346,864691136008762284,1
864691135717601562,864691136007281354,1
864691135717601562,864691136009461678,1
864691135718228372,864691136005890250,3
864691135718228372,864691136009244590,1
864691135718228372,864691136009507502,1
864691135718473521,864691136009415598,2
864691135718485297,864691136009348782,2
864691135718815793,864691136009768622,1
864691135719092273,864691136005589194,4
864691135719269937,864691136005721546,1
864691135719446577,864691136009223086,2
864691135719447345,864691136008226211,2
864691135719448212,864691136009415598,2
864691135719717937,864691136004798154,1
864691135719738929,864691136005816266,2
864691135719782449,864691136008490412,1
864691135719782449,864691136009318062,1
864691135719990833,864691136009425324,1
864691135720001585,864691136009425324,1
864691135720035377,864691136009425324,1
864691135720118833,864691136009415598,1
864691135720335665,864691136005890250,2
864691135720335665,864691136008490412,1
864691135720335665,864691136009511596,10
864691135720337201,864691136009513134,1
864691135720559921,864691136009424300,1
864691135720638769,864691136009499566,1
864691135720642353,864691136009326766,1
864691135720712753,864691136007339466,1
864691135722979220,864691136005670602,4
864691135722979220,864691136009418414,7
864691135724202667,864691136009410990,1
864691135724212139,864691136009440428,1
864691135724237227,864691136009507502,1
864691135724521899,864691136005624778,2
864691135724769451,864691136005656266,1
864691135724769451,864691136005816266,1
864691135724847787,864691136005695178,1
864691135724847787,864691136006508490,1
864691135724847787,864691136009440428,1
864691135724856747,864691136009154988,1
864691135724976811,864691136009423020,1
864691135725029291,864691136009423020,1
864691135725029291,864691136009500078,1
864691135725193899,864691136008591022,1
864691135725225131,864691136009292716,1
864691135725591615,864691136009348782,1
864691135725623359,864691136009223086,1
864691135725766463,864691136009332654,1
864691135725766463,864691136009440428,1
864691135725844287,864691136008226211,1
864691135725929279,864691136008577198,2
864691135725929279,864691136009217196,1
864691135725929279,864691136009292716,2
864691135725940031,864691136005721546,1
864691135725989439,864691136005656266,1
864691135725989439,864691136008577198,4
864691135726033727,864691136009348782,1
864691135726077611,864691136008420012,1
864691135726113451,864691136005721546,1
864691135726113451,864691136008884652,2
864691135726214571,864691136005906122,1
864691135726214571,864691136009200300,1
864691135726214571,864691136009438638,2
864691135726422079,864691136009229996,1
864691135726426027,864691136009511596,1
864691135726427199,864691136005835722,1
864691135726442155,864691136005695178,1
864691135726442155,864691136005906122,3
864691135726442155,864691136008805804,1
864691135726442155,864691136009200300,1
864691135726442155,864691136009539500,7
864691135726474559,864691136009217196,1
864691135726474559,864691136009270188,1
864691135726476607,864691136009366446,1
864691135726477119,864691136009236396,1
864691135726477119,864691136009270188,1
864691135726487359,864691136005835722,1
864691135726597803,864691136005721546,1
864691135726597803,864691136009473966,1
864691135726599743,864691136004798154,1
864691135726599743,864691136005721546,1
864691135726599743,864691136008420012,1
864691135726627243,864691136007281354,1
864691135726635327,864691136009507502,1
864691135726677311,864691136008870828,1
864691135726869419,864691136009473966,2
864691135726947755,864691136009154988,1
864691135726965419,864691136007281354,1
864691135727459903,864691136009061806,1
864691135727459903,864691136009438638,2
864691135727613503,864691136009299374,1
864691135727684671,864691136009326766,3
864691135727799359,864691136007281354,1
864691135727925311,864691136009314990,1
864691135727929663,864691136008884652,1
864691135727929663,864691136009326766,1
864691135727929663,864691136009366446,1
864691135727929663,864691136009513134,2
864691135728018751,864691136005757642,6
864691135728119103,864691136005589194,8
864691135728119103,864691136005816266,1
864691135730098361,864691136009061806,1
864691135730107065,864691136009315244,1
864691135730138297,864691136009415598,1
864691135730144185,864691136006508490,1
864691135730157497,864691136008787372,1
864691135730164921,864691136006508490,1
864691135730164921,864691136008807340,1
864691135730166969,864691136008762284,1
864691135730170041,864691136009366446,2
864691135730199993,864691136005695178,1
864691135730201273,864691136009415598,2
864691135730490809,864691136005205194,2
864691135730550201,864691136009292716,1
864691135730655929,864691136009410990,1
864691135730667193,864691136005670602,1
864691135730716345,864691136004798154,1
864691135730914745,864691136009217196,1
864691135731038137,864691136009217196,1
864691135731086777,864691136008907180,1
864691135731189945,864691136009348782,1
864691135731198649,864691136008226211,3
864691135731198649,864691136009493934,1
864691135731209145,864691136008907180,1
864691135731225785,864691136009511596,1
864691135731238073,864691136005890250,1
864691135731238073,864691136009507502,1
864691135731238073,864691136009511596,2
864691135731681209,864691136005835722,1
864691135731705273,864691136009511596,1
864691135731744185,864691136005340362,1
864691135731918521,864691136009473966,1
864691135731965076,864691136006508490,1
864691135731965076,864691136009440428,1
864691135732142521,864691136005656266,5
864691135732172692,864691136005203146,1
864691135732172692,864691136005205194,2
864691135732172692,864691136006703240,1
864691135732172692,864691136008452012,2
864691135732172692,864691136009315244,1
864691135732172692,864691136009318062,2
864691135732172692,864691136009511596,1
864691135732263353,864691136005816266,1
864691135732324537,864691136004798154,1
864691135732419769,864691136005816266,1
864691135732668345,864691136007339466,1
864691135732877972,864691136009223086,10
864691135732877972,864691136009511596,3
864691135735690388,864691136009507502,1
864691135735960724,864691136005835722,1
864691135736296084,864691136005835722,2
864691135736296084,864691136005890250,1
864691135736296084,864691136006508490,1
864691135736296084,864691136008452012,3
864691135736296084,864691136009315244,1
864691135736296084,864691136009423020,4
864691135736296084,864691136009511596,2
864691135736595092,864691136005835722,1
864691135736876932,864691136009410990,1
864691135736886660,864691136009440428,3
864691135736893572,864691136009292716,1
864691135736923780,864691136005816266,1
864691135736931716,864691136004798154,3
864691135736931716,864691136009768622,1
864691135737100676,864691136005906122,1
864691135737101700,864691136005607626,1
864691135737101700,864691136005670602,2
864691135737126532,864691136009366446,1
864691135737262468,864691136004798154,1
864691135737277060,864691136008762284,1
864691135737494385,864691136007281354,1
864691135737501844,864691136005199818,1
864691135737501844,864691136005890250,1
864691135737501844,864691136008452012,2
864691135737501844,864691136008490412,3
864691135737501844,864691136009423020,1
864691135737501844,864691136009493934,1
864691135737508465,864691136008846764,1
864691135737520772,864691136009348782,1
864691135737520772,864691136009476526,1
864691135737709956,864691136008486572,1
864691135737724292,864691136005835722,1
864691135737736836,864691136005890250,1
864691135737743473,864691136005835722,1
864691135737747844,864691136008870828,1
864691135737787012,864691136009440428,2
864691135737799537,864691136006745507,1
864691135737899121,864691136005757642,1
864691135738003569,864691136009229996,1
864691135738017412,864691136008884652,1
864691135738112916,864691136009335980,1
864691135738256532,864691136005203146,1
864691135738256532,864691136005890250,1
864691135738256532,864691136008490412,1
864691135738256532,864691136009315244,2
864691135738306673,864691136008762284,1
864691135738314353,864691136008805804,1
864691135738325140,864691136005835722,2
864691135738325140,864691136005890250,1
864691135738325140,864691136008490412,1
864691135738325140,864691136009507502,1
864691135738387076,864691136005721546,1
864691135738387076,864691136008870828,1
864691135738387076,864691136009394350,5
864691135738387076,864691136009513134,3
864691135738387076,864691136009768622,5
864691135738495857,864691136008591022,3
864691135738522481,864691136009507502,1
864691135738523505,864691136009332654,1
864691135738528900,864691136009299374,1
864691135738532977,864691136009423020,1
864691135738572401,864691136005695178,1
864691135738623857,864691136009425324,1
864691135738900356,864691136009473966,1
864691135739149169,864691136009425324,1
864691135739222129,864691136005816266,4
864691135739315076,864691136005816266,1
864691135739320945,864691136005757642,6
864691135739320945,864691136009154988,1
864691135739429489,864691136009394350,1
864691135739429489,864691136009768622,1
864691135739563156,864691136009229996,1
864691135739572628,864691136009424300,1
864691135739617940,864691136008431020,2
864691135739622804,864691136008486572,2
864691135739623572,864691136005199818,3
864691135739623572,864691136005835722,1
864691135739627156,864691136005670602,1
864691135739627156,864691136009223086,3
864691135739670129,864691136005589194,1
864691135739670129,864691136005607626,2
864691135739670129,864691136005816266,2
864691135739670129,864691136009299374,2
864691135739753073,864691136009007276,2
864691135739753073,864691136009768622,1
864691135739986580,864691136005330634,1
864691135740009620,864691136005199818,1
864691135740128148,864691136008762284,1
864691135740183659,864691136009415084,1
864691135740189291,864691136009418414,1
864691135740215659,864691136008953518,1
864691135740270955,864691136009415598,1
864691135740293524,864691136009415598,1
864691135740429972,864691136009292716,1
864691135740557972,864691136009299374,1
864691135740565652,864691136009415598,6
864691135740615019,864691136009507502,1
864691135740660587,864691136005670602,1
864691135740673387,864691136009425836,1
864691135740692843,864691136005203146,1
864691135740692843,864691136008452012,3
864691135740692843,864691136009299374,1
864691135740738708,864691136009270188,1
864691135740752020,864691136009217196,1
864691135740848532,864691136005589194,2
864691135741014379,864691136005330634,1
864691135741090196,864691136005560522,1
864691135741182827,864691136009223086,2
864691135741206635,864691136009244590,1
864691135741206891,864691136009425324,1
864691135741211243,864691136009507502,1
864691135741221739,864691136008577198,1
864691135741232788,864691136005607626,1
864691135741232788,864691136005695178,1
864691135741232788,864691136008575150,1
864691135741232788,864691136009332654,1
864691135741351787,864691136009229996,1
864691135741360235,864691136009415598,1
864691135741439851,864691136009410990,1
864691135741512596,864691136007339466,1
864691135741607060,864691136009326766,1
864691135741612692,864691136009326766,1
864691135741810580,864691136005589194,3
864691135741810580,864691136005816266,5
864691135741810580,864691136009425324,1
864691135741817236,864691136005560522,1
864691135741817236,864691136005816266,1
864691135741817236,864691136007281354,1
864691135741817236,864691136007339466,1
864691135741817236,864691136009326766,1
864691135741817236,864691136009461678,1
864691135741817236,864691136009473966,1
864691135741817236,864691136009768622,1
864691135741863316,864691136009326766,1
864691135741893780,864691136005721546,1
864691135741908116,864691136007281354,1
864691135741994388,864691136009461678,1
864691135741998484,864691136009007276,1
864691135741998484,864691136009326766,1
864691135742189163,864691136007339466,1
864691135742366827,864691136005203146,2
864691135742366827,864691136005205194,2
864691135742366827,864691136005890250,1
864691135742366827,864691136008870828,1
864691135742366827,864691136009315244,1
864691135742366827,864691136009394350,1
864691135742747755,864691136009326766,1
864691135742753387,864691136009007276,1
864691135742895723,864691136007281354,2
864691135742998379,864691136007281354,1
864691135743079019,864691136009007276,1
864691135743079019,864691136009768622,3
864691135743183723,864691136008762284,1
864691135743269739,864691136009359788,1
864691135746106760,864691136008807340,2
864691135747065736,864691136005203146,1
864691135747065736,864691136009394350,1
864691135748563497,864691136005340362,1
864691135748589609,864691136005205194,1
864691135748733737,864691136009425324,1
864691135748748329,864691136005670602,1
864691135748962857,864691136009415598,1
864691135749020201,864691136009507502,2
864691135749102121,864691136009500078,1
864691135749141801,864691136009768622,1
864691135749573673,864691136009270188,1
864691135749573673,864691136009415084,1
864691135749590313,864691136009507502,1
864691135749853225,864691136009493934,1
864691135749936681,864691136007339466,1
864691135750258985,864691136004798154,1
864691135750258985,864691136009473966,3
864691135750377257,864691136005589194,1
864691135750377257,864691136005816266,2
864691135750377257,864691136008762284,4
864691135750642473,864691136009154988,1
864691135750736681,864691136005721546,1
864691135750736681,864691136009768622,1
864691135750799145,864691136009299374,1
864691135751097385,864691136009415598,1
864691135753557965,864691136008762284,1
864691135753563085,864691136005835722,1
864691135753564365,864691136005809866,1
864691135753613773,864691136009423020,1
864691135753636557,864691136009423020,1
864691135753638861,864691136005835722,1
864691135753656525,864691136008393900,1
864691135753663949,864691136009423020,1
864691135753685709,864691136008907180,1
864691135753705933,864691136004798154,1
864691135753727181,864691136005816266,2
864691135753741517,864691136006745507,6
864691135753751245,864691136005607626,1
864691135753751245,864691136008953518,1
864691135753940685,864691136009394350,1
864691135754041549,864691136009348782,1
864691135754133453,864691136008226211,1
864691135754195661,864691136005205194,1
864691135754444493,864691136009244590,2
864691135754541266,864691136009438638,1
864691135754580690,864691136008880556,1
864691135754609362,864691136009473966,1
864691135754616018,864691136008591022,1
864691135754673357,864691136009061806,1
864691135754687437,864691136005890250,1
864691135754696141,864691136004798154,1
864691135754702797,864691136009292716,1
864691135754704077,864691136009415598,4
864691135754709709,864691136005670602,1
864691135755037394,864691136008431020,1
864691135755062994,864691136008490412,1
864691135755062994,864691136009335980,1
864691135755138770,864691136009425324,1
864691135755351506,864691136009299374,1
864691135755388621,864691136009415084,1
864691135755428813,864691136009394350,1
864691135755517133,864691136009425324,1
864691135755617746,864691136009476526,1
864691135755652562,864691136009440428,1
864691135755707597,864691136009513134,1
864691135755723474,864691136005330634,1
864691135755723474,864691136005623242,1
864691135755723474,864691136008805804,1
864691135755723474,864691136009332654,3
864691135755723474,864691136009419180,1
864691135755760850,864691136009438638,1
864691135755874765,864691136004798154,1
864691135755885778,864691136008953518,1
864691135755983314,864691136005721546,1
864691135756016845,864691136009461678,1
864691135756246989,864691136009539500,1
864691135756301010,864691136009425324,1
864691135756523986,864691136005835722,2
864691135756681170,864691136009223086,1
864691135756754898,864691136009007276,1
864691135756844242,864691136008762284,3
864691135756844242,864691136008884652,2
864691135756844242,864691136009007276,1
864691135756844242,864691136009154988,1
864691135756844242,864691136009314990,1
864691135756844242,864691136009326766,7
864691135756844242,864691136009461678,1
864691135757044690,864691136007281354,1
864691135757157821,864691136006745507,2
864691135757157821,864691136009415598,1
864691135757157821,864691136009507502,2
864691135758179773,864691136008591022,1
864691135758179773,864691136009507502,5
864691135758484046,864691136008452012,1
864691135758503502,864691136005835722,1
864691135758507086,864691136005670602,1
864691135758509646,864691136005670602,1
864691135759228750,864691136009315244,1
864691135759228750,864691136009440428,1
864691135759428430,864691136005816266,3
864691135759492430,864691136009507502,1
864691135759616701,864691136009423020,1
864691135759616701,864691136009493934,1
864691135759628733,864691136009423020,1
864691135759628733,864691136009500078,1
864691135759815758,864691136009415084,1
864691135759836093,864691136009500078,1
864691135760120654,864691136005906122,1
864691135760319822,864691136007339466,1
864691135760319822,864691136009366446,1
864691135760374862,864691136008884652,1
864691135760441277,864691136009507502,1
864691135760441678,864691136009410990,1
864691135760547662,864691136009425324,2
864691135760577870,864691136005890250,1
864691135760577870,864691136008452012,1
864691135760577870,864691136009335980,3
864691135760614222,864691136008907180,2
864691135760669373,864691136008591022,1
864691135760728910,864691136009425836,2
864691135760812110,864691136009461678,1
864691135760925262,864691136009768622,1
864691135761500214,864691136009424300,1
864691135761516598,864691136009423020,1
864691135761549622,864691136009476526,2
864691135761553462,864691136009415598,1
864691135761553718,864691136005721546,2
864691135761553718,864691136009394350,2
864691135761553718,864691136009473966,1
864691135761555254,864691136008591022,1
864691135761755069,864691136006745507,1
864691135761826614,864691136005670602,1
864691135761826614,864691136008575150,1
864691135761826614,864691136008953518,1
864691135761826614,864691136009511596,1
864691135761994038,864691136005199818,1
864691135761994038,864691136009229996,2
864691135761994038,864691136009493934,1
864691135761994806,864691136009438638,1
864691135762026806,864691136008486572,1
864691135762208054,864691136006745507,1
864691135762320438,864691136009507502,1
864691135762615094,864691136009154988,1
864691135762818102,864691136005340362,1
864691135763026230,864691136007339466,1
864691135763137846,864691136007281354,1
864691135763137846,864691136007339466,1
864691135763215293,864691136005646026,1
864691135763215293,864691136008431020,1
864691135763215293,864691136009415598,1
864691135763301174,864691136009217196,1
864691135763549238,864691136005809866,1
864691135763987254,864691136009007276,2
864691135764263222,864691136005203146,1
864691135764263222,864691136005890250,1
864691135764263222,864691136008452012,2
864691135764263222,864691136008490412,2
864691135764263222,864691136009315244,1
864691135764263222,864691136009318062,1
864691135764263222,864691136009511596,1
864691135764678198,864691136009314990,1
864691135764959542,864691136005656266,2
864691135767826877,864691136009507502,1
864691135771603451,864691136005199818,1
864691135771603451,864691136005890250,2
864691135771620091,864691136009315244,1
864691135771693131,864691136009223086,1
864691135771701323,864691136005589194,1
864691135771715403,864691136009415598,1
864691135771716939,864691136009418414,1
864691135771717963,864691136008452012,5
864691135771741515,864691136009423020,1
864691135772037883,864691136009425324,1
864691135772155899,864691136009229996,1
864691135772162299,864691136008559790,2
864691135772171083,864691136006745507,1
864691135772189435,864691136007339466,3
864691135772199499,864691136005816266,1
864691135772218187,864691136005340362,1
864691135772243787,864691136009332654,2
864691135772261115,864691136005816266,1
864691135772261115,864691136009425324,1
864691135772473339,864691136008486572,1
864691135772519499,864691136009440428,1
864691135772529995,864691136009507502,1
864691135772604667,864691136005816266,1
864691135772785915,864691136005835722,1
864691135772798715,864691136005835722,1
864691135772799739,864691136008884652,1
864691135772851787,864691136009061806,1
864691135772906571,864691136008420012,1
864691135772906571,864691136009539500,1
864691135773543163,864691136009440428,2
864691135773552379,864691136009461678,1
864691135773779275,864691136005205194,1
864691135773779275,864691136008420012,2
864691135773870331,864691136005589194,1
864691135774022139,864691136008880556,1
864691135774221643,864691136005560522,5
864691135774221643,864691136007339466,1
864691135774221643,864691136009154988,5
864691135774221643,864691136009461678,2
864691135774246731,864691136005589194,1
864691135774246731,864691136005816266,1
864691135774318155,864691136009424300,2
864691135774414843,864691136009217196,1
864691135774414843,864691136009236396,1
864691135774449915,864691136005816266,3
864691135774514507,864691136007281354,2
864691135774514507,864691136009461678,2
864691135774581835,864691136005656266,1
864691135774607179,864691136009007276,1
864691135775131837,864691136009418414,1
864691135775778477,864691136005624778,1
864691135775778989,864691136005340362,2
864691135775779501,864691136009415598,1
864691135775813037,864691136009507502,1
864691135775817645,864691136009332654,4
864691135776219821,864691136005670602,1
864691135776277165,864691136005589194,2
864691135776536416,864691136008486572,1
864691135776550496,864691136009394350,1
864691135776569696,864691136009061806,2
864691135776585312,864691136005890250,1
864691135776595040,864691136009154988,1
864691135776596064,864691136009423020,1
864691135776619616,864691136009292716,1
864691135776630368,864691136008762284,1
864691135776639584,864691136009539500,1
864691135776661856,864691136005199818,2
864691135776661856,864691136005890250,1
864691135776661856,864691136008452012,2
864691135776661856,864691136008490412,1
864691135776661856,864691136009229996,1
864691135776661856,864691136009318062,2
864691135776909741,864691136007281354,2
864691135776915117,864691136009229996,1
864691135777030496,864691136005816266,1
864691135777031264,864691136009507502,1
864691135777101920,864691136009415598,1
864691135777107901,864691136005670602,1
864691135777130429,864691136009507502,1
864691135777162336,864691136009500078,1
864691135777166176,864691136005835722,1
864691135777166176,864691136005890250,2
864691135777166176,864691136008490412,5
864691135777166176,864691136009318062,6
864691135777166176,864691136009511596,11
864691135777167456,864691136009332654,1
864691135777170365,864691136009425324,1
864691135777250237,864691136005695178,1
864691135777253549,864691136005835722,2
864691135777263789,864691136006508490,1
864691135777263789,864691136009299374,1
864691135777381805,864691136004798154,1
864691135777432237,864691136005330634,1
864691135777461856,864691136006745507,1
864691135777461856,864691136009507502,1
864691135777517245,864691136009394350,1
864691135777597280,864691136009418414,1
864691135777599584,864691136008762284,1
864691135777604797,864691136009292716,1
864691135777608800,864691136008807340,1
864691135777608800,864691136009332654,5
864691135777616224,864691136009511596,1
864691135777623648,864691136008762284,1
864691135777750957,864691136005340362,1
864691135777933501,864691136007281354,1
864691135777970016,864691136005607626,1
864691135777999200,864691136009424300,1
864691135778094525,864691136005205194,1
864691135778094525,864691136009473966,1
864691135778115517,864691136004798154,2
864691135778115517,864691136009299374,2
864691135778115517,864691136009768622,1
864691135778116013,864691136009326766,4
864691135778118077,864691136009332654,2
864691135778135997,864691136006508490,1
864691135778418093,864691136005816266,1
864691135778421421,864691136009461678,1
864691135778435501,864691136008420012,1
864691135778447037,864691136009315244,1
864691135778467517,864691136005589194,1
864691135778525280,864691136005560522,1
864691135778563261,864691136008439212,1
864691135778563261,864691136009423020,1
864691135778610365,864691136009229996,1
864691135778610365,864691136009507502,1
864691135778668973,864691136005890250,2
864691135778668973,864691136009423020,1
864691135778788285,864691136008787372,3
864691135778794336,864691136009217196,1
864691135778825133,864691136007281354,1
864691135778825133,864691136009366446,1
864691135779017149,864691136004798154,1
864691135779149408,864691136009326766,1
864691135779161440,864691136005656266,1
864691135779161440,864691136005757642,1
864691135779161440,864691136009217196,2
864691135779161440,864691136009424300,1
864691135779189344,864691136009217196,1
864691135779199584,864691136009359788,1
864691135779379133,864691136009425324,1
864691135779384253,864691136009415084,1
864691135779449533,864691136005890250,2
864691135779449533,864691136008452012,1
864691135779449533,864691136008490412,2
864691135779449533,864691136009318062,2
864691135779449533,864691136009423020,1
864691135779449533,864691136009511596,2
864691135779690685,864691136005543882,1
864691135779822013,864691136005816266,1
864691135780802384,864691136009768622,1
864691135780830800,864691136008907180,1
864691135780830800,864691136009415598,2
864691135780832848,864691136009418414,1
864691135780846672,864691136008452012,5
864691135780853072,864691136005646026,2
864691135781081680,864691136005203146,2
864691135781081680,864691136008452012,1
864691135781081680,864691136008490412,1
864691135781081680,864691136009315244,2
864691135781081680,864691136009511596,1
864691135781219152,864691136007339466,1
864691135781263696,864691136008444588,4
864691135781263696,864691136008787372,2
864691135781263696,864691136009493934,2
864691135781263696,864691136009507502,1
864691135781548368,864691136007281354,1
864691135781796944,864691136008762284,1
864691135781834320,864691136009440428,1
864691135781844048,864691136008807340,1
864691135781849936,864691136009415598,1
864691135781850704,864691136005670602,1
864691135782062672,864691136008452012,1
864691135782062672,864691136009318062,1
864691135782312784,864691136009154988,1
864691135782361936,864691136005623242,1
864691135782361936,864691136005809866,1
864691135782384435,864691136009499566,1
864691135782390579,864691136005670602,1
864691135782450227,864691136008575150,1
864691135782544435,864691136005624778,1
864691135782603088,864691136005656266,1
864691135782615632,864691136009440428,1
864691135782615632,864691136009511596,1
864691135782821456,864691136009217196,1
864691135782853456,864691136009424300,1
864691135782865459,864691136005835722,1
864691135782865459,864691136008452012,1
864691135782865459,864691136009511596,1
864691135782870864,864691136005816266,1
864691135783139379,864691136009415598,1
864691135783276851,864691136008559790,1
864691135783303987,864691136006508490,1
864691135783338291,864691136009493934,1
864691135783371315,864691136009299374,1
864691135783374643,864691136005816266,1
864691135783764019,864691136009425324,1
864691135783909427,864691136008805804,1
864691135783909427,864691136009440428,1
864691135784225075,864691136009270188,1
864691135784326195,864691136005656266,1
864691135784359475,864691136005816266,2
864691135784665651,864691136008559790,1
864691135784944179,864691136007339466,1
864691135784997939,864691136008870828,1
864691135785242820,864691136009061806,1
864691135785252292,864691136005816266,1
864691135785255108,864691136009440428,1
864691135785264836,864691136008870828,1
864691135785275588,864691136009229996,1
864691135785483716,864691136005330634,2
864691135785713860,864691136009236396,1
864691135785720260,864691136007339466,2
864691135785793220,864691136009061806,1
864691135786279876,864691136009415598,1
864691135786334660,864691136009270188,1
864691135786350788,864691136009299374,1
864691135786354372,864691136005646026,1
864691135786502596,864691136009415598,1
864691135786647236,864691136009326766,1
864691135786647236,864691136009418414,1
864691135786741700,864691136005890250,1
864691135787226564,864691136005589194,1
864691135787226564,864691136005816266,1
864691135787345860,864691136008762284,1
864691135787684292,864691136009154988,1
864691135799739490,864691136004798154,2
864691135799745378,864691136005589194,1
864691135800155746,864691136005589194,1
864691135800178786,864691136008884652,1
864691135800192610,864691136009223086,4
864691135800625762,864691136009270188,1
864691135800625762,864691136009292716,1
864691135800644962,864691136006508490,1
864691135800644962,864691136009768622,1
864691135800685410,864691136009223086,1
864691135800694114,864691136009314990,1
864691135800715362,864691136005835722,1
864691135800715362,864691136009507502,1
864691135800717154,864691136009507502,1
864691135800738658,864691136005816266,2
864691135800744290,864691136006508490,4
864691135800754274,864691136008431020,1
864691135800754274,864691136009415598,1
864691135801039970,864691136009270188,5
864691135801088610,864691136005721546,1
864691135801088610,864691136009394350,13
864691135801088610,864691136009473966,2
864691135801088610,864691136009768622,1
864691135802036834,864691136009359788,1
864691135802105954,864691136006798282,1
864691135802341986,864691136009461678,1
864691135802389858,864691136005906122,2
864691135802389858,864691136009007276,2
864691135807186973,864691136009438638,1
864691135807191069,864691136004798154,1
864691135807191069,864691136005203146,4
864691135807191069,864691136005205194,1
864691135807191069,864691136009299374,4
864691135807191069,864691136009440428,1
864691135807194397,864691136009419180,1
864691135807194397,864691136009440428,1
864691135807210525,864691136009423020,1
864691135807212317,864691136005340362,1
864691135807233565,864691136008439212,3
864691135807233565,864691136009507502,2
864691135807234845,864691136009061806,1
864691135807244061,864691136008787372,1
864691135807244061,864691136009507502,1
864691135807260701,864691136007281354,1
864691135807285021,864691136009383598,1
864691135807290141,864691136008884652,1
864691135807290397,864691136009499566,1
864691135807305245,864691136009415598,1
864691135807307805,864691136009299374,1
864691135807332893,864691136009236396,1
864691135807343389,864691136009507502,1
864691135807346205,864691136009440428,1
864691135807377949,864691136009418414,1
864691135807697693,864691136009315244,1
864691135807813149,864691136009425324,1
864691135808217373,864691136009423020,1
864691135808359709,864691136005816266,2
864691135808361245,864691136005656266,1
864691135808367645,864691136008490412,3
864691135808367645,864691136009511596,2
864691135808392733,864691136009440428,1
864691135808579869,864691136005670602,1
864691135808625181,864691136008884652,3
864691135808684573,864691136009418414,1
864691135808684573,864691136009768622,1
864691135808925981,864691136009217196,1
864691135809170717,864691136005589194,2
864691135809456076,864691136005199818,1
864691135809468108,864691136009768622,1
864691135809475020,864691136009511596,1
864691135809479884,864691136005199818,1
864691135809511628,864691136005205194,2
864691135809511628,864691136008870828,1
864691135809512140,864691136005205194,1
864691135809512140,864691136009511596,1
864691135809527500,864691136008431020,1
864691135809568029,864691136009332654,1
864691135809588253,864691136009425324,1
864691135809608652,864691136005835722,1
864691135809684765,864691136008807340,1
864691135809838796,864691136005607626,1
864691135809861836,864691136005340362,1
864691135809874892,864691136008559790,1
864691135809894173,864691136004798154,2
864691135809898269,864691136006798282,1
864691135809903564,864691136009539500,2
864691135809945036,864691136006798282,1
864691135809954589,864691136005340362,1
864691135809954589,864691136009410990,1
864691135809954589,864691136009415084,1
864691135810146764,864691136005340362,2
864691135810168012,864691136009440428,1
864691135810223308,864691136005670602,1
864691135810231121,864691136009383598,1
864691135810261708,864691136009476526,1
864691135810273484,864691136009768622,1
864691135810310092,864691136006745507,1
864691135810339532,864691136008490412,1
864691135810345164,864691136009061806,1
864691135810345164,864691136009415598,1
864691135810347212,864691136005205194,1
864691135810507468,864691136009461678,1
864691135810552349,864691136009007276,1
864691135810552349,864691136009326766,1
864691135810552349,864691136009473966,1
864691135810618909,864691136007281354,1
864691135810618909,864691136007339466,1
864691135810626508,864691136005835722,1
864691135810656029,864691136005589194,4
864691135810656029,864691136005656266,3
864691135810656029,864691136005816266,3
864691135810982860,864691136005656266,1
864691135811013580,864691136005205194,1
864691135811013580,864691136005560522,1
864691135811439308,864691136009410990,1
864691135811567052,864691136009424300,1
864691135811646924,864691136005656266,1
864691135811646924,864691136009425324,1
864691135811646924,864691136009461678,1
864691135811734220,864691136009440428,4
864691135815439439,864691136009423020,1
864691135815439695,864691136005623242,1
864691135815473999,864691136009473966,1
864691135815502159,864691136009507502,2
864691135815506767,864691136008226211,1
864691135815507023,864691136009493934,1
864691135815507023,864691136009507502,1
864691135815926095,864691136009348782,2
864691135816001871,864691136009493934,2
864691135816284751,864691136009229996,1
864691135816381263,864691136005589194,1
864691135816464975,864691136009440428,1
864691135816488783,864691136008431020,1
864691135816502095,864691136009415598,2
864691135816508751,864691136005670602,1
864691135816511567,864691136009217196,1
864691135816519503,864691136006508490,1
864691135816676943,864691136009511596,1
864691135816878979,864691136009425324,2
864691135816982863,864691136005330634,1
864691135817132879,864691136005835722,1
864691135817132879,864691136008439212,1
864691135817132879,864691136008452012,1
864691135817132879,864691136009423020,5
864691135817132879,864691136009493934,6
864691135817737295,864691136009299374,1
864691135817737295,864691136009419180,1
864691135817802371,864691136009425324,1
864691135817896271,864691136007339466,1
864691135817993807,864691136005816266,1
864691135837178259,864691136005670602,1
864691135837201811,864691136008226211,3
864691135837529491,864691136008439212,1
864691135837535891,864691136009419180,1
864691135837587603,864691136005835722,1
864691135837587603,864691136009229996,2
864691135837587603,864691136009415598,1
864691135837587603,864691136009507502,1
864691135837627539,864691136009410990,1
864691135837679507,864691136005560522,2
864691135837783187,864691136009229996,1
864691135837783187,864691136009315244,1
864691135837854867,864691136009507502,1
864691135838057107,864691136009415598,1
864691135838220435,864691136008846764,1
864691135838229395,864691136009394350,2
864691135838231187,864691136009425324,1
864691135838237843,864691136005890250,1
864691135838363283,864691136009217196,2
864691135838440595,864691136008460972,2
864691135838440595,864691136009415084,1
864691135838494867,864691136009007276,1
864691135838545299,864691136009440428,1
864691135838648467,864691136009007276,1
864691135838648467,864691136009513134,1
864691135839276947,864691136005835722,2
864691135839276947,864691136008490412,1
864691135839276947,864691136009318062,1
864691135839276947,864691136009335980,1
864691135839577235,864691136009314990,3
864691135839593363,864691136005816266,1
864691135839630227,864691136005205194,1
864691135839630227,864691136009473966,1
864691135839630227,864691136009511596,1
864691135839753363,864691136009425324,1
864691135839950227,864691136009366446,1
864691135841059299,864691136005543882,1
864691135841070051,864691136009768622,3
864691135841074659,864691136009348782,1
864691135841078499,864691136005890250,1
864691135841083619,864691136009332654,2
864691135841354979,864691136009424300,1
864691135841410787,864691136005835722,1
864691135841410787,864691136008490412,4
864691135841410787,864691136009318062,1
864691135841410787,864691136009493934,1
864691135841429731,864691136005205194,1
864691135841429731,864691136008870828,1
864691135841763299,864691136009425324,2
864691135841780963,864691136008591022,1
864691135841797091,864691136009425324,1
864691135842153187,864691136009236396,5
864691135842275811,864691136009539500,1
864691135842639843,864691136005816266,1
864691135842920419,864691136008420012,1
864691135842920419,864691136009007276,5
864691135842920419,864691136009394350,1
864691135842920419,864691136009473966,2
864691135842920419,864691136009539500,1
864691135843077603,864691136009326766,2
864691135843118051,864691136005835722,5
864691135843338979,864691136004798154,1
864691135843408867,864691136009007276,1
864691135843412451,864691136005816266,1
864691135847926878,864691136008559790,1
864691135847931998,864691136005906122,1
864691135847931998,864691136006703240,1
864691135847931998,864691136009513134,2
864691135847931998,864691136009539500,1
864691135847936862,864691136009415598,2
864691135847938142,864691136008591022,2
864691135847970910,864691136005890250,1
864691135847984478,864691136008431020,1
864691135847984478,864691136009061806,1
864691135848261470,864691136005589194,1
864691135848300382,864691136006745507,1
864691135848346718,864691136005835722,1
864691135848346718,864691136009507502,7
864691135848357982,864691136009335980,1
864691135848357982,864691136009366446,1
864691135848359006,864691136008762284,1
864691135848460894,864691136005816266,2
864691135848571486,864691136009493934,1
864691135848601438,864691136008807340,1
864691135848671582,864691136008591022,1
864691135848671582,864691136009244590,1
864691135848671582,864691136009423020,1
864691135848671582,864691136009493934,4
864691135848766558,864691136009415598,1
864691135848784734,864691136009318062,1
864691135848853342,864691136005835722,1
864691135848858206,864691136009318062,1
864691135848862558,864691136009424300,1
864691135848867678,864691136008591022,1
864691135848874846,864691136008452012,2
864691135848977502,864691136006798282,1
864691135849261662,864691136005340362,2
864691135849544030,864691136008559790,1
864691135849720670,864691136008591022,1
864691135849720670,864691136009244590,1
864691135849720670,864691136009423020,1
864691135849792094,864691136009425836,2
864691135850054238,864691136009326766,1
864691135850134878,864691136009768622,2
864691135850394823,864691136005646026,1
864691135850427335,864691136009507502,1
864691135850446535,864691136008591022,1
864691135850448583,864691136005589194,1
864691135850459847,864691136009768622,1
864691135850460871,864691136005816266,3
864691135850467271,864691136009440428,1
864691135850870727,864691136009415598,1
864691135851002311,864691136009507502,1
864691135851025351,864691136009229996,1
864691135851031495,864691136008953518,1
864691135851044551,864691136009419180,1
864691135851519687,864691136005816266,2
864691135851605447,864691136008880556,1
864691135852089031,864691136007281354,1
864691135852247751,864691136005816266,1
864691135852600007,864691136004798154,1
864691135853034439,864691136009326766,1
864691135855581486,864691136008805804,1
864691135855594030,864691136004798154,1
864691135855595566,864691136009415598,1
864691135855602222,864691136009511596,1
864691135855607086,864691136009507502,1
864691135855630894,864691136009425324,1
864691135855648558,864691136009423020,1
864691135855648558,864691136009507502,3
864691135855651118,864691136008486572,1
864691135855655726,864691136008486572,2
864691135855660590,864691136008486572,2
864691135855675950,864691136005589194,2
864691135855675950,864691136008762284,1
864691135855688750,864691136009425324,1
864691135855690542,864691136009440428,1
864691135855692590,864691136008226211,1
864691135855692590,864691136008431020,2
864691135855890478,864691136008762284,1
864691135856142382,864691136009315244,1
864691135856335662,864691136009299374,1
864691135856490030,864691136008452012,1
864691135856490030,864691136008490412,1
864691135856490030,864691136009335980,2
864691135856617518,864691136008846764,1
864691135856671278,864691136009511596,1
864691135856727342,864691136009507502,1
864691135856755246,864691136008805804,1
864691135856792110,864691136009223086,1
864691135857046830,864691136006508490,1
864691135857327918,864691136009511596,2
864691135857450030,864691136009440428,5
864691135857554734,864691136009425324,1
864691135857578798,864691136005205194,1
864691135857578798,864691136008870828,1
864691135857578798,864691136009299374,1
864691135857682478,864691136005816266,1
864691135857881390,864691136008884652,2
864691135857881390,864691136009326766,1
864691135857881390,864691136009513134,1
864691135857976366,864691136008907180,4
864691135858282030,864691136007339466,1
864691135858282030,864691136009461678,5
864691135858363694,864691136009314990,1
864691135858363694,864691136009326766,6
864691135858395950,864691136009425836,1
864691135858491438,864691136005205194,1
864691135858491438,864691136005589194,1
864691135858491438,864691136005656266,1
864691135858491438,864691136005721546,1
864691135858491438,864691136005816266,3
864691135858491438,864691136005835722,1
864691135858491438,864691136007281354,3
864691135858491438,864691136007339466,1
864691135858491438,864691136008431020,1
864691135858491438,864691136008462508,1
864691135858491438,864691136008486572,1
864691135858491438,864691136008884652,1
864691135858491438,864691136009061806,4
864691135858491438,864691136009299374,1
864691135858491438,864691136009359788,1
864691135858491438,864691136009394350,1
864691135858491438,864691136009410990,1
864691135858491438,864691136009415598,2
864691135858491438,864691136009418414,1
864691135858491438,864691136009473966,2
864691135858526510,864691136009314990,1
864691135858586670,864691136005589194,1
864691135858626606,864691136009461678,1
864691135858671464,864691136008431020,1
864691135858671720,864691136006745507,1
864691135858685544,864691136009154988,1
864691135858709096,864691136009507502,1
864691135858920040,864691136009299374,1
864691135858963048,864691136009332654,1
864691135859005288,864691136005199818,4
864691135859005288,864691136005890250,1
864691135859005288,864691136008490412,5
864691135859005288,864691136009318062,3
864691135859005288,864691136009511596,3
864691135859081064,864691136008884652,1
864691135859142248,864691136008907180,1
864691135859532904,864691136009415598,1
864691135859552104,864691136006798282,1
864691135859652200,864691136005809866,1
864691135859714152,864691136009236396,1
864691135859932776,864691136009511596,1
864691135860215400,864691136005205194,1
864691135860646248,864691136007281354,1
864691135860752744,864691136007281354,1
864691135860948072,864691136005589194,1
864691135860948072,864691136008577198,1
864691135861182824,864691136009394350,1
864691135861182824,864691136009768622,1
864691135864048254,864691136005199818,1
864691135864048510,864691136005890250,1
864691135864048510,864691136008907180,1
864691135864072318,864691136009415084,1
864691135864079486,864691136009440428,1
864691135864188286,864691136009223086,1
864691135864353150,864691136009348782,1
864691135864373118,864691136007281354,1
864691135864457086,864691136005589194,1
864691135864503166,864691136005589194,1
864691135864504446,864691136009423020,2
864691135864507006,864691136008805804,1
864691135864507006,864691136009440428,4
864691135864507006,864691136009511596,1
864691135864519294,864691136009061806,2
864691135864679900,864691136009348782,1
864691135864698588,864691136009440428,1
864691135864699612,864691136009244590,3
864691135864699612,864691136009415598,1
864691135864699612,864691136009507502,1
864691135864701660,864691136005646026,1
864691135864704220,864691136006703240,1
864691135864716764,864691136009507502,1
864691135864720860,864691136009476526,1
864691135864727516,864691136009061806,2
864691135864746972,864691136005624778,1
864691135864747902,864691136009394350,1
864691135864752860,864691136009438638,1
864691135864757980,864691136009270188,1
864691135864759516,864691136009415598,1
864691135864825052,864691136009154988,1
864691135864835036,864691136009424300,1
864691135865056126,864691136009332654,1
864691135865070044,864691136008490412,1
864691135865071580,864691136005340362,2
864691135865090524,864691136005721546,1
864691135865126876,864691136008486572,1
864691135865272958,864691136008807340,1
864691135865411804,864691136009223086,1
864691135865463516,864691136008460972,1
864691135865489628,864691136008462508,1
864691135865496453,864691136009270188,1
864691135865519237,864691136008907180,1
864691135865519237,864691136009511596,1
864691135865534853,864691136009348782,1
864691135865535877,864691136009229996,1
864691135865536389,864691136009332654,1
864691135865543557,864691136006703240,1
864691135865544325,864691136006508490,4
864691135865547909,864691136005816266,1
864691135865562757,864691136009415084,1
864691135865569925,864691136009461678,2
864691135865570949,864691136009440428,1
864691135865576069,864691136008439212,1
864691135865576581,864691136009511596,1
864691135865602012,864691136006798282,1
864691135865605596,864691136005816266,1
864691135865646812,864691136005543882,1
864691135865681116,864691136005890250,1
864691135865681116,864691136009511596,2
864691135865705436,864691136009500078,2
864691135865705436,864691136009507502,1
864691135865707228,864691136008907180,2
864691135865866110,864691136005835722,1
864691135865866110,864691136005890250,1
864691135865866110,864691136008490412,9
864691135865866110,864691136009318062,2
864691135865903749,864691136008444588,2
864691135865903749,864691136008787372,1
864691135865997957,864691136009229996,1
864691135866008796,864691136005340362,1
864691135866008796,864691136009299374,1
864691135866016645,864691136008846764,1
864691135866022620,864691136004798154,1
864691135866052572,864691136005721546,1
864691135866082181,864691136009539500,1
864691135866086021,864691136005199818,2
864691135866086021,864691136005890250,3
864691135866086021,864691136008452012,1
864691135866086021,864691136008490412,1
864691135866086021,864691136009335980,1
864691135866086021,864691136009423020,2
864691135866086021,864691136009511596,2
864691135866089349,864691136005543882,2
864691135866089349,864691136005656266,2
864691135866089349,864691136009292716,1
864691135866143964,864691136005835722,1
864691135866143964,864691136008452012,6
864691135866143964,864691136009507502,1
864691135866174853,864691136008907180,1
864691135866177413,864691136005721546,1
864691135866177413,864691136009394350,1
864691135866339292,864691136009425324,2
864691135866342876,864691136009299374,1
864691135866355932,864691136009007276,1
864691135866362390,864691136009229996,2
864691135866367766,864691136009299374,1
864691135866370181,864691136009061806,1
864691135866371036,864691136005543882,1
864691135866377238,864691136005589194,1
864691135866384150,864691136005330634,2
864691135866384150,864691136009440428,2
864691135866391004,864691136005205194,1
864691135866391004,864691136005721546,1
864691135866400022,864691136005589194,1
864691135866401558,864691136005670602,1
864691135866401814,864691136006508490,1
864691135866405654,864691136004798154,1
864691135866406782,864691136005199818,1
864691135866406782,864691136005890250,2
864691135866406782,864691136008490412,2
864691135866406782,864691136009229996,1
864691135866406782,864691136009493934,1
864691135866409494,864691136008870828,1
864691135866411542,864691136009383598,1
864691135866416150,864691136009440428,1
864691135866420758,864691136009348782,1
864691135866428694,864691136009292716,1
864691135866519004,864691136005890250,2
864691135866519004,864691136006508490,1
864691135866519004,864691136009511596,1
864691135866529157,864691136009493934,1
864691135866592389,864691136008559790,1
864691135866592389,864691136009499566,2
864691135866637788,864691136004798154,1
864691135866705029,864691136007281354,1
864691135866722181,864691136009438638,1
864691135866722181,864691136009461678,1
864691135866732165,864691136005835722,2
864691135866751870,864691136009326766,1
864691135866751870,864691136009394350,1
864691135866751870,864691136009425324,1
864691135866751870,864691136009768622,1
864691135866924566,864691136008431020,3
864691135866925590,864691136005624778,1
864691135866927126,864691136009415598,1
864691135866949142,864691136005589194,1
864691135866963478,864691136008591022,8
864691135866963478,864691136009244590,1
864691135866963478,864691136009493934,3
864691135866965886,864691136005656266,3
864691135866965886,864691136009410990,1
864691135866975708,864691136009424300,1
864691135866980630,864691136006798282,1
864691135866986629,864691136005835722,2
864691135866986629,864691136009335980,1
864691135866987740,864691136008762284,1
864691135867002750,864691136005543882,1
864691135867002750,864691136005656266,3
864691135867002750,864691136005816266,4
864691135867002750,864691136009425324,1
864691135867033726,864691136005589194,1
864691135867033726,864691136005656266,3
864691135867033726,864691136009359788,3
864691135867033982,864691136005816266,1
864691135867058140,864691136005560522,2
864691135867058140,864691136007339466,1
864691135867058140,864691136009366446,1
864691135867058140,864691136009513134,2
864691135867058140,864691136009768622,4
864691135867062492,864691136009326766,1
864691135867091990,864691136005816266,2
864691135867376918,864691136005330634,1
864691135867440662,864691136009200300,1
864691135867509526,864691136008444588,1
864691135867514646,864691136009419180,1
864691135867542038,864691136008591022,1
864691135867551365,864691136007281354,1
864691135867564822,864691136009476526,1
864691135867616022,864691136008486572,1
864691135867616278,864691136009440428,3
864691135867616278,864691136009539500,1
864691135867641878,864691136009507502,1
864691135867643158,864691136009292716,1
864691135867649046,864691136005199818,1
864691135867649046,864691136005890250,1
864691135867649046,864691136009229996,2
864691135867741061,864691136005205194,1
864691135867983457,864691136009061806,1
864691135868025878,864691136009335980,1
864691135868060950,864691136009332654,3
864691135868075141,864691136009461678,1
864691135868077957,864691136006508490,1
864691135868084065,864691136005646026,1
864691135868097814,864691136009348782,1
864691135868116869,864691136009314990,1
864691135868205701,864691136009425324,1
864691135868538390,864691136009061806,8
864691135868684566,864691136005721546,1
864691135868684566,864691136009007276,1
864691135868684566,864691136009292716,1
864691135868684566,864691136009425324,2
864691135868906774,864691136005624778,1
864691135868916246,864691136007281354,1
864691135868919318,864691136009410990,1
864691135869457430,864691136007281354,1
864691135869457430,864691136009154988,4
864691135869457430,864691136009326766,1
864691135869457430,864691136009438638,2
864691135869457430,864691136009461678,1
864691135869603606,864691136005816266,1
864691135869603606,864691136008762284,1
864691135870233441,864691136008431020,1
864691135870233441,864691136009061806,1
864691135870261601,864691136009061806,1
864691135870437473,864691136009061806,3
864691135871870028,864691136008490412,1
864691135871870028,864691136009335980,1
864691135873610382,864691136005330634,3
864691135873610382,864691136005906122,1
864691135873610382,864691136009332654,8
864691135873610382,864691136009539500,3
864691135873823118,864691136005656266,1
864691135874091662,864691136005835722,1
864691135874283150,864691136005589194,1
864691135874476174,864691136009511596,1
864691135874497422,864691136009425324,1
864691135874571150,864691136009270188,2
864691135874585742,864691136009394350,1
864691135874668942,864691136009438638,1
864691135874731406,864691136009425324,1
864691135874736782,864691136006745507,2
864691135874861454,864691136009299374,2
864691135874935182,864691136005560522,1
864691135875037070,864691136009154988,1
864691135875058318,864691136007281354,1
864691135875058318,864691136008884652,1
864691135875081614,864691136009440428,1
864691135875493518,864691136008762284,2
864691135875569550,864691136005589194,1
864691135875807118,864691136005340362,1
864691135875965523,864691136005835722,1
864691135875966547,864691136005835722,2
864691135875968595,864691136005670602,1
864691135875970643,864691136009315244,1
864691135875973971,864691136008762284,1
864691135875982163,864691136009348782,1
864691135876001107,864691136009415598,1
864691135876031571,864691136009418414,1
864691135876040078,864691136005623242,1
864691135876040078,864691136005816266,4
864691135876040078,864691136009461678,1
864691135876105614,864691136005589194,1
864691135876105614,864691136008762284,1
864691135876105614,864691136009359788,1
864691135876161619,864691136008762284,1
864691135876431699,864691136005607626,1
864691135876446803,864691136004798154,1
864691135876446803,864691136008452012,1
864691135876446803,864691136009394350,1
864691135876463443,864691136009507502,1
864691135876831315,864691136009299374,1
864691135876848211,864691136009507502,3
864691135876852307,864691136009348782,2
864691135876853331,864691136008490412,1
864691135876917075,864691136009511596,1
864691135876923475,864691136008846764,1
864691135876935251,864691136005199818,1
864691135876935251,864691136005890250,1
864691135876942931,864691136008953518,1
864691135876953171,864691136009394350,1
864691135876959827,864691136009507502,1
864691135877099603,864691136009424300,1
864691135877398355,864691136008805804,1
864691135877399123,864691136009539500,1
864691135877471315,864691136009425324,1
864691135877620307,864691136008577198,2
864691135877620563,864691136006798282,2
864691135877885779,864691136008884652,3
864691135878665811,864691136009154988,2
864691135878720595,864691136007281354,1
864691135883851120,864691136008393900,1
864691135883867248,864691136005695178,1
864691135883879280,864691136005890250,1
864691135884234864,864691136005721546,1
864691135884239728,864691136005205194,1
864691135884239728,864691136008870828,2
864691135884254064,864691136008452012,1
864691135884254064,864691136008870828,1
864691135884302704,864691136005835722,1
864691135884316528,864691136009507502,1
864691135884764016,864691136009476526,1
864691135884804976,864691136009335980,2
864691135884808560,864691136009511596,1
864691135884812656,864691136005199818,1
864691135884821360,864691136009270188,1
864691135884821360,864691136009292716,1
864691135884845424,864691136009500078,1
864691135884871792,864691136008420012,1
864691135884877424,864691136006508490,1
864691135884886128,864691136009425836,1
864691135885111664,864691136008452012,1
864691135885120368,864691136009424300,2
864691135885221488,864691136009511596,2
864691135885298544,864691136009425324,1
864691135885433456,864691136009217196,1
864691135885517680,864691136009292716,1
864691135885572208,864691136005330634,1
864691135885572208,864691136008420012,1
864691135885764464,864691136005589194,4
864691135885764464,864691136005656266,6
864691135885764464,864691136005816266,7
864691135886132080,864691136009326766,1
864691135886199408,864691136007281354,1
864691135886221168,864691136009425324,1
864691135886293872,864691136009217196,4
864691135886293872,864691136009292716,2
864691135886345072,864691136005721546,4
864691135886345072,864691136009768622,3
864691135888472457,864691136009415084,1
864691135888478089,864691136009425324,2
864691135888481673,864691136009425324,3
864691135888483977,864691136004798154,1
864691135888484233,864691136005543882,1
864691135888490889,864691136009511596,1
864691135888496009,864691136009418414,1
864691135888514441,864691136009418414,1
864691135888521865,864691136008575150,1
864691135888521865,864691136008846764,1
864691135888523145,864691136005607626,3
864691135888523145,864691136009061806,1
864691135888523145,864691136009419180,1
864691135888523145,864691136009440428,2
864691135888530313,864691136005816266,1
864691135888788361,864691136009415598,1
864691135888811913,864691136008907180,1
864691135888965257,864691136009348782,1
864691135888983689,864691136009229996,1
864691135889238409,864691136005646026,1
864691135889411721,864691136008846764,1
864691135889411721,864691136008953518,1
864691135889411721,864691136009415598,1
864691135889445257,864691136009061806,2
864691135889499273,864691136008226211,1
864691135889507977,864691136005589194,1
864691135890201993,864691136008807340,1
864691135890229129,864691136009154988,1
864691135890651529,864691136009332654,1
864691135890680457,864691136009768622,1
864691135890781577,864691136005589194,2
864691135891143305,864691136009539500,1
864691135891282313,864691136009326766,1
864691135891510153,864691136005589194,1
864691135891510153,864691136005656266,1
864691135891510153,864691136005816266,6
864691135891510153,864691136008577198,1
864691135891540105,864691136004793802,1
864691135891595145,864691136008762284,1
864691135891719305,864691136009314990,1
864691135891719305,864691136009424300,1
864691135891874185,864691136009244590,1
864691135892319113,864691136005656266,3
864691135892396937,864691136009499566,1
864691135908930260,864691136009061806,1
864691135909729961,864691136004798154,1
864691135909761705,864691136009236396,2
864691135909785769,864691136005670602,1
864691135910110633,864691136008762284,1
864691135910516393,864691136009299374,1
864691135910670249,864691136009270188,3
864691135911242409,864691136009229996,4
864691135911242409,864691136009507502,1
864691135911258281,864691136009539500,1
864691135911276969,864691136009335980,1
864691135911658153,864691136005890250,1
864691135911939497,864691136005203146,1
864691135911939497,864691136005890250,1
864691135911939497,864691136008452012,6
864691135911939497,864691136008490412,1
864691135912195497,864691136009410990,1
864691135912293289,864691136009217196,1
864691135912358569,864691136009410990,2
864691135912367785,864691136005656266,9
864691135912367785,864691136005816266,2
864691135912367785,864691136008762284,1
864691135912367785,864691136009217196,1
864691135912367785,864691136009359788,3
864691135912367785,864691136009461678,2
864691135912447401,864691136005560522,2
864691135915181670,864691136009507502,1
864691135915343462,864691136009423020,1
864691135915467366,864691136008431020,1
864691135915495270,864691136009217196,1
864691135915560550,864691136007281354,1
864691135915636326,864691136005721546,2
864691135915636326,864691136007281354,1
864691135915894118,864691136009425324,1
864691135916035174,864691136005656266,1
864691135916035174,864691136005816266,2
864691135916093030,864691136009424300,1
864691135916101478,864691136009425836,1
864691135916264806,864691136009332654,1
864691135916576614,864691136005835722,1
864691135916584806,864691136008420012,1
864691135916813414,864691136009425836,1
864691135916925030,864691136009394350,1
864691135917014886,864691136005543882,1
864691135917058150,864691136009299374,1
864691135917432166,864691136009425324,1
864691135917535590,864691136007339466,1
864691135917535590,864691136009461678,1
864691135918305968,864691136008431020,1
864691135918320048,864691136009061806,1
864691135918329264,864691136009493934,1
864691135918331824,864691136009507502,1
864691135918337712,864691136008577198,1
864691135918344112,864691136005816266,5
864691135918344112,864691136009359788,1
864691135918596528,864691136009061806,1
864691135918596528,864691136009415598,1
864691135918598832,864691136008907180,1
864691135918632112,864691136008907180,1
864691135918783664,864691136009061806,1
864691135919046576,864691136009348782,1
864691135919169968,864691136009500078,1
864691135919170736,864691136006508490,1
864691135919170736,864691136006703240,1
864691135919170736,864691136008490412,2
864691135919170736,864691136009335980,1
864691135919170736,864691136009511596,1
864691135919356592,864691136006508490,1
864691135919374256,864691136009513134,1
864691135919720624,864691136005670602,1
864691135919901616,864691136008420012,2
864691135919901616,864691136009315244,2
864691135920136624,864691136005543882,2
864691135920136624,864691136009425324,1
864691135920492976,864691136005205194,4
864691135920492976,864691136008420012,1
864691135920840880,864691136005589194,1
864691135920880304,864691136005589194,2
864691135920880304,864691136005656266,1
864691135920894128,864691136008884652,1
864691135920894128,864691136009326766,3
864691135920930224,864691136005560522,4
864691135920930224,864691136005721546,5
864691135920930224,864691136009768622,1
864691135925500430,864691136009440428,1
864691135925510670,864691136005340362,1
864691135925512974,864691136009440428,1
864691135925540878,864691136009423020,1
864691135925541390,864691136008846764,1
864691135925558542,864691136009217196,1
864691135925559310,864691136009425324,3
864691135925562638,864691136008846764,1
864691135925564430,864691136009061806,2
864691135925923342,864691136009493934,1
864691135926067214,864691136008452012,1
864691135926298638,864691136009440428,4
864691135926304724,864691136009223086,1
864691135926320596,864691136009511596,1
864691135926462222,864691136009768622,1
864691135926546388,864691136008439212,1
864691135926557140,864691136009425324,2
864691135926569486,864691136007281354,1
864691135926575374,864691136005607626,1
864691135926580238,864691136009223086,1
864691135926604814,864691136005205194,1
864691135926608142,864691136009440428,1
864691135926647252,864691136009244590,1
864691135927057620,864691136005656266,1
864691135927121422,864691136005816266,1
864691135927141844,864691136008431020,1
864691135927224846,864691136005330634,3
864691135927224846,864691136006508490,9
864691135927227604,864691136008486572,1
864691135927271124,864691136009507502,1
864691135927336148,864691136008577198,1
864691135927344596,864691136008846764,1
864691135927344596,864691136009348782,1
864691135927349972,864691136008486572,1
864691135927452116,864691136005670602,1
864691135927455700,864691136009513134,1
864691135927468756,864691136004798154,2
864691135927523796,864691136005890250,1
864691135927651540,864691136009348782,1
864691135927750100,864691136006508490,4
864691135927826958,864691136009425836,1
864691135927925460,864691136005656266,1
864691135927995662,864691136009299374,1
864691135928174862,864691136009154988,1
864691135928261076,864691136005340362,1
864691135928366292,864691136005543882,1
864691135928376590,864691136009326766,1
864691135929055188,864691136008884652,1
864691135929055188,864691136009326766,1
864691135929185492,864691136008490412,1
864691135929185492,864691136009335980,1
864691135929206740,864691136009154988,1
864691135929206740,864691136009314990,1
864691135929207508,864691136004798154,3
864691135929207508,864691136007339466,2
864691135929229780,864691136009511596,2
864691135936853507,864691136009423020,1
864691135937157892,864691136005890250,1
864691135937167364,864691136005816266,1
864691135937179652,864691136005199818,1
864691135937179652,864691136005835722,1
864691135937181700,864691136009348782,2
864691135937183492,864691136009511596,1
864691135937193220,864691136009493934,1
864691135937193220,864691136009507502,2
864691135937344053,864691136009415598,1
864691135937351477,864691136009511596,1
864691135937362997,864691136009418414,1
864691135937370421,864691136005589194,1
864691135937370421,864691136008762284,1
864691135937401141,864691136005589194,2
864691135937402884,864691136009440428,3
864691135937411381,864691136009335980,3
864691135937411893,864691136009768622,1
864691135937638404,864691136004798154,1
864691135937638404,864691136009476526,3
864691135937654276,864691136005205194,1
864691135937654276,864691136008420012,4
864691135937654276,864691136009332654,2
864691135937885749,864691136008762284,1
864691135937915396,864691136005695178,1
864691135937915396,864691136009476526,1
864691135938058500,864691136005890250,1
864691135938071556,864691136008452012,1
864691135938077700,864691136008591022,1
864691135938077700,864691136009415598,1
864691135938102020,864691136008591022,1
864691135938194692,864691136009507502,1
864691135938238980,864691136008226211,1
864691135938360324,864691136009424300,1
864691135938397188,864691136009440428,2
864691135938398468,864691136009423020,2
864691135938398468,864691136009500078,1
864691135938404356,864691136005624778,1
864691135938404612,864691136009425324,1
864691135938409220,864691136005589194,2
864691135938430980,864691136009511596,5
864691135938467844,864691136005560522,1
864691135938467844,864691136009473966,1
864691135938474037,864691136008805804,2
864691135938484789,864691136009061806,4
864691135938484789,864691136009415598,1
864691135938488373,864691136005809866,1
864691135938491445,864691136007281354,2
864691135938507573,864691136008490412,1
864691135938510133,864691136009539500,1
864691135938516021,864691136009394350,1
864691135938516533,864691136008577198,1
864691135938614069,864691136009394350,1
864691135938797316,864691136005890250,2
864691135939103285,864691136008884652,1
864691135939110453,864691136005340362,1
864691135939275777,864691136005757642,1
864691135939288833,864691136009299374,1
864691135939289345,864691136005607626,3
864691135939289345,864691136005623242,1
864691135939289345,864691136008846764,2
864691135939289345,864691136008953518,1
864691135939289345,864691136009348782,1
864691135939292161,864691136008575150,1
864691135939326209,864691136005670602,1
864691135939338753,864691136005205194,1
864691135939355137,864691136006508490,1
864691135939355905,864691136008907180,1
864691135939366401,864691136009061806,2
864691135939371521,864691136008787372,1
864691135939371521,864691136009507502,1
864691135939379713,864691136005670602,1
864691135939391489,864691136008787372,1
864691135939492356,864691136009326766,1
864691135939499524,864691136009440428,1
864691135939555585,864691136009440428,1
864691135939592196,864691136005589194,1
864691135939604533,864691136005624778,1
864691135939604533,864691136009424300,2
864691135939612420,864691136007339466,1
864691135939627430,864691136005906122,1
864691135939631620,864691136008884652,1
864691135939645444,864691136008870828,4
864691135939645444,864691136009315244,2
864691135939645444,864691136009511596,1
864691135939674534,864691136005340362,1
864691135939704580,864691136005656266,10
864691135939704580,864691136005816266,4
864691135939799041,864691136008846764,2
864691135939871541,864691136009332654,1
864691135939977269,864691136005816266,2
864691135940051110,864691136009511596,1
864691135940064001,864691136009440428,1
864691135940111669,864691136009415084,1
864691135940289025,864691136007281354,1
864691135940295937,864691136008953518,1
864691135940318118,864691136005835722,1
864691135940384515,864691136008591022,1
864691135940384515,864691136009500078,1
864691135940502017,864691136009440428,1
864691135940525734,864691136005835722,2
864691135940549798,864691136009423020,1
864691135940600230,864691136005589194,2
864691135940600230,864691136005816266,1
864691135940602790,864691136005589194,1
864691135940602790,864691136009425324,2
864691135940615078,864691136009511596,1
864691135940618662,864691136005670602,1
864691135940619942,864691136008807340,1
864691135940631718,864691136009423020,2
864691135940634278,864691136006745507,1
864691135940867585,864691136005624778,1
864691135940893606,864691136008846764,1
864691135940893606,864691136009332654,1
864691135941039361,864691136008490412,1
864691135941039361,864691136009315244,2
864691135941039361,864691136009318062,3
864691135941061633,864691136009335980,1
864691135941105012,864691136005816266,1
864691135941115508,864691136009419180,1
864691135941130662,864691136009419180,4
864691135941130662,864691136009476526,1
864691135941143924,864691136009423020,1
864691135941149812,864691136009507502,1
864691135941155956,864691136006745507,1
864691135941167988,864691136009383598,3
864691135941173108,864691136005589194,2
864691135941173364,864691136008452012,1
864691135941374721,864691136005589194,1
864691135941453940,864691136009348782,1
864691135941482241,864691136009768622,1
864691135941569140,864691136009493934,1
864691135941588852,864691136009061806,1
864691135941589876,864691136005589194,1
864691135941725556,864691136009511596,1
864691135941749364,864691136006508490,1
864691135941800449,864691136009440428,2
864691135941847924,864691136008591022,1
864691135941886118,864691136009314990,1
864691135941891956,864691136005835722,1
864691135941899777,864691136005203146,7
864691135941899777,864691136009007276,1
864691135941899777,864691136009315244,1
864691135941899777,864691136009440428,1
864691135941916020,864691136009507502,1
864691135941940390,864691136005816266,2
864691135941993894,864691136007281354,1
864691135942007297,864691136009326766,1
864691135942035110,864691136009292716,2
864691135942044929,864691136006703240,1
864691135942044929,864691136009513134,1
864691135942053798,864691136005835722,1
864691135942055590,864691136005816266,1
864691135942100340,864691136009415598,1
864691135942114164,864691136009418414,1
864691135942115444,864691136006508490,1
864691135942133108,864691136005890250,1
864691135942133108,864691136009415598,1
864691135942133108,864691136009418414,1
864691135942133108,864691136009507502,1
864691135942133108,864691136009511596,2
864691135942135412,864691136008393900,1
864691135942163201,864691136009425324,1
864691135942305281,864691136009768622,1
864691135942322433,864691136005543882,1
864691135942796916,864691136009425324,2
864691135942942580,864691136009154988,1
864691135943029620,864691136007281354,1
864691135943147380,864691136005656266,1
864691135943566964,864691136005330634,6
864691135943566964,864691136005560522,1
864691135943566964,864691136008420012,1
864691135943566964,864691136009200300,1
864691135943566964,864691136009419180,2
864691135943566964,864691136009440428,1
864691135943820148,864691136009359788,2
864691135943820916,864691136009154988,1
864691135943820916,864691136009424300,2
864691135943826548,864691136006798282,1
864691135943826548,864691136009425324,1
864691135943868532,864691136009424300,1
864691135943896692,864691136005560522,1
864691135943896692,864691136005721546,1
864691135943896692,864691136007281354,1
864691135943896692,864691136007339466,1
864691135943896692,864691136009473966,1
864691135943913332,864691136009326766,2
864691135943943540,864691136005721546,1
864691135945386020,864691136009229996,1
864691135945405476,864691136008846764,1
864691135945410340,864691136006745507,1
864691135945410340,864691136008226211,1
864691135945410340,864691136009493934,2
864691135945411364,864691136009244590,1
864691135945429028,864691136008431020,1
864691135945433380,864691136009415598,1
864691135945437732,864691136005721546,1
864691135945438756,864691136009223086,1
864691135945439268,864691136009348782,1
864691135945440292,864691136008846764,1
864691135945446692,864691136009418414,2
864691135945453860,864691136006508490,2
864691135945453860,864691136008907180,1
864691135945456676,864691136005670602,1
864691135945462564,864691136009315244,1
864691135945462564,864691136009511596,1
864691135945468708,864691136005816266,1
864691135945476132,864691136009499566,1
864691135945507364,864691136005816266,1
864691135945509668,864691136009425324,1
864691135945521444,864691136008486572,1
864691135945544484,864691136009415598,1
864691135945563428,864691136009415598,1
864691135945903140,864691136009415084,1
864691135945904676,864691136009394350,1
864691135945904676,864691136009473966,1
864691135945904676,864691136009768622,1
864691135945931556,864691136007281354,1
864691135945984036,864691136009423020,1
864691135946032420,864691136005816266,1
864691135946042916,864691136005589194,2
864691135946042916,864691136005816266,1
864691135946380068,864691136009425324,1
864691135946382884,864691136005589194,1
864691135946610468,864691136009419180,1
864691135946616612,864691136005623242,1
864691135946619684,864691136009500078,1
864691135946621476,864691136008431020,2
864691135946625633,864691136009318062,1
864691135946629668,864691136005890250,1
864691135946632289,864691136005623242,2
864691135946634593,864691136009415598,1
864691135946635361,864691136009476526,1
864691135946642017,864691136005330634,1
864691135946645857,864691136009299374,1
864691135946645857,864691136009394350,2
864691135946647905,864691136009332654,1
864691135946686049,864691136009061806,1
864691135946686049,864691136009415598,1
864691135946694753,864691136005757642,1
864691135946694753,864691136009438638,1
864691135946699617,864691136006798282,1
864691135946699617,864691136009410990,1
864691135946775076,864691136009217196,1
864691135946780196,864691136009410990,1
864691135946937441,864691136008439212,1
864691135946950692,864691136009383598,1
864691135946994785,864691136006798282,6
864691135947002465,864691136009425324,1
864691135947088993,864691136008805804,1
864691135947146532,864691136009461678,1
864691135947158308,864691136005890250,2
864691135947158308,864691136006508490,1
864691135947158308,864691136009423020,1
864691135947175265,864691136009315244,2
864691135947354465,864691136008486572,1
864691135947454049,864691136009423020,1
864691135947544161,864691136006798282,1
864691135947626081,864691136009007276,2
864691135947626081,864691136009366446,1
864691135947629348,864691136008762284,1
864691135947749729,864691136009394350,1
864691135947763492,864691136008486572,1
864691135948210980,864691136009366446,1
864691135948462372,864691136006508490,1
864691135948814433,864691136005589194,1
864691135948814433,864691136005656266,10
864691135948814433,864691136005816266,3
864691135948962401,864691136007281354,4
864691135949041249,864691136009326766,1
864691135949046625,864691136009326766,1
864691135949111649,864691136005656266,2
864691135949111649,864691136008577198,1
864691135949112417,864691136005560522,1
864691135949112417,864691136007281354,1
864691135949112417,864691136007339466,2
864691135949112417,864691136009461678,4
864691135951958819,864691136009415084,1
864691135951959331,864691136005809866,1
864691135951968291,864691136009270188,1
864691135951997219,864691136009236396,1
864691135952018211,864691136005589194,2
864691135952018211,864691136005816266,5
864691135952022819,864691136008846764,1
864691135952029987,864691136005656266,1
864691135952213027,864691136009348782,1
864691135952310819,864691136008431020,1
864691135952515363,864691136009314990,1
864691135952870691,864691136008431020,1
864691135952917283,864691136009394350,1
864691135952917539,864691136005199818,1
864691135952917539,864691136008452012,3
864691135952952355,864691136005203146,1
864691135952952355,864691136005205194,1
864691135952952355,864691136009315244,1
864691135952979747,864691136005670602,2
864691135953424586,864691136009415598,1
864691135953712419,864691136005656266,1
864691135953712419,864691136005816266,1
864691135953712419,864691136009425324,1
864691135953751560,864691136009425324,1
864691135953755912,864691136009348782,1
864691135953761032,864691136008846764,1
864691135953761544,864691136009394350,1
864691135953762824,864691136009394350,1
864691135953783816,864691136009315244,1
864691135953853475,864691136008490412,1
864691135953853475,864691136009299374,1
864691135953937928,864691136009061806,1
864691135954181667,864691136005816266,1
864691135954181667,864691136009425324,2
864691135954219784,864691136005589194,1
864691135954219784,864691136008762284,1
864691135954318371,864691136005589194,3
864691135954520611,864691136008762284,1
864691135954581256,864691136009229996,1
864691135954587912,864691136009440428,1
864691135954640675,864691136009007276,1
864691135954665480,864691136009332654,2
864691135954688776,864691136008444588,1
864691135954699299,864691136005560522,2
864691135954699299,864691136009154988,1
864691135954699299,864691136009314990,1
864691135954699299,864691136009438638,1
864691135954699299,864691136009461678,2
864691135954735880,864691136005835722,1
864691135954767624,864691136005560522,1
864691135954795272,864691136009493934,1
864691135954795272,864691136009507502,1
864691135954810147,864691136009154988,1
864691135954810888,864691136009415598,1
864691135954813448,864691136009423020,1
864691135954844963,864691136009217196,3
864691135954844963,864691136009292716,3
864691135954844963,864691136009383598,2
864691135954860808,864691136005543882,1
864691135954961928,864691136009440428,5
864691135955262472,864691136009326766,1
864691135955320328,864691136009007276,1
864691135955494920,864691136007339466,1
864691135955919880,864691136005656266,2
864691135955919880,864691136005670602,1
864691135957441994,864691136009415598,2
864691135958098378,864691136006508490,1
864691135960960714,864691136006508490,1
864691135960960714,864691136008452012,1
864691135961856806,864691136009507502,1
864691135962552778,864691136006745507,1
864691135963906762,864691136008452012,1
864691135963906762,864691136008490412,1
864691135963906762,864691136009318062,5
864691135963906762,864691136009335980,9
864691135964837066,864691136005890250,2
864691135964837066,864691136009423020,7
864691135964837066,864691136009493934,1
864691135965047754,864691136005890250,1
864691135965047754,864691136008907180,1
864691135965047754,864691136009318062,1
864691135965047754,864691136009511596,1
864691135966401994,864691136005835722,2
864691135968881509,864691136009419180,1
864691135968901477,864691136008953518,1
864691135968930917,864691136008431020,1
864691135968930917,864691136009061806,3
864691135968930917,864691136009415598,1
864691135969211493,864691136009299374,1
864691135969368677,864691136008431020,1
864691135969423717,864691136005906122,1
864691135969631333,864691136005721546,1
864691135969695845,864691136008805804,1
864691135969735013,864691136005890250,1
864691135969806437,864691136009425324,2
864691135969845861,864691136009299374,1
864691135969865061,864691136009440428,1
864691135969913957,864691136009511596,1
864691135970047077,864691136005340362,1
864691135970376138,864691136008953518,1
864691135970497125,864691136009394350,1
864691135971154021,864691136009007276,1
864691135971154021,864691136009314990,1
864691135971154021,864691136009326766,1
864691135971172197,864691136005656266,1
864691135971172197,864691136005816266,1
864691135971172197,864691136009318062,1
864691135971252837,864691136008762284,1
864691135971252837,864691136009154988,3
864691135971252837,864691136009314990,1
864691135971252837,864691136009359788,4
864691135971552101,864691136005656266,1
864691135971552101,864691136009314990,1
864691135971734373,864691136005656266,4
864691135971734373,864691136005816266,5
864691135971734373,864691136009314990,1
864691135971736933,864691136005656266,3
864691135971736933,864691136005816266,1
864691135974446447,864691136009419180,1
864691135974453615,864691136005646026,1
864691135974462575,864691136008591022,2
864691135974466671,864691136009507502,1
864691135974485871,864691136008431020,2
864691135974485871,864691136009061806,1
864691135974742383,864691136009415598,2
864691135974766191,864691136005835722,1
864691135974821999,864691136009236396,1
864691135974857583,864691136008452012,6
864691135974857583,864691136008490412,1
864691135974864239,864691136005340362,2
864691135974870127,864691136006745507,1
864691135975233135,864691136005757642,1
864691135975243887,864691136009425836,1
864691135975268463,864691136008762284,1
864691135975438659,864691136009461678,1
864691135975446595,864691136005199818,1
864691135975446595,864691136009318062,1
864691135975446595,864691136009335980,3
864691135975446595,864691136009511596,11
864691135975448899,864691136005757642,1
864691135975453807,864691136009440428,1
864691135975459651,864691136008846764,1
864691135975466563,864691136009394350,1
864691135975499119,864691136009507502,2
864691135975499887,864691136009507502,3
864691135975509615,864691136009511596,1
864691135975539779,864691136006745507,1
864691135975577155,864691136005624778,1
864691135975708015,864691136009383598,2
864691135975817539,864691136008591022,3
864691135975817539,864691136009423020,1
864691135975843395,864691136004793802,1
864691135975998531,864691136008884652,2
864691135976147523,864691136005816266,1
864691135976343754,864691136008226211,1
864691135976343754,864691136009423020,2
864691135976343754,864691136009493934,1
864691135976343754,864691136009500078,1
864691135976343754,864691136009507502,2
864691135976425327,864691136009410990,1
864691135976465731,864691136009332654,1
864691135976472643,864691136009154988,1
864691135976520047,864691136009513134,1
864691135976520047,864691136009768622,3
864691135976557635,864691136006703240,1
864691135976611651,864691136009415598,2
864691135976616515,864691136009507502,1
864691135976624963,864691136009507502,1
864691135976625987,864691136009500078,1
864691135976968259,864691136009244590,1
864691135976979567,864691136009440428,1
864691135976984387,864691136009507502,1
864691135976990275,864691136009359788,3
864691135977134403,864691136005695178,1
864691135977151811,864691136007281354,2
864691135977188419,864691136009424300,1
864691135977735235,864691136009424300,3
864691135977880643,864691136009410990,1
864691135977925187,864691136006703240,3
864691135977925187,864691136009007276,1
864691135977925187,864691136009513134,3
864691135982474915,864691136008444588,2
864691135982474915,864691136008787372,1
864691135982474915,864691136009507502,2
864691135983638730,864691136008431020,1
864691135984348067,864691136009507502,1
864691135986210979,864691136009493934,2
864691135986875907,864691136009270188,1
864691135986888707,864691136005816266,1
864691135986890499,864691136009200300,1
864691135986895619,864691136008805804,1
864691135986921475,864691136008486572,1
864691135986933507,864691136009438638,2
864691135986937347,864691136006703240,2
864691135987200003,864691136008846764,2
864691135987284227,864691136009229996,2
864691135987284227,864691136009423020,1
864691135987905539,864691136009424300,1
864691135987929091,864691136008953518,1
864691135987967491,864691136008762284,1
864691135988011267,864691136009461678,1
864691135988016387,864691136009415598,1
864691135988016387,864691136009507502,1
864691135988021251,864691136006703240,1
864691135988023043,864691136009507502,1
864691135988249859,864691136009410990,1
864691135988292608,864691136005205194,1
864691135988314112,864691136005205194,1
864691135988321536,864691136005203146,1
864691135988412874,864691136005646026,1
864691135988412874,864691136008226211,3
864691135988412874,864691136009061806,1
864691135988412874,864691136009415598,1
864691135988468739,864691136005656266,1
864691135988591872,864691136005589194,1
864691135988639744,864691136009424300,1
864691135988644352,864691136008762284,1
864691135988692224,864691136008452012,1
864691135988814336,864691136009425324,1
864691135988824067,864691136009438638,1
864691135988843011,864691136009425324,1
864691135989062090,864691136005670602,1
864691135989140480,864691136009061806,1
864691135989183232,864691136009061806,1
864691135989246976,864691136006745507,1
864691135989246976,864691136008226211,1
864691135989272064,864691136005890250,1
864691135989297152,864691136009217196,1
864691135989321216,864691136009507502,2
864691135989344512,864691136005340362,1
864691135989344512,864691136009476526,1
864691135989699072,864691136008787372,2
864691135989708803,864691136005816266,1
864691135989739011,864691136005816266,5
864691135989817088,864691136005890250,1
864691135989817088,864691136008490412,1
864691135989817088,864691136009335980,1
864691135990277376,864691136008762284,4
864691135990450432,864691136005589194,2
864691135990620160,864691136005816266,1
864691135990851584,864691136008226211,1
864691135990851584,864691136009500078,3
864691135990890496,864691136008884652,5
864691135990890496,864691136009007276,1
864691135990890496,864691136009326766,1
864691135990890496,864691136009366446,1
864691135990994312,864691136009473966,1
864691135991171328,864691136009383598,1
864691135991197184,864691136005589194,1
864691135991197184,864691136009326766,3
864691135991483329,864691136009410990,1
864691135991499969,864691136009425836,1
864691135991501761,864691136005330634,1
864691135991501761,864691136005906122,1
864691135991502785,864691136005607626,1
864691135991502785,864691136005623242,4
864691135991502785,864691136005695178,1
864691135991502785,864691136005809866,2
864691135991502785,864691136008575150,1
864691135991502785,864691136008953518,3
864691135991502785,864691136009348782,1
864691135991502785,864691136009419180,1
864691135991502785,864691136009440428,1
864691135991502785,864691136009476526,3
864691135991523265,864691136005656266,1
864691135991800001,864691136006745507,4
864691135991800001,864691136008226211,1
864691135991801025,864691136009424300,3
864691135991879617,864691136009415598,1
864691135992342721,864691136009507502,1
864691135992449729,864691136009418414,1
864691135992463809,864691136005816266,1
864691135992477377,864691136008420012,1
864691135992477377,864691136008870828,1
864691135992477377,864691136009315244,2
864691135992479425,864691136008462508,1
864691135992485825,864691136005816266,1
864691135992496577,864691136009424300,1
864691135992791233,864691136009493934,1
864691135993113025,864691136008452012,1
864691135993113025,864691136009299374,2
864691135993600961,864691136005816266,1
864691135993711297,864691136009410990,1
864691135993757386,864691136008452012,1
864691135993787585,864691136009200300,2
864691135993807297,864691136008226211,1
864691135993807297,864691136009415598,1
864691135993807297,864691136009423020,1
864691135994222017,864691136007339466,1
864691135994222017,864691136009768622,4
864691135994229194,864691136005835722,1
864691135994229194,864691136008452012,1
864691135994229194,864691136008490412,1
864691135994229194,864691136009318062,1
864691135994229194,864691136009335980,1
864691135994229194,864691136009511596,3
864691135994287809,864691136009440428,1
864691135994306979,864691136005670602,1
864691135994453953,864691136009440428,1
864691135994470337,864691136005203146,1
864691135994470337,864691136005205194,2
864691135994470337,864691136008870828,1
864691135994473153,864691136008762284,1
864691135994473153,864691136009326766,2
864691135994475713,864691136005906122,1
864691135994479654,864691136009493934,1
864691135994484929,864691136008420012,1
864691135994517418,864691136005624778,1
864691135994538410,864691136005906122,1
864691135994562986,864691136008787372,1
864691135994643370,864691136005199818,3
864691135994661802,864691136008431020,1
864691135994819754,864691136005589194,2
864691135994819754,864691136008762284,11
864691135994819754,864691136009425324,1
864691135995104714,864691136005205194,2
864691135995104714,864691136008452012,3
864691135995104714,864691136008870828,1
864691135995104714,864691136009315244,1
864691135995104714,864691136009318062,1
864691135995266762,864691136008226211,1
864691135995266762,864691136009061806,1
864691135995272874,864691136005757642,1
864691135995420330,864691136009511596,1
864691135995481770,864691136005670602,1
864691135995495594,864691136008805804,1
864691135995586506,864691136008953518,1
864691135996249002,864691136005330634,2
864691135996249002,864691136005721546,1
864691135996249002,864691136009473966,2
864691135996294314,864691136005816266,1
864691135996747946,864691136005623242,1
864691135996747946,864691136009476526,1
864691135996759498,864691136009318062,1
864691135996900266,864691136005589194,1
864691135996900266,864691136005656266,1
864691135997567146,864691136005721546,1
864691135997567146,864691136009394350,1
864691135997616554,864691136008880556,1
864691135997680042,864691136005589194,2
864691135997680042,864691136008762284,3
864691135997680042,864691136009326766,1
864691135998797770,864691136009511596,1
864691135999717834,864691136008846764,1
864691136000086730,864691136009335980,1
864691136000221091,864691136009415598,1
864691136001268131,864691136006745507,1
864691136001738442,864691136005199818,1
864691136001738442,864691136009318062,1
864691136001931978,864691136008490412,3
864691136001931978,864691136008907180,1
864691136001931978,864691136009318062,2
864691136001931978,864691136009335980,2
864691136002091427,864691136008431020,1
864691136003421603,864691136009423020,1
864691136003918538,864691136005199818,2
864691136003918538,864691136008907180,1
864691136003918538,864691136009335980,1
864691136004123594,864691136005890250,1
864691136004715722,864691136005656266,1
864691136004715722,864691136005816266,2
864691136004726474,864691136008953518,1
864691136004733130,864691136005816266,5
864691136004739786,864691136009394350,1
864691136004755658,864691136009507502,1
864691136004759754,864691136005560522,1
864691136004763338,864691136005835722,1
864691136004768458,864691136005205194,1
864691136004793802,864691136004793802,8
864691136004797898,864691136008431020,1
864691136004798154,864691136004798154,7
864691136004885706,864691136005906122,1
864691136004885706,864691136006703240,1
864691136004885706,864691136008420012,2
864691136004885706,864691136008805804,1
864691136004885706,864691136009511596,2
864691136004885706,864691136009539500,4
864691136005069514,864691136005623242,2
864691136005069514,864691136005835722,1
864691136005069514,864691136005890250,1
864691136005069514,864691136009440428,3
864691136005104330,864691136009440428,1
864691136005150154,864691136005721546,2
864691136005150154,864691136009440428,3
864691136005150154,864691136009539500,3
864691136005199818,864691136005199818,5
864691136005202890,864691136005816266,1
864691136005203146,864691136005203146,8
864691136005205194,864691136005205194,13
864691136005330634,864691136005330634,4
864691136005543626,864691136005816266,1
864691136005543882,864691136005543882,10
864691136005547722,864691136009440428,1
864691136005575626,864691136009348782,1
864691136005589194,864691136005589194,15
864691136005607626,864691136005607626,10
864691136005628106,864691136008575150,1
864691136005656266,864691136005656266,4
864691136005670602,864691136005670602,10
864691136005693130,864691136009415598,1
864691136005695178,864691136005695178,12
864691136005695178,864691136005906122,1
864691136005695178,864691136008807340,1
864691136005695178,864691136009200300,1
864691136005721546,864691136005721546,9
864691136005765578,864691136009493934,2
864691136005816266,864691136005656266,5
864691136005816266,864691136005816266,23
864691136005835722,864691136005835722,13
864691136005835722,864691136009415598,1
864691136005890250,864691136005890250,9
864691136006207395,864691136009507502,3
864691136006353354,864691136006508490,1
864691136006353354,864691136006703240,1
864691136006508490,864691136006508490,8
864691136006619850,864691136008880556,1
864691136006703240,864691136006703240,9
864691136006745507,864691136006745507,30
864691136006828490,864691136005589194,1
864691136007095498,864691136005816266,2
864691136007308234,864691136005656266,1
864691136007308234,864691136005816266,3
864691136007339466,864691136007339466,3
864691136007339466,864691136009461678,1
864691136007393994,864691136009326766,2
864691136007393994,864691136009359788,1
864691136008226211,864691136008226211,5
864691136008411052,864691136009507502,1
864691136008420012,864691136008420012,4
864691136008444588,864691136008444588,3
864691136008452012,864691136008452012,7
864691136008460972,864691136008460972,7
864691136008485804,864691136005721546,1
864691136008486572,864691136005624778,1
864691136008486572,864691136008486572,55
864691136008488620,864691136009394350,1
864691136008488620,864691136009768622,1
864691136008490412,864691136008490412,6
864691136008568750,864691136009511596,1
864691136008570286,864691136005670602,1
864691136008573358,864691136009493934,1
864691136008573358,864691136009507502,1
864691136008575150,864691136008575150,9
864691136008591022,864691136008591022,16
864691136008660654,864691136009318062,1
864691136008724652,864691136005656266,1
864691136008762284,864691136008762284,23
864691136008770732,864691136009419180,1
864691136008787372,864691136008787372,6
864691136008807340,864691136008807340,4
864691136008881068,864691136009507502,1
864691136008895404,864691136005670602,1
864691136008905644,864691136006745507,1
864691136008907180,864691136008907180,12
864691136008953518,864691136008953518,7
864691136008958892,864691136005656266,1
864691136008958892,864691136009292716,4
864691136008961454,864691136005816266,1
864691136008962990,864691136004798154,1
864691136008962990,864691136009315244,1
864691136008962990,864691136009394350,2
864691136008966574,864691136005199818,2
864691136008966574,864691136008907180,1
864691136008966574,864691136009318062,3
864691136009188526,864691136009394350,1
864691136009200300,864691136009200300,4
864691136009217196,864691136009217196,2
864691136009223086,864691136009223086,24
864691136009229996,864691136009229996,15
864691136009236396,864691136009236396,6
864691136009244590,864691136009244590,6
864691136009270188,864691136009270188,4
864691136009292716,864691136009292716,6
864691136009318062,864691136009318062,7
864691136009348782,864691136009348782,18
864691136009359788,864691136009359788,4
864691136009371054,864691136005670602,1
864691136009383596,864691136005589194,1
864691136009383598,864691136009383598,1
864691136009414828,864691136005816266,4
864691136009415084,864691136009415084,12
864691136009415598,864691136009415598,24
864691136009419180,864691136009419180,4
864691136009423020,864691136009423020,14
864691136009424300,864691136009424300,16
864691136009425324,864691136005816266,1
864691136009425324,864691136009425324,18
864691136009428396,864691136004798154,1
864691136009440428,864691136009440428,24
864691136009440684,864691136009217196,1
864691136009446060,864691136008452012,1
864691136009473198,864691136009423020,1
864691136009476526,864691136009476526,11
864691136009493934,864691136009493934,7
864691136009500078,864691136009500078,2
864691136009507502,864691136009507502,62
864691136009511596,864691136009511596,19
864691136009518510,864691136009424300,1
864691136009526188,864691136005835722,2
864691136009526702,864691136009415598,1
864691136009539500,864691136009539500,22
864691136009612460,864691136009768622,2
864691136009890476,864691136007281354,1
864691136009890476,864691136009394350,2
864691136009890476,864691136009473966,2
864691136009983406,864691136009292716,1
864691136010318510,864691136005205194,2
864691136010318510,864691136008870828,1
864691136010382254,864691136009424300,1
864691136010434732,864691136009154988,1
864691136010687404,864691136009292716,1
864691136010717356,864691136009768622,1
864691136010830510,864691136009424300,1
864691136010879907,864691136004798154,1
864691136010886307,864691136009425836,2
864691136010928046,864691136009154988,1
864691136010951075,864691136005543882,1
864691136010953379,864691136008762284,3
864691136010962595,864691136008486572,1
864691136010963875,864691136009359788,1
864691136011027875,864691136009229996,4
864691136011046318,864691136009425324,1
864691136011209635,864691136009415598,1
864691136011209635,864691136009423020,1
864691136011211182,864691136009425324,2
864691136011338915,864691136009507502,1
864691136011361187,864691136005835722,1
864691136011378851,864691136008805804,1
864691136011379107,864691136009425324,1
864691136011458734,864691136009326766,1
864691136011485614,864691136005656266,1
864691136011485614,864691136009217196,4
864691136011485614,864691136009359788,2
864691136011485614,864691136009461678,1
864691136011627171,864691136009410990,1
864691136011670435,864691136009493934,1
864691136011698350,864691136005816266,1
864691136011707566,864691136009326766,1
864691136011721891,864691136009292716,1
864691136011733934,864691136009424300,1
864691136011733934,864691136009461678,2
864691136011782318,864691136005721546,1
864691136011782318,864691136007339466,1
864691136011782318,864691136009473966,2
864691136011782318,864691136009768622,5
864691136011793582,864691136009768622,1
864691136011838115,864691136009425324,1
864691136011850926,864691136005757642,1
864691136011850926,864691136009410990,1
864691136011869091,864691136009326766,1
864691136011901347,864691136009423020,1
864691136011908515,864691136009061806,1
864691136012214179,864691136004798154,1
864691136012413347,864691136005721546,1
864691136012563363,864691136005543882,1
864691136012563619,864691136008762284,3
864691136012645027,864691136009154988,1
864691136012948387,864691136006508490,2
864691136012948387,864691136009440428,1
864691136012948387,864691136009511596,1
864691136012948387,864691136009539500,1
864691136013147555,864691136005816266,1
864691136013160611,864691136009424300,1
864691136013184163,864691136009507502,1
864691136013200035,864691136009513134,1
864691136013242787,864691136004798154,1
864691136013242787,864691136009461678,1
864691136013242787,864691136009473966,1
864691136013242787,864691136009768622,2
864691136013367715,864691136009007276,2
864691136013552035,864691136008884652,1
864691136013554851,864691136009424300,1
864691136013590179,864691136004798154,1
864691136013590179,864691136005205194,1
864691136013653411,864691136005589194,2
864691136013653411,864691136008577198,1
864691136013653411,864691136008762284,1
864691136013653411,864691136008884652,1
864691136019227729,864691136005656266,1
864691136020218104,864691136009425836,1
864691136020244472,864691136009440428,1
864691136020254200,864691136006745507,1
864691136020256248,864691136009500078,1
864691136020260088,864691136008591022,1
864691136020260088,864691136009507502,1
864691136020287992,864691136009507502,1
864691136020301048,864691136008591022,1
864691136020316408,864691136005670602,1
864691136020324856,864691136005203146,1
864691136020707064,864691136005589194,1
864691136020717816,864691136005589194,1
864691136020717816,864691136008762284,2
864691136020717816,864691136009359788,1
864691136020836088,864691136008460972,1
864691136020894968,864691136008559790,1
864691136020916216,864691136005890250,1
864691136021041912,864691136006745507,2
864691136021041912,864691136008787372,1
864691136021122552,864691136009217196,1
864691136021262584,864691136009768622,1
864691136021294584,864691136009507502,1
864691136021296120,864691136009511596,1
864691136021416440,864691136009507502,2
864691136021448184,864691136009440428,1
864691136021587448,864691136009425324,3
864691136021592568,864691136009154988,1
864691136021592568,864691136009424300,2
864691136021592568,864691136009425836,2
864691136021895416,864691136005890250,2
864691136021895416,864691136009223086,1
864691136021895416,864691136009335980,3
864691136021895416,864691136009511596,5
864691136021985784,864691136009513134,1
864691136022079992,864691136006798282,1
864691136022200056,864691136009383598,1
864691136022324216,864691136009424300,2
864691136022558200,864691136009326766,1
864691136023749689,864691136005890250,1
864691136023760185,864691136009394350,1
864691136023767097,864691136008486572,1
864691136023771705,864691136008577198,1
864691136023800633,864691136005906122,1
864691136023800633,864691136008805804,1
864691136023800633,864691136009539500,1
864691136023811641,864691136009415598,1
864691136023811897,864691136005656266,1
864691136023813689,864691136005589194,5
864691136023818041,864691136009154988,1
864691136023831865,864691136009425324,1
864691136023837241,864691136006798282,1
864691136023837241,864691136009410990,1
864691136023919161,864691136009299374,1
864691136024329529,864691136005199818,1
864691136024406841,864691136009425324,1
864691136024439865,864691136009061806,1
864691136024556345,864691136009440428,1
864691136024580153,864691136005816266,1
864691136024641081,864691136009299374,1
864691136024691769,864691136009061806,2
864691136024693561,864691136005890250,1
864691136024711993,864691136005589194,1
864691136024715065,864691136009061806,2
864691136024813369,864691136005199818,1
864691136024813369,864691136008452012,1
864691136024813369,864691136009318062,1
864691136024813369,864691136009511596,1
864691136024821049,864691136009440428,1
864691136024826681,864691136008787372,2
864691136024869945,864691136009314990,2
864691136024984377,864691136005199818,1
864691136024984377,864691136005890250,5
864691136024984377,864691136009229996,1
864691136024984377,864691136009511596,1
864691136024998713,864691136008907180,1
864691136025093689,864691136005199818,1
864691136025093689,864691136008907180,1
864691136025093689,864691136009511596,7
864691136025504569,864691136009326766,1
864691136025913913,864691136008884652,3
864691136026117177,864691136005589194,1
864691136026234169,864691136007339466,1
864691136026263353,864691136005656266,4
864691136026263353,864691136005816266,6
864691136026374201,864691136009394350,1
864691136026848478,864691136008486572,1
864691136031657659,864691136009415598,1
864691136031668155,864691136005721546,1
864691136031668155,864691136009768622,1
864691136031692731,864691136009415598,1
864691136031693755,864691136009244590,2
864691136031700411,864691136009348782,2
864691136031759803,864691136008486572,1
864691136031763387,864691136009383598,1
864691136031970747,864691136006798282,1
864691136032197563,864691136005589194,1
864691136032197563,864691136009425324,1
864691136032269755,864691136005835722,1
864691136032474811,864691136005816266,3
864691136032504507,864691136005670602,1
864691136032504507,864691136009440428,1
864691136032603835,864691136008591022,2
864691136032650939,864691136005560522,1
864691136032650939,864691136009314990,1
864691136032653499,864691136006508490,1
864691136032682683,864691136009292716,1
864691136032837307,864691136005560522,1
864691136033553595,864691136005816266,1
864691136034086587,864691136009394350,2
864691136034454971,864691136009326766,1
864691136034487483,864691136005560522,1
864691136034487483,864691136007281354,3
864691136034487483,864691136007339466,3
864691136034487483,864691136009461678,3
864691136034592443,864691136009326766,1
864691136039378686,864691136009507502,1
864691136039551998,864691136008431020,1
864691136039683326,864691136005890250,2
864691136039704830,864691136008591022,1
864691136039704830,864691136009507502,1
864691136039734270,864691136009315244,1
864691136039833854,864691136009415084,1
864691136039846910,864691136008431020,1
864691136040148734,864691136005623242,1
864691136040148734,864691136009419180,2
864691136040153854,864691136009440428,1
864691136040227582,864691136005835722,1
864691136040311806,864691136004798154,1
864691136040311806,864691136009299374,1
864691136040333822,864691136009425836,2
864691136040390654,864691136009423020,1
864691136040531454,864691136009061806,1
864691136040535294,864691136009507502,1
864691136040691454,864691136007281354,1
864691136040879102,864691136007281354,1
864691136040986710,864691136009425324,1
864691136041001558,864691136008846764,1
864691136041021782,864691136009229996,1
864691136041041494,864691136005906122,1
864691136041046782,864691136005340362,1
864691136041046782,864691136009415598,2
864691136041048062,864691136005816266,2
864691136041058390,864691136008787372,15
864691136041063254,864691136005589194,1
864691136041082454,864691136009473966,1
864691136041390934,864691136009217196,1
864691136041423958,864691136009507502,1
864691136041428822,864691136008805804,1
864691136041471318,864691136008490412,1
864691136041504254,864691136007281354,2
864691136041504254,864691136008762284,1
864691136041510398,864691136007281354,1
864691136041519702,864691136005589194,1
864691136041604438,864691136004798154,1
864691136041604438,864691136009299374,15
864691136041604438,864691136009419180,4
864691136041679702,864691136009223086,2
864691136041694718,864691136005205194,1
864691136041694718,864691136008870828,2
864691136041694718,864691136009473966,1
864691136041907542,864691136005670602,1
864691136042105942,864691136009217196,1
864691136042114134,864691136008787372,1
864691136042166358,864691136005695178,1
864691136042289238,864691136005721546,1
864691136042350422,864691136006703240,2
864691136042350422,864691136008490412,3
864691136042515798,864691136004798154,1
864691136042526550,864691136009315244,1
864691136042685270,864691136005816266,1
864691136042859862,864691136008880556,1
864691136043001686,864691136005543882,1
864691136043001686,864691136009425324,1
864691136043044182,864691136009461678,1
864691136043226710,864691136005721546,1
864691136043245654,864691136006703240,1
864691136043245654,864691136009539500,2
864691136043352150,864691136009410990,1
864691136043397206,864691136009425324,2
864691136043496022,864691136005543882,1
864691136043496022,864691136005816266,1
864691136043601238,864691136005721546,1
864691136043601238,864691136009394350,1
864691136050839027,864691136008393900,1
864691136050851315,864691136005835722,1
864691136050856947,864691136005624778,1
864691136050865139,864691136005656266,1
864691136051071987,864691136005816266,2
864691136051130867,864691136009299374,1
864691136051135731,864691136009061806,1
864691136051135731,864691136009418414,1
864691136051136243,864691136008439212,1
864691136051136243,864691136009507502,1
864691136051185651,864691136005816266,1
864691136051486451,864691136009425324,1
864691136051619827,864691136005816266,2
864691136051830771,864691136008439212,1
864691136051830771,864691136009507502,1
864691136051831283,864691136009061806,1
864691136051831283,864691136009415598,1
864691136051839219,864691136009507502,1
864691136051920115,864691136005340362,1
864691136052039155,864691136005670602,1
864691136052047603,864691136009229996,1
864691136052791027,864691136008884652,1
864691136052882163,864691136005816266,1
864691136052918515,864691136005589194,1
864691136053085427,864691136009499566,1
864691136053225715,864691136009299374,3
864691136053227763,864691136005624778,1
864691136053419251,864691136005721546,1
864691136053419251,864691136009394350,1
864691136053419251,864691136009410990,1
864691136053537779,864691136009511596,3
864691136053645299,864691136005205194,2
864691136053645299,864691136008870828,2
864691136053645299,864691136009315244,1
864691136053645299,864691136009394350,1
864691136053645299,864691136009461678,1
864691136053645299,864691136009473966,2
864691136053645299,864691136009768622,1
864691136053732595,864691136009476526,1
864691136056323544,864691136009423020,1
864691136056324056,864691136005835722,1
864691136056324056,864691136009299374,1
864691136056344024,864691136009415084,1
864691136056367064,864691136009415084,1
864691136056371672,864691136008591022,1
864691136056374488,864691136006798282,1
864691136056377048,864691136009507502,1
864691136056377816,864691136008444588,1
864691136056377816,864691136009423020,1
864691136056387800,864691136009418414,1
864691136056773592,864691136005906122,1
864691136057053912,864691136008460972,1
864691136057103576,864691136009768622,1
864691136057166296,864691136009507502,1
864691136057180632,864691136009223086,1
864691136057182680,864691136009061806,1
864691136057332184,864691136005203146,1
864691136057332184,864691136008420012,2
864691136057332696,864691136009511596,1
864691136057897432,864691136005589194,2
864691136057897432,864691136005816266,1
864691136058116568,864691136005656266,3
864691136058116568,864691136008577198,2
864691136058291160,864691136009410990,1
864691136058690264,864691136005589194,1
864691136058752216,864691136009425324,1
864691136058810328,864691136005589194,1
864691136058810328,864691136008762284,3
864691136058824152,864691136005816266,1
864691136058963160,864691136009425324,1
864691136059003864,864691136008884652,2
864691136059004888,864691136005589194,1
864691136059004888,864691136008762284,2
864691136065218968,864691136009292716,1
864691136065219992,864691136009410990,1
864691136065224344,864691136009292716,1
864691136065229208,864691136009292716,2
864691136065239448,864691136009507502,1
864691136065248664,864691136008486572,1
864691136065254296,864691136009511596,1
864691136065258648,864691136009507502,1
864691136065258904,864691136005589194,1
864691136065259928,864691136009315244,1
864691136065263512,864691136005623242,1
864691136065272984,864691136009539500,1
864691136065287832,864691136009424300,1
864691136065297816,864691136006745507,1
864691136065298584,864691136008431020,1
864691136065298584,864691136009415598,1
864691136065298584,864691136009507502,1
864691136065299352,864691136008226211,1
864691136065413528,864691136009423020,2
864691136065413528,864691136009493934,1
864691136065661336,864691136009513134,1
864691136065821592,864691136006508490,1
864691136065821592,864691136009511596,1
864691136065822104,864691136006745507,1
864691136065851288,864691136009415598,1
864691136065851288,864691136009493934,3
864691136065851288,864691136009507502,2
864691136065856664,864691136005816266,2
864691136065951896,864691136008431020,1
864691136065951896,864691136009061806,1
864691136065951896,864691136009415598,1
864691136066253720,864691136005890250,1
864691136066386840,864691136009415598,1
864691136066507672,864691136009292716,1
864691136066507928,864691136009292716,1
864691136066516888,864691136009476526,1
864691136066631832,864691136006508490,1
864691136066631832,864691136009418414,1
864691136066723224,864691136009244590,1
864691136066751640,864691136009359788,1
864691136066913432,864691136005560522,1
864691136067062936,864691136008880556,1
864691136067062936,864691136009425836,1
864691136067291544,864691136005340362,1
864691136067300248,864691136008486572,1
864691136067718040,864691136005543882,1
864691136067718040,864691136009425324,1
864691136067819416,864691136009154988,1
864691136067819416,864691136009236396,1
864691136084040556,864691136009425324,2
864691136084053612,864691136005330634,2
864691136084053612,864691136009440428,1
864691136084056684,864691136005205194,2
864691136084058988,864691136008880556,1
864691136084059756,864691136009768622,1
864691136084069996,864691136009061806,1
864691136084077676,864691136009511596,1
864691136084079212,864691136009383598,1
864691136084081516,864691136005340362,1
864691136084428908,864691136009217196,1
864691136084466028,864691136009415598,1
864691136084573036,864691136008486572,1
864691136084574572,864691136005816266,1
864691136084606828,864691136009418414,1
864691136084628844,864691136006745507,3
864691136084628844,864691136009415598,1
864691136084664940,864691136009415084,4
864691136084970860,864691136005340362,1
864691136085067372,864691136009326766,1
864691136085100652,864691136009244590,1
864691136085120364,864691136008431020,2
864691136085255020,864691136009440428,1
864691136085267820,864691136009440428,1
864691136085320300,864691136009507502,1
864691136085458284,864691136009236396,1
864691136085458284,864691136009270188,1
864691136085811820,864691136009415598,1
864691136085904236,864691136009154988,2
864691136086239084,864691136005330634,1
864691136086239084,864691136005906122,2
864691136086239084,864691136006703240,2
864691136086239084,864691136008420012,1
864691136086239084,864691136008490412,1
864691136086239084,864691136009315244,1
864691136086239084,864691136009511596,1
864691136086239084,864691136009539500,4
864691136086631020,864691136008762284,1
864691136086667628,864691136008486572,1
864691136086667628,864691136009154988,1
864691136086667628,864691136009424300,1
864691136086667628,864691136009438638,1
864691136086705260,864691136007339466,1
864691136086840428,864691136009768622,1
864691136088935479,864691136009217196,1
864691136088937015,864691136009217196,1
864691136088943671,864691136009154988,1
864691136088958263,864691136009507502,3
864691136088960311,864691136005589194,1
864691136088961847,864691136006745507,1
864691136088961847,864691136009415598,1
864691136088969271,864691136009500078,2
864691136088970039,864691136009244590,2
864691136089047863,864691136005816266,2
864691136089175351,864691136009425324,1
864691136089194039,864691136004793802,1
864691136089254199,864691136009507502,1
864691136089261623,864691136009229996,1
864691136089437751,864691136009415084,1
864691136089811511,864691136009383598,1
864691136089911863,864691136005835722,1
864691136090001719,864691136005670602,1
864691136090001719,864691136008907180,4
864691136090095671,864691136009493934,2
864691136090099511,864691136005624778,1
864691136090104119,864691136005835722,1
864691136090479159,864691136008420012,1
864691136090479159,864691136009007276,1
864691136090632503,864691136009425324,1
864691136090689847,864691136009314990,1
864691136090910900,864691136009415598,1
864691136090918324,864691136009332654,1
864691136090923188,864691136009440428,1
864691136090936887,864691136005623242,1
864691136090939316,864691136008591022,1
864691136090941108,864691136005890250,2
864691136090948532,864691136006745507,1
864691136090948532,864691136009507502,1
864691136091074615,864691136009461678,1
864691136091108151,864691136005721546,1
864691136091108151,864691136009768622,1
864691136091231156,864691136008393900,1
864691136091310391,864691136005890250,1
864691136091310391,864691136009423020,3
864691136091310391,864691136009493934,2
864691136091310391,864691136009507502,3
864691136091401140,864691136005589194,1
864691136091438004,864691136009394350,1
864691136091532855,864691136009314990,1
864691136091708596,864691136009383598,1
864691136091718711,864691136005205194,1
864691136091718711,864691136009394350,2
864691136091718711,864691136009473966,3
864691136091980468,864691136007281354,1
864691136092267444,864691136005835722,2
864691136092275636,864691136009473966,1
864691136092483508,864691136009473966,1
864691136092831668,864691136008486572,1
864691136092900788,864691136009425324,1
864691136092950964,864691136005589194,1
864691136092950964,864691136005656266,5
864691136092950964,864691136005816266,6
864691136092950964,864691136008762284,1
864691136092950964,864691136009359788,1
864691136093231540,864691136009394350,1
864691136099767669,864691136006745507,1
864691136099767669,864691136009415598,1
864691136099772789,864691136009061806,1
864691136099774325,864691136009394350,1
864691136099777397,864691136009425324,1
864691136099784309,864691136008486572,1
864691136099786101,864691136008575150,1
864691136099791221,864691136009440428,1
864691136099791477,864691136008907180,1
864691136099795829,864691136009061806,1
864691136099795829,864691136009415598,1
864691136099825013,864691136009299374,2
864691136099828341,864691136009292716,1
864691136099900021,864691136006508490,1
864691136100014453,864691136009425836,1
864691136100209781,864691136007281354,1
864691136100266613,864691136008762284,1
864691136100359029,864691136008805804,1
864691136100585589,864691136008846764,1
864691136100778613,864691136009425836,1
864691136100780405,864691136009424300,1
864691136100800117,864691136005623242,1
864691136100800117,864691136009507502,1
864691136100839541,864691136009061806,1
864691136100919925,864691136006745507,1
864691136100919925,864691136008591022,2
864691136100923765,864691136005205194,1
864691136100924789,864691136005835722,1
864691136100940661,864691136009440428,1
864691136101136757,864691136009223086,1
864691136101370741,864691136009507502,1
864691136101441909,864691136009473966,2
864691136101441909,864691136009768622,1
864691136101767541,864691136009359788,1
864691136101767541,864691136009438638,1
864691136102335861,864691136009425324,2
864691136105445337,864691136009332654,1
864691136105445337,864691136009440428,1
864691136105457113,864691136009511596,1
864691136105464537,864691136009318062,1
864691136105509849,864691136008591022,1
864691136105513177,864691136006508490,1
864691136105757145,864691136009507502,1
864691136105811161,864691136009415598,1
864691136105858521,864691136005589194,1
864691136105872345,864691136009499566,1
864691136106304729,864691136008486572,1
864691136106313689,864691136005816266,2
864691136106382553,864691136005721546,1
864691136106400985,864691136009500078,1
864691136106529753,864691136009511596,1
864691136106571225,864691136009326766,1
864691136106647769,864691136009507502,1
864691136106671321,864691136009415598,2
864691136106671321,864691136009507502,1
864691136106825945,864691136009425324,1
864691136107283417,864691136009461678,1
864691136107476355,864691136008486572,1
864691136107980761,864691136005890250,1
864691136107980761,864691136006508490,1
864691136107980761,864691136009423020,3
864691136107980761,864691136009493934,4
864691136107980761,864691136009500078,1
864691136108411097,864691136005721546,1
864691136108519129,864691136009315244,1
864691136108519129,864691136009394350,13
864691136108519129,864691136009473966,1
864691136108611033,864691136005589194,1
864691136108611033,864691136005656266,4
864691136108611033,864691136005816266,5
864691136108627417,864691136005203146,1
864691136108673753,864691136009394350,1
864691136108712632,864691136008591022,4
864691136108712632,864691136009507502,1
864691136108726200,864691136009415598,1
864691136108726968,864691136009244590,1
864691136108871096,864691136009229996,1
864691136109648824,864691136009425324,1
864691136109724600,864691136009415598,2
864691136109778104,864691136009511596,1
864691136109891512,864691136009507502,1
864691136109900984,864691136006745507,1
864691136109964216,864691136009154988,1
864691136110005176,864691136005890250,1
864691136110196408,864691136009419180,1
864691136110206392,864691136005835722,1
864691136110206904,864691136005670602,1
864691136110362296,864691136005203146,1
864691136110362296,864691136005890250,1
864691136110362296,864691136006703240,1
864691136110362296,864691136008452012,1
864691136110362296,864691136009315244,3
864691136110362296,864691136009423020,4
864691136110362296,864691136009493934,2
864691136110550456,864691136009217196,1
864691136111176888,864691136009326766,1
864691136111176888,864691136009461678,1
864691136111251896,864691136009768622,1
864691136111331768,864691136009244590,1
864691136111331768,864691136009507502,2
864691136111403192,864691136005560522,1
864691136111403192,864691136009332654,1
864691136111403192,864691136009425836,1
864691136111461048,864691136008762284,1
864691136111461560,864691136005721546,1
864691136111461560,864691136009768622,1
864691136111602360,864691136009383598,1
864691136113116241,864691136009326766,1
864691136116149412,864691136004798154,1
864691136116154020,864691136009394350,2
864691136116155044,864691136009217196,1
864691136116169124,864691136008591022,2
864691136116169124,864691136008787372,1
864691136116171172,864691136008431020,4
864691136116171172,864691136009415598,1
864691136116177572,864691136008870828,1
864691136116184228,864691136008880556,1
864691136116186788,864691136005835722,6
864691136116186788,864691136008452012,2
864691136116186788,864691136009511596,1
864691136116195492,864691136009507502,2
864691136116401316,864691136009511596,2
864691136116447908,864691136009229996,1
864691136116447908,864691136009507502,1
864691136116486308,864691136009507502,1
864691136116839076,864691136005589194,1
864691136116859556,864691136005656266,1
864691136116942756,864691136005670602,1
864691136116977060,864691136008431020,1
864691136116977060,864691136009507502,1
864691136117071524,864691136005835722,1
864691136117081764,864691136005670602,2
864691136117081764,864691136009418414,1
864691136117088420,864691136005199818,1
864691136117097636,864691136009507502,2
864691136117228196,864691136009359788,1
864691136117260964,864691136009500078,1
864691136117500324,864691136008870828,1
864691136117695908,864691136005205194,1
864691136118418712,864691136009348782,1
864691136118421784,864691136005721546,1
864691136118421784,864691136009394350,1
864691136118430628,864691136009315244,1
864691136118431396,864691136005816266,1
864691136118431768,864691136009394350,1
864691136118438168,864691136006508490,2
864691136118438168,864691136009440428,1
864691136118441496,864691136008907180,1
864691136118441496,864691136009229996,1
864691136118444056,864691136006745507,2
864691136118444056,864691136009423020,1
864691136118444056,864691136009493934,2
864691136118450200,864691136008439212,2
864691136118457624,864691136005670602,2
864691136118586648,864691136008953518,1
864691136118603172,864691136009410990,1
864691136118667428,864691136009326766,4
864691136118697892,864691136009425324,1
864691136118746392,864691136009332654,1
864691136118756888,864691136009061806,1
864691136118784792,864691136005835722,1
864691136118878116,864691136005757642,1
864691136118878116,864691136007281354,2
864691136118878116,864691136007339466,2
864691136118878116,864691136009154988,1
864691136118878116,864691136009326766,1
864691136118878116,864691136009461678,6
864691136119017636,864691136005589194,1
864691136119414040,864691136009299374,1
864691136119426584,864691136005816266,1
864691136119645464,864691136009318062,1
864691136119701272,864691136005656266,1
864691136119862808,864691136009326766,1
864691136119929368,864691136009332654,1
864691136119929368,864691136009511596,1
864691136120642584,864691136005199818,1
864691136120642584,864691136005890250,1
864691136120642584,864691136009511596,5
864691136120642584,864691136009539500,1
864691136120681240,864691136009424300,1
864691136120772888,864691136009359788,1
864691136120844312,864691136005589194,1
864691136120844312,864691136008762284,1
864691136120862488,864691136009326766,1
864691136121016600,864691136007281354,3
864691136123673894,864691136005816266,1
864691136123673894,864691136008762284,1
864691136123673894,864691136009425324,1
864691136123707942,864691136005646026,1
864691136123707942,864691136006745507,1
864691136123710502,864691136008591022,2
864691136123711526,864691136009229996,2
864691136123723046,864691136009415598,1
864691136123725094,864691136009440428,1
864691136123726118,864691136009061806,1
864691136123728422,864691136009493934,1
864691136123728678,864691136008431020,2
864691136123728678,864691136009415598,1
864691136123729190,864691136009419180,1
864691136123730214,864691136009315244,1
864691136123733286,864691136005890250,1
864691136123733286,864691136008490412,1
864691136123733798,864691136005205194,1
864691136123734310,864691136008420012,1
864691136123734822,864691136009415598,1
864691136123749158,864691136005670602,1
864691136123749158,864691136008846764,1
864691136123760422,864691136008420012,1
864691136123773734,864691136009244590,1
864691136123776806,864691136008431020,1
864691136123777318,864691136005589194,1
864691136123789350,864691136009499566,1
864691136123801638,864691136009511596,1
864691136123847206,864691136006745507,1
864691136123847206,864691136008591022,1
864691136124106022,864691136009154988,1
864691136124126502,864691136005816266,1
864691136124142118,864691136008431020,1
864691136124142118,864691136008444588,1
864691136124211494,864691136008591022,1
864691136124423206,864691136008559790,1
864691136124433702,864691136005589194,1
864691136124474662,864691136005890250,1
864691136124605734,864691136009061806,2
864691136124845606,864691136005330634,1
864691136125352742,864691136005835722,1
864691136125352742,864691136009315244,1
864691136125457446,864691136006798282,1
864691136125668646,864691136005816266,2
864691136125910822,864691136005656266,3
864691136126005030,864691136009473966,1
864691136126144294,864691136005721546,1
864691136126397990,864691136005543882,3
864691136126641958,864691136009419180,1
864691136134413195,864691136009507502,1
864691136134433163,864691136005906122,1
864691136134433163,864691136008807340,1
864691136134437003,864691136008431020,1
864691136134440843,864691136005199818,1
864691136134718091,864691136008805804,1
864691136134718091,864691136009511596,7
864691136134718091,864691136009539500,1
864691136134866315,864691136009415598,1
864691136134904715,864691136004793802,1
864691136134942347,864691136009315244,6
864691136134942347,864691136009511596,2
864691136134953867,864691136009383598,1
864691136135214731,864691136009440428,1
864691136135508619,864691136009415084,1
864691136135510667,864691136008787372,1
864691136135752843,864691136005203146,1
864691136136014219,864691136005816266,5
864691136136564349,864691136005721546,1
864691136136564349,864691136007281354,1
864691136136571773,864691136006798282,1
864691136136571773,864691136009410990,1
864691136136590205,864691136009061806,1
864691136136594557,864691136009418414,1
864691136136608893,864691136009415598,1
864691136136612221,864691136009418414,1
864691136136613501,864691136009493934,1
864691136136614013,864691136008907180,1
864691136136625021,864691136005816266,2
864691136136647805,864691136005721546,2
864691136136647805,864691136008420012,1
864691136136647805,864691136008870828,6
864691136136647805,864691136009299374,1
864691136136647805,864691136009394350,1
864691136136647805,864691136009473966,3
864691136136647805,864691136009768622,3
864691136136927869,864691136009539500,1
864691136136936573,864691136009440428,1
864691136137140093,864691136008490412,1
864691136137140093,864691136008907180,2
864691136137140093,864691136009318062,3
864691136137140093,864691136009335980,1
864691136137140093,864691136009513134,1
864691136137293195,864691136009326766,2
864691136137401483,864691136009473966,3
864691136137463435,864691136005543882,1
864691136137470589,864691136005816266,3
864691136137586301,864691136008226211,1
864691136137648253,864691136005695178,1
864691136137666941,864691136009332654,2
864691136137749117,864691136005695178,1
864691136137834877,864691136005835722,2
864691136137834877,864691136008907180,6
864691136137901949,864691136008805804,1
864691136138131325,864691136004798154,1
864691136138476925,864691136007281354,2
864691136138622333,864691136007339466,1
864691136138622333,864691136009007276,1
864691136138622333,864691136009366446,1
864691136138622333,864691136009461678,1
864691136138791037,864691136009768622,2
864691136138801789,864691136009359788,1
864691136138879101,864691136006508490,1
864691136139009149,864691136005589194,3
864691136139009149,864691136005656266,5
864691136139009149,864691136005816266,5
864691136139074429,864691136007281354,1
864691136139119741,864691136009461678,1
864691136143357236,864691136009424300,1
864691136143358516,864691136009292716,1
864691136143385652,864691136005721546,1
864691136143392564,864691136008846764,1
864691136143392564,864691136009348782,1
864691136143393588,864691136009423020,1
864691136143393588,864691136009507502,1
864691136143420212,864691136009768622,1
864691136143424564,864691136009507502,1
864691136143665204,864691136008444588,1
864691136143688756,864691136009768622,1
864691136143696692,864691136009511596,1
864691136143824180,864691136008431020,1
864691136143952436,864691136008591022,1
864691136144311860,864691136008486572,1
864691136144383028,864691136009423020,2
864691136144411444,864691136009507502,1
864691136144465460,864691136009440428,1
864691136144525108,864691136005816266,1
864691136144532020,864691136009299374,1
864691136144542260,864691136009539500,1
864691136144547892,864691136005835722,1
864691136144547892,864691136009154988,1
864691136144610100,864691136005199818,1
864691136144610100,864691136005890250,2
864691136144610100,864691136009315244,1
864691136144610100,864691136009511596,3
864691136144631860,864691136009473966,1
864691136144968500,864691136009768622,1
864691136144999988,864691136009425324,2
864691136145176628,864691136005205194,1
864691136145641012,864691136009461678,1
864691136148758865,864691136009270188,1
864691136174981894,864691136009473966,1
864691136174997510,864691136006508490,1
864691136175028230,864691136009359788,1
864691136175041542,864691136006798282,2
864691136175067142,864691136005656266,1
864691136175085830,864691136008431020,1
864691136175085830,864691136009415598,2
864691136175446534,864691136009419180,1
864691136175496710,864691136007281354,1
864691136175501062,864691136009424300,1
864691136175501062,864691136009425836,2
864691136175581446,864691136009425324,3
864691136175582726,864691136007281354,1
864691136175602950,864691136008762284,1
864691136175696390,864691136008577198,1
864691136176043270,864691136005835722,1
864691136176043270,864691136009415598,1
864691136176043270,864691136009507502,2
864691136176067334,864691136009507502,1
864691136176209414,864691136009440428,4
864691136176209414,864691136009539500,1
864691136176211206,864691136009424300,1
864691136176211462,864691136005203146,1
864691136176211462,864691136009507502,2
864691136176217862,864691136009332654,1
864691136176254470,864691136009425324,1
864691136176372230,864691136008486572,1
864691136177254406,864691136005607626,1
864691136177254406,864691136005695178,1
864691136177254406,864691136008846764,1
864691136177300998,864691136009314990,1
864691136177312262,864691136005695178,1
864691136177312262,864691136005906122,4
864691136177312262,864691136008807340,1
864691136177312262,864691136009200300,1
864691136177312518,864691136006703240,3
864691136177312518,864691136009315244,1
864691136177312518,864691136009335980,1
864691136177312518,864691136009440428,3
864691136177570822,864691136009366446,1
864691136177691910,864691136005906122,1
864691136180402189,864691136005624778,1
864691136194007254,864691136005721546,2
864691136194012118,864691136009061806,3
864691136194012118,864691136009415598,3
864691136194014678,864691136008559790,1
864691136194014678,864691136009476526,1
864691136194014678,864691136009499566,1
864691136194016214,864691136009423020,1
864691136194016214,864691136009493934,1
864691136194023126,864691136009419180,1
864691136194029014,864691136009499566,1
864691136194029782,864691136009229996,1
864691136194031062,864691136005205194,1
864691136194037718,864691136005835722,1
864691136194038998,864691136006745507,1
864691136194040022,864691136008559790,1
864691136194063574,864691136009394350,1
864691136194065622,864691136009507502,1
864691136194066646,864691136009061806,1
864691136194089942,864691136005589194,1
864691136194094038,864691136005589194,2
864691136194095830,864691136009061806,1
864691136194172392,864691136009229996,1
864691136194177768,864691136005340362,1
864691136194191592,864691136006508490,1
864691136194203112,864691136009500078,1
864691136194203624,864691136009200300,1
864691136194211048,864691136005835722,1
864691136194214632,864691136008807340,1
864691136194296908,864691136009425324,1
864691136194316264,864691136005543882,1
864691136194316264,864691136009410990,1
864691136194316264,864691136009425324,2
864691136194320204,864691136009348782,1
864691136194329932,864691136006798282,1
864691136194435030,864691136005816266,1
864691136194498024,864691136008452012,1
864691136194504680,864691136009335980,1
864691136194509132,864691136009415598,1
864691136194529868,864691136009425324,1
864691136194598632,864691136005589194,1
864691136194654184,864691136005589194,1
864691136194804200,864691136005816266,1
864691136194888936,864691136008591022,1
864691136194888936,864691136009493934,1
864691136194957544,864691136005340362,1
864691136195032396,864691136005203146,1
864691136195064278,864691136008577198,1
864691136195064278,864691136009383598,1
864691136195075542,864691136009461678,1
864691136195092182,864691136005670602,1
864691136195092182,864691136008575150,1
864691136195126760,864691136009061806,1
864691136195131980,864691136008575150,1
864691136195171048,864691136008460972,5
864691136195171048,864691136008486572,1
864691136195182156,864691136009511596,1
864691136195195724,864691136008439212,2
864691136195195724,864691136009229996,2
864691136195230678,864691136009410990,2
864691136195265768,864691136005199818,1
864691136195265768,864691136008490412,1
864691136195265768,864691136009507502,1
864691136195400150,864691136009768622,1
864691136195426892,864691136008490412,1
864691136195519464,864691136008559790,1
864691136195526120,864691136009315244,1
864691136195617494,864691136009768622,2
864691136195633878,864691136005589194,1
864691136195633878,864691136005816266,2
864691136195662294,864691136007281354,2
864691136195714518,864691136009217196,6
864691136195735116,864691136009236396,1
864691136195783912,864691136005330634,4
864691136195783912,864691136009332654,8
864691136195783912,864691136009539500,6
864691136195787240,864691136006798282,1
864691136195796182,864691136009461678,3
864691136195802344,864691136009332654,1
864691136196009960,864691136008577198,1
864691136196009960,864691136009359788,1
864691136196023116,864691136009315244,3
864691136196023116,864691136009511596,1
864691136196043852,864691136005816266,3
864691136196057576,864691136009154988,1
864691136196075340,864691136005816266,1
864691136196120396,864691136009473966,1
864691136196127208,864691136009229996,1
864691136196202472,864691136009326766,1
864691136196213068,864691136008805804,1
864691136196262102,864691136009366446,1
864691136196288214,864691136005624778,1
864691136196300008,864691136008393900,1
864691136196463948,864691136005816266,1
864691136196520524,864691136005809866,1
864691136196617804,864691136006798282,1
864691136196893004,864691136005656266,1
864691136201334974,864691136009223086,1
864691136202911678,864691136008444588,3
864691136202911678,864691136008787372,6
864691136204617406,864691136009223086,3
864691136205491390,864691136006508490,2
864691136205491390,864691136009223086,4
864691136205491390,864691136009423020,1
864691136206944958,864691136009223086,1
864691136207179454,864691136008439212,1
864691136208995772,864691136005890250,1
864691136208995772,864691136006508490,1
864691136208995772,864691136009223086,1
864691136209008060,864691136005890250,1
864691136209009084,864691136009511596,1
864691136209011132,864691136009383598,1
864691136209015996,864691136009223086,1
864691136209022908,864691136009500078,1
864691136209025212,864691136009292716,5
864691136209044924,864691136008226211,1
864691136209143740,864691136009061806,1
864691136209303740,864691136005623242,1
864691136209303740,864691136008805804,1
864691136209303740,864691136008807340,1
864691136209482684,864691136005589194,1
864691136209615804,864691136005835722,2
864691136209934268,864691136008462508,2
864691136209963708,864691136009415598,1
864691136209972668,864691136005199818,2
864691136209972668,864691136009318062,1
864691136209972668,864691136009493934,1
864691136210087356,864691136009423020,2
864691136210177468,864691136009415598,1
864691136210178748,864691136004798154,1
864691136210182332,864691136009061806,1
864691136210182332,864691136009415598,3
864691136210186684,864691136005589194,1
864691136210233788,864691136009440428,1
864691136210344892,864691136009332654,2
864691136210344892,864691136009440428,1
864691136210406844,864691136005816266,1
864691136210437052,864691136005835722,1
864691136210482108,864691136005624778,1
864691136210847932,864691136009217196,1
864691136210974908,864691136009425836,1
864691136211187900,864691136006703240,1
864691136211187900,864691136009511596,2
864691136211349692,864691136008805804,1
864691136211404988,864691136005589194,1
864691136211430588,864691136009410990,1
864691136214455742,864691136009229996,1
864691136226969169,864691136005816266,1
864691136226970449,864691136009332654,1
864691136226976081,864691136005646026,1
864691136226976337,864691136005721546,1
864691136226977105,864691136005560522,1
864691136226978129,864691136005607626,1
864691136226981713,864691136009244590,1
864691136227246673,864691136005670602,1
864691136227246929,864691136009415598,1
864691136227247441,864691136008460972,1
864691136227360081,864691136005589194,1
864691136227746385,864691136009415598,1
864691136227926097,864691136009223086,1
864691136227931729,864691136009424300,1
864691136227934801,864691136009419180,1
864691136227944785,864691136005589194,2
864691136227944785,864691136008762284,3
864691136227966545,864691136009440428,1
864691136228235089,864691136005670602,1
864691136228244561,864691136009493934,1
864691136228244561,864691136009507502,5
864691136228262225,864691136005589194,2
864691136228336721,864691136008846764,1
864691136228336721,864691136009440428,1
864691136228899153,864691136005816266,1
864691136228914001,864691136009394350,1
864691136229395793,864691136005656266,2
864691136229395793,864691136005816266,8
864691136229395793,864691136008762284,1
864691136229436497,864691136009244590,1
864691136229460305,864691136008884652,1
864691136231675838,864691136008787372,1
864691136231675838,864691136009493934,8
864691136236670735,864691136009061806,1
864691136236684047,864691136009061806,1
864691136236688655,864691136009415598,1
864691136236713743,864691136005560522,1
864691136236713999,864691136005607626,2
864691136236713999,864691136009419180,3
864691136236741135,864691136005543882,1
864691136236745231,864691136005543882,1
864691136236785423,864691136005670602,1
864691136236910095,864691136005589194,1
864691136236910351,864691136008907180,3
864691136236938767,864691136005656266,1
864691136236938767,864691136009292716,1
864691136236942351,864691136009292716,1
864691136237481999,864691136009299374,1
864691136237511740,864691136008462508,1
864691136237530172,864691136009418414,1
864691136237534780,864691136009335980,1
864691136237556284,864691136005835722,1
864691136237606415,864691136009292716,1
864691136237613327,864691136005656266,1
864691136237618191,864691136005670602,1
864691136237784380,864691136009415598,1
864691136237790991,864691136009473966,1
864691136237808956,864691136009424300,1
864691136237823292,864691136009335980,1
864691136237883452,864691136008226211,1
864691136238090767,864691136009410990,1
864691136238114831,864691136008420012,1
864691136238345788,864691136005330634,1
864691136238351164,864691136009415598,2
864691136238351164,864691136009507502,1
864691136238378556,864691136005835722,1
864691136238531132,864691136009299374,2
864691136238651964,864691136009440428,2
864691136238699279,864691136005816266,1
864691136238763535,864691136008884652,1
864691136238777871,864691136009007276,1
864691136238806031,864691136005205194,5
864691136238806031,864691136005330634,1
864691136238806031,864691136008420012,4
864691136238806031,864691136009315244,1
864691136238806031,864691136009473966,1
864691136238806031,864691136009513134,1
864691136238868284,864691136009440428,2
864691136239047740,864691136006798282,1
864691136239047740,864691136009410990,1
864691136239051068,864691136005835722,1
864691136239068220,864691136009394350,1
864691136239914300,864691136008870828,1
864691136239914300,864691136009768622,2
864691136239917884,864691136005656266,2
864691136239917884,864691136005816266,4
864691136239980860,864691136009768622,1
864691136240028220,864691136007339466,1
864691136240041532,864691136005721546,1
864691136240041532,864691136008884652,4
864691136240041532,864691136009299374,1
864691136240041532,864691136009326766,2
864691136240041532,864691136009768622,3
864691136240071996,864691136009410990,1
864691136240071996,864691136009461678,1
864691136243741118,864691136008591022,1
864691136255240382,864691136009415598,1
864691136255240382,864691136009507502,1
864691136257934270,864691136008444588,1
864691136257934270,864691136008787372,5
864691136264959460,864691136008762284,2
864691136264959460,864691136009383598,3
864691136266409972,864691136005721546,1
864691136266410484,864691136008880556,1
864691136266417652,864691136009299374,1
864691136266427124,864691136008431020,1
864691136266428660,864691136009270188,1
864691136266436852,864691136009332654,1
864691136266442996,864691136009440428,2
864691136266711796,864691136009425324,1
864691136266715380,864691136009292716,1
864691136266754292,864691136009061806,2
864691136266819572,864691136009507502,2
864691136266830836,864691136008907180,5
864691136267122676,864691136005589194,1
864691136267125236,864691136009061806,1
864691136267151860,864691136009314990,1
864691136267372532,864691136009440428,1
864691136267382772,864691136009440428,1
864691136267389684,864691136009244590,1
864691136267389684,864691136009500078,2
864691136267390964,864691136009511596,1
864691136267396084,864691136009415598,1
864691136267447796,864691136008420012,1
864691136267540468,864691136008907180,1
864691136267609332,864691136009061806,1
864691136267946996,864691136007281354,1
864691136268046836,864691136009314990,1
864691136268300788,864691136004798154,1
864691136268300788,864691136005809866,1
864691136268801268,864691136009326766,1
864691136268937972,864691136008420012,1
864691136268937972,864691136009315244,1
864691136268937972,864691136009473966,1
864691136272923838,864691136009415084,1
864691136272928702,864691136005816266,2
864691136272954302,864691136008762284,1
864691136272963774,864691136006745507,1
864691136272981182,864691136008226211,1
864691136272981182,864691136009507502,1
864691136272983486,864691136009507502,1
864691136272986302,864691136009394350,1
864691136272986814,864691136009507502,1
864691136272998334,864691136009440428,1
864691136273009342,864691136009425324,1
864691136273011646,864691136009425324,1
864691136273013694,864691136009507502,1
864691136273625613,864691136005607626,1
864691136273637389,864691136009394350,3
864691136273638157,864691136005205194,1
864691136273638157,864691136008870828,1
864691136273643789,864691136005835722,1
864691136273645837,864691136005890250,1
864691136273649165,864691136008591022,1
864691136273677837,864691136008462508,1
864691136273689869,864691136009415598,1
864691136273769662,864691136008591022,1
864691136273779390,864691136009507502,1
864691136273888190,864691136009507502,10
864691136273895102,864691136008575150,2
864691136273895102,864691136008953518,1
864691136273899966,864691136005906122,1
864691136273899966,864691136008805804,2
864691136273899966,864691136009332654,5
864691136273902782,864691136009335980,1
864691136273908158,864691136005890250,2
864691136273908158,864691136008490412,1
864691136273908158,864691136009423020,4
864691136274006285,864691136009348782,3
864691136274093325,864691136009229996,1
864691136274103486,864691136009061806,1
864691136274110989,864691136008490412,1
864691136274182157,864691136009061806,1
864691136274182157,864691136009415598,1
864691136274212798,864691136005670602,1
864691136274476557,864691136009292716,1
864691136274559678,864691136005560522,1
864691136274583309,864691136009292716,1
864691136274630413,864691136006508490,1
864691136274661389,864691136009394350,1
864691136274665997,864691136009440428,1
864691136274721805,864691136009270188,1
864691136275061438,864691136008762284,1
864691136275104958,864691136009425324,1
864691136275140621,864691136004798154,1
864691136275255309,864691136007281354,1
864691136275255309,864691136009768622,1
864691136275262142,864691136009461678,1
864691136275323661,864691136009440428,1
864691136275331853,864691136007281354,1
864691136275345854,864691136009425324,1
864691136276126221,864691136005816266,1
864691136276126221,864691136008762284,7
864691136276309773,864691136008880556,1
864691136276347149,864691136005543882,1
864691136276347149,864691136009425324,1
864691136276364045,864691136005816266,3
864691136286541763,864691136009236396,1
864691136286576835,864691136005890250,1
864691136286585539,864691136009500078,1
864691136286585539,864691136009507502,1
864691136286587075,864691136009415084,2
864691136286596547,864691136008805804,1
864691136286932675,864691136005203146,1
864691136286973635,864691136009415598,1
864691136286973635,864691136009507502,2
864691136287441859,864691136007281354,1
864691136287445699,864691136009292716,1
864691136287512771,864691136009423020,2
864691136287512771,864691136009500078,1
864691136287518147,864691136009419180,2
864691136287529411,864691136005835722,1
864691136287529411,864691136005890250,1
864691136287529411,864691136008452012,1
864691136287529411,864691136009318062,4
864691136287529411,864691136009511596,1
864691136287677379,864691136009415084,1
864691136287987651,864691136005721546,1
864691136287987651,864691136009394350,2
864691136287987651,864691136009768622,1
864691136288079043,864691136009315244,1
864691136288079043,864691136009511596,2
864691136288080323,864691136009410990,1
864691136288211907,864691136009217196,1
864691136288446147,864691136008762284,1
864691136288727747,864691136005589194,1
864691136288727747,864691136005816266,1
864691136288727747,864691136009326766,1
864691136288727747,864691136009359788,1
864691136288807619,864691136005589194,1
864691136288807619,864691136008884652,2
864691136289717143,864691136009236396,1
864691136294201741,864691136009425324,4
864691136296650779,864691136009499566,1
864691136296652315,864691136009493934,1
864691136296652315,864691136009507502,2
864691136296657947,864691136008393900,1
864691136296669211,864691136009425324,1
864691136296673307,864691136005330634,1
864691136296673307,864691136009419180,1
864691136296673307,864691136009440428,2
864691136296683291,864691136009415598,2
864691136296692763,864691136009423020,1
864691136296745243,864691136009394350,1
864691136296747547,864691136009507502,1
864691136296747803,864691136009507502,1
864691136296749083,864691136008431020,5
864691136296819483,864691136009440428,3
864691136297198875,864691136008762284,1
864691136297315099,864691136005890250,2
864691136297322011,864691136008907180,1
864691136297322011,864691136009318062,1
864691136297521179,864691136008486572,1
864691136297620507,864691136008846764,1
864691136297744667,864691136009061806,1
864691136297766939,864691136005589194,1
864691136297782811,864691136008439212,1
864691136297790747,864691136008452012,1
864691136297790747,864691136009415598,1
864691136297796379,864691136008452012,1
864691136297937435,864691136009332654,1
864691136298115099,864691136005199818,1
864691136298115099,864691136005835722,3
864691136298115099,864691136008805804,1
864691136298115099,864691136009318062,3
864691136298115099,864691136009511596,3
864691136298624539,864691136007281354,1
864691136298624539,864691136009424300,1
864691136298786587,864691136009359788,1
864691136298997275,864691136009425324,1
864691136299219483,864691136005757642,2
864691136299219483,864691136009314990,1
864691136306223511,864691136009383598,1
864691136307143063,864691136008762284,4
864691136309643354,864691136005809866,1
864691136309647194,864691136008591022,2
864691136309652570,864691136009507502,1
864691136309654362,864691136009415598,1
864691136309670490,864691136008431020,2
864691136309682522,864691136008420012,1
864691136309700442,864691136005816266,2
864691136309700442,864691136009425324,1
864691136309871706,864691136008907180,1
864691136310044506,864691136009007276,1
864691136310507610,864691136008439212,1
864691136310681946,864691136009315244,1
864691136310685786,864691136009507502,6
864691136310774362,864691136009299374,1
864691136310917466,864691136008846764,1
864691136310917466,864691136009539500,1
864691136311098970,864691136005560522,1
864691136311106650,864691136008953518,1
864691136311106650,864691136009335980,1
864691136311106650,864691136009440428,1
864691136311213914,864691136009007276,4
864691136311213914,864691136009314990,1
864691136311213914,864691136009366446,1
864691136311330906,864691136008870828,1
864691136311330906,864691136009473966,10
864691136311384922,864691136009292716,1
864691136311437658,864691136009299374,1
864691136311765821,864691136005809866,1
864691136311769149,864691136005646026,1
864691136311777085,864691136008846764,1
864691136311780954,864691136005721546,1
864691136311780954,864691136009513134,1
864691136311784509,864691136008452012,1
864691136311790397,864691136009418414,1
864691136311824189,864691136005656266,1
864691136311909181,864691136008884652,1
864691136311929149,864691136005906122,1
864691136312211261,864691136009507502,2
864691136312284250,864691136009425324,2
864691136312445786,864691136009007276,4
864691136312445786,864691136009326766,1
864691136312507197,864691136008591022,1
864691136312518461,864691136008591022,1
864691136312554586,864691136005589194,2
864691136312554586,864691136008762284,4
864691136312554586,864691136009154988,1
864691136312603709,864691136009419180,1
864691136312603709,864691136009476526,1
864691136312636477,864691136005340362,1
864691136312649789,864691136006798282,2
864691136312677181,864691136009315244,1
864691136312826429,864691136009383598,1
864691136312850237,864691136005624778,2
864691136312850237,864691136009415084,1
864691136313833021,864691136009394350,1
864691136313833021,864691136009419180,1
864691136313833021,864691136009440428,2
864691136313847869,864691136005656266,5
864691136313847869,864691136009359788,2
864691136314078013,864691136008884652,2
864691136314078013,864691136009007276,1
864691136314078013,864691136009326766,4
864691136314078013,864691136009410990,1
864691136314114621,864691136009154988,1
864691136314120765,864691136005721546,1
864691136314120765,864691136008884652,1
864691136314120765,864691136009326766,3
864691136314120765,864691136009366446,1
864691136314126653,864691136009461678,1
864691136314278205,864691136009394350,1
864691136314431293,864691136005340362,1
864691136314561341,864691136009299374,1
864691136314593341,864691136005589194,4
864691136314593341,864691136005816266,1
864691136314593341,864691136008762284,3
864691136314593341,864691136009425324,1
864691136314666557,864691136005589194,1
864691136320836247,864691136009270188,1
864691136321830295,864691136009383598,1
864691136326192535,864691136005656266,1
864691136328887274,864691136008880556,1
864691136328899050,864691136008846764,1
864691136328908778,864691136009348782,1
864691136328921834,864691136009315244,1
864691136329235434,864691136008884652,1
864691136329703402,864691136005670602,1
864691136329759722,864691136005624778,1
864691136329835242,864691136005199818,1
864691136329872874,864691136009493934,1
864691136329908458,864691136009223086,3
864691136329911274,864691136009493934,2
864691136329950442,864691136009410990,2
864691136329950442,864691136009425324,1
864691136329993706,864691136008762284,1
864691136330218474,864691136005656266,2
864691136330218474,864691136005816266,2
864691136330234346,864691136009425324,2
864691136331215850,864691136005656266,3
864691136331215850,864691136005816266,3
864691136331215850,864691136008762284,1
864691136331421674,864691136007339466,1
864691136331421674,864691136009326766,2
864691136331421674,864691136009768622,1
864691136331448810,864691136005560522,1
864691136331448810,864691136007281354,1
864691136331448810,864691136009326766,1
864691136331512298,864691136009154988,2
864691136331519466,864691136005589194,1
864691136331537130,864691136009425324,1
864691136331610346,864691136008884652,2
864691136331610346,864691136009326766,2
864691136331610346,864691136009366446,1
864691136333737395,864691136005543882,1
864691136333758387,864691136009499566,1
864691136333760691,864691136009507502,2
864691136333762995,864691136005835722,1
864691136333826995,864691136009394350,1
864691136334185395,864691136009438638,1
864691136334213299,864691136005816266,1
864691136334227123,864691136005816266,1
864691136334416051,864691136009425324,1
864691136334425779,864691136009223086,1
864691136334622387,864691136008486572,1
864691136334834867,864691136009440428,1
864691136334855091,864691136008591022,1
864691136334858163,864691136009476526,1
864691136334861491,864691136009424300,1
864691136335011763,864691136009440428,1
864691136335027635,864691136005890250,3
864691136335027635,864691136009423020,1
864691136335041715,864691136005589194,1
864691136335041715,864691136008762284,5
864691136335079603,864691136005543882,1
864691136335276211,864691136009424300,1
864691136335604147,864691136005560522,1
864691136335689907,864691136009314990,2
864691136335689907,864691136009366446,1
864691136336019891,864691136005656266,1
864691136336019891,864691136009425324,1
864691136336252339,864691136009217196,1
864691136336274099,864691136007339466,3
864691136336274867,864691136007281354,1
864691136361491938,864691136009415084,3
864691136361774306,864691136008486572,1
864691136362232034,864691136005646026,1
864691136362313442,864691136009223086,2
864691136362479330,864691136005656266,2
864691136362479330,864691136005816266,1
864691136362480610,864691136009292716,5
864691136362485218,864691136005890250,1
864691136363060194,864691136009507502,1
864691136363080930,864691136008420012,1
864691136363393506,864691136009292716,1
864691136363473634,864691136005560522,1
864691136363567074,864691136005203146,4
864691136363567074,864691136008452012,1
864691136363567074,864691136008490412,2
864691136363567074,864691136009335980,2
864691136363769826,864691136009473966,1
864691136363981282,864691136008884652,2
864691136363981282,864691136009366446,1
864691136364231906,864691136005340362,1
864691136364286946,864691136005656266,2
864691136364286946,864691136005816266,1
864691136370777480,864691136009236396,1
864691136370783368,864691136009154988,1
864691136370799752,864691136009061806,1
864691136370804616,864691136008444588,3
864691136370804616,864691136008787372,2
864691136370814600,864691136009500078,1
864691136370818696,864691136008807340,1
864691136370818696,864691136009440428,1
864691136370822536,864691136006798282,1
864691136370825608,864691136009244590,1
864691136370833288,864691136009217196,1
864691136370834568,864691136009507502,1
864691136370839432,864691136008591022,2
864691136370839432,864691136008787372,1
864691136370943368,864691136009394350,1
864691136371100040,864691136008762284,1
864691136371203976,864691136005835722,2
864691136371510920,864691136009423020,11
864691136371510920,864691136009500078,4
864691136371602824,864691136006703240,1
864691136371701384,864691136005835722,1
864691136371765896,864691136005835722,1
864691136371836040,864691136007281354,1
864691136371938696,864691136005890250,1
864691136371938696,864691136009511596,1
864691136372145544,864691136009768622,1
864691136372326024,864691136008420012,1
864691136372463240,864691136009476526,1
864691136372820360,864691136009394350,2
864691136372820360,864691136009473966,1
864691136373155208,864691136008762284,1
864691136378736597,864691136008591022,1
864691136378740181,864691136005656266,1
864691136378744533,864691136005589194,1
864691136378756309,864691136009223086,1
864691136378770133,864691136006745507,1
864691136378774485,864691136009061806,2
864691136379048149,864691136008575150,1
864691136379227093,864691136005199818,1
864691136379227093,864691136009493934,1
864691136379228117,864691136009061806,1
864691136379547861,864691136005816266,1
864691136379581653,864691136009440428,1
864691136379637973,864691136009415598,1
864691136379638485,864691136009348782,1
864691136379654101,864691136005816266,2
864691136379737557,864691136009425324,1
864691136379811797,864691136005330634,1
864691136379811797,864691136006703240,1
864691136379811797,864691136008420012,2
864691136379811797,864691136009440428,2
864691136379811797,864691136009539500,4
864691136379933909,864691136009768622,1
864691136380217301,864691136009415084,1
864691136380244693,864691136008846764,1
864691136380244693,864691136009440428,1
864691136380245205,864691136009200300,1
864691136380704469,864691136009425324,3
864691136380797141,864691136008486572,1
864691136380916949,864691136009410990,1
864691136381089237,864691136007281354,1
864691136381089237,864691136007339466,1
864691136381089237,864691136009326766,1
864691136381099989,864691136005757642,1
864691136381198805,864691136005816266,2
864691136381243349,864691136009768622,1
864691136381324501,864691136009314990,3
864691136381324501,864691136009366446,1
864691136381348309,864691136005589194,1
864691136381348309,864691136005816266,1
864691136381447893,864691136009425836,1
864691136381454549,864691136009768622,4
864691136388259959,864691136009415598,1
864691136388259959,864691136009507502,1
864691136388266359,864691136009511596,1
864691136388282231,864691136009061806,1
864691136388394615,864691136008452012,1
864691136388565264,864691136005340362,1
864691136388570128,864691136008884652,1
864691136388577552,864691136006798282,1
864691136388603511,864691136008762284,1
864691136388687735,864691136009383598,1
864691136388774160,864691136005816266,1
864691136388859408,864691136009154988,1
864691136388961552,864691136009359788,2
864691136388968567,864691136009061806,2
864691136388974199,864691136009061806,1
864691136388979831,864691136008591022,1
864691136388999287,864691136009415598,1
864691136389044599,864691136005560522,1
864691136389077111,864691136009500078,1
864691136389080183,864691136005205194,1
864691136389087351,864691136008431020,1
864691136389152784,864691136005199818,1
864691136389152784,864691136005835722,1
864691136389152784,864691136008490412,5
864691136389152784,864691136009318062,2
864691136389152784,864691136009335980,2
864691136389180791,864691136006508490,1
864691136389221239,864691136008486572,1
864691136389253136,864691136007339466,1
864691136389263735,864691136008559790,1
864691136389274231,864691136005835722,1
864691136389289079,864691136005607626,1
864691136389290871,864691136005330634,1
864691136389313399,864691136006508490,1
864691136389313399,864691136008907180,1
864691136389387024,864691136008452012,1
864691136389460240,864691136009217196,1
864691136389517840,864691136005816266,1
864691136389551991,864691136009359788,1
864691136389607287,864691136008452012,1
864691136389630736,864691136009425324,2
864691136389675792,864691136005835722,1
864691136389697808,864691136009415598,1
864691136389854224,864691136008559790,1
864691136390289936,864691136005624778,1
864691136390312208,864691136005816266,1
864691136390364031,864691136005816266,1
864691136390364031,864691136009425324,1
864691136390367615,864691136009326766,1
864691136390379647,864691136009348782,1
864691136390392191,864691136005695178,1
864691136390392959,864691136005199818,2
864691136390426495,864691136009425324,1
864691136390430591,864691136009394350,1
864691136390432895,864691136008226211,1
864691136390468880,864691136007281354,1
864691136390484599,864691136009440428,2
864691136390577023,864691136009236396,1
864691136390697591,864691136005721546,1
864691136390697591,864691136009394350,1
864691136390718736,864691136008762284,2
864691136390718736,864691136009154988,1
864691136390808336,864691136009314990,1
864691136390816895,864691136005695178,1
864691136390818679,864691136005560522,1
864691136390905207,864691136007281354,2
864691136390905207,864691136007339466,2
864691136390905207,864691136009326766,1
864691136390918672,864691136007281354,2
864691136390920976,864691136005816266,1
864691136390920976,864691136008762284,1
864691136391012624,864691136005543882,1
864691136391012624,864691136005656266,1
864691136391012624,864691136005816266,1
864691136391012624,864691136009425324,2
864691136391023120,864691136007339466,1
864691136391023120,864691136009359788,1
864691136391072127,864691136009423020,1
864691136391076223,864691136005589194,1
864691136391094911,864691136008486572,1
864691136391145343,864691136005205194,1
864691136391180159,864691136005721546,1
864691136391197047,864691136007339466,1
864691136391212663,864691136005589194,1
864691136391242512,864691136005656266,1
864691136391242512,864691136005816266,5
864691136391242512,864691136008762284,1
864691136391294583,864691136009425324,1
864691136391313791,864691136009299374,2
864691136391349631,864691136008490412,1
864691136391367039,864691136009270188,1
864691136391376511,864691136005199818,2
864691136391376511,864691136009229996,1
864691136391376511,864691136009318062,1
864691136391381119,864691136009299374,1
864691136391382143,864691136005205194,2
864691136391392639,864691136004798154,1
864691136391392639,864691136009394350,1
864691136391399039,864691136005656266,1
864691136391832447,864691136005809866,1
864691136391832447,864691136009425836,1
864691136391832447,864691136009499566,2
864691136391969151,864691136009394350,1
864691136391969151,864691136009473966,1
864691136392004479,864691136009229996,1
864691136392461695,864691136009415598,1
864691136392461695,864691136009500078,6
864691136392608127,864691136009292716,1
864691136392738943,864691136005199818,1
864691136392827519,864691136005656266,1
864691136392909695,864691136009768622,1
864691136418613655,864691136008559790,1
864691136418621335,864691136008452012,1
864691136418632343,864691136008846764,1
864691136418632599,864691136008575150,1
864691136418633111,864691136009768622,1
864691136418634903,864691136006508490,1
864691136418652311,864691136005656266,1
864691136418652567,864691136005656266,1
864691136419252375,864691136005670602,1
864691136419278231,864691136009348782,1
864691136419351959,864691136009539500,1
864691136419485847,864691136009335980,1
864691136419506583,864691136008953518,1
864691136419540375,864691136009359788,1
864691136419546263,864691136009415598,1
864691136419554199,864691136009359788,1
864691136419568791,864691136005670602,1
864691136419741591,864691136005835722,1
864691136419766935,864691136008953518,1
864691136419793559,864691136008787372,3
864691136419980951,864691136009217196,2
864691136420195223,864691136009348782,1
864691136420195223,864691136009394350,1
864691136420418455,864691136009419180,1
864691136420418455,864691136009440428,1
864691136420592279,864691136009410990,1
864691136420610455,864691136008490412,1
864691136420685207,864691136004798154,1
864691136420774551,864691136007281354,1
864691136420790167,864691136009511596,1
864691136421240983,864691136005816266,1
864691136421240983,864691136009425324,1
864691136421271447,864691136008420012,1
864691136421308311,864691136008420012,1
864691136421308311,864691136009768622,1
864691136421319063,864691136007281354,1
864691136422813743,864691136009415598,1
864691136422825775,864691136008452012,1
864691136422830895,864691136008431020,1
864691136422834735,864691136009425836,2
864691136422846255,864691136009061806,1
864691136422850863,864691136008431020,2
864691136422867503,864691136009061806,1
864691136422871599,864691136008439212,1
864691136422871599,864691136009507502,1
864691136423033903,864691136008486572,1
864691136423138351,864691136005624778,1
864691136423138351,864691136008880556,1
864691136423377967,864691136005624778,1
864691136423417647,864691136009499566,2
864691136423424303,864691136009348782,1
864691136423456303,864691136009292716,1
864691136423521839,864691136005906122,1
864691136423560495,864691136009415598,2
864691136423579439,864691136009223086,1
864691136423605295,864691136005670602,1
864691136423627055,864691136009424300,1
864691136423676463,864691136009438638,1
864691136423714095,864691136009394350,1
864691136423714351,864691136008490412,1
864691136423714351,864691136009335980,1
864691136423715375,864691136006508490,1
864691136423844911,864691136009425836,1
864691136424289839,864691136009326766,1
864691136424289839,864691136009473966,1
864691136424305711,864691136009154988,1
864691136424437551,864691136009217196,1
864691136424533551,864691136009768622,1
864691136424737583,864691136005656266,6
864691136425589295,864691136005646026,4
864691136425589295,864691136008431020,1
864691136425589295,864691136009415598,1
864691136425671983,864691136009415084,1
864691136425708335,864691136009768622,1
864691136425751087,864691136007281354,1
864691136436370078,864691136009299374,1
864691136436393886,864691136005589194,1
864691136436395678,864691136009348782,1
864691136436421022,864691136008591022,1
864691136436421022,864691136008787372,3
864691136436421534,864691136005721546,1
864691136436526494,864691136005835722,1
864691136436526494,864691136009511596,1
864691136436737694,864691136009440428,1
864691136436743838,864691136009061806,1
864691136436743838,864691136009415598,3
864691136436835486,864691136005670602,1
864691136437220766,864691136005816266,1
864691136437276318,864691136005623242,2
864691136437409438,864691136009415084,1
864691136437428126,864691136005890250,1
864691136437428126,864691136009511596,1
864691136437429150,864691136008907180,1
864691136437430430,864691136009315244,1
864691136437628574,864691136006508490,1
864691136438311582,864691136006798282,2
864691136438426526,864691136008807340,2
864691136438443422,864691136005816266,2
864691136438584478,864691136005623242,1
864691136438584478,864691136008420012,1
864691136438584478,864691136009394350,1
864691136438584478,864691136009440428,3
864691136438871710,864691136009461678,1
864691136439238518,864691136009299374,1
864691136443705475,864691136009507502,2
864691136443712387,864691136005340362,2
864691136443726723,864691136005721546,3
864691136443726979,864691136005816266,1
864691136443733635,864691136005340362,1
864691136443734403,864691136009440428,1
864691136443909251,864691136005340362,1
864691136443909251,864691136005809866,1
864691136444160899,864691136009410990,1
864691136444522883,864691136009415598,1
864691136444552835,864691136005809866,1
864691136444580739,864691136009415084,3
864691136444581251,864691136009217196,1
864691136444660355,864691136005816266,1
864691136444692611,864691136009154988,1
864691136444749187,864691136009500078,1
864691136444749187,864691136009507502,1
864691136445062787,864691136009326766,2
864691136445259907,864691136005656266,1
864691136445259907,864691136005816266,2
864691136445532035,864691136009292716,1
864691136445557123,864691136005656266,1
864691136445557123,864691136009768622,1
864691136445628035,864691136005656266,1
864691136445763203,864691136009217196,1
864691136445914499,864691136004798154,1
864691136445967747,864691136005589194,1
864691136451096575,864691136009507502,1
864691136451108351,864691136009440428,1
864691136451331583,864691136005721546,1
864691136451350015,864691136009061806,1
864691136451400959,864691136009332654,4
864691136451405311,864691136008805804,1
864691136451448063,864691136005816266,1
864691136451484415,864691136008226211,1
864691136451484415,864691136008591022,1
864691136451484415,864691136009415598,3
864691136451496959,864691136005340362,2
864691136451496959,864691136005607626,1
864691136451496959,864691136009425324,1
864691136451695871,864691136009424300,1
864691136451879423,864691136009440428,1
864691136451992575,864691136009425324,1
864691136451994111,864691136009415598,5
864691136451997439,864691136009415598,1
864691136452139775,864691136009326766,1
864691136452313087,864691136009507502,1
864691136452325375,864691136009425324,2
864691136452582911,864691136009410990,1
864691136452920319,864691136009425836,1
864691136453017855,864691136009383598,2
864691136453085695,864691136005330634,1
864691136453085695,864691136008420012,1
864691136453085695,864691136009332654,1
864691136453085695,864691136009539500,5
864691136453186559,864691136009440428,1
864691136453196543,864691136005560522,1
864691136453395455,864691136009424300,4
864691136453395455,864691136009425836,1
864691136453395455,864691136009438638,1
864691136453433343,864691136005816266,2
864691136453565951,864691136007281354,1
864691136453641471,864691136009314990,1
864691136482857516,864691136009415598,1
864691136482859308,864691136009507502,1
864691136482859820,864691136009425836,1
864691136482860844,864691136009061806,1
864691136482861612,864691136009425324,1
864691136482872364,864691136009425836,1
864691136482877484,864691136005670602,2
864691136482885420,864691136008907180,1
864691136482887980,864691136009383598,1
864691136482892076,864691136008591022,1
864691136482911276,864691136008805804,1
864691136482911276,864691136009539500,2
864691136482921516,864691136009359788,1
864691136482923820,864691136004798154,1
864691136482929452,864691136009418414,2
864691136482962220,864691136005890250,1
864691136482962220,864691136009423020,1
864691136482962220,864691136009511596,1
864691136483185708,864691136009061806,5
864691136483292460,864691136008452012,1
864691136483345196,864691136009061806,1
864691136483355948,864691136005340362,1
864691136483393324,864691136008762284,2
864691136483690796,864691136008907180,1
864691136483792684,864691136009335980,1
864691136483800108,864691136009314990,1
864691136483892780,864691136009415598,1
864691136483899436,864691136005330634,4
864691136483920940,864691136008420012,1
864691136483920940,864691136008807340,3
864691136483920940,864691136009539500,3
864691136484052524,864691136008452012,1
864691136484207404,864691136008762284,1
864691136484207404,864691136009326766,2
864691136484433964,864691136005816266,1
864691136484525100,864691136009424300,1
864691136484814636,864691136007281354,2
864691136484814636,864691136009326766,1
864691136484814636,864691136009461678,1
864691136484824108,864691136008452012,4
864691136484824108,864691136009335980,5
864691136484849196,864691136008762284,1
864691136485005100,864691136008884652,1
864691136485005100,864691136009326766,1
864691136485065772,864691136009440428,1
864691136485089068,864691136009292716,2
864691136485145900,864691136009154988,1
864691136485237036,864691136007281354,1
864691136486762514,864691136004798154,1
864691136486775826,864691136005203146,2
864691136486785298,864691136004798154,1
864691136486791186,864691136009418414,1
864691136486928658,864691136009418414,1
864691136487187730,864691136005835722,1
864691136487271954,864691136005906122,1
864691136487929362,864691136005890250,1
864691136487987474,864691136005543882,1
864691136488002578,864691136009419180,1
864691136488012306,864691136009507502,29
864691136488026642,864691136005816266,1
864691136488029202,864691136009299374,1
864691136488326162,864691136009299374,1
864691136488439570,864691136005205194,5
864691136488439570,864691136009473966,1
864691136489055762,864691136009438638,1
864691136489055762,864691136009473966,1
864691136489154834,864691136006798282,1
864691136489263122,864691136007281354,1
864691136489452050,864691136005695178,1
864691136489452050,864691136005906122,4
864691136489452050,864691136008807340,1
864691136489452050,864691136009200300,1
864691136489549842,864691136005835722,2
864691136489549842,864691136009394350,1
864691136489712914,864691136009438638,1
864691136489734674,864691136005340362,1
864691136489757458,864691136005906122,1
864691136489758482,864691136009154988,3
864691136489775378,864691136009499566,1
864691136489874194,864691136005560522,1
864691136489874194,864691136009007276,1
864691136489874194,864691136009394350,1
864691136489880594,864691136009154988,1
864691136489880594,864691136009359788,1
864691136489880594,864691136009366446,1
864691136518103012,864691136008762284,2
864691136521567121,864691136009415084,1
864691136521568657,864691136009423020,1
864691136521588369,864691136008431020,1
864691136521831825,864691136008452012,1
864691136521831825,864691136008762284,2
864691136521864849,864691136005199818,1
864691136521864849,864691136008452012,1
864691136522288017,864691136008846764,1
864691136522553233,864691136004798154,1
864691136522554769,864691136009507502,1
864691136522555793,864691136009299374,2
864691136522560145,864691136008226211,1
864691136522563217,864691136005656266,1
864691136522571921,864691136006745507,1
864691136522574993,864691136005890250,1
864691136522576529,864691136009440428,1
864691136523392657,864691136009425324,1
864691136523600017,864691136009410990,1
864691136523889553,864691136007281354,3
864691136523889553,864691136007339466,2
864691136523889553,864691136008762284,3
864691136523889553,864691136009359788,4
864691136523971473,864691136005721546,1
864691136523971473,864691136006798282,1
864691136523971473,864691136009154988,1
864691136523974289,864691136005816266,1
864691136524030353,864691136005623242,2
864691136524052369,864691136009410990,1
864691136524057489,864691136009511596,1
864691136524130193,864691136005656266,1
864691136524130193,864691136009425324,1
864691136524177809,864691136009359788,1
864691136524258449,864691136009154988,1
864691136524371089,864691136005560522,1
864691136524371345,864691136009007276,1
864691136524441489,864691136009768622,2
864691136524448913,864691136009326766,1
864691136524467601,864691136005560522,1
864691136524467601,864691136009473966,1
864691136524481937,864691136008907180,2
864691136534300066,864691136005835722,1
864691136534300066,864691136009061806,1
864691136534303906,864691136005890250,2
864691136534303906,864691136008490412,2
864691136534877346,864691136005890250,1
864691136534877346,864691136009423020,1
864691136534919330,864691136009440428,1
864691136534964898,864691136005670602,1
864691136534964898,864691136008575150,1
864691136535063202,864691136008846764,1
864691136535105186,864691136008452012,1
864691136535118498,864691136009539500,1
864691136535185058,864691136009423020,1
864691136536121506,864691136005199818,1
864691136536121506,864691136008490412,1
864691136536121506,864691136009318062,4
864691136536121506,864691136009335980,1
864691136536165026,864691136009348782,1
864691136537349282,864691136005835722,1
864691136539123618,864691136009415598,2
864691136539230114,864691136008907180,1
864691136543315362,864691136009440428,1
864691136543315362,864691136009511596,2
864691136544611234,864691136008452012,1
864691136546439074,864691136005199818,1
864691136546496418,864691136008226211,1
864691136546496418,864691136008431020,1
864691136546496418,864691136008591022,5
864691136546496418,864691136009507502,8
864691136546771618,864691136009335980,1
864691136546864034,864691136009335980,1
864691136547429282,864691136009539500,1
864691136548041122,864691136009348782,1
864691136550045346,864691136009511596,1
864691136553125026,864691136005670602,2
864691136553125026,864691136008953518,1
864691136556146594,864691136008953518,2
864691136558078370,864691136006508490,1
864691136562153469,864691136008439212,1
864691136562153469,864691136009229996,1
864691136563810210,864691136009418414,1
864691136566535074,864691136009423020,1
864691136570938786,864691136008907180,1
864691136572380578,864691136005890250,1
864691136572380578,864691136008452012,2
864691136577469460,864691136005816266,5
864691136577479188,864691136009007276,1
864691136577488148,864691136009314990,1
864691136577515540,864691136005816266,1
864691136577517844,864691136008762284,1
864691136577527060,864691136008591022,1
864691136577957908,864691136006508490,1
864691136577957908,864691136006703240,1
864691136577965844,864691136009332654,1
864691136577975828,864691136009061806,1
864691136578460948,864691136009423020,1
864691136578499604,864691136004798154,1
864691136578506772,864691136005624778,1
864691136578527252,864691136006508490,1
864691136578527252,864691136009315244,1
864691136578532116,864691136009223086,1
864691136578642452,864691136008805804,1
864691136579325204,864691136005624778,1
864691136579327650,864691136005890250,1
864691136579327650,864691136009415598,1
864691136579538964,864691136009314990,3
864691136579538964,864691136009332654,1
864691136580009492,864691136005205194,1
864691136580071188,864691136008846764,1
864691136580071188,864691136009326766,1
864691136580071188,864691136009440428,1
864691136580085012,864691136009154988,1
864691136580085012,864691136009461678,1
864691136581177506,864691136009061806,1
864691136590394530,864691136005607626,1
864691136590394530,864691136008575150,1
864691136590394530,864691136008846764,2
864691136593436066,864691136009507502,2
864691136594484130,864691136005646026,1
864691136594484386,864691136009061806,1
864691136594493602,864691136009154988,1
864691136594500514,864691136005340362,1
864691136594500514,864691136006798282,1
864691136594510498,864691136005835722,1
864691136594510498,864691136005890250,1
864691136594510498,864691136009229996,1
864691136594510498,864691136009335980,2
864691136594510498,864691136009511596,2
864691136594749090,864691136005721546,1
864691136594933922,864691136009419180,1
864691136595321506,864691136005205194,1
864691136595345570,864691136009507502,1
864691136595353250,864691136005656266,1
864691136595442082,864691136008805804,2
864691136595488674,864691136009366446,1
864691136595488674,864691136009513134,1
864691136595489442,864691136005890250,1
864691136595492258,864691136005203146,1
864691136595492258,864691136008490412,1
864691136595492258,864691136009315244,2
864691136595698850,864691136009507502,1
864691136595999650,864691136008420012,1
864691136595999650,864691136009473966,1
864691136595999650,864691136009539500,2
864691136596161698,864691136005624778,1
864691136596391074,864691136009292716,1
864691136596801954,864691136005670602,1
864691136596964258,864691136005656266,2
864691136596964258,864691136005816266,2
864691136597003170,864691136009292716,1
864691136597043106,864691136008577198,1
864691136597043106,864691136008762284,1
864691136597043106,864691136009326766,3
864691136601575121,864691136006798282,1
864691136601592273,864691136005340362,1
864691136601683409,864691136009507502,2
864691136601796049,864691136009415598,1
864691136601825745,864691136008490412,1
864691136601912017,864691136006798282,2
864691136601923793,864691136009348782,1
864691136601931729,864691136005816266,1
864691136601931729,864691136009425324,1
864691136601960657,864691136005906122,1
864691136602528977,864691136009332654,1
864691136602652881,864691136009500078,1
864691136602779089,864691136009476526,2
864691136602787537,864691136008907180,1
864691136602803665,864691136009507502,1
864691136602819281,864691136005816266,1
864691136602899665,864691136009229996,2
864691136602989521,864691136005646026,1
864691136602989521,864691136008431020,1
864691136603017169,864691136009154988,1
864691136603462353,864691136009217196,1
864691136603647185,864691136006798282,1
864691136603793617,864691136009768622,1
864691136604006353,864691136009217196,1
864691136604104145,864691136005589194,2
864691136604104145,864691136005816266,1
864691136617102811,864691136009415598,1
864691136617112027,864691136005340362,2
864691136617137627,864691136008591022,1
864691136617137883,864691136007339466,1
864691136617403611,864691136005757642,1
864691136618129115,864691136009425324,1
864691136618226395,864691136005816266,1
864691136618230491,864691136009394350,1
864691136618263003,864691136005330634,1
864691136618369499,864691136005816266,3
864691136618396301,864691136007339466,1
864691136618409357,864691136005695178,1
864691136618419085,864691136009415598,3
864691136618435803,864691136009425324,2
864691136618441691,864691136005906122,2
864691136618441691,864691136009476526,1
864691136618441691,864691136009539500,3
864691136618443917,864691136009415598,1
864691136618444941,864691136009332654,1
864691136618451597,864691136009513134,2
864691136618477709,864691136005816266,2
864691136618479067,864691136005816266,1
864691136618488205,864691136008884652,5
864691136618491277,864691136005589194,1
864691136618560475,864691136005816266,1
864691136618560475,864691136009425324,2
864691136618808795,864691136009440428,1
864691136618808795,864691136009539500,1
864691136618835085,864691136005757642,2
864691136618862555,864691136009424300,1
864691136618894043,864691136005757642,1
864691136619137677,864691136009423020,1
864691136619180685,864691136009419180,2
864691136619334029,864691136005906122,1
864691136619538139,864691136006798282,1
864691136619592845,864691136005205194,2
864691136619592845,864691136008420012,4
864691136619592845,864691136009315244,1
864691136619729371,864691136008884652,5
864691136619729371,864691136009007276,1
864691136619729371,864691136009326766,1
864691136619729371,864691136009366446,1
864691136619729371,864691136009513134,4
864691136619737819,864691136009326766,1
864691136619750619,864691136007281354,2
864691136619750619,864691136009461678,3
864691136619828877,864691136009410990,1
864691136619939213,864691136008559790,1
864691136620096141,864691136005623242,1
864691136620154509,864691136009236396,1
864691136620192653,864691136009326766,1
864691136620486029,864691136009217196,1
864691136620486029,864691136009292716,2
864691136620597389,864691136009154988,1
864691136620894093,864691136005589194,1
864691136620894093,864691136008762284,1
864691136621077389,864691136009473966,1
864691136621082253,864691136005757642,1
864691136621099149,864691136005890250,1
864691136621099149,864691136009315244,1
864691136621108877,864691136008880556,1
864691136641487990,864691136008805804,1
864691136652239869,864691136005890250,1
864691136652239869,864691136009493934,1
864691136652239869,864691136009507502,1
864691136660675069,864691136008591022,1
864691136662179038,864691136005646026,2
864691136662187230,864691136009314990,1
864691136662198238,864691136005835722,2
864691136662199774,864691136008559790,1
864691136662214110,864691136008490412,1
864691136662214110,864691136009511596,1
864691136662233822,864691136005340362,1
864691136662235870,864691136005906122,1
864691136662235870,864691136008805804,1
864691136662363901,864691136008907180,1
864691136662393054,864691136009423020,1
864691136662437598,864691136005543882,2
864691136662437598,864691136009415084,2
864691136662437598,864691136009425324,1
864691136662440670,864691136008490412,2
864691136662440670,864691136009511596,1
864691136662536158,864691136009244590,1
864691136662536158,864691136009423020,1
864691136662536158,864691136009507502,1
864691136662631646,864691136009229996,1
864691136662912222,864691136005589194,1
864691136662981598,864691136008462508,2
864691136663222238,864691136008452012,1
864691136663348958,864691136005340362,1
864691136663528670,864691136009318062,1
864691136664072701,864691136008439212,1
864691136664084446,864691136009424300,1
864691136664254174,864691136009326766,1
864691136664648158,864691136009217196,3
864691136664648158,864691136009292716,5
864691136664648158,864691136009383598,1
864691136665155294,864691136005809866,1
864691136665155294,864691136007339466,1
864691136665155294,864691136009154988,5
864691136665155294,864691136009314990,1
864691136665155294,864691136009438638,7
864691136665180638,864691136009425324,1
864691136667909373,864691136009415598,1
864691136671433981,864691136008444588,4
864691136671433981,864691136008787372,7
864691136671433981,864691136009507502,1
864691136672626567,864691136008907180,1
864691136672629895,864691136009415084,1
864691136672637063,864691136009415598,1
864691136672647047,864691136005816266,2
864691136672648327,864691136009425324,1
864691136672664199,864691136009335980,1
864691136672671367,864691136009507502,1
864691136672679815,864691136009383598,1
864691136672680071,864691136005589194,1
864691136672684423,864691136008460972,1
864691136672684679,864691136009440428,2
864691136672694407,864691136005695178,1
864691136672972423,864691136009511596,1
864691136672996999,864691136008439212,1
864691136673041287,864691136009507502,1
864691136673041287,864691136009513134,1
864691136673514631,864691136009418414,1
864691136673730951,864691136009415598,1
864691136673730951,864691136009493934,1
864691136674327431,864691136009326766,1
864691136674643591,864691136009425324,1
864691136675020935,864691136005589194,2
864691136675020935,864691136007281354,1
864691136675020935,864691136008762284,2
864691136675020935,864691136009326766,1
864691136675020935,864691136009768622,2
864691136675098759,864691136005695178,1
864691136675151751,864691136005589194,2
864691136675151751,864691136008577198,1
864691136675151751,864691136008762284,3
864691136675151751,864691136009326766,1
864691136675197575,864691136005721546,1
864691136675476359,864691136005721546,1
864691136675476359,864691136009299374,1
864691136675476359,864691136009394350,2
864691136675573127,864691136005757642,4
864691136675573127,864691136009154988,1
864691136675573127,864691136009424300,2
864691136675813511,864691136004798154,1
864691136675813511,864691136005695178,1
864691136675875719,864691136009326766,1
864691136675966343,864691136005656266,1
864691136681300590,864691136009236396,1
864691136681300590,864691136009292716,1
864691136682123126,864691136009539500,1
864691136685329149,864691136008907180,1
864691136695161198,864691136009217196,1
864691136697722877,864691136009493934,1
864691136700892270,864691136006798282,2
864691136708261494,864691136009332654,1
864691136716771694,864691136005624778,1
864691136716771694,864691136008880556,1
864691136716771694,864691136009424300,1
864691136722736494,864691136008393900,1
864691136723316477,864691136009424300,1
864691136723326461,864691136009473966,2
864691136723327485,864691136009415598,1
864691136723330557,864691136009507502,1
864691136723348477,864691136005670602,1
864691136723351037,864691136009244590,1
864691136723351037,864691136009299374,1
864691136723351037,864691136009500078,1
864691136723354365,864691136009418414,1
864691136723382781,864691136008907180,1
864691136723388669,864691136005199818,1
864691136723388925,864691136005199818,1
864691136723388925,864691136005835722,6
864691136723388925,864691136005890250,4
864691136723388925,864691136008452012,1
864691136723388925,864691136008490412,3
864691136723399165,864691136008846764,1
864691136723407613,864691136009415598,2
864691136723415037,864691136005589194,3
864691136723415805,864691136009229996,1
864691136723415805,864691136009318062,1
864691136723452669,864691136005816266,1
864691136723459581,864691136005816266,3
864691136723481597,864691136009440428,1
864691136723499261,864691136009415598,1
864691136723509757,864691136005589194,1
864691136723518461,864691136008591022,1
864691136723560445,864691136009425324,1
864691136723561725,864691136005816266,1
864691136723570941,864691136009236396,2
864691136723579133,864691136009440428,1
864691136723590766,864691136008762284,1
864691136723594493,864691136008846764,2
864691136723595517,864691136009061806,1
864691136723596797,864691136008444588,2
864691136723596797,864691136008787372,12
864691136723600381,864691136008591022,4
864691136723924221,864691136005589194,1
864691136723924221,864691136008762284,1
864691136723943421,864691136009507502,1
864691136723959037,864691136009217196,1
864691136723976445,864691136005816266,2
864691136724030461,864691136009335980,1
864691136724362493,864691136005670602,1
864691136724456189,864691136009425324,1
864691136724616445,864691136005656266,1
864691136725114109,864691136009217196,1
864691136725391357,864691136005589194,5
864691136725455357,864691136005330634,1
864691136725455357,864691136008420012,4
864691136725455357,864691136009332654,1
864691136725455357,864691136009539500,1
864691136725729789,864691136005656266,2
864691136727645550,864691136005816266,1
864691136728689262,864691136006798282,1
864691136729335158,864691136009513134,1
864691136731992686,864691136005624778,1
864691136731992686,864691136005809866,1
864691136731992686,864691136008880556,1
864691136736141422,864691136005835722,1
864691136737140086,864691136009200300,2
864691136739845998,864691136009415598,1
864691136740102766,864691136009493934,1
864691136740102766,864691136009500078,1
864691136740402524,864691136009425324,1
864691136740414812,864691136005656266,1
864691136740417372,864691136009423020,1
864691136740432220,864691136009415598,1
864691136740442204,864691136005624778,1
864691136740547420,864691136005816266,1
864691136740752732,864691136004798154,2
864691136740755036,864691136009419180,1
864691136740782428,864691136009539500,1
864691136740790876,864691136009473966,1
864691136740814940,864691136008870828,1
864691136740814940,864691136009394350,1
864691136740924764,864691136009511596,2
864691136741199196,864691136009419180,2
864691136741305180,864691136009507502,1
864691136741360220,864691136009440428,1
864691136741495900,864691136008439212,1
864691136741495900,864691136009415598,1
864691136741540700,864691136005835722,1
864691136741544284,864691136009440428,1
864691136741545564,864691136009244590,2
864691136741545564,864691136009423020,1
864691136741545564,864691136009493934,1
864691136741774684,864691136009314990,2
864691136741937500,864691136009539500,1
864691136741958236,864691136009332654,1
864691136742422108,864691136006798282,2
864691136742524782,864691136009507502,1
864691136742685788,864691136004798154,2
864691136743160412,864691136008884652,1
864691136743319132,864691136005835722,1
864691136743319132,864691136005890250,2
864691136743319132,864691136009415598,1
864691136743319132,864691136009423020,2
864691136743452388,864691136009236396,2
864691136743457884,864691136006508490,2
864691136743457884,864691136009332654,1
864691136743826798,864691136004798154,1
864691136743826798,864691136005835722,2
864691136743826798,864691136009348782,1
864691136743930230,864691136009332654,1
864691136744533476,864691136009217196,1
864691136751786606,864691136005835722,1
864691136754432110,864691136005670602,1
864691136757023598,864691136009425324,1
864691136758199406,864691136008884652,1
864691136758199406,864691136009326766,1
864691136765657198,864691136006508490,1
864691136766683758,864691136005890250,3
864691136766683758,864691136009423020,2
864691136766683758,864691136009511596,1
864691136768713582,864691136009440428,1
864691136772814446,864691136009423020,1
864691136775138158,864691136006798282,1
864691136775138158,864691136009415084,2
864691136808459492,864691136009236396,1
864691136811608686,864691136009424300,1
864691136811799411,864691136005589194,1
864691136811808883,864691136006798282,1
864691136811810675,864691136006703240,1
864691136811822702,864691136009438638,1
864691136811836275,864691136008420012,1
864691136811870579,864691136009061806,1
864691136811870579,864691136009415598,1
864691136811954035,864691136005835722,1
864691136812039283,864691136005589194,1
864691136812222835,864691136009223086,1
864691136812237683,864691136005670602,1
864691136812291955,864691136009511596,1
864691136812317811,864691136009424300,1
864691136812397171,864691136005607626,1
864691136812679539,864691136009425324,1
864691136812696179,864691136009539500,1
864691136812764787,864691136005340362,1
864691136812777075,864691136008431020,1
864691136812811635,864691136009440428,1
864691136812831347,864691136009419180,1
864691136812890483,864691136005199818,1
864691136812892019,864691136008452012,2
864691136812955251,864691136005607626,1
864691136812955251,864691136005670602,1
864691136812955251,864691136008575150,1
864691136812955251,864691136008846764,1
864691136812955251,864691136008953518,1
864691136813294707,864691136004793802,1
864691136813312627,864691136009419180,2
864691136813312627,864691136009440428,2
864691136813471091,864691136009394350,1
864691136813513587,864691136008452012,1
864691136813619822,864691136009415084,1
864691136813807475,864691136009461678,2
864691136814357619,864691136005340362,1
864691136814357619,864691136009061806,1
864691136814357619,864691136009348782,1
864691136814606958,864691136009270188,2
864691136814606958,864691136009425836,1
864691136814677875,864691136009299374,1
864691136814698099,864691136009473966,1
864691136814703987,864691136009366446,1
864691136814761075,864691136008884652,12
864691136814761075,864691136009326766,4
864691136814761075,864691136009366446,6
864691136816422254,864691136009270188,1
864691136817327214,864691136009236396,1
864691136818701166,864691136009292716,1
864691136819672942,864691136005656266,1
864691136819672942,864691136009217196,1
864691136819672942,864691136009383598,1
864691136819698542,864691136009383598,1
864691136823961966,864691136005624778,1
864691136823961966,864691136009415084,1
864691136824826990,864691136009292716,2
864691136824826990,864691136009383598,1
864691136831313124,864691136009236396,1
864691136834899940,864691136009270188,1
864691136848829806,864691136009410990,1
864691136854196334,864691136009425324,1
864691136881607534,864691136009315244,1
864691136883889518,864691136005607626,1
864691136897149294,864691136005721546,1
864691136897149294,864691136008870828,1
864691136897149294,864691136009768622,1
864691136903007666,864691136005809866,1
864691136903016882,864691136005623242,1
864691136903018674,864691136005340362,1
864691136903018930,864691136004798154,1
864691136903020210,864691136005205194,1
864691136903020210,864691136009394350,16
864691136903020210,864691136009473966,1
864691136903033778,864691136009061806,1
864691136903050162,864691136009507502,1
864691136903052978,864691136005890250,1
864691136903052978,864691136008452012,1
864691136903066546,864691136005623242,1
864691136903067058,864691136005816266,1
864691136903229618,864691136005890250,1
864691136903240114,864691136009511596,1
864691136903387826,864691136006798282,1
864691136903415986,864691136005890250,1
864691136903464626,864691136009440428,1
864691136903486130,864691136005835722,1
864691136903868338,864691136009500078,1
864691136904042674,864691136005816266,1
864691136904060594,864691136009440428,1
864691136904065202,864691136006508490,1
864691136904071858,864691136009507502,1
864691136904083378,864691136009061806,1
864691136904083378,864691136009415598,2
864691136904656818,864691136009154988,1
864691136904761266,864691136009410990,2
864691136905290930,864691136009424300,1
864691136905343154,864691136008486572,1
864691136905343154,864691136009415084,2
864691136905373618,864691136009461678,1
864691136905570994,864691136009425324,1
864691136905791666,864691136005816266,1
864691136905852338,864691136009410990,1
864691136905988274,864691136005816266,2
864691136906176690,864691136008805804,2
864691136906199986,864691136005656266,1
864691136906243506,864691136007281354,1
864691136906670702,864691136008807340,1
864691136906696558,864691136009513134,1
864691136906761838,864691136009438638,2
864691136907016046,864691136009299374,1
864691136907016046,864691136009473966,1
864691136907330926,864691136005623242,1
864691136907330926,864691136009476526,1
864691136907591534,864691136009335980,3
864691136907591534,864691136009511596,1
864691136907814766,864691136006508490,1
864691136907860078,864691136008805804,5
864691136907860078,864691136008807340,1
864691136908845422,864691136005757642,2
864691136910393454,864691136005330634,1
864691136910393454,864691136005623242,1
864691136910393454,864691136009332654,4
864691136910393454,864691136009440428,2
864691136911321966,864691136009394350,2
864691136911644657,864691136006703240,1
864691136911644913,864691136009419180,1
864691136911650289,864691136005835722,1
864691136911656177,864691136009061806,1
864691136911656689,864691136005809866,1
864691136911728113,864691136009500078,1
864691136911864561,864691136005906122,1
864691136911864561,864691136009511596,4
864691136911879022,864691136004798154,1
864691136911879022,864691136009394350,1
864691136912046577,864691136005330634,2
864691136912116977,864691136009438638,1
864691136912420337,864691136006508490,1
864691136912624625,864691136006798282,1
864691136912624625,864691136009425324,2
864691136912686833,864691136006508490,1
864691136912686833,864691136009315244,1
864691136912690417,864691136006508490,2
864691136913170929,864691136008953518,1
864691136913383921,864691136007281354,2
864691136913993713,864691136009154988,1
864691136913993713,864691136009768622,1
864691136914038513,864691136006508490,1
864691136914038513,864691136008805804,2
864691136914081521,864691136005199818,2
864691136914081521,864691136005890250,3
864691136914081521,864691136009229996,1
864691136914089713,864691136005340362,1
864691136914235889,864691136005560522,2
864691136914235889,864691136009007276,2
864691136914235889,864691136009154988,1
864691136922728932,864691136008953518,1
864691136922751204,864691136009493934,2
864691136922751204,864691136009500078,1
864691136922751460,864691136009244590,1
864691136922763748,864691136009229996,1
864691136922770916,864691136009415084,1
864691136922773220,864691136005816266,1
864691136922776036,864691136009418414,1
864691136923093215,864691136006745507,1
864691136923098084,864691136005835722,1
864691136923121380,864691136009507502,1
864691136923567844,864691136005340362,1
864691136923647204,864691136009418414,1
864691136923741668,864691136009415598,2
864691136923750372,864691136005890250,1
864691136923763684,864691136009394350,1
864691136923770852,864691136009500078,1
864691136923772388,864691136008591022,1
864691136923778276,864691136009217196,4
864691136923780324,864691136009507502,3
864691136923783652,864691136009359788,1
864691136923785700,864691136005205194,1
864691136923875044,864691136009440428,1
864691136924138468,864691136009440428,3
864691136924297956,864691136004798154,1
864691136924297956,864691136009394350,2
864691136924355044,864691136009440428,1
864691136924501476,864691136005816266,1
864691136924554724,864691136009425324,1
864691136924736740,864691136005205194,5
864691136924736740,864691136008420012,1
864691136924736740,864691136008870828,1
864691136924736740,864691136009315244,1
864691136925014756,864691136005816266,1
864691136925033956,864691136005199818,3
864691136925033956,864691136005890250,3
864691136925033956,864691136008490412,1
864691136925033956,864691136009318062,1
864691136925033956,864691136009507502,1
864691136925033956,864691136009511596,3
864691136925089508,864691136005589194,1
864691136925089508,864691136005656266,4
864691136925089508,864691136005816266,7
864691136925089508,864691136008577198,1
864691136925089508,864691136009359788,1
864691136925107172,864691136009500078,1
864691136925348426,864691136005340362,3
864691136925355850,864691136005721546,1
864691136925355850,864691136009473966,1
864691136925358154,864691136009415598,2
864691136925359946,864691136009415598,1
864691136925359946,864691136009507502,2
864691136925370954,864691136009270188,1
864691136925379402,864691136006798282,1
864691136925601354,864691136005890250,1
864691136925777226,864691136009423020,1
864691136925785162,864691136008486572,1
864691136925813322,864691136009500078,1
864691136925877066,864691136008460972,2
864691136926266186,864691136005721546,1
864691136926277194,864691136005816266,1
864691136926408522,864691136009440428,1
864691136926413386,864691136009507502,2
864691136926414410,864691136009415598,1
864691136926423882,864691136009332654,1
864691136926453983,864691136008431020,1
864691136926789962,864691136009440428,1
864691136926954314,864691136009383598,1
864691136927373642,864691136009415084,2
864691136927393759,864691136009507502,1
864691136927491146,864691136005721546,5
864691136927491146,864691136007281354,1
864691136927491146,864691136007339466,2
864691136927491146,864691136008884652,1
864691136927491146,864691136009394350,2
864691136927491146,864691136009461678,2
864691136927491146,864691136009473966,1
864691136927491146,864691136009768622,3
864691136927674954,864691136005721546,1
864691136927711562,864691136005816266,1
864691136927738442,864691136009425324,1
864691136927782730,864691136005757642,1
864691136927782730,864691136009425836,1
864691136933054943,864691136009423020,1
864691136938614751,864691136008591022,1
864691136939351775,864691136009415598,1
864691136939694559,864691136009244590,1
864691136940658911,864691136008787372,1
864691136945632479,864691136008444588,2
864691136945632479,864691136009423020,1
864691136945632479,864691136009493934,1
864691136945691359,864691136009244590,2
864691136945691359,864691136009415598,1
864691136945691359,864691136009500078,2
864691136945752799,864691136008591022,1
864691136945752799,864691136009507502,1
864691136945772767,864691136009507502,1
864691136945925087,864691136008787372,1
864691136946851551,864691136009507502,1
864691136946864607,864691136009415598,1
864691136947021791,864691136008439212,1
864691136950756831,864691136009415598,1
864691136950756831,864691136009507502,1
864691136951554527,864691136008431020,1
864691136951554527,864691136009061806,1
864691136951558879,864691136009493934,3
864691136951558879,864691136009500078,1
864691136951558879,864691136009507502,1
864691136951592927,864691136009223086,1
864691136951611615,864691136009440428,1
864691136951630559,864691136008490412,1
864691136951630559,864691136009315244,1
864691136951646943,864691136009415084,1
864691136951754975,864691136005906122,2
864691136951754975,864691136008805804,1
864691136951754975,864691136009539500,1
864691136952230367,864691136009292716,1
864691136952276191,864691136009423020,1
864691136952276191,864691136009493934,1
864691136952298207,864691136008953518,1
864691136952366815,864691136008431020,1
864691136952537567,864691136009440428,1
864691136952851679,864691136008452012,1
864691136952905951,864691136009768622,1
864691136952940767,864691136009394350,2
864691136952941279,864691136009217196,1
864691136953134047,864691136009425324,1
864691136953221599,864691136009332654,1
864691136953451487,864691136005624778,1
864691136953714399,864691136009438638,1
864691136953871071,864691136005757642,1
864691136954050527,864691136009424300,1
864691136954077151,864691136007281354,3
864691136954077151,864691136007339466,1
864691136954129375,864691136008762284,2
864691136954129375,864691136009461678,1
864691136965761742,864691136005624778,1
864691136965769422,864691136005695178,1
864691136965769934,864691136009507502,1
864691136965773518,864691136008460972,1
864691136965785806,864691136009418414,1
864691136965822670,864691136006508490,1
864691136965846990,864691136009419180,1
864691136965986254,864691136005890250,4
864691136965986254,864691136008452012,2
864691136965986254,864691136009229996,1
864691136965986254,864691136009423020,4
864691136965986254,864691136009493934,2
864691136966131662,864691136009425324,1
864691136966473934,864691136009768622,1
864691136966517966,864691136009061806,1
864691136966673870,864691136005330634,1
864691136966673870,864691136008420012,4
864691136966673870,864691136009315244,1
864691136966673870,864691136009440428,2
864691136966673870,864691136009511596,1
864691136966673870,864691136009513134,1
864691136966673870,864691136009539500,1
864691136966951886,864691136005816266,1
864691136966951886,864691136008762284,1
864691136967765454,864691136009440428,2
864691136968099022,864691136009292716,1
864691136968568014,864691136005589194,2
864691136968568014,864691136005656266,1
864691136968568014,864691136005816266,1
864691136968568014,864691136008762284,3
864691136968568014,864691136009425324,1
864691136968656078,864691136009154988,2
864691136973660188,864691136009348782,1
864691136973682972,864691136009299374,1
864691136973720092,864691136009061806,2
864691136974026012,864691136009348782,1
864691136974041116,864691136009440428,1
864691136974090268,864691136009415598,1
864691136974532892,864691136009154988,1
864691136974538780,864691136005890250,1
864691136974538780,864691136009511596,1
864691136974545180,864691136009270188,1
864691136974550044,864691136009244590,2
864691136974550044,864691136009500078,1
864691136974551836,864691136009500078,1
864691136974551836,864691136009507502,1
864691136974556444,864691136008846764,1
864691136974561308,864691136009425324,2
864691136974561564,864691136008452012,2
864691136974572316,864691136005543882,1
864691136974572316,864691136009425324,3
864691136974824988,864691136008953518,1
864691136974841884,864691136008439212,1
864691136974841884,864691136009244590,1
864691136975332380,864691136005721546,1
864691136975364636,864691136007281354,1
864691136976129564,864691136005816266,2
864691136989939093,864691136009061806,3
864691136989946261,864691136005205194,1
864691136989946261,864691136009335980,2
864691136989946261,864691136009513134,1
864691136989957269,864691136009493934,2
864691136989960597,864691136009223086,2
864691136989962133,864691136009061806,2
864691136989962389,864691136008431020,1
864691136989962389,864691136009415598,2
864691136989978261,864691136005890250,2
864691136989988501,864691136008486572,1
864691136989990549,864691136008460972,1
864691136989994645,864691136009244590,1
864691136990234261,864691136005330634,1
864691136990234517,864691136006745507,3
864691136990378133,864691136009493934,1
864691136990522517,864691136009768622,1
864691136990598037,864691136008420012,1
864691136990791573,864691136008486572,1
864691136990809237,864691136005670602,1
864691136990834837,864691136009415598,1
864691136990843285,864691136005589194,1
864691136990843285,864691136005816266,1
864691136990858645,864691136009292716,2
864691136990906773,864691136008953518,1
864691136990915989,864691136009768622,1
864691136990940821,864691136008870828,4
864691136990950549,864691136009507502,1
864691136991213461,864691136005340362,2
864691136991213461,864691136008559790,1
864691136991400341,864691136009410990,2
864691136991606421,864691136009332654,1
864691136991630741,864691136008762284,1
864691136992004501,864691136005589194,1
864691136992007317,864691136005890250,1
864691136992007317,864691136006508490,1
864691136992007317,864691136009223086,4
864691136992081557,864691136005589194,1
864691136992208021,864691136009236396,1
864691136992294549,864691136009410990,1
864691136992538005,864691136007281354,2
864691136992612757,864691136005835722,1
864691136992612757,864691136005890250,1
864691136992612757,864691136006703240,1
864691136992612757,864691136009511596,2
864691137016032622,864691136009061806,1
864691137016657262,864691136008591022,1
864691137016657262,864691136009415598,1
864691137016657262,864691136009493934,1
864691137017992814,864691136009423020,1
864691137018050414,864691136009493934,1
864691137018050414,864691136009507502,1
864691137019551342,864691136005340362,1
864691137019552110,864691136005205194,1
864691137019552110,864691136008870828,1
864691137019552110,864691136009394350,2
864691137019555950,864691136009061806,1
864691137019571566,864691136006745507,1
864691137019571566,864691136008591022,1
864691137019576686,864691136005816266,7
864691137019580526,864691136009440428,1
864691137019930990,864691136009424300,1
864691137019955822,864691136009424300,1
864691137019964526,864691136005589194,1
864691137020123502,864691136009410990,1
864691137020123502,864691136009425324,1
864691137020487022,864691136005589194,1
864691137020527214,864691136009007276,1
864691137020529774,864691136005543882,1
864691137020637294,864691136009315244,1
864691137020663406,864691136005670602,1
864691137020663406,864691136006508490,1
864691137020676974,864691136005890250,2
864691137020676974,864691136009423020,2
864691137020972910,864691136008490412,2
864691137020972910,864691136009335980,1
864691137021073518,864691136009007276,1
864691137021188974,864691136009415084,1
864691137021326446,864691136005340362,1
864691137021434734,864691136005816266,1
864691137021909102,864691136009425836,1
864691137021910126,864691136009299374,1
864691137021936750,864691136005205194,1
864691137022017390,864691136009768622,1
864691137022180974,864691136009424300,11
864691137022200430,864691136009425324,1
864691137022215534,864691136005589194,1
864691137022215534,864691136005816266,2
864691137022224750,864691136005330634,3
864691137022263406,864691136005816266,1
864691137053653622,864691136009292716,1
864691137053655670,864691136009415084,1
864691137053663862,864691136005646026,1
864691137053663862,864691136008431020,2
864691137053672054,864691136009768622,1
864691137054551414,864691136009440428,1
864691137054695286,864691136009415598,1
864691137054697590,864691136008907180,1
864691137054706550,864691136009223086,1
864691137054709878,864691136005890250,1
864691137054709878,864691136009318062,1
864691137054715254,864691136006798282,1
864691137054824054,864691136009292716,1
864691137054824054,864691136009424300,1
864691137055417206,864691136009768622,1
864691137055571574,864691136009217196,5
864691137055571574,864691136009292716,1
864691137055571574,864691136009383598,1
864691137055668086,864691136005330634,1
864691137055668086,864691136005906122,2
864691137055668086,864691136008420012,1
864691137055668086,864691136008805804,3
864691137055668086,864691136008807340,1
864691137055668086,864691136009200300,1
864691137055668086,864691136009315244,1
864691137055668086,864691136009332654,2
864691137055668086,864691136009539500,9
864691137055712630,864691136009424300,1
864691137055724150,864691136005656266,3
864691137055757686,864691136009410990,1
864691137056098166,864691136004798154,1
864691137056098166,864691136009768622,1
864691137056230006,864691136008884652,1
864691137056564086,864691136009326766,1
864691137196889665,864691136009511596,1
864691137196892737,864691136005330634,2
864691137196899393,864691136009335980,1
864691137196900929,864691136009507502,1
864691137196902465,864691136008444588,1
864691137196902465,864691136008787372,2
864691137196912193,864691136008591022,3
864691137196912193,864691136009415598,1
864691137196912193,864691136009507502,17
864691137196919105,864691136009217196,1
864691137196928065,864691136005624778,1
864691137196938305,864691136008431020,1
864691137196953409,864691136009061806,3
864691137196968769,864691136009507502,1
864691137196981569,864691136005624778,1
864691137197049921,864691136005670602,1
864691137197169217,864691136005816266,1
864691137197169473,864691136009440428,2
864691137197239617,864691136005340362,1
864691137197273921,864691136005809866,2
864691137197273921,864691136009476526,1
864691137197275457,864691136009061806,1
864691137197298753,864691136009415598,1
864691137197298753,864691136009507502,1
864691137197430593,864691136008953518,1
864691137197495361,864691136005205194,1
864691137197495361,864691136008870828,1
864691137197819201,864691136006745507,1
864691137197875521,864691136009423020,1
864691137197884481,864691136009423020,1
864691137197941825,864691136009423020,1
864691137197941825,864691136009493934,1
864691137197952065,864691136009292716,1
864691137197964609,864691136008907180,1
864691137198226497,864691136005721546,1
864691137198227521,864691136008907180,1
864691137198630209,864691136005340362,1
864691137198754113,864691136009440428,2
864691137199038273,864691136009326766,1
864691137199039297,864691136009154988,1
864691137199050049,864691136009476526,1
864691137199177025,864691136005589194,1
864691137199914561,864691136008762284,1
864691137199914561,864691136009326766,2
864691137199973441,864691136007339466,1
864691137199973441,864691136009410990,1
