pre_pt_root_id,post_pt_root_id,n
864691134884762106,864691135208723321,1
864691134884768506,864691135195469354,1
864691134884768506,864691135196291626,1
864691134885178362,864691135194856746,1
864691134885557498,864691135208457337,1
864691134885652730,864691135208017785,1
864691134885770234,864691135208416121,1
864691134885782778,864691135195303466,1
864691134885926906,864691135195395370,1
864691134886037498,864691135194413354,1
864691134886037498,864691135195474730,1
864691134886037498,864691135208448889,1
864691134886037498,864691135208650617,1
864691134886037498,864691135209194617,2
864691134886285306,864691135208060793,1
864691134886503674,864691135183968514,1
864691134886659834,864691135208060793,2
864691134887236346,864691135184283650,1
864691134887260410,864691135195303466,1
864691134887260410,864691135208593017,1
864691134887350266,864691135196622378,1
864691134887383290,864691135183968514,1
864691134887397882,864691135208707961,1
864691134887540986,864691135194782250,2
864691134887540986,864691135208658809,1
864691134887576314,864691135196291626,1
864691134917409290,864691135194408234,1
864691134917415178,864691135208650617,1
864691134917428746,864691135207762297,1
864691134917431306,864691135208722553,1
864691134917488138,864691135207818361,3
864691134917488138,864691135208715129,1
864691134917973258,864691135208017785,2
864691134918174730,864691135208722553,1
864691134918190090,864691135208460921,1
864691134918239498,864691135208722553,1
864691134918384394,864691135208722553,1
864691134918384650,864691135207897209,1
864691134918384650,864691135208612729,2
864691134918409738,864691135195303466,1
864691134918947338,864691135196291626,1
864691134919570698,864691135196291626,1
864691134919748362,864691135196319018,3
864691134919748362,864691135208678521,1
864691134919967498,864691135183968514,1
864691134919967498,864691135184143362,1
864691134920072202,864691135195486506,2
864691134939992931,864691135208641657,1
864691134940004451,864691135208676985,1
864691134940025955,864691135194713642,1
864691134940025955,864691135195040810,3
864691134940246115,864691135195040810,1
864691134940368227,864691135208582265,1
864691134940844899,864691135208722553,2
864691134940933475,864691135195322410,1
864691134940933475,864691135208612729,4
864691134940933475,864691135208707961,1
864691134940939875,864691135195903274,1
864691134940946531,864691135195303466,1
864691134940946531,864691135207716217,1
864691134940947299,864691135196202282,2
864691134940960867,864691135208722553,1
864691134941165155,864691135195312426,1
864691134941488995,864691135196291626,1
864691134941488995,864691135208460921,2
864691134941953635,864691135208593017,1
864691134942019171,864691135195469354,2
864691134942221411,864691135207762297,3
864691134942250339,864691135208905593,1
864691134942498147,864691135195303466,1
864691134942498147,864691135208593017,1
864691134942692963,864691135208441721,1
864691134947398396,864691135208416121,1
864691134947415292,864691135195185194,1
864691134947438844,864691135208017785,1
864691134947443708,864691135208707961,1
864691134947454972,864691135208202361,1
864691134947632380,864691135208423801,1
864691134947712508,864691135207818361,1
864691134947861500,864691135208707961,2
864691134948345084,864691135207818361,1
864691134948417276,864691135207716217,1
864691134948417276,864691135208692089,2
864691134948423164,864691135208722553,2
864691134948605180,864691135207818361,1
864691134948663036,864691135195312426,1
864691134948994556,864691135208638841,1
864691134949087228,864691135196202282,1
864691134949150972,864691135196633642,1
864691134949256956,864691135208441721,1
864691134949256956,864691135208700281,1
864691134949568764,864691135196202282,1
864691134949568764,864691135208593017,1
864691134949774844,864691135195040810,1
864691134949774844,864691135208612729,2
864691134949774844,864691135208676985,5
864691134950149116,864691135196633642,2
864691134950228988,864691135195486506,1
864691134950228988,864691135208235897,1
864691134950228988,864691135208668281,1
864691134950228988,864691135208700281,3
864691134950228988,864691135209194617,5
864691134950228988,864691135209245817,1
864691134950317308,864691135195469354,1
864691134950338556,864691135194782250,3
864691134964437279,864691135195469354,1
864691134964449823,864691135194782250,1
864691134964452383,864691135208051577,1
864691134964699935,864691135195483946,1
864691134964699935,864691135208457337,1
864691134964831519,864691135199536256,1
864691134965213983,864691135209022841,1
864691134965214751,864691135195277354,1
864691134965320223,864691135208017785,1
864691134965359903,864691135208060793,1
864691134965414943,864691135194940202,2
864691134965414943,864691135208416121,1
864691134965415455,864691135195040810,1
864691134965428255,864691135208658809,1
864691134965429023,864691135208715129,2
864691134965429535,864691135208692089,2
864691134965446175,864691135195903274,1
864691134965579807,864691135195903274,1
864691134965612575,864691135195469354,1
864691134965615647,864691135195469354,1
864691134965618719,864691135194940202,1
864691134965718303,864691135208707961,1
864691134966063135,864691135208723321,1
864691134966154015,864691135208658809,1
864691134966290975,864691135196319018,1
864691134966306591,864691135183972354,1
864691134966306591,864691135194413354,1
864691134966306591,864691135195040810,2
864691134966306591,864691135195474730,2
864691134966306847,864691135194413354,1
864691134966306847,864691135195312426,1
864691134966306847,864691135208650617,3
864691134966306847,864691135208676985,11
864691134966306847,864691135208707961,1
864691134966510623,864691135195486506,2
864691134966651679,864691135208157561,1
864691134966759711,864691135208658809,2
864691134988375418,864691135207716217,1
864691134988388474,864691135196313642,1
864691134988403066,864691135195040810,1
864691134988403066,864691135207818361,1
864691134988405114,864691135208722553,1
864691134988407162,864691135196291626,2
864691134988409466,864691135207716217,1
864691134988431738,864691135208562809,1
864691134988437370,864691135195478058,1
864691134988437370,864691135195903274,2
864691134988443002,864691135208017785,1
864691134988452986,864691135208060793,1
864691134988460666,864691135208457337,1
864691134988461946,864691135208722553,1
864691134988465530,864691135195486250,1
864691134988467578,864691135208060793,1
864691134988468602,864691135208582265,1
864691134988472954,864691135195469354,1
864691134988473978,864691135195486250,1
864691134988477562,864691135208707961,2
864691134988480122,864691135208060793,2
864691134988596858,864691135194859562,2
864691134988596858,864691135207818361,6
864691134988596858,864691135208707961,1
864691134988798842,864691135208416121,1
864691134988805242,864691135207772537,1
864691134988881274,864691135207818361,1
864691134988894330,864691135196319018,1
864691134988929914,864691135208658809,1
864691134988941690,864691135195283754,3
864691134988981370,864691135208668281,1
864691134989142138,864691135195277354,1
864691134989231994,864691135195040810,1
864691134989233274,864691135195185194,1
864691134989292154,864691135208676985,1
864691134989461882,864691135183972354,2
864691134989461882,864691135194413354,1
864691134989461882,864691135195322410,1
864691134989628538,864691135195040810,1
864691134989835898,864691135208707961,1
864691134990091642,864691135195469354,1
864691134990544762,864691135196291626,1
864691134990630010,864691135208638841,1
864691134990809210,864691135195303466,1
864691134990847098,864691135196291626,1
864691134991032954,864691135196202282,2
864691134991040378,864691135195486506,1
864691134991040378,864691135207760761,1
864691134991040378,864691135208641657,1
864691134991100794,864691135196319018,2
864691134991229562,864691135208593017,1
864691135012350454,864691135208668281,1
864691135012357366,864691135194713642,1
864691135012372214,864691135195486506,1
864691135012408054,864691135194446634,1
864691135012418550,864691135208715129,1
864691135012432374,864691135208416121,1
864691135012458742,864691135196202282,1
864691135012494070,864691135195040810,4
864691135012494070,864691135195486506,1
864691135012509686,864691135195417642,1
864691135012515830,864691135209194617,1
864691135012552950,864691135207716217,1
864691135012560118,864691135195344938,1
864691135012884886,864691135208723321,1
864691135012895894,864691135194859562,2
864691135012896502,864691135194859562,1
864691135012897686,864691135209194617,1
864691135012906902,864691135195312426,1
864691135013057526,864691135208723321,1
864691135013093878,864691135196202282,1
864691135013236470,864691135195486506,1
864691135013272054,864691135208060793,1
864691135013304566,864691135208722553,1
864691135013305590,864691135208676985,2
864691135013399190,864691135195903274,1
864691135013519094,864691135208722553,1
864691135013528566,864691135208448889,4
864691135013528566,864691135208944505,3
864691135013548022,864691135195040810,1
864691135013644182,864691135208060793,1
864691135013677814,864691135208441721,1
864691135013743862,864691135195040810,1
864691135013747606,864691135208402297,1
864691135013747606,864691135208722553,1
864691135013807862,864691135208698489,1
864691135013838742,864691135196291626,1
864691135013881494,864691135195322410,1
864691135013902230,864691135208402297,1
864691135013932438,864691135195040810,1
864691135013934230,864691135195277354,1
864691135013934230,864691135207818361,1
864691135013934230,864691135207897209,4
864691135013934230,864691135208707961,1
864691135013957622,864691135195312426,1
864691135013958390,864691135195322410,1
864691135013958390,864691135195474730,2
864691135013958390,864691135208650617,1
864691135014199542,864691135183972354,1
864691135014258070,864691135195903274,1
864691135014258070,864691135196291626,1
864691135014276342,864691135195040810,2
864691135014349462,864691135208060793,1
864691135014354070,864691135208707961,1
864691135014383254,864691135208457337,1
864691135014383254,864691135208715129,1
864691135014442486,864691135208707961,1
864691135014549910,864691135195303466,1
864691135014751734,864691135195486250,1
864691135014751734,864691135196633642,2
864691135014751734,864691135208423801,3
864691135014751734,864691135208702073,1
864691135014751734,864691135209022841,1
864691135014789014,864691135196313642,1
864691135014797974,864691135196622378,1
864691135014810262,864691135208958585,1
864691135014810262,864691135209245817,1
864691135014833046,864691135208060793,2
864691135015011734,864691135196291626,1
864691135015096822,864691135184143362,1
864691135015096822,864691135196291626,2
864691135015139062,864691135195040810,1
864691135015154934,864691135195303466,1
864691135015324406,864691135184143362,1
864691135015350422,864691135196291626,1
864691135015350422,864691135208197241,1
864691135015350422,864691135208564345,1
864691135015364854,864691135208564345,2
864691135015369974,864691135194782250,1
864691135015437462,864691135194782250,1
864691135015437462,864691135195303466,1
864691135015565206,864691135208235897,1
864691135015605910,864691135195344938,1
864691135015755670,864691135183968514,2
864691135015755670,864691135194782250,2
864691135015755670,864691135195486506,1
864691135015755670,864691135196319018,2
864691135015755670,864691135208157561,5
864691135015792534,864691135208235897,1
864691135015795606,864691135184283650,1
864691135015822742,864691135208235897,2
864691135015822742,864691135208460921,1
864691135015822742,864691135209194617,5
864691135015849366,864691135208060793,1
864691135058525595,864691135195283754,1
864691135058562715,864691135208722553,1
864691135058566043,864691135207716217,1
864691135058570907,864691135196622378,1
864691135058582939,864691135196291626,1
864691135058587291,864691135208722553,3
864691135058889115,864691135194859562,1
864691135058889115,864691135207818361,3
864691135058889115,864691135208707961,1
864691135058889115,864691135208715129,1
864691135059346843,864691135195185194,1
864691135059352219,864691135208423801,1
864691135059373467,864691135208612729,1
864691135059484059,864691135208060793,1
864691135059484059,864691135208638841,1
864691135059548315,864691135208678521,1
864691135059549595,864691135208060793,2
864691135059554971,864691135195303466,1
864691135059554971,864691135195478058,1
864691135059606683,864691135195469354,1
864691135060147099,864691135195469354,1
864691135060651419,864691135208702073,1
864691135060740507,864691135208650617,1
864691135060740507,864691135208707961,3
864691135060772763,864691135208235897,1
864691135060772763,864691135208905593,1
864691135060968091,864691135184283650,2
864691135060968091,864691135208235897,2
864691135060968859,864691135183968514,1
864691135060968859,864691135208678521,1
864691135060975003,864691135208678521,1
864691135064978500,864691135196202282,1
864691135064989508,864691135184143362,1
864691135064989508,864691135196291626,1
864691135065001540,864691135208060793,1
864691135065005380,864691135194940202,1
864691135065005636,864691135207818361,1
864691135065008964,864691135194940202,1
864691135065012804,864691135209022841,1
864691135065021252,864691135209022841,1
864691135065021508,864691135208060793,3
864691135065026884,864691135194713642,1
864691135065128260,864691135195312426,3
864691135065716292,864691135208060793,1
864691135065847108,864691135195185194,1
864691135065851972,864691135208650617,1
864691135065979460,864691135208593017,1
864691135065990468,864691135195303466,1
864691135066014788,864691135194713642,3
864691135066014788,864691135195040810,1
864691135066014788,864691135195312426,3
864691135066016324,864691135208416121,1
864691135066018884,864691135208707961,1
864691135066101316,864691135195303466,1
864691135066114372,864691135184143362,1
864691135066282564,864691135195478058,1
864691135066311748,864691135195040810,1
864691135066395204,864691135195040810,1
864691135066395204,864691135195423018,1
864691135066649924,864691135209194617,1
864691135066945348,864691135196202282,3
864691135066958404,864691135208678521,1
864691135067053124,864691135208707961,2
864691135067084612,864691135196658986,1
864691135067129412,864691135208202361,1
864691135067149636,864691135208707961,1
864691135067192900,864691135208723321,1
864691135067476548,864691135183972354,1
864691135067476548,864691135195474730,1
864691135067476548,864691135195476266,1
864691135067476548,864691135209245817,5
864691135067559748,864691135196622378,1
864691135067645764,864691135208564345,3
864691135068023876,864691135196291626,2
864691135068023876,864691135208700281,1
864691135081649399,864691135195903274,1
864691135081649911,864691135207818361,1
864691135081649911,864691135208457337,1
864691135081660663,864691135208612729,1
864691135081669623,864691135195483946,1
864691135081669623,864691135208402297,1
864691135081669623,864691135208722553,1
864691135081672183,864691135194940202,1
864691135081676023,864691135195040810,2
864691135081676023,864691135195312426,1
864691135081688567,864691135208448889,1
864691135081732087,864691135195474730,2
864691135081732087,864691135195903274,1
864691135082003959,864691135207897209,1
864691135082003959,864691135208650617,1
864691135082003959,864691135208676985,4
864691135082003959,864691135208707961,1
864691135082007287,864691135208676985,1
864691135082007287,864691135208715129,1
864691135082085111,864691135195277354,1
864691135082205943,864691135208676985,1
864691135082291959,864691135208707961,1
864691135082328567,864691135208722553,1
864691135082420215,864691135195040810,1
864691135082420215,864691135207818361,5
864691135082420215,864691135208676985,1
864691135082511607,864691135195483946,1
864691135082525943,864691135209022841,3
864691135082533623,864691135194782250,2
864691135082533623,864691135208564345,1
864691135082636023,864691135209245817,1
864691135082690039,864691135208715129,1
864691135082690039,864691135208722553,1
864691135082698743,864691135207772537,2
864691135082707191,864691135208722553,1
864691135082714871,864691135195486506,2
864691135082722807,864691135195040810,1
864691135082722807,864691135195474730,1
864691135082722807,864691135208650617,1
864691135082722807,864691135208676985,1
864691135082722807,864691135208707961,1
864691135082732023,864691135208715129,1
864691135082864887,864691135195903274,1
864691135082864887,864691135207897209,2
864691135082864887,864691135208722553,1
864691135082898423,864691135195469354,1
864691135083204087,864691135208202361,1
864691135083595255,864691135207751545,1
864691135083619831,864691135208060793,1
864691135083691511,864691135195474730,1
864691135084148983,864691135196658986,1
864691135084221687,864691135196319018,3
864691135099855904,864691135195417642,1
864691135099861792,864691135195344938,1
864691135099864096,864691135207818361,1
864691135099864608,864691135207897209,1
864691135099864608,864691135208676985,1
864691135099865120,864691135208958585,1
864691135099873312,864691135208668281,1
864691135100188704,864691135194859562,1
864691135100383520,864691135195417642,1
864691135100751136,864691135208416121,1
864691135100858144,864691135208017785,1
864691135100896800,864691135196633642,1
864691135100908064,864691135208416121,1
864691135100926240,864691135196202282,1
864691135100931104,864691135194756906,2
864691135100940064,864691135207762297,1
864691135101225504,864691135208457337,1
864691135101904416,864691135195303466,1
864691135101921568,864691135194413354,8
864691135101921568,864691135207897209,1
864691135101921568,864691135208650617,1
864691135101921568,864691135208707961,1
864691135101921568,864691135208944505,1
864691135101924384,864691135194713642,1
864691135101924384,864691135195040810,1
864691135101924384,864691135208612729,1
864691135101924384,864691135208650617,2
864691135101924384,864691135208676985,2
864691135102192160,864691135195344938,1
864691135102385696,864691135196202282,2
864691135102385696,864691135208593017,1
864691135102434592,864691135208460921,1
864691135102492960,864691135195185194,1
864691135102492960,864691135209245817,1
864691135103973453,864691135195040810,1
864691135103984717,864691135195903274,1
864691135104008013,864691135208060793,2
864691135104023885,864691135195185194,2
864691135104025933,864691135196633642,1
864691135104025933,864691135208702073,1
864691135104046413,864691135207897209,1
864691135104148045,864691135195903274,1
864691135104897101,864691135208707961,2
864691135104954189,864691135195322410,1
864691135105048397,864691135195191594,2
864691135105048653,864691135195486506,1
864691135105048653,864691135207760761,4
864691135105048653,864691135208723321,2
864691135105050189,864691135208678521,1
864691135105052749,864691135208448889,2
864691135105074253,864691135207818361,1
864691135105113165,864691135195417642,1
864691135106189901,864691135196291626,1
864691135106189901,864691135208051577,2
864691135106189901,864691135208593017,1
864691135106718029,864691135195344938,1
864691135113138073,864691135208060793,1
864691135113142425,864691135195478058,1
864691135113153945,864691135195486506,3
864691135113155225,864691135207762297,1
864691135113164185,864691135195478058,1
864691135113164953,864691135208562809,1
864691135113454233,864691135195486506,1
864691135113533593,864691135195469354,1
864691135113621145,864691135208678521,1
864691135113649561,864691135207716217,3
864691135113649561,864691135208692089,1
864691135113696153,864691135195469354,1
864691135113928857,864691135209022841,1
864691135113997209,864691135195040810,1
864691135114134169,864691135208060793,1
864691135114157721,864691135183968514,1
864691135114160025,864691135209245817,1
864691135114164121,864691135195312426,1
864691135114164121,864691135195903274,6
864691135114165657,864691135208715129,1
864691135114165657,864691135208722553,1
864691135114167705,864691135207772537,1
864691135114169753,864691135196291626,2
864691135114295961,864691135195469354,1
864691135114295961,864691135208460921,1
864691135114295961,864691135209194617,2
864691135114561945,864691135195469354,1
864691135114605977,864691135209245817,1
864691135114628505,864691135195303466,1
864691135114679705,864691135195303466,1
864691135114911385,864691135195185194,1
864691135114974361,864691135195486506,1
864691135115014809,864691135194713642,1
864691135115058329,864691135196291626,1
864691135115122585,864691135196313642,1
864691135115225753,864691135196633642,2
864691135115233945,864691135195303466,1
864691135115334297,864691135196319018,1
864691135115393433,864691135196319018,1
864691135115402905,864691135183618050,1
864691135115424665,864691135196291626,1
864691135117782749,864691135195303466,1
864691135117795805,864691135208723321,1
864691135117825245,864691135195040810,2
864691135117825757,864691135195478058,1
864691135117830877,864691135208060793,1
864691135118097885,864691135208448889,1
864691135118242781,864691135194713642,1
864691135118247645,864691135194713642,1
864691135118247645,864691135208612729,1
864691135118298333,864691135195395370,1
864691135118298333,864691135195903274,1
864691135118458845,864691135207818361,1
864691135118687197,864691135209194617,1
864691135118720989,864691135208017785,1
864691135118724829,864691135195395370,1
864691135118756573,864691135195312426,2
864691135118918109,864691135207716217,3
864691135119231709,864691135195469354,1
864691135119436765,864691135183968514,5
864691135119436765,864691135196633642,3
864691135119506909,864691135195474730,1
864691135119506909,864691135195486506,7
864691135119506909,864691135208700281,2
864691135119506909,864691135208723321,1
864691135119636189,864691135183968514,6
864691135119636189,864691135196319018,1
864691135119636189,864691135208678521,3
864691135119785949,864691135208668281,1
864691135119839453,864691135183968514,1
864691135119877085,864691135196319018,1
864691135119877085,864691135208678521,1
864691135119897821,864691135209022841,1
864691135119912413,864691135208564345,1
864691135119938781,864691135208564345,1
864691135122295591,864691135195469354,1
864691135122298663,864691135208668281,1
864691135122307623,864691135195185194,1
864691135122307623,864691135195344938,2
864691135122319143,864691135195312426,1
864691135122340647,864691135208564345,1
864691135122417959,864691135195040810,1
864691135122626343,864691135208060793,2
864691135122771239,864691135196291626,1
864691135123052839,864691135195469354,1
864691135123288103,864691135195469354,1
864691135123334183,864691135195344938,1
864691135123335463,864691135195312426,1
864691135123339047,864691135195040810,1
864691135123355431,864691135194940202,1
864691135123508775,864691135208702073,1
864691135123508775,864691135209022841,1
864691135123605799,864691135196291626,1
864691135123807271,864691135195040810,1
864691135123807271,864691135208707961,2
864691135123810599,864691135195040810,1
864691135124209447,864691135208060793,5
864691135124308007,864691135208638841,1
864691135124404519,864691135196633642,1
864691135124508967,864691135195469354,1
864691135124547111,864691135196291626,5
864691135124608807,864691135209245817,1
864691135124690471,864691135184143362,4
864691135132668576,864691135208416121,2
864691135132671904,864691135195277354,2
864691135132671904,864691135195483946,1
864691135132912800,864691135195395370,1
864691135133398688,864691135208944505,1
864691135133584288,864691135194413354,1
864691135133589920,864691135195486506,1
864691135133599904,864691135208676985,1
864691135133884320,864691135208715129,3
864691135133930912,864691135183972354,1
864691135133930912,864691135195474730,1
864691135133978016,864691135208593017,1
864691135134114976,864691135195486506,1
864691135134114976,864691135209245817,1
864691135134136992,864691135196202282,1
864691135134146720,864691135194408234,1
864691135134146720,864691135196291626,1
864691135134146720,864691135208958585,2
864691135134481056,864691135195303466,1
864691135134485920,864691135195903274,3
864691135134548640,864691135209022841,1
864691135134674713,864691135209245817,1
864691135134677017,864691135194413354,1
864691135134679577,864691135195312426,1
864691135134692633,864691135195486506,1
864691135134695328,864691135195903274,1
864691135134702617,864691135195483946,1
864691135134711065,864691135207716217,2
864691135134852256,864691135184143362,3
864691135134852256,864691135208958585,2
864691135134945184,864691135209022841,1
864691135134957472,864691135184143362,1
864691135134957472,864691135196633642,2
864691135134983328,864691135194782250,1
864691135135001760,864691135196313642,1
864691135135080217,864691135196658986,1
864691135135087520,864691135209022841,4
864691135135126809,864691135208402297,1
864691135135132576,864691135194859562,1
864691135135180057,864691135195903274,1
864691135135411993,864691135195486506,1
864691135135411993,864691135208723321,1
864691135135471385,864691135208051577,1
864691135135485209,864691135196313642,3
864691135135548185,864691135208457337,1
864691135135613465,864691135207818361,1
864691135135661081,864691135208157561,1
864691135135675417,864691135194940202,2
864691135135815961,864691135195040810,1
864691135136159769,864691135195469354,1
864691135136416025,864691135208060793,5
864691135136523801,864691135195469354,1
864691135136564505,864691135208460921,1
864691135136778009,864691135194782250,1
864691135137105177,864691135195303466,1
864691135137357081,864691135184283650,6
864691135137357081,864691135196291626,2
864691135137357081,864691135208958585,2
864691135155507044,864691135208678521,1
864691135155521892,864691135208698489,1
864691135155536740,864691135208641657,1
864691135155551332,864691135194856746,1
864691135155560804,864691135195303466,1
864691135155567204,864691135194756906,1
864691135155567204,864691135196291626,1
864691135155567204,864691135208722553,2
864691135155876964,864691135208017785,1
864691135155877220,864691135208562809,1
864691135155879012,864691135208676985,1
864691135155908452,864691135207818361,1
864691135156430180,864691135208698489,1
864691135156462948,864691135208582265,1
864691135156565604,864691135208060793,1
864691135156774756,864691135195283754,3
864691135156821860,864691135184283650,1
864691135157652068,864691135195303466,1
864691135157652068,864691135207716217,2
864691135157748068,864691135196291626,1
864691135157784932,864691135196633642,2
864691135157784932,864691135209022841,1
864691135157893476,864691135195344938,1
864691135158055012,864691135194782250,1
864691135158094436,864691135195903274,1
864691135162188333,864691135195469354,1
864691135162206765,864691135195469354,1
864691135162207533,864691135194940202,1
864691135162247213,864691135208060793,2
864691135162707501,864691135196633642,1
864691135162741037,864691135183968514,1
864691135162755629,864691135195040810,1
864691135162764845,864691135195344938,1
864691135162905389,864691135207818361,1
864691135163042605,864691135195312426,1
864691135163127597,864691135195185194,2
864691135163127597,864691135195478058,1
864691135163127597,864691135208641657,1
864691135163198509,864691135208060793,1
864691135163286061,864691135208402297,1
864691135163356717,864691135195483946,1
864691135163365421,864691135194446634,1
864691135163365421,864691135195483946,2
864691135163365421,864691135208457337,2
864691135163366445,864691135195191594,1
864691135163366445,864691135208202361,2
864691135163371309,864691135208676985,1
864691135163372333,864691135208448889,2
864691135163372333,864691135208944505,1
864691135163379245,864691135207762297,2
864691135163379245,864691135207818361,1
864691135163530285,864691135194713642,1
864691135163734317,864691135208060793,1
864691135163734317,864691135208197241,4
864691135163734317,864691135208678521,2
864691135163912237,864691135208700281,1
864691135163912237,864691135208958585,1
864691135163912237,864691135209245817,1
864691135164186413,864691135196291626,2
864691135164408621,864691135195474730,10
864691135164553005,864691135196633642,1
864691135164772653,864691135184283650,1
864691135164804909,864691135194408234,1
864691135164857133,864691135195395370,1
864691135164857133,864691135208448889,1
864691135164857133,864691135208905593,1
864691135164857133,864691135208944505,2
864691135164927533,864691135195191594,1
864691135181700866,864691135207762297,1
864691135181704450,864691135195474730,2
864691135181734146,864691135208562809,1
864691135181755394,864691135208676985,1
864691135181768962,864691135195040810,1
864691135181773314,864691135208715129,2
864691135181786370,864691135194713642,1
864691135181796866,864691135195469354,1
864691135181802754,864691135208457337,2
864691135181804802,864691135208457337,3
864691135181806338,864691135207897209,1
864691135181996290,864691135209022841,2
864691135182072834,864691135208692089,1
864691135182075906,864691135208715129,1
864691135182203394,864691135208562809,1
864691135182219010,864691135195486506,2
864691135182392834,864691135208017785,1
864691135182522882,864691135207716217,1
864691135182702594,864691135195486506,2
864691135182702594,864691135196622378,1
864691135182712578,864691135208017785,1
864691135182713602,864691135195040810,1
864691135182726402,864691135195040810,1
864691135182804226,864691135195469354,1
864691135182823938,864691135196291626,1
864691135183493378,864691135208650617,4
864691135183507970,864691135196291626,1
864691135183740930,864691135195344938,2
864691135183789314,864691135195283754,1
864691135183789314,864691135195483946,1
864691135183789314,864691135208402297,1
864691135183789314,864691135208715129,1
864691135183789314,864691135208722553,3
864691135183968514,864691135183968514,16
864691135183968514,864691135184283650,1
864691135183972354,864691135183972354,7
864691135184022786,864691135196622378,1
864691135184160002,864691135184283650,2
864691135184160002,864691135196319018,2
864691135184160002,864691135208658809,1
864691135194413354,864691135194413354,5
864691135194419242,864691135195486506,1
864691135194424618,864691135208416121,2
864691135194424618,864691135208441721,1
864691135194429226,864691135194429226,2
864691135194439210,864691135194439210,3
864691135194441770,864691135195486250,1
864691135194446634,864691135194446634,13
864691135194446634,864691135208402297,1
864691135194713642,864691135194713642,27
864691135194753322,864691135208722553,1
864691135194756906,864691135194756906,7
864691135194782250,864691135194782250,9
864691135194782250,864691135196319018,1
864691135194856746,864691135194856746,5
864691135194892842,864691135194859562,1
864691135194916650,864691135209245817,1
864691135194940202,864691135194940202,11
864691135194940202,864691135195312426,1
864691135194949162,864691135208457337,1
864691135194985002,864691135194713642,1
864691135195039530,864691135195469354,1
864691135195040810,864691135195040810,31
864691135195040810,864691135207897209,1
864691135195191594,864691135195191594,4
864691135195263018,864691135208715129,2
864691135195277354,864691135195277354,19
864691135195283754,864691135195283754,7
864691135195298090,864691135195303466,1
864691135195303466,864691135195303466,11
864691135195312426,864691135195312426,43
864691135195322410,864691135195322410,4
864691135195348010,864691135194856746,3
864691135195361578,864691135208402297,1
864691135195361578,864691135208722553,2
864691135195395370,864691135195395370,9
864691135195417642,864691135195417642,31
864691135195423018,864691135195423018,3
864691135195468586,864691135195191594,1
864691135195474730,864691135195474730,8
864691135195478058,864691135195478058,12
864691135195483946,864691135195483946,17
864691135195486250,864691135195486250,8
864691135195490858,864691135208650617,1
864691135195490858,864691135208676985,1
864691135195493418,864691135195493418,10
864691135195556906,864691135208060793,2
864691135195581994,864691135208676985,1
864691135196014122,864691135195469354,1
864691135196201514,864691135194446634,1
864691135196201514,864691135194756906,1
864691135196201514,864691135195483946,1
864691135196201514,864691135208457337,3
864691135196202282,864691135196202282,2
864691135196291626,864691135196291626,44
864691135196385578,864691135195344938,1
864691135196385578,864691135195469354,1
864691135196633642,864691135196633642,11
864691135196634666,864691135195344938,1
864691135196720938,864691135208676985,1
864691135196720938,864691135208707961,1
864691135198850432,864691135198850432,14
864691135199536256,864691135199536256,6
864691135204926336,864691135204926336,8
864691135207714169,864691135208562809,1
864691135207716217,864691135207716217,8
864691135207747961,864691135209194617,1
864691135207748985,864691135207748985,1
864691135207751545,864691135207751545,7
864691135207754105,864691135208060793,1
864691135207756921,864691135195483946,1
864691135207756921,864691135208457337,1
864691135207758713,864691135208715129,1
864691135207760761,864691135207760761,6
864691135207761017,864691135195483946,1
864691135207772537,864691135207772537,7
864691135207818361,864691135207818361,10
864691135207897209,864691135207897209,13
864691135207917433,864691135209194617,1
864691135207937145,864691135195478058,2
864691135208060793,864691135208060793,62
864691135208060793,864691135208593017,1
864691135208157561,864691135208157561,3
864691135208178553,864691135208178553,6
864691135208197241,864691135208197241,4
864691135208202361,864691135208202361,3
864691135208203385,864691135208203385,2
864691135208402297,864691135208402297,7
864691135208416121,864691135208416121,2
864691135208423801,864691135208423801,4
864691135208441465,864691135196319018,1
864691135208441721,864691135208441721,7
864691135208457337,864691135208457337,14
864691135208460921,864691135208460921,3
864691135208562809,864691135208562809,14
864691135208564345,864691135208564345,7
864691135208582265,864691135208582265,6
864691135208593017,864691135208593017,8
864691135208612729,864691135208612729,9
864691135208638841,864691135208638841,11
864691135208641657,864691135208641657,7
864691135208650617,864691135208650617,5
864691135208658809,864691135208658809,6
864691135208676985,864691135208676985,23
864691135208687737,864691135183618050,1
864691135208692089,864691135208692089,10
864691135208698489,864691135208698489,9
864691135208700281,864691135208700281,5
864691135208702073,864691135208702073,5
864691135208703865,864691135195486506,2
864691135208703865,864691135208641657,1
864691135208707961,864691135208707961,9
864691135208713081,864691135194713642,1
864691135208715129,864691135208457337,1
864691135208715129,864691135208715129,8
864691135208722553,864691135208402297,1
864691135208722553,864691135208722553,14
864691135208975481,864691135195277354,1
864691135209022841,864691135209022841,14
864691135209039737,864691135208650617,1
864691135209080697,864691135195483946,1
864691135209080697,864691135207818361,2
864691135209080697,864691135208402297,1
864691135209080697,864691135208715129,7
864691135209134457,864691135184143362,1
864691135209134457,864691135196291626,1
864691135209292921,864691135183972354,3
864691135209292921,864691135194413354,1
864691135209300601,864691135195344938,1
864691135209300601,864691135195395370,1
864691135209300601,864691135195478058,1
864691135209300601,864691135195903274,1
864691135209378681,864691135208423801,1
864691135209465209,864691135208060793,8
864691135209465209,864691135208582265,1
864691135209651321,864691135196202282,1
864691135209739385,864691135194782250,5
864691135209739385,864691135208658809,3
864691135210015424,864691135195395370,1
864691135210038720,864691135194446634,1
864691135210038720,864691135208722553,1
864691135210048192,864691135208593017,1
864691135210134905,864691135184283650,1
864691135210398073,864691135195486250,1
864691135210400960,864691135208060793,2
864691135210410617,864691135196291626,1
864691135210446457,864691135194408234,1
864691135210446457,864691135195217706,1
864691135210446457,864691135195476266,1
864691135210446457,864691135208668281,1
864691135210446457,864691135208958585,4
864691135210446457,864691135209245817,18
864691135210671808,864691135194413354,1
864691135210671808,864691135208707961,1
864691135210791616,864691135196319018,1
864691135210800320,864691135183972354,2
864691135210834368,864691135196313642,1
864691135211111360,864691135195191594,1
864691135211116480,864691135208564345,4
864691135211125184,864691135196291626,1
864691135211125184,864691135208958585,1
864691135211217088,864691135194713642,1
864691135211266752,864691135208707961,1
864691135211306176,864691135196202282,1
864691135211318976,864691135195312426,1
864691135211339200,864691135208676985,1
864691135211344832,864691135183618050,1
864691135211542208,864691135195474730,1
864691135211658944,864691135196291626,1
864691135212292032,864691135183968514,6
864691135212292032,864691135196319018,2
864691135212363712,864691135195217706,1
864691135212363712,864691135196291626,2
864691135212363712,864691135208460921,1
864691135212398528,864691135184143362,16
864691135212398528,864691135208958585,1
864691135212508096,864691135184283650,3
864691135212508096,864691135194408234,1
864691135212508096,864691135208235897,3
864691135212508096,864691135209194617,1
864691135212535232,864691135208678521,1
864691135212598656,864691135195040810,1
864691135212604544,864691135196291626,1
864691135212605312,864691135195312426,1
864691135212625024,864691135194446634,1
864691135212659840,864691135194713642,1
864691135212664704,864691135208060793,1
864691135212669568,864691135195483946,1
864691135212669568,864691135208402297,1
864691135212669568,864691135208722553,2
864691135212675712,864691135184143362,1
864691135212684928,864691135194713642,2
864691135212691584,864691135208416121,1
864691135212691584,864691135208562809,1
864691135212695424,864691135208722553,1
864691135212731520,864691135195469354,1
864691135212746112,864691135194446634,1
864691135213001784,864691135196202282,1
864691135213001784,864691135208593017,2
864691135213029248,864691135194940202,1
864691135213058616,864691135208441721,1
864691135213059384,864691135207818361,1
864691135213063224,864691135207751545,1
864691135213070136,864691135208722553,3
864691135213072696,864691135207762297,2
864691135213075256,864691135183618050,1
864691135213077304,864691135196633642,5
864691135213203072,864691135196622378,1
864691135213203072,864691135207760761,1
864691135213203072,864691135208641657,1
864691135213203072,864691135208723321,1
864691135213207680,864691135207818361,1
864691135213218176,864691135196319018,1
864691135213363768,864691135208457337,1
864691135213463352,864691135208722553,1
864691135213626496,864691135208562809,2
864691135213671040,864691135194713642,1
864691135213671040,864691135195040810,1
864691135213708928,864691135208707961,1
864691135213726848,864691135208707961,1
864691135213735480,864691135208402297,1
864691135213804344,864691135194713642,2
864691135213825592,864691135208402297,2
864691135213846328,864691135196291626,1
864691135213878840,864691135208722553,1
864691135213885752,864691135196313642,2
864691135213901880,864691135208692089,1
864691135213937720,864691135194446634,1
864691135213937720,864691135194756906,1
864691135213937720,864691135208457337,1
864691135213937720,864691135208722553,1
864691135214003584,864691135208593017,1
864691135214034744,864691135195486506,1
864691135214040888,864691135209245817,1
864691135214043704,864691135195040810,1
864691135214163768,864691135208060793,1
864691135214381440,864691135209194617,4
864691135214467640,864691135208678521,3
864691135214575928,864691135196319018,1
864691135214643256,864691135208060793,1
864691135214653240,864691135195478058,1
864691135214653240,864691135195903274,1
864691135214697528,864691135195185194,1
864691135214913848,864691135196319018,1
864691135214922368,864691135208638841,1
864691135215107384,864691135207818361,1
864691135215120184,864691135194713642,1
864691135215120184,864691135195040810,1
864691135215120184,864691135208612729,2
864691135215120184,864691135208650617,1
864691135215120184,864691135208676985,3
864691135215131776,864691135196319018,1
864691135215148088,864691135183972354,1
864691135215148088,864691135195476266,4
864691135215148088,864691135207762297,1
864691135215148088,864691135208723321,1
864691135215148088,864691135209194617,6
864691135215170360,864691135195040810,4
864691135215170360,864691135195312426,1
864691135215175040,864691135209022841,1
864691135215217280,864691135184143362,1
864691135215235640,864691135196633642,3
864691135215236920,864691135208564345,1
864691135215297848,864691135196622378,1
864691135215391544,864691135208612729,1
864691135215403320,864691135195903274,3
864691135215433016,864691135195040810,1
864691135215450936,864691135183618050,1
864691135233113433,864691135208641657,1
864691135233124441,864691135208582265,2
864691135233143641,864691135208722553,1
864691135233398105,864691135208060793,2
864691135233484377,864691135195277354,1
864691135233500249,864691135195478058,4
864691135233500249,864691135195903274,3
864691135233549913,864691135209194617,1
864691135233568857,864691135208905593,4
864691135233789273,864691135208017785,1
864691135234030937,864691135208722553,2
864691135234038873,864691135208722553,1
864691135234084441,864691135207760761,1
864691135234193753,864691135183968514,1
864691135234336857,864691135183618050,1
864691135234336857,864691135196202282,1
864691135234402137,864691135184143362,1
864691135234402137,864691135195469354,1
864691135234633049,864691135195303466,3
864691135234633049,864691135195417642,2
864691135234998617,864691135196633642,2
864691135234998617,864691135209022841,2
864691135235112537,864691135183968514,1
864691135235196249,864691135196633642,1
864691135235196249,864691135208658809,2
864691135235344985,864691135194713642,1
864691135235344985,864691135195322410,1
864691135235363417,864691135183968514,3
864691135235363417,864691135208678521,1
864691135235386713,864691135195303466,1
864691135235386713,864691135196202282,2
864691135235386713,864691135196313642,1
864691135235386713,864691135209022841,1
864691135235437913,864691135183968514,2
864691135235437913,864691135184143362,1
864691135235437913,864691135196319018,8
864691135235496025,864691135195040810,1
864691135235496025,864691135207897209,1
864691135235496025,864691135208650617,1
864691135235496025,864691135208707961,16
864691135235527513,864691135183968514,1
864691135235527513,864691135184143362,1
864691135235527513,864691135194782250,6
864691135235527513,864691135196319018,1
864691135235527513,864691135208658809,2
864691135235527513,864691135209245817,1
864691135256132527,864691135208593017,1
864691135256138415,864691135208460921,1
864691135256144815,864691135195469354,1
864691135256702895,864691135208715129,1
864691135256962223,864691135209245817,1
864691135257012911,864691135208017785,1
864691135257012911,864691135208416121,1
864691135257056175,864691135208722553,1
864691135257156271,864691135207762297,1
864691135257589679,864691135194859562,1
864691135257638575,864691135208676985,1
864691135257861551,864691135196291626,1
864691135257942703,864691135208658809,1
864691135258169775,864691135207772537,5
864691135258274735,864691135207716217,1
864691135258481327,864691135196633642,1
864691135258635183,864691135195476266,1
864691135258635183,864691135196319018,1
864691135258655151,864691135196633642,2
864691135258655151,864691135208658809,1
864691135258757551,864691135196291626,2
864691135258773679,864691135196622378,1
864691135269686693,864691135196658986,1
864691135269690789,864691135195469354,1
864691135269699493,864691135208707961,1
864691135269729701,864691135194940202,1
864691135269732773,864691135183972354,2
864691135269732773,864691135195474730,1
864691135269737637,864691135208715129,1
864691135269759653,864691135207818361,1
864691135269797029,864691135208060793,1
864691135269818277,864691135195185194,1
864691135270096037,864691135195191594,1
864691135270568613,864691135195478058,1
864691135270710181,864691135196319018,2
864691135271325349,864691135208051577,1
864691135271383461,864691135208448889,1
864691135271915173,864691135184283650,1
864691135271915173,864691135195903274,1
864691135271915173,864691135196291626,8
864691135271915173,864691135208448889,1
864691135272105125,864691135208060793,1
864691135272160677,864691135208157561,1
864691135272187045,864691135196291626,1
864691135272187045,864691135208678521,1
864691135272218021,864691135208707961,3
864691135272252433,864691135208638841,1
864691135272259493,864691135208593017,1
864691135272285093,864691135209194617,1
864691135272359953,864691135195469354,2
864691135272359953,864691135208668281,2
864691135272615185,864691135194782250,1
864691135273084177,864691135209194617,1
864691135273177105,864691135195903274,1
864691135273238801,864691135196658986,2
864691135273258257,864691135196291626,3
864691135273260305,864691135195303466,1
864691135273265169,864691135208722553,10
864691135273544465,864691135194713642,1
864691135273568017,864691135208060793,1
864691135274078693,864691135195040810,1
864691135274082277,864691135194940202,1
864691135274091237,864691135184283650,1
864691135274101477,864691135196633642,8
864691135274102501,864691135208402297,1
864691135274103525,864691135208564345,1
864691135274151397,864691135195486506,2
864691135274355473,864691135195217706,1
864691135274427877,864691135196291626,2
864691135274427877,864691135196658986,1
864691135274497509,864691135208197241,1
864691135274511333,864691135208457337,1
864691135274520849,864691135195486506,1
864691135274525413,864691135196633642,1
864691135274537445,864691135208722553,2
864691135274546961,864691135196202282,1
864691135274595813,864691135208564345,3
864691135274738193,864691135195303466,1
864691135274738193,864691135196202282,2
864691135274738193,864691135196622378,1
864691135274738193,864691135207716217,2
864691135274860561,864691135184143362,1
864691135275173861,864691135194713642,1
864691135275173861,864691135195312426,1
864691135275384805,864691135195903274,1
864691135275621605,864691135183618050,1
864691135275774181,864691135194413354,2
864691135275939813,864691135195283754,10
864691135275939813,864691135208715129,2
864691135275939813,864691135208722553,1
864691135275983589,864691135196658986,1
864691135275983589,864691135208700281,3
864691135275983589,864691135208958585,1
864691135275983589,864691135209194617,2
864691135276152293,864691135196291626,1
864691135276413157,864691135208564345,3
864691135276465125,864691135195476266,1
864691135276505573,864691135208678521,1
864691135276599013,864691135195417642,1
864691135276759781,864691135183618050,1
864691135276776677,864691135208678521,1
864691135276917733,864691135208715129,1
864691135276975333,864691135207762297,2
864691135276975333,864691135208700281,1
864691135276975333,864691135209194617,1
864691135277337061,864691135196313642,1
864691135277673957,864691135183968514,2
864691135277713893,864691135184143362,1
864691135277713893,864691135209194617,2
864691135278201761,864691135208958585,1
864691135278207393,864691135183618050,1
864691135278229409,864691135194446634,8
864691135278229409,864691135194756906,1
864691135278229409,864691135195483946,2
864691135278229409,864691135208402297,5
864691135278229409,864691135208457337,4
864691135278229409,864691135208722553,3
864691135278365089,864691135207748985,1
864691135278718881,864691135195395370,1
864691135278830241,864691135196319018,1
864691135278902177,864691135195395370,1
864691135278911393,864691135208715129,1
864691135279386529,864691135195417642,1
864691135279454113,864691135195486506,1
864691135279454113,864691135208905593,1
864691135279591841,864691135208692089,2
864691135279609505,864691135195903274,1
864691135279730337,864691135208668281,1
864691135280496289,864691135208958585,1
864691135280558497,864691135209022841,1
864691135280583329,864691135208460921,1
864691135280638369,864691135196291626,1
864691135280761761,864691135194856746,1
864691135280852897,864691135183618050,1
864691135280852897,864691135195303466,1
864691135280860833,864691135194782250,2
864691135280860833,864691135196633642,1
864691135280860833,864691135208658809,4
864691135280871073,864691135195344938,1
864691135280879009,864691135196658986,1
864691135280879009,864691135208441721,1
864691135280891553,864691135208157561,2
864691135281078689,864691135195486506,1
864691135281078689,864691135208700281,1
864691135281078689,864691135209194617,1
864691135281078689,864691135209245817,2
864691135281208481,864691135194782250,3
864691135281208481,864691135196319018,1
864691135281218977,864691135207772537,1
864691135281227425,864691135184143362,1
864691135281227425,864691135195476266,1
864691135281227425,864691135196291626,4
864691135281227425,864691135208958585,1
864691135291757238,864691135196633642,4
864691135291761590,864691135209022841,1
864691135291930038,864691135194713642,1
864691135291930038,864691135195040810,1
864691135292255414,864691135208715129,1
864691135292335030,864691135194439210,1
864691135292582582,864691135208698489,1
864691135292610486,864691135195483946,2
864691135292633526,864691135208203385,1
864691135292849334,864691135209245817,1
864691135292890806,864691135196622378,1
864691135292901046,864691135208698489,1
864691135293073676,864691135208676985,1
864691135293119670,864691135194408234,1
864691135293276598,864691135208650617,2
864691135293276598,864691135208676985,2
864691135293345548,864691135207760761,1
864691135293446924,864691135195903274,1
864691135293605558,864691135208700281,1
864691135293619468,864691135207818361,1
864691135293624332,864691135196622378,1
864691135293678006,864691135183968514,2
864691135293678006,864691135184283650,1
864691135293916342,864691135208060793,1
864691135294021132,864691135195344938,1
864691135294038540,864691135207716217,1
864691135294056716,864691135195185194,1
864691135294070028,864691135195322410,1
864691135294087180,864691135208017785,1
864691135294115084,864691135207772537,1
864691135294115084,864691135208692089,1
864691135294124812,864691135207762297,1
864691135294124812,864691135207818361,2
864691135294124812,864691135208707961,1
864691135294135564,864691135195040810,1
864691135294135564,864691135208722553,2
864691135294146572,864691135195478058,4
864691135294149900,864691135207716217,1
864691135294151948,864691135208715129,1
864691135294155276,864691135195486506,1
864691135294164236,864691135194713642,2
864691135294164236,864691135195312426,1
864691135294181046,864691135195486506,1
864691135294184374,864691135196291626,1
864691135294409740,864691135209194617,1
864691135294430220,864691135196658986,1
864691135294633654,864691135184283650,4
864691135294633654,864691135196291626,1
864691135294633654,864691135208235897,1
864691135294667020,864691135196633642,1
864691135294667020,864691135208678521,2
864691135294695350,864691135195486250,1
864691135294695350,864691135196202282,1
864691135294708918,864691135184283650,1
864691135294719158,864691135194408234,3
864691135294719158,864691135195486506,1
864691135294719158,864691135196291626,2
864691135294719158,864691135208700281,3
864691135294719158,864691135209245817,2
864691135294950838,864691135195303466,1
864691135295021494,864691135196319018,1
864691135295058700,864691135194782250,2
864691135295058700,864691135196319018,1
864691135295295500,864691135209245817,1
864691135295389708,864691135208593017,1
864691135295389708,864691135208638841,2
864691135295389708,864691135208678521,1
864691135303156903,864691135208676985,2
864691135303186599,864691135208593017,1
864691135303191207,864691135184283650,1
864691135303477671,864691135208060793,2
864691135303890343,864691135195486506,1
864691135303972007,864691135195417642,1
864691135304006567,864691135195185194,1
864691135304028839,864691135208060793,1
864691135304086951,864691135207716217,1
864691135304160679,864691135196313642,1
864691135304173479,864691135194439210,2
864691135304184231,864691135208060793,3
864691135304189863,864691135195478058,1
864691135304416423,864691135195312426,1
864691135304509607,864691135208593017,1
864691135304679079,864691135195040810,1
864691135304754087,864691135195469354,1
864691135304754087,864691135196291626,2
864691135304836007,864691135208460921,1
864691135304949927,864691135195417642,1
864691135304996263,864691135195476266,2
864691135304996263,864691135209194617,1
864691135305066407,864691135209194617,2
864691135305313191,864691135194782250,1
864691135305488551,864691135183972354,1
864691135305488551,864691135195474730,7
864691135305488551,864691135209194617,2
864691135305488551,864691135209245817,1
864691135305584551,864691135195417642,1
864691135305585063,864691135195303466,6
864691135305585063,864691135196202282,3
864691135305585063,864691135196313642,1
864691135305596583,864691135194940202,3
864691135307089734,864691135208060793,1
864691135307097158,864691135208723321,1
864691135307098694,864691135195312426,1
864691135307109702,864691135208457337,1
864691135307123526,864691135196291626,1
864691135307295558,864691135209194617,1
864691135307341382,864691135183618050,1
864691135307341638,864691135208416121,1
864691135307454278,864691135195903274,1
864691135307454278,864691135208060793,2
864691135307518022,864691135196622378,1
864691135307518022,864691135207760761,2
864691135307757638,864691135194446634,2
864691135307757638,864691135195483946,2
864691135307855686,864691135196291626,1
864691135307862854,864691135208060793,3
864691135307929926,864691135208582265,1
864691135308000070,864691135183972354,1
864691135308037190,864691135207748985,1
864691135308067910,864691135195478058,1
864691135308067910,864691135208017785,1
864691135308069190,864691135208060793,2
864691135308070726,864691135195217706,1
864691135308070726,864691135208958585,1
864691135308076614,864691135208457337,1
864691135308087878,864691135196291626,1
864691135308087878,864691135209194617,2
864691135308094278,864691135194713642,1
864691135308295238,864691135183618050,1
864691135308367430,864691135208416121,1
864691135308375366,864691135194782250,1
864691135308375366,864691135208658809,1
864691135309045062,864691135195486506,1
864691135309045062,864691135207760761,2
864691135309080646,864691135208060793,2
864691135309153094,864691135208060793,1
864691135309325638,864691135196622378,1
864691135309325638,864691135207760761,1
864691135309325638,864691135208905593,4
864691135309862470,864691135196291626,1
864691135309922374,864691135184283650,2
864691135309922374,864691135195486506,2
864691135322929052,864691135183968514,1
864691135322933660,864691135208060793,1
864691135322960796,864691135194446634,1
864691135322960796,864691135195483946,7
864691135322960796,864691135208402297,3
864691135322960796,864691135208722553,5
864691135322968220,864691135195474730,1
864691135322978972,864691135195483946,1
864691135323181212,864691135184283650,3
864691135323246236,864691135208958585,3
864691135323358876,864691135207762297,1
864691135323640476,864691135194782250,1
864691135323642012,864691135195486506,1
864691135323682972,864691135208060793,2
864691135323695772,864691135208676985,1
864691135323728540,864691135208707961,1
864691135323764636,864691135208692089,1
864691135323896732,864691135194859562,1
864691135323918492,864691135195486506,1
864691135323930268,864691135208060793,1
864691135323951516,864691135195312426,1
864691135323951516,864691135208698489,1
864691135323962524,864691135208017785,1
864691135323973276,864691135195483946,1
864691135323973276,864691135207818361,1
864691135323986076,864691135196633642,2
864691135324399260,864691135196202282,1
864691135324967580,864691135196291626,1
864691135325064604,864691135183968514,2
864691135325562012,864691135183968514,1
864691135325567644,864691135208698489,1
864691135334523369,864691135208051577,1
864691135334525417,864691135195312426,1
864691135334525929,864691135208060793,1
864691135334525929,864691135208197241,1
864691135334529513,864691135208722553,1
864691135334541801,864691135195344938,1
864691135334821865,864691135208707961,5
864691135335395049,864691135195903274,1
864691135335601641,864691135207751545,2
864691135335601641,864691135208582265,1
864691135335744745,864691135208457337,2
864691135335744745,864691135208715129,1
864691135335998953,864691135208416121,1
864691135336055529,864691135209022841,1
864691135336074729,864691135196622378,1
864691135336226537,864691135208722553,1
864691135336311785,864691135195185194,1
864691135336382185,864691135208060793,1
864691135336616937,864691135208157561,1
864691135336814569,864691135196658986,3
864691135337004009,864691135208060793,1
864691135337039337,864691135194782250,1
864691135337039337,864691135196633642,3
864691135337039337,864691135208658809,1
864691135337671910,864691135208707961,1
864691135337691366,864691135208060793,1
864691135337720806,864691135195483946,2
864691135337720806,864691135208402297,4
864691135337720806,864691135208722553,1
864691135337735654,864691135208676985,1
864691135337737190,864691135208715129,1
864691135337753062,864691135208060793,5
864691135338015718,864691135208722553,1
864691135338024166,864691135183618050,1
864691135338024166,864691135208060793,1
864691135338025446,864691135195469354,1
864691135338025446,864691135196291626,1
864691135338177254,864691135207716217,1
864691135338204134,864691135195474730,1
864691135338262246,864691135195478058,1
864691135338262246,864691135195903274,1
864691135338335974,864691135195185194,1
864691135338335974,864691135195474730,1
864691135338542822,864691135195040810,1
864691135338679014,864691135194713642,1
864691135338682086,864691135208423801,1
864691135338742246,864691135209022841,1
864691135338803686,864691135194446634,1
864691135338803686,864691135208402297,2
864691135338803686,864691135208457337,4
864691135338803686,864691135208715129,2
864691135338961638,864691135195303466,1
864691135339003622,864691135195040810,1
864691135339105510,864691135208060793,1
864691135339631590,864691135208423801,2
864691135339826150,864691135183968514,2
864691135339826150,864691135208658809,3
864691135339919078,864691135195303466,2
864691135340055526,864691135196291626,1
864691135340055782,864691135195903274,1
864691135340160230,864691135196319018,1
864691135340203238,864691135183968514,1
864691135340203238,864691135208060793,1
864691135340955333,864691135195417642,1
864691135340961477,864691135196291626,1
864691135340970181,864691135208678521,1
864691135340982725,864691135195040810,1
864691135340991429,864691135208722553,1
864691135341017797,864691135194446634,1
864691135341017797,864691135195483946,1
864691135341017797,864691135208457337,1
864691135341022149,864691135209022841,1
864691135341123525,864691135208416121,2
864691135341123525,864691135208650617,1
864691135341145009,864691135207818361,6
864691135341145009,864691135208457337,2
864691135341150897,864691135196202282,1
864691135341154737,864691135209194617,2
864691135341154993,864691135209194617,1
864691135341158065,864691135208722553,1
864691135341169073,864691135207751545,1
864691135341198789,864691135194713642,2
864691135341308357,864691135208562809,1
864691135341368517,864691135208715129,2
864691135341450949,864691135196202282,1
864691135341479621,864691135194859562,1
864691135341748145,864691135195486506,1
864691135341781189,864691135208564345,1
864691135341856453,864691135208060793,1
864691135341892549,864691135195474730,1
864691135341920945,864691135208715129,1
864691135341932977,864691135195312426,1
864691135341977009,864691135196633642,1
864691135342001073,864691135184143362,1
864691135342044613,864691135195312426,1
864691135342115761,864691135208157561,1
864691135342158789,864691135208707961,1
864691135342170801,864691135195344938,1
864691135342176177,864691135208715129,1
864691135342176177,864691135208722553,1
864691135342183089,864691135195395370,1
864691135342196913,864691135208722553,1
864691135342207409,864691135195303466,1
864691135342233285,864691135208692089,2
864691135342233285,864691135208702073,2
864691135342233285,864691135209022841,1
864691135342311877,864691135208715129,1
864691135342311877,864691135208722553,1
864691135342325425,864691135195478058,1
864691135342389957,864691135194859562,2
864691135342389957,864691135208707961,3
864691135342389957,864691135209194617,2
864691135342476209,864691135208676985,1
864691135342476209,864691135208715129,2
864691135342822833,864691135195486506,1
864691135342822833,864691135208723321,1
864691135342823877,864691135183618050,1
864691135342830533,864691135183968514,1
864691135342876081,864691135195217706,2
864691135342876081,864691135196291626,3
864691135342876081,864691135208235897,1
864691135342876081,864691135208700281,3
864691135342876081,864691135209245817,1
864691135342882245,864691135195469354,1
864691135342882245,864691135208668281,1
864691135342995377,864691135208692089,2
864691135343569585,864691135195483946,1
864691135343569585,864691135208722553,1
864691135343588549,864691135195303466,2
864691135343618501,864691135208060793,1
864691135343618501,864691135208197241,1
864691135343618501,864691135208638841,1
864691135343625905,864691135195469354,1
864691135343663813,864691135196291626,1
864691135343675077,864691135195469354,1
864691135343706565,864691135208905593,1
864691135343787185,864691135208564345,1
864691135343797425,864691135196633642,1
864691135343967153,864691135195185194,1
864691135343967153,864691135208905593,1
864691135343974321,864691135208060793,1
864691135343974577,864691135195303466,2
864691135343974577,864691135196202282,1
864691135343974577,864691135208702073,2
864691135344133297,864691135195486506,1
864691135345117343,864691135195395370,2
864691135345145503,864691135195483946,1
864691135345147295,864691135208676985,1
864691135345151391,864691135195483946,1
864691135345155487,864691135208722553,2
864691135345163679,864691135208944505,1
864691135345166495,864691135208905593,6
864691135345174431,864691135195474730,1
864691135345179551,864691135207716217,2
864691135345180063,864691135194713642,1
864691135345182879,864691135208060793,1
864691135345183391,864691135209194617,1
864691135345189023,864691135208582265,1
864691135345190303,864691135195191594,1
864691135345213599,864691135208060793,2
864691135345232031,864691135207818361,1
864691135345258911,864691135184283650,1
864691135345258911,864691135209194617,1
864691135345274527,864691135194859562,1
864691135345542303,864691135196202282,4
864691135345588127,864691135196658986,1
864691135345771167,864691135195474730,1
864691135345771167,864691135195478058,1
864691135345771167,864691135195903274,1
864691135345900959,864691135196202282,1
864691135345900959,864691135208593017,1
864691135345953439,864691135207897209,1
864691135345963167,864691135207716217,1
864691135345970335,864691135208692089,2
864691135345974687,864691135195486250,1
864691135346009759,864691135195469354,1
864691135346021023,864691135207716217,1
864691135346080159,864691135208723321,1
864691135346096543,864691135207716217,1
864691135346148511,864691135208402297,1
864691135346162079,864691135194446634,5
864691135346162079,864691135195483946,1
864691135346162079,864691135208402297,2
864691135346162079,864691135208715129,1
864691135346230687,864691135194856746,1
864691135346230687,864691135195478058,1
864691135346500511,864691135208638841,1
864691135346616479,864691135195469354,1
864691135346637471,864691135208668281,1
864691135346692767,864691135207818361,3
864691135346759839,864691135208060793,1
864691135346759839,864691135208197241,1
864691135346887583,864691135196319018,2
864691135346962335,864691135207772537,1
864691135347000479,864691135208702073,1
864691135347037599,864691135183968514,1
864691135347123103,864691135196291626,1
864691135347123103,864691135196319018,9
864691135347710367,864691135196319018,1
864691135347756959,864691135208460921,1
864691135347799711,864691135184283650,1
864691135347802271,864691135196622378,1
864691135347802271,864691135207760761,1
864691135348250327,864691135195040810,1
864691135348269783,864691135194713642,5
864691135348294615,864691135195474730,1
864691135348295639,864691135208612729,1
864691135348298967,864691135194859562,1
864691135348298967,864691135207818361,2
864691135348301271,864691135195486506,1
864691135348301271,864691135195903274,1
864691135348307415,864691135195476266,1
864691135348351191,864691135208707961,1
864691135349015511,864691135195040810,1
864691135349262551,864691135196291626,1
864691135349275351,864691135195040810,1
864691135349292759,864691135208715129,1
864691135349293527,864691135208715129,2
864691135349301719,864691135207818361,1
864691135349302487,864691135195040810,1
864691135349302487,864691135195312426,1
864691135349302487,864691135207818361,1
864691135349302487,864691135208612729,1
864691135349302487,864691135208650617,6
864691135349302487,864691135208676985,1
864691135349302487,864691135208707961,1
864691135349311191,864691135207716217,1
864691135349433559,864691135195469354,1
864691135349720535,864691135195469354,2
864691135350179543,864691135196291626,1
864691135350400727,864691135184283650,1
864691135350476759,864691135208060793,1
864691135350977751,864691135184283650,3
864691135350977751,864691135208235897,1
864691135350993879,864691135196291626,3
864691135351291351,864691135208564345,1
864691135354899919,864691135194713642,2
864691135354899919,864691135195312426,6
864691135354899919,864691135208612729,1
864691135354910159,864691135208060793,1
864691135354911439,864691135208060793,1
864691135354911439,864691135208678521,2
864691135354948047,864691135195483946,1
864691135354948047,864691135208457337,1
864691135354954959,864691135208060793,1
864691135355028175,864691135195191594,1
864691135355256783,864691135194713642,2
864691135355267279,864691135195040810,1
864691135355274703,864691135208723321,1
864691135355333071,864691135208612729,1
864691135355345359,864691135208722553,1
864691135355670991,864691135196658986,1
864691135355739343,864691135183972354,1
864691135355739343,864691135195474730,1
864691135355892943,864691135195395370,2
864691135355904975,864691135183618050,1
864691135355923919,864691135196633642,1
864691135355933903,864691135208698489,1
864691135355935439,864691135208698489,1
864691135356006095,864691135209194617,1
864691135356063951,864691135207897209,1
864691135356400847,864691135183968514,1
864691135356708303,864691135208051577,1
864691135356765903,864691135195040810,3
864691135356765903,864691135207818361,3
864691135356980687,864691135196622378,1
864691135357012687,864691135196622378,1
864691135357012687,864691135209245817,1
864691135357059535,864691135196291626,1
864691135357078479,864691135208678521,1
864691135357084111,864691135208423801,1
864691135357305295,864691135196319018,1
864691135357422543,864691135195303466,2
864691135357429199,864691135184143362,12
864691135357517007,864691135184143362,1
864691135357835506,864691135196291626,1
864691135358808664,864691135208060793,1
864691135358839128,864691135195483946,2
864691135358839128,864691135208722553,1
864691135358843480,864691135208582265,1
864691135358848088,864691135208715129,1
864691135358848088,864691135208722553,2
864691135358995288,864691135195040810,1
864691135359196760,864691135208051577,1
864691135359202392,864691135195191594,1
864691135359569752,864691135208416121,1
864691135359666008,864691135208060793,1
864691135359753304,864691135208448889,1
864691135359753304,864691135208707961,1
864691135359785816,864691135208564345,1
864691135359790168,864691135208723321,1
864691135359811672,864691135195469354,1
864691135359819352,864691135195040810,1
864691135359945816,864691135195469354,7
864691135359945816,864691135195476266,2
864691135359945816,864691135196658986,4
864691135359945816,864691135207762297,1
864691135360108871,864691135196291626,1
864691135360120647,864691135195474730,2
864691135360123207,864691135208457337,1
864691135360127559,864691135195483946,1
864691135360127559,864691135208402297,2
864691135360153159,864691135194713642,1
864691135360171335,864691135195417642,1
864691135360545624,864691135196622378,2
864691135360622407,864691135208678521,1
864691135360737112,864691135194782250,1
864691135360953159,864691135196291626,1
864691135361030471,864691135194940202,1
864691135361314392,864691135208698489,1
864691135361494599,864691135196291626,2
864691135361778503,864691135196633642,1
864691135362476871,864691135195040810,1
864691135362531911,864691135195903274,1
864691135362544199,864691135195040810,1
864691135366933753,864691135194856746,1
864691135366936825,864691135195474730,3
864691135366936825,864691135195478058,1
864691135366936825,864691135209245817,1
864691135366960633,864691135195469354,1
864691135366960633,864691135208416121,1
864691135366963961,864691135208235897,1
864691135366972665,864691135208457337,1
864691135366972665,864691135208715129,2
864691135366976761,864691135195040810,1
864691135366987001,864691135195486250,1
864691135367007225,864691135194756906,1
864691135367436537,864691135194713642,1
864691135367436537,864691135208612729,1
864691135367436537,864691135208650617,1
864691135367436537,864691135208676985,1
864691135367436537,864691135208707961,1
864691135367449593,864691135208017785,1
864691135367631097,864691135196291626,4
864691135367631097,864691135207762297,1
864691135367666169,864691135208060793,1
864691135367849721,864691135208638841,1
864691135367994873,864691135208423801,1
864691135368012281,864691135209022841,1
864691135368050425,864691135198850432,1
864691135368080377,864691135195469354,1
864691135368096249,864691135195903274,1
864691135368106233,864691135208562809,1
864691135368107257,864691135194446634,2
864691135368107257,864691135195483946,1
864691135368107257,864691135208457337,1
864691135368425209,864691135195469354,1
864691135368860409,864691135208157561,2
864691135368860409,864691135208678521,2
864691135368950521,864691135183968514,1
864691135368950521,864691135196319018,1
864691135368954361,864691135184143362,1
864691135368954361,864691135208958585,3
864691135369008633,864691135195322410,1
864691135369008633,864691135195474730,2
864691135369388537,864691135208060793,1
864691135369497337,864691135208060793,1
864691135369566969,864691135184143362,1
864691135369571065,864691135196622378,1
864691135369575929,864691135195040810,1
864691135369616377,864691135207772537,3
864691135369635833,864691135209245817,2
864691135369764601,864691135194782250,1
864691135369764601,864691135195217706,1
864691135373387976,864691135208944505,1
864691135373404104,864691135208707961,1
864691135373414856,864691135195474730,1
864691135373652297,864691135207751545,2
864691135373677129,864691135194413354,1
864691135373687113,864691135208017785,2
864691135373703753,864691135208958585,1
864691135373727561,864691135195312426,1
864691135373729097,864691135195040810,1
864691135373729609,864691135184143362,1
864691135373745481,864691135208593017,1
864691135373753417,864691135195483946,1
864691135373753417,864691135208715129,1
864691135373753417,864691135208722553,1
864691135373776584,864691135207818361,3
864691135373855688,864691135195040810,1
864691135373891016,864691135209245817,3
864691135373995720,864691135209194617,1
864691135374018633,864691135207772537,1
864691135374126409,864691135208060793,7
864691135374178889,864691135194446634,1
864691135374241480,864691135183972354,1
864691135374300104,864691135183618050,1
864691135374318024,864691135208707961,2
864691135374383304,864691135196633642,1
864691135374384457,864691135208668281,2
864691135374398537,864691135209245817,1
864691135374442184,864691135208722553,1
864691135374456008,864691135196319018,1
864691135374457288,864691135195040810,3
864691135374457288,864691135208676985,1
864691135374457288,864691135208707961,1
864691135374469449,864691135199536256,1
864691135374469449,864691135208722553,2
864691135374602313,864691135209022841,1
864691135374907977,864691135208017785,1
864691135375107272,864691135196202282,1
864691135375226441,864691135208905593,1
864691135375274057,864691135208060793,2
864691135375354824,864691135208060793,2
864691135375417161,864691135208203385,1
864691135375430985,864691135195303466,1
864691135375430985,864691135196202282,3
864691135375430985,864691135207716217,2
864691135375430985,864691135209022841,4
864691135375605704,864691135209022841,1
864691135375765321,864691135195303466,1
864691135375822665,864691135209022841,1
864691135375962056,864691135195486506,1
864691135375962056,864691135196622378,1
864691135375962056,864691135208641657,2
864691135375962056,864691135208723321,1
864691135376057032,864691135183618050,1
864691135376057032,864691135195303466,1
864691135376151625,864691135208416121,1
864691135376151625,864691135208441721,1
864691135376399689,864691135208658809,1
864691135376399689,864691135209022841,1
864691135376429897,864691135208638841,1
864691135376567369,864691135196633642,1
864691135379650034,864691135196319018,5
864691135381372146,864691135196313642,1
864691135382457050,864691135195185194,1
864691135382502618,864691135195312426,1
864691135382502874,864691135183968514,1
864691135382509274,864691135195483946,1
864691135382922219,864691135183972354,1
864691135382922219,864691135195474730,3
864691135382942682,864691135183972354,1
864691135382942682,864691135195040810,1
864691135382942682,864691135208707961,3
864691135383283947,864691135209022841,1
864691135383374059,864691135209245817,1
864691135383480282,864691135208564345,1
864691135383484634,864691135194408234,1
864691135383484634,864691135196622378,1
864691135383497434,864691135207818361,1
864691135383502554,864691135195312426,1
864691135383771354,864691135195478058,1
864691135383771354,864691135195903274,1
864691135383825899,864691135208060793,1
864691135383833306,864691135195040810,1
864691135383858923,864691135194782250,1
864691135384013291,864691135208060793,1
864691135384176619,864691135194713642,1
864691135384217050,864691135208060793,2
864691135384425178,864691135208678521,1
864691135384450522,864691135208157561,1
864691135384509658,864691135196319018,1
864691135384526554,864691135196319018,1
864691135384526554,864691135208157561,2
864691135384526554,864691135208658809,1
864691135384641259,864691135208060793,1
864691135384806106,864691135194782250,1
864691135384924378,864691135195303466,1
864691135384925658,864691135184143362,1
864691135384998379,864691135196291626,1
864691135385000666,864691135184143362,2
864691135385011674,864691135196202282,1
864691135385020122,864691135196202282,1
864691135385181525,864691135208416121,1
864691135385195093,864691135209194617,1
864691135385224021,864691135195395370,4
864691135385225045,864691135208416121,1
864691135385232725,864691135207818361,1
864691135385234261,864691135195040810,1
864691135385243989,864691135207751545,1
864691135385246549,864691135194713642,1
864691135385246549,864691135195040810,1
864691135385246549,864691135195312426,1
864691135385249877,864691135208060793,9
864691135385250133,864691135194413354,1
864691135385251925,864691135195474730,1
864691135385256021,864691135208060793,1
864691135385264981,864691135208698489,1
864691135385269333,864691135194413354,1
864691135385270357,864691135208060793,1
864691135385278037,864691135195191594,1
864691135385287509,864691135194713642,1
864691135385301845,864691135195217706,1
864691135385304149,864691135194408234,1
864691135385307989,864691135195483946,2
864691135385310037,864691135208722553,1
864691135385338453,864691135207748985,1
864691135385338453,864691135208692089,2
864691135385346539,864691135196313642,1
864691135385532245,864691135183618050,3
864691135385813077,864691135208582265,1
864691135386184021,864691135195395370,1
864691135386231381,864691135196291626,1
864691135386276949,864691135196633642,2
864691135386303317,864691135208402297,1
864691135386312021,864691135207716217,1
864691135386383189,864691135183972354,3
864691135386383189,864691135208944505,1
864691135386388565,864691135195474730,1
864691135386498433,864691135195040810,1
864691135386498433,864691135207818361,1
864691135386498433,864691135208650617,1
864691135386498433,864691135208676985,1
864691135386498433,864691135208707961,18
864691135386608213,864691135195040810,1
864691135386630485,864691135194713642,1
864691135386630485,864691135208612729,1
864691135386844545,864691135208060793,1
864691135386872449,864691135194782250,9
864691135386872449,864691135208423801,1
864691135387028609,864691135195469354,1
864691135387052417,864691135209022841,1
864691135387073409,864691135208944505,1
864691135387216469,864691135196622378,1
864691135387362945,864691135208060793,1
864691135387482241,864691135194408234,1
864691135387529301,864691135184143362,1
864691135387529301,864691135196313642,1
864691135387604821,864691135195040810,1
864691135387610241,864691135195312426,1
864691135387622785,864691135208448889,1
864691135387632257,864691135207751545,1
864691135387639681,864691135194713642,1
864691135387898965,864691135195469354,1
864691135387972693,864691135196313642,2
864691135388068181,864691135183968514,2
864691135388189825,864691135208678521,1
864691135388545921,864691135208060793,2
864691135388660865,864691135196291626,1
864691135388660865,864691135196319018,1
864691135388742069,864691135194856746,2
864691135388742069,864691135195395370,1
864691135388961665,864691135196633642,3
864691135388961665,864691135208423801,3
864691135389004929,864691135196319018,1
864691135389195137,864691135207760761,1
864691135389273217,864691135208723321,2
864691135389273217,864691135208905593,1
864691135389296769,864691135209022841,4
864691135394027253,864691135195478058,3
864691135394438645,864691135208668281,1
864691135394659061,864691135196291626,1
864691135394715381,864691135208722553,5
864691135394744309,864691135209022841,2
864691135394959349,864691135196633642,1
864691135394967797,864691135207818361,1
864691135394967797,864691135207897209,1
864691135394969333,864691135195395370,1
864691135394969333,864691135195474730,2
864691135394969333,864691135195903274,1
864691135395410677,864691135209022841,2
864691135395957493,864691135208564345,1
864691135396262133,864691135208060793,1
864691135396262133,864691135208197241,1
864691135396342517,864691135194859562,1
864691135396342517,864691135207762297,12
864691135396389921,864691135208678521,1
864691135396570401,864691135194439210,1
864691135396603125,864691135207818361,1
864691135396642337,864691135196319018,1
864691135396701429,864691135183968514,1
864691135396706593,864691135208722553,1
864691135396719649,864691135208060793,1
864691135396724725,864691135196319018,1
864691135396733429,864691135195040810,1
864691135396794101,864691135196622378,1
864691135396890869,864691135196319018,2
864691135397023777,864691135195469354,1
864691135397188641,864691135195486506,1
864691135397212449,864691135209022841,1
864691135397234465,864691135208460921,1
864691135397321761,864691135208707961,1
864691135397419041,864691135194856746,1
864691135397424929,864691135208715129,1
864691135397427233,864691135208457337,2
864691135397444129,864691135208958585,1
864691135397449249,864691135194756906,1
864691135397548577,864691135208060793,1
864691135397985569,864691135208707961,1
864691135398955809,864691135195303466,2
864691135398955809,864691135196202282,1
864691135398955809,864691135209022841,1
864691135398987297,864691135208564345,1
864691135398987297,864691135209022841,1
864691135399079201,864691135196291626,1
864691135403711470,864691135195486250,1
864691135403727854,864691135208676985,1
864691135403732462,864691135208017785,1
864691135403741678,864691135208562809,2
864691135403746030,864691135208017785,1
864691135403755758,864691135195040810,1
864691135403755758,864691135208715129,1
864691135403763438,864691135208676985,1
864691135403772654,864691135208060793,9
864691135403913966,864691135195478058,2
864691135403989486,864691135195040810,1
864691135404037358,864691135194446634,1
864691135404037358,864691135195483946,1
864691135404077550,864691135208593017,3
864691135404480494,864691135208060793,1
864691135404506094,864691135209022841,1
864691135404563438,864691135194713642,1
864691135404582638,864691135183972354,1
864691135404596974,864691135208658809,1
864691135404606446,864691135196291626,1
864691135404657390,864691135194782250,1
864691135405071086,864691135195478058,1
864691135405071086,864691135195903274,2
864691135405071086,864691135196291626,1
864691135405071086,864691135208460921,2
864691135405224174,864691135209245817,1
864691135405325806,864691135195486250,1
864691135405425646,864691135209194617,1
864691135405480430,864691135183968514,1
864691135405679854,864691135195469354,1
864691135405725166,864691135195185194,1
864691135405732590,864691135195474730,1
864691135405748974,864691135195486506,1
864691135407269577,864691135183618050,1
864691135407272137,864691135195469354,1
864691135407272137,864691135209245817,1
864691135407322825,864691135208060793,2
864691135407551433,864691135207897209,1
864691135407553737,864691135208402297,1
864691135407557577,864691135194713642,2
864691135407559625,864691135208060793,2
864691135407623881,864691135208658809,1
864691135407641545,864691135207818361,4
864691135408194761,864691135208060793,1
864691135408198601,864691135183972354,1
864691135408211145,864691135208707961,1
864691135408213193,864691135196291626,1
864691135408222921,864691135208707961,1
864691135408445641,864691135207751545,1
864691135408445641,864691135208060793,2
864691135408641737,864691135194713642,1
864691135408839625,864691135208593017,1
864691135408839625,864691135208638841,1
864691135408983241,864691135195486506,1
864691135409058249,864691135208564345,1
864691135409523401,864691135196313642,1
864691135409523401,864691135196622378,1
864691135409554121,864691135183972354,3
864691135409554121,864691135195322410,1
864691135409554121,864691135195476266,2
864691135409775817,864691135196291626,3
864691135409844169,864691135194782250,1
864691135409856713,864691135184283650,2
864691135409856713,864691135208235897,1
864691135409856713,864691135208905593,1
864691135410077897,864691135195322410,1
864691135410077897,864691135196291626,1
864691135410077897,864691135207818361,2
864691135410077897,864691135208612729,1
864691135410077897,864691135208676985,1
864691135410077897,864691135208958585,1
864691135410116041,864691135195040810,2
864691135410116041,864691135196291626,4
864691135410116041,864691135208698489,1
864691135410120393,864691135184283650,1
864691135410157257,864691135195040810,1
864691135410186441,864691135184283650,1
864691135414364914,864691135196319018,1
864691135415498682,864691135184143362,1
864691135415503290,864691135195476266,1
864691135415503290,864691135196291626,1
864691135415928762,864691135207716217,1
864691135415928762,864691135209022841,3
864691135415958714,864691135195486506,1
864691135415989178,864691135195040810,2
864691135416106426,864691135208707961,1
864691135416567738,864691135207772537,1
864691135416570554,864691135208698489,1
864691135417253306,864691135208157561,3
864691135417253306,864691135208678521,1
864691135417286842,864691135208457337,1
864691135417406650,864691135195486506,3
864691135417406650,864691135209245817,1
864691135417496250,864691135194713642,1
864691135417780154,864691135183618050,1
864691135417784506,864691135195185194,1
864691135417824698,864691135195040810,1
864691135417830330,864691135207772537,1
864691135417830330,864691135209022841,1
864691135417847994,864691135208060793,1
864691135417948090,864691135194713642,1
864691135418002874,864691135207818361,2
864691135418002874,864691135208707961,2
864691135418028218,864691135195478058,1
864691135418071482,864691135208060793,1
864691135418240698,864691135194439210,1
864691135418240698,864691135196633642,6
864691135418381498,864691135207762297,1
864691135418399418,864691135184143362,1
864691135418399418,864691135196291626,1
864691135418399418,864691135208460921,1
864691135418399418,864691135209022841,1
864691135418402234,864691135196319018,1
864691135418449850,864691135195303466,1
864691135418449850,864691135208423801,1
864691135419304373,864691135195185194,1
864691135426646002,864691135195417642,1
864691135428761648,864691135196202282,1
864691135428771632,864691135195486250,1
864691135428891184,864691135184283650,1
864691135428956464,864691135208722553,1
864691135429001776,864691135194782250,2
864691135429336880,864691135196633642,1
864691135429361200,864691135194408234,1
864691135429397296,864691135208668281,1
864691135429421872,864691135195040810,1
864691135429436976,864691135208060793,1
864691135429495600,864691135195476266,1
864691135429502000,864691135208593017,1
864691135429564208,864691135208416121,1
864691135429570608,864691135196313642,1
864691135429583920,864691135194782250,1
864691135429585712,864691135208722553,2
864691135429593648,864691135195486506,2
864691135429597232,864691135195476266,2
864691135429597232,864691135207762297,4
864691135429597232,864691135209194617,2
864691135429612592,864691135208707961,3
864691135429763120,864691135196291626,1
864691135429868080,864691135194713642,1
864691135429868080,864691135195312426,1
864691135429875760,864691135194713642,1
864691135429883696,864691135207818361,1
864691135429883696,864691135208715129,1
864691135430004016,864691135208723321,1
864691135430004016,864691135209245817,1
864691135430204720,864691135208678521,1
864691135430204720,864691135208905593,1
864691135430569776,864691135207716217,1
864691135430727984,864691135195040810,1
864691135430727984,864691135207762297,1
864691135430747184,864691135196291626,1
864691135430749232,864691135208678521,1
864691135431070512,864691135208060793,1
864691135431288112,864691135208060793,1
864691135431456816,864691135196291626,1
864691135431675696,864691135208700281,2
864691135431812656,864691135184143362,1
864691135431870256,864691135184143362,4
864691135431870256,864691135194408234,1
864691135431870256,864691135196319018,2
864691135431976496,864691135208678521,1
864691135431978800,864691135183972354,3
864691135431978800,864691135195478058,1
864691135431978800,864691135208707961,1
864691135431993904,864691135208157561,2
864691135431993904,864691135208564345,1
864691135440459080,864691135195903274,1
864691135440463176,864691135195469354,2
864691135440463176,864691135207762297,1
864691135440463176,864691135208707961,1
864691135440491336,864691135194446634,1
864691135440492872,864691135184283650,1
864691135440492872,864691135195217706,1
864691135440517448,864691135195474730,1
864691135440715336,864691135195312426,1
864691135440751944,864691135195478058,1
864691135440776776,864691135194782250,1
864691135441341768,864691135208722553,1
864691135441498184,864691135208060793,2
864691135441563208,864691135208564345,1
864691135441576776,864691135208638841,1
864691135441778504,864691135196633642,3
864691135441796936,864691135208441721,1
864691135441797960,864691135195486506,1
864691135441853000,864691135194940202,1
864691135442044744,864691135207762297,1
864691135442044744,864691135208668281,2
864691135442314824,864691135196622378,1
864691135442356808,864691135195903274,2
864691135442591048,864691135196319018,1
864691135442682696,864691135208707961,1
864691135442781512,864691135208958585,1
864691135442839112,864691135183968514,1
864691135442839112,864691135184143362,18
864691135442839112,864691135208958585,3
864691135442968136,864691135195303466,1
864691135445545106,864691135195478058,1
864691135445560466,864691135207762297,1
864691135445628050,864691135208564345,1
864691135445634962,864691135208060793,1
864691135445890706,864691135195185194,1
864691135445912978,864691135208722553,1
864691135445939602,864691135208715129,1
864691135445997458,864691135194446634,1
864691135445997458,864691135195483946,1
864691135445997458,864691135208402297,1
864691135446065810,864691135194713642,1
864691135446065810,864691135194859562,2
864691135446065810,864691135195903274,1
864691135446065810,864691135208707961,2
864691135446355090,864691135208638841,1
864691135446397842,864691135194713642,1
864691135446496402,864691135195040810,1
864691135446555538,864691135196319018,1
864691135446560658,864691135195312426,1
864691135446565010,864691135195312426,3
864691135446610516,864691135208678521,1
864691135446618196,864691135195469354,1
864691135446635092,864691135195322410,1
864691135446645588,864691135208722553,1
864691135446933332,864691135208562809,1
864691135446939476,864691135208650617,2
864691135446939476,864691135208676985,2
864691135446953556,864691135207818361,3
864691135446953556,864691135208457337,2
864691135447069780,864691135195312426,1
864691135447197524,864691135195312426,1
864691135447239508,864691135208707961,1
864691135447321490,864691135207760761,3
864691135447323538,864691135195486506,1
864691135447356244,864691135195469354,1
864691135447402068,864691135208402297,1
864691135447402068,864691135208722553,1
864691135447429716,864691135208017785,1
864691135447548500,864691135195469354,1
864691135447551634,864691135183618050,1
864691135447678804,864691135195486506,1
864691135447820946,864691135207818361,1
864691135447888274,864691135196291626,11
864691135447888274,864691135208460921,4
864691135447993746,864691135183968514,1
864691135448069106,864691135208060793,3
864691135448069106,864691135208582265,1
864691135448090258,864691135208564345,1
864691135448215698,864691135208678521,1
864691135448218514,864691135183618050,1
864691135448811860,864691135196291626,2
864691135448893524,864691135208905593,1
864691135450735858,864691135208060793,1
864691135454056042,864691135195486506,1
864691135454056042,864691135208723321,1
864691135454061162,864691135208668281,1
864691135454071914,864691135207760761,1
864691135454088298,864691135195277354,1
864691135454090090,864691135194446634,1
864691135454090090,864691135195483946,2
864691135454458986,864691135195283754,1
864691135454799722,864691135207762297,1
864691135454834794,864691135208060793,1
864691135454923370,864691135208416121,1
864691135455026282,864691135208457337,1
864691135455040106,864691135195478058,1
864691135455216490,864691135208017785,5
864691135455218026,864691135208641657,1
864691135455279466,864691135184143362,2
864691135455485802,864691135208157561,1
864691135455971946,864691135184143362,1
864691135456054212,864691135195483946,1
864691135456054212,864691135207818361,2
864691135456054212,864691135208402297,1
864691135456216426,864691135208944505,1
864691135456535658,864691135184143362,12
864691135456535658,864691135184283650,1
864691135456535658,864691135196622378,1
864691135456535658,864691135208958585,1
864691135456535658,864691135209194617,1
864691135456574570,864691135184283650,2
864691135456680554,864691135195303466,1
864691135456680554,864691135207716217,1
864691135459010290,864691135196622378,1
864691135459568580,864691135195478058,1
864691135459719108,864691135194713642,6
864691135459719108,864691135195312426,3
864691135459719108,864691135208676985,3
864691135462243229,864691135207818361,1
864691135462244253,864691135207760761,1
864691135462247581,864691135208060793,1
864691135462259101,864691135208060793,1
864691135462270365,864691135208235897,1
864691135462281373,864691135195344938,1
864691135462698046,864691135208051577,2
864691135462709310,864691135195486506,1
864691135462716061,864691135208402297,1
864691135462725694,864691135195486506,2
864691135462740798,864691135207818361,1
864691135462749246,864691135207762297,3
864691135462749246,864691135209194617,5
864691135462749246,864691135209245817,1
864691135462778174,864691135208457337,1
864691135462783038,864691135195469354,1
864691135462786366,864691135208698489,1
864691135462810013,864691135208448889,1
864691135462943806,864691135208448889,1
864691135462999870,864691135209194617,1
864691135463063965,864691135207818361,1
864691135463063965,864691135208676985,2
864691135463126590,864691135195040810,1
864691135463242909,864691135207762297,1
864691135463249821,864691135196633642,1
864691135463314077,864691135196313642,1
864691135463400093,864691135195469354,1
864691135463401117,864691135208676985,1
864691135463407005,864691135208650617,2
864691135463498046,864691135208658809,1
864691135463533637,864691135209022841,1
864691135463551294,864691135207897209,1
864691135463579966,864691135195474730,1
864691135463641330,864691135208416121,1
864691135463653438,864691135196319018,1
864691135463677502,864691135208060793,1
864691135463682622,864691135195395370,1
864691135463696446,864691135208235897,4
864691135463696958,864691135208700281,1
864691135463700798,864691135196291626,1
864691135463704638,864691135195486506,1
864691135463719837,864691135184143362,1
864691135463719837,864691135196291626,1
864691135463804573,864691135208723321,2
864691135463826333,864691135195474730,1
864691135463909957,864691135207762297,1
864691135463956542,864691135183618050,1
864691135464076701,864691135208448889,2
864691135464113477,864691135194940202,1
864691135464113477,864691135208017785,1
864691135464231069,864691135183618050,1
864691135464273982,864691135194413354,1
864691135464273982,864691135195322410,4
864691135464277573,864691135183618050,1
864691135464284997,864691135208416121,1
864691135464302493,864691135195469354,1
864691135464302493,864691135196319018,1
864691135464302493,864691135208457337,1
864691135464378693,864691135208582265,2
864691135464454469,864691135208676985,1
864691135464456005,864691135196658986,1
864691135464456261,864691135195903274,2
864691135464471965,864691135195303466,1
864691135464473245,864691135196622378,1
864691135464474181,864691135208157561,1
864691135464593470,864691135208692089,4
864691135464624453,864691135207818361,1
864691135464632901,864691135196202282,2
864691135464657989,864691135195417642,1
864691135464709533,864691135196291626,1
864691135464781637,864691135195312426,1
864691135464921406,864691135184283650,1
864691135464921406,864691135194408234,1
864691135464921406,864691135208958585,2
864691135464981061,864691135196633642,2
864691135465001373,864691135195303466,1
864691135465001373,864691135196313642,1
864691135465001373,864691135196622378,1
864691135465001373,864691135207760761,2
864691135465001373,864691135208641657,3
864691135465036350,864691135208678521,1
864691135465098653,864691135208593017,1
864691135465107869,864691135183972354,1
864691135465142429,864691135208678521,4
864691135465170238,864691135207716217,1
864691135465170238,864691135208692089,2
864691135465205573,864691135207748985,1
864691135465220926,864691135196291626,2
864691135465546309,864691135195185194,1
864691135465583685,864691135208060793,2
864691135466025285,864691135183968514,1
864691135466025285,864691135195417642,7
864691135466025285,864691135196319018,2
864691135466222149,864691135196202282,1
864691135466274629,864691135196319018,1
864691135466392901,864691135195040810,1
864691135466405957,864691135208235897,2
864691135466440261,864691135183968514,1
864691135466440261,864691135209022841,1
864691135467532940,864691135195185194,1
864691135467540108,864691135196658986,1
864691135467548556,864691135195469354,1
864691135467560332,864691135208612729,1
864691135467564428,864691135208723321,1
864691135467564684,864691135208678521,1
864691135467602572,864691135195277354,1
864691135467990668,864691135194859562,1
864691135468028556,864691135208722553,1
864691135468075916,864691135208676985,2
864691135468166482,864691135194859562,1
864691135468247436,864691135195040810,1
864691135468327052,864691135195040810,1
864691135468357260,864691135207818361,1
864691135468359052,864691135208060793,1
864691135468384594,864691135195442730,1
864691135468407890,864691135195185194,1
864691135468408402,864691135195040810,3
864691135468408402,864691135195312426,1
864691135468408402,864691135207897209,3
864691135468408402,864691135208676985,2
864691135468408402,864691135208707961,5
864691135468408914,864691135195322410,1
864691135468480908,864691135208441721,1
864691135468508812,864691135208202361,1
864691135468519564,864691135195469354,1
864691135468525196,864691135195474730,1
864691135468559442,864691135183972354,1
864691135468655500,864691135208658809,3
864691135468690258,864691135208562809,1
864691135468706700,864691135208448889,3
864691135468706700,864691135208905593,3
864691135468706700,864691135208944505,1
864691135468930642,864691135208060793,1
864691135468948364,864691135195486506,1
864691135468948364,864691135208448889,1
864691135468952972,864691135208060793,1
864691135469077330,864691135208715129,1
864691135469241682,864691135208676985,1
864691135469249618,864691135208441721,1
864691135469258578,864691135207762297,1
864691135469446482,864691135208060793,1
864691135469490514,864691135208448889,2
864691135469515148,864691135195417642,2
864691135469617804,864691135195486506,1
864691135469802124,864691135207716217,1
864691135469865810,864691135196291626,1
864691135469895308,864691135183968514,2
864691135469895308,864691135184283650,2
864691135469895308,864691135207772537,1
864691135469895308,864691135208678521,1
864691135469902220,864691135183618050,1
864691135470061394,864691135208441721,2
864691135470061394,864691135208460921,1
864691135470235986,864691135208638841,1
864691135470776146,864691135195303466,1
864691135470820946,864691135195344938,1
864691135470820946,864691135196658986,1
864691135470820946,864691135208416121,4
864691135470820946,864691135208441721,2
864691135470942290,864691135184143362,1
864691135470964050,864691135208707961,1
864691135472036146,864691135195486506,2
864691135472290866,864691135208017785,1
864691135472373810,864691135208722553,1
864691135472410674,864691135208658809,1
864691135472691762,864691135195903274,1
864691135472779314,864691135195322410,1
864691135472921138,864691135208060793,1
864691135472973618,864691135208448889,1
864691135472988978,864691135195486506,2
864691135472988978,864691135195903274,1
864691135472995890,864691135207716217,1
864691135473236018,864691135195344938,1
864691135473383730,864691135207818361,1
864691135473417010,864691135195486506,2
864691135473417010,864691135208723321,1
864691135474120242,864691135194782250,1
864691135474312754,864691135196633642,3
864691135474312754,864691135208564345,1
864691135474312754,864691135208658809,1
864691135474312754,864691135209022841,1
864691135474481458,864691135195303466,2
864691135474481458,864691135195417642,1
864691135474481458,864691135196202282,4
864691135474602048,864691135195469354,1
864691135474608192,864691135195903274,1
864691135474608704,864691135195040810,1
864691135474611776,864691135209022841,1
864691135474613056,864691135208060793,4
864691135474620480,864691135207897209,2
864691135474623040,864691135195903274,1
864691135474641202,864691135208157561,1
864691135474650688,864691135195486506,1
864691135474655296,864691135194713642,1
864691135474674240,864691135208715129,1
864691135474683456,864691135208202361,1
864691135474697280,864691135195493418,1
864691135474698560,864691135208582265,5
864691135474703168,864691135208060793,2
864691135474729280,864691135208722553,3
864691135474769984,864691135195469354,1
864691135474769984,864691135208668281,2
864691135474942784,864691135207818361,1
864691135475004992,864691135194782250,1
864691135475071552,864691135208416121,1
864691135475126848,864691135195040810,1
864691135475139392,864691135208678521,1
864691135475512384,864691135194713642,1
864691135475514432,864691135208060793,1
864691135475514944,864691135196622378,1
864691135475575872,864691135208582265,1
864691135475652160,864691135208715129,1
864691135475686976,864691135196319018,1
864691135475713344,864691135195486506,2
864691135475713344,864691135208641657,1
864691135475799104,864691135208060793,1
864691135475841344,864691135184143362,1
864691135475914304,864691135208722553,1
864691135475988544,864691135208060793,4
864691135475995968,864691135194859562,1
864691135475995968,864691135207762297,4
864691135476150440,864691135209022841,1
864691135476222528,864691135195303466,1
864691135476251200,864691135195474730,1
864691135476251200,864691135195478058,1
864691135476322624,864691135195478058,1
864691135476405568,864691135208702073,1
864691135476523840,864691135196319018,1
864691135476561320,864691135195486250,1
864691135476561320,864691135208423801,1
864691135476604992,864691135196291626,1
864691135476666688,864691135196658986,1
864691135476841384,864691135195486506,1
864691135476841384,864691135207760761,1
864691135476849832,864691135195040810,1
864691135476910248,864691135208692089,1
864691135476921000,864691135196202282,1
864691135476968000,864691135194408234,3
864691135476968000,864691135195476266,1
864691135476968000,864691135208958585,6
864691135476968000,864691135209245817,4
864691135477013928,864691135196202282,3
864691135477015464,864691135196291626,1
864691135477015464,864691135209245817,1
864691135477016488,864691135195040810,1
864691135477016488,864691135208715129,1
864691135477026472,864691135209245817,1
864691135477034920,864691135195040810,1
864691135477034920,864691135208650617,1
864691135477036200,864691135183972354,1
864691135477202600,864691135195469354,1
864691135477292968,864691135209245817,2
864691135477338792,864691135195486506,1
864691135477375808,864691135183968514,4
864691135477375808,864691135196319018,8
864691135477460544,864691135183972354,1
864691135477460544,864691135195474730,1
864691135477460544,864691135195478058,1
864691135477469352,864691135208564345,1
864691135477469864,864691135195486506,1
864691135477474624,864691135208157561,2
864691135477490496,864691135208448889,1
864691135477511592,864691135209022841,1
864691135477535144,864691135196313642,1
864691135477575744,864691135207772537,1
864691135477584704,864691135209245817,3
864691135477615784,864691135195344938,1
864691135477826472,864691135208593017,1
864691135478175656,864691135196291626,1
864691135478175656,864691135208235897,8
864691135478175656,864691135208448889,4
864691135478266310,864691135195469354,2
864691135478268102,864691135207897209,1
864691135478296262,864691135208564345,1
864691135478296774,864691135208722553,1
864691135478302406,864691135208562809,2
864691135478305990,864691135195040810,1
864691135478383528,864691135196291626,1
864691135478383528,864691135209245817,2
864691135478404520,864691135196202282,1
864691135478404520,864691135208678521,1
864691135478435782,864691135208060793,2
864691135478466984,864691135208593017,1
864691135478492840,864691135195478058,2
864691135478492840,864691135195486506,2
864691135478492840,864691135195903274,1
864691135478663366,864691135208441721,3
864691135478687430,864691135208722553,1
864691135478775238,864691135195469354,1
864691135478785990,864691135208235897,1
864691135478795974,864691135196291626,1
864691135479024582,864691135208723321,1
864691135479241414,864691135195483946,4
864691135479241414,864691135208457337,1
864691135479248582,864691135207818361,1
864691135479258054,864691135208676985,1
864691135479440070,864691135208707961,1
864691135479473350,864691135208457337,1
864691135479549894,864691135195040810,1
864691135479549894,864691135208698489,1
864691135480152262,864691135183972354,1
864691135480182982,864691135208593017,1
864691135480553414,864691135195040810,1
864691135480553414,864691135207818361,13
864691135480553414,864691135208676985,6
864691135480553414,864691135208707961,5
864691135480592838,864691135208448889,2
864691135480671430,864691135207818361,1
864691135480678086,864691135195474730,1
864691135480725190,864691135194713642,1
864691135480725190,864691135195312426,1
864691135480874950,864691135196622378,1
864691135481007814,864691135194408234,1
864691135481144518,864691135208707961,6
864691135485627076,864691135207897209,1
864691135488227130,864691135208958585,1
864691135488231482,864691135195040810,1
864691135488231482,864691135195478058,1
864691135488237114,864691135195478058,1
864691135488237114,864691135195903274,2
864691135488254266,864691135207897209,1
864691135488256058,864691135209194617,3
864691135488259898,864691135208017785,1
864691135488318266,864691135208723321,2
864691135488383546,864691135209245817,1
864691135488491066,864691135198850432,1
864691135488934714,864691135195478058,1
864691135488934714,864691135208723321,1
864691135489001018,864691135195483946,1
864691135489025850,864691135207748985,1
864691135489467194,864691135196291626,2
864691135489486650,864691135196291626,5
864691135489594682,864691135207760761,1
864691135489615418,864691135195486250,1
864691135489845306,864691135194782250,1
864691135489943354,864691135208723321,1
864691135490054202,864691135208638841,1
864691135490110266,864691135195040810,3
864691135490110266,864691135195277354,1
864691135490110266,864691135207818361,1
864691135490215783,864691135196202282,1
864691135490216807,864691135208441721,1
864691135490231143,864691135208203385,1
864691135490240103,864691135208707961,1
864691135490262887,864691135208715129,1
864691135490316346,864691135183618050,1
864691135490461754,864691135184283650,1
864691135490461754,864691135209022841,1
864691135490482023,864691135208676985,1
864691135490483514,864691135194782250,1
864691135490515047,864691135184283650,3
864691135490552378,864691135196313642,7
864691135490552378,864691135207760761,1
864691135490552378,864691135208641657,1
864691135490583271,864691135208157561,1
864691135490588986,864691135196319018,1
864691135490588986,864691135196633642,3
864691135490589799,864691135208457337,1
864691135490596839,864691135195469354,2
864691135490610919,864691135195486506,1
864691135490684775,864691135208650617,1
864691135490684775,864691135208676985,1
864691135490692455,864691135207818361,1
864691135490821095,864691135195486506,1
864691135490826855,864691135196633642,3
864691135490826855,864691135208658809,1
864691135490982887,864691135208060793,1
864691135491023847,864691135208582265,1
864691135491036263,864691135195476266,2
864691135491036263,864691135209245817,1
864691135491043047,864691135208715129,1
864691135491084519,864691135208707961,3
864691135491167207,864691135196202282,1
864691135491204327,864691135195303466,1
864691135491207007,864691135208702073,1
864691135491217503,864691135209245817,1
864691135491219039,864691135195486506,2
864691135491226207,864691135195312426,3
864691135491226207,864691135207897209,7
864691135491245663,864691135208958585,1
864691135491287655,864691135208017785,1
864691135491288295,864691135195303466,1
864691135491314151,864691135195478058,1
864691135491369191,864691135208700281,1
864691135491436519,864691135208017785,1
864691135491508327,864691135196291626,1
864691135491516007,864691135209022841,1
864691135491532647,864691135209022841,1
864691135491568615,864691135208707961,1
864691135491572455,864691135208638841,1
864691135491585887,864691135195469354,1
864691135491585887,864691135196291626,1
864691135491593447,864691135194446634,2
864691135491593447,864691135208457337,3
864691135491593447,864691135208715129,1
864691135491717471,864691135208564345,1
864691135491719775,864691135194756906,1
864691135491719775,864691135208722553,3
864691135491720287,864691135195474730,2
864691135491847775,864691135195303466,1
864691135491847775,864691135196202282,1
864691135492036967,864691135196319018,1
864691135492050663,864691135208457337,1
864691135492050663,864691135208722553,1
864691135492146015,864691135208457337,1
864691135492156767,864691135208722553,3
864691135492218463,864691135208457337,2
864691135492219879,864691135208700281,1
864691135492274791,864691135195469354,1
864691135492333663,864691135208457337,1
864691135492341599,864691135208060793,1
864691135492352095,864691135208612729,1
864691135492357471,864691135208722553,2
864691135492358495,864691135208060793,1
864691135492358495,864691135208638841,1
864691135492398055,864691135209194617,2
864691135492405863,864691135194413354,1
864691135492405863,864691135194859562,2
864691135492405863,864691135208448889,1
864691135492405863,864691135208707961,3
864691135492431719,864691135195483946,1
864691135492431719,864691135207818361,3
864691135492431719,864691135208402297,2
864691135492431719,864691135208457337,1
864691135492431719,864691135208715129,16
864691135492614239,864691135196319018,1
864691135492623591,864691135207762297,5
864691135492640607,864691135195469354,1
864691135492665959,864691135184283650,3
864691135492693599,864691135208416121,1
864691135492706919,864691135208715129,1
864691135492784871,864691135184143362,1
864691135492802151,864691135195486506,1
864691135492855399,864691135195476266,1
864691135492855399,864691135208700281,1
864691135492879463,864691135194782250,6
864691135492879463,864691135208564345,1
864691135492879463,864691135208658809,2
864691135492975079,864691135196291626,1
864691135493040223,864691135196319018,1
864691135493191911,864691135208060793,1
864691135493217511,864691135196291626,1
864691135493224167,864691135207772537,1
864691135493241063,864691135195303466,1
864691135493312743,864691135208692089,1
864691135493593951,864691135196291626,1
864691135493690463,864691135209245817,1
864691135493775967,864691135196291626,1
864691135493974672,864691135195486506,1
864691135493979024,864691135195469354,1
864691135493997456,864691135195344938,2
864691135493997456,864691135208668281,1
864691135494053520,864691135208423801,1
864691135494065296,864691135194756906,1
864691135494067344,864691135194859562,1
864691135494070416,864691135208457337,2
864691135494070416,864691135208715129,1
864691135494521232,864691135208658809,1
864691135494585744,864691135209022841,1
864691135494999184,864691135208402297,1
864691135495047824,864691135196319018,2
864691135495102608,864691135207897209,1
864691135495137680,864691135195903274,1
864691135495143568,864691135196291626,1
864691135495146640,864691135196633642,1
864691135495148944,864691135208638841,2
864691135495164304,864691135208060793,2
864691135495165584,864691135195469354,3
864691135495167632,864691135195486250,2
864691135495167632,864691135209022841,1
864691135495173776,864691135195040810,1
864691135495175312,864691135208715129,1
864691135495181200,864691135196202282,1
864691135495314320,864691135195217706,1
864691135495314320,864691135196291626,1
864691135495502992,864691135195469354,1
864691135495561104,864691135208638841,1
864691135495779524,864691135196313642,1
864691135495925392,864691135208638841,1
864691135496339088,864691135194713642,1
864691135496383120,864691135196291626,2
864691135496427664,864691135208235897,1
864691135496521104,864691135195417642,1
864691135497658899,864691135195191594,1
864691135497743635,864691135195040810,1
864691135497743635,864691135196291626,2
864691135497743635,864691135208707961,1
864691135497912851,864691135208676985,1
864691135497962003,864691135208715129,1
864691135498044435,864691135207897209,1
864691135498048275,864691135208441721,1
864691135498064147,864691135194782250,1
864691135498084371,864691135195423018,1
864691135498460179,864691135208564345,1
864691135498488851,864691135208700281,1
864691135498508563,864691135208457337,1
864691135498548499,864691135208715129,1
864691135498569491,864691135208658809,1
864691135498854675,864691135194782250,2
864691135498973715,864691135196633642,1
864691135499385107,864691135207818361,1
864691135499490579,864691135195040810,1
864691135499490579,864691135196291626,1
864691135499490579,864691135209194617,1
864691135499599123,864691135196313642,1
864691135499616019,864691135184143362,4
864691135499616019,864691135196622378,3
864691135499616019,864691135208723321,2
864691135499804947,864691135208441721,1
864691135499804947,864691135208460921,1
864691135499967251,864691135209022841,2
864691135500020755,864691135208564345,2
864691135501566530,864691135208722553,1
864691135501588290,864691135194446634,1
864691135501821277,864691135208723321,1
864691135501826909,864691135208060793,1
864691135501855069,864691135208698489,1
864691135501971037,864691135194713642,2
864691135501971037,864691135195478058,1
864691135501971037,864691135195903274,2
864691135502002754,864691135195040810,1
864691135502025909,864691135207760761,2
864691135502037685,864691135208457337,1
864691135502043573,864691135207818361,1
864691135502043829,864691135208060793,3
864691135502048437,864691135195040810,1
864691135502064565,864691135208593017,2
864691135502119490,864691135209245817,1
864691135502135362,864691135195040810,1
864691135502404021,864691135195476266,1
864691135502527157,864691135208678521,1
864691135502601794,864691135208722553,1
864691135502610242,864691135207818361,5
864691135502610242,864691135208707961,2
864691135502610242,864691135208715129,3
864691135502618434,864691135208457337,2
864691135502618434,864691135208722553,2
864691135502627650,864691135208676985,1
864691135502629698,864691135195469354,1
864691135502663005,864691135208060793,1
864691135502667101,864691135207897209,1
864691135502667101,864691135208676985,2
864691135502697565,864691135195483946,1
864691135502744386,864691135208593017,2
864691135502842205,864691135195303466,1
864691135502971573,864691135195040810,1
864691135502983093,864691135208638841,1
864691135502991797,864691135195486506,1
864691135502991797,864691135209245817,3
864691135503008437,864691135208692089,1
864691135503041373,864691135208060793,1
864691135503041373,864691135208638841,1
864691135503135837,864691135208700281,1
864691135503226717,864691135196291626,1
864691135503285058,864691135208638841,1
864691135503367605,864691135196291626,1
864691135503443549,864691135195486506,2
864691135503443549,864691135208905593,2
864691135503443549,864691135209245817,1
864691135503448898,864691135195493418,1
864691135503448898,864691135208060793,2
864691135503465141,864691135208060793,1
864691135503501749,864691135207818361,2
864691135503501749,864691135208676985,1
864691135503501749,864691135208707961,9
864691135503550813,864691135207716217,1
864691135503554485,864691135195040810,1
864691135503644226,864691135195303466,1
864691135503681717,864691135195040810,1
864691135503681717,864691135207762297,2
864691135503724354,864691135209245817,1
864691135504073141,864691135195486506,1
864691135504202845,864691135195474730,3
864691135504202845,864691135195903274,2
864691135504217693,864691135207772537,1
864691135504233141,864691135208197241,1
864691135504298845,864691135196319018,1
864691135504319837,864691135208564345,1
864691135504357301,864691135194782250,1
864691135504364725,864691135209022841,1
864691135505401842,864691135195344938,1
864691135506468082,864691135195395370,1
864691135506615538,864691135183972354,1
864691135506615538,864691135195478058,1
864691135506615538,864691135195903274,1
864691135508679177,864691135208698489,1
864691135508695049,864691135208157561,1
864691135508702729,864691135195469354,1
864691135508702729,864691135208441721,1
864691135508702729,864691135208668281,1
864691135508715017,864691135208457337,2
864691135509035529,864691135208060793,1
864691135509036553,864691135207748985,1
864691135509036553,864691135208702073,5
864691135509062921,864691135196291626,1
864691135509260809,864691135195478058,2
864691135509434633,864691135194446634,1
864691135509434633,864691135208722553,2
864691135509626889,864691135208944505,1
864691135509676809,864691135208715129,1
864691135509679113,864691135195322410,1
864691135509679113,864691135208698489,1
864691135509684745,864691135195469354,2
864691135509692169,864691135196319018,1
864691135509706505,864691135194782250,2
864691135509706505,864691135208658809,1
864691135510161673,864691135195486250,1
864691135510161673,864691135208593017,1
864691135510191369,864691135195469354,6
864691135510360329,864691135195303466,1
864691135510379529,864691135195478058,1
864691135510432464,864691135208676985,1
864691135510435536,864691135195478058,2
864691135510467280,864691135208060793,3
864691135510506448,864691135208017785,1
864691135510506448,864691135208416121,1
864691135510517456,864691135195283754,1
864691135510596873,864691135195486506,1
864691135510596873,864691135208723321,1
864691135510699785,864691135196313642,1
864691135510864905,864691135195185194,1
864691135510888912,864691135195903274,1
864691135510959824,864691135207716217,1
864691135510959824,864691135208593017,1
864691135510959824,864691135208702073,1
864691135511199753,864691135195486250,1
864691135511199753,864691135209022841,1
864691135511256585,864691135195303466,1
864691135511297232,864691135184143362,1
864691135511303888,864691135195185194,1
864691135511325648,864691135195903274,1
864691135511353040,864691135208060793,2
864691135511358416,864691135207751545,1
864691135511400912,864691135195478058,1
864691135511421449,864691135196633642,8
864691135511465168,864691135195303466,1
864691135511484368,864691135208707961,1
864691135511537673,864691135208060793,1
864691135511546576,864691135195040810,2
864691135511565065,864691135195486250,1
864691135511802576,864691135208441721,1
864691135511802576,864691135209194617,1
864691135511804368,864691135195303466,1
864691135511868883,864691135208562809,1
864691135512004292,864691135207716217,1
864691135512026064,864691135195185194,1
864691135512448208,864691135208235897,1
864691135512647632,864691135195040810,6
864691135515922643,864691135195423018,1
864691135515928019,864691135194856746,1
864691135515928019,864691135195478058,2
864691135515936723,864691135195040810,3
864691135515947475,864691135196633642,3
864691135515952339,864691135209245817,1
864691135516005331,864691135194859562,1
864691135516195795,864691135195478058,3
864691135516269779,864691135196291626,1
864691135516356563,864691135207897209,1
864691135516372435,864691135195469354,3
864691135516740051,864691135195486506,2
864691135516751827,864691135194856746,1
864691135516846035,864691135196319018,1
864691135516850899,864691135195312426,1
864691135516851667,864691135208582265,1
864691135516879827,864691135207818361,1
864691135516879827,864691135208457337,6
864691135516879827,864691135208715129,1
864691135516880339,864691135195493418,3
864691135516888787,864691135195478058,1
864691135516890835,864691135196291626,1
864691135516896723,864691135208944505,1
864691135516904659,864691135208715129,1
864691135516954067,864691135195277354,1
864691135516954067,864691135208707961,1
864691135516996051,864691135208715129,1
864691135517175763,864691135207897209,1
864691135517315795,864691135208441721,1
864691135517315795,864691135209245817,15
864691135517338250,864691135208668281,1
864691135517368458,864691135195344938,1
864691135517369738,864691135183972354,1
864691135517374858,864691135195040810,1
864691135517531786,864691135195417642,1
864691135517531786,864691135208707961,1
864691135517640915,864691135196313642,1
864691135517678730,864691135196633642,1
864691135517773706,864691135194439210,1
864691135517773706,864691135209022841,1
864691135517819018,864691135208017785,1
864691135517849738,864691135194856746,1
864691135517873802,864691135195469354,1
864691135517883274,864691135195040810,1
864691135518335114,864691135209022841,1
864691135518346634,864691135195903274,1
864691135518383754,864691135208457337,1
864691135518383754,864691135208722553,3
864691135518441939,864691135196291626,1
864691135518453642,864691135195344938,1
864691135518495699,864691135184283650,1
864691135518495699,864691135195217706,3
864691135518510730,864691135207818361,1
864691135518588810,864691135208060793,1
864691135518928522,864691135195476266,1
864691135518928522,864691135208958585,1
864691135518928522,864691135209194617,1
864691135519145610,864691135208060793,1
864691135519404682,864691135195469354,1
864691135519404682,864691135195486506,1
864691135519404682,864691135208441721,1
864691135519404682,864691135208460921,5
864691135519404682,864691135208668281,1
864691135519404682,864691135208958585,1
864691135519404682,864691135209245817,2
864691135519426442,864691135184143362,1
864691135519432330,864691135184283650,1
864691135519632266,864691135195040810,1
864691135519632266,864691135195312426,1
864691135519632266,864691135207818361,1
864691135519632266,864691135208612729,6
864691135519632266,864691135208650617,2
864691135519632266,864691135208676985,1
864691135519706250,864691135209022841,1
864691135520007562,864691135196319018,3
864691135520216306,864691135196622378,1
864691135520262282,864691135184143362,1
864691135520262282,864691135196319018,2
864691135526089307,864691135208715129,1
864691135526090843,864691135208457337,1
864691135526104667,864691135195483946,1
864691135526296667,864691135208457337,1
864691135526333787,864691135208612729,1
864691135526374491,864691135196633642,2
864691135526405723,864691135195040810,10
864691135526405723,864691135195312426,3
864691135526405723,864691135207897209,3
864691135526432242,864691135195395370,2
864691135526697051,864691135195040810,1
864691135526732379,864691135195478058,1
864691135526874971,864691135183972354,1
864691135526913883,864691135195486506,1
864691135526932059,864691135199536256,1
864691135527259995,864691135207762297,1
864691135527289435,864691135208715129,1
864691135527952731,864691135196291626,1
864691135528255940,864691135208157561,1
864691135531482866,864691135195344938,1
864691135531482866,864691135195486506,2
864691135534567876,864691135208692089,1
864691135535774148,864691135196319018,1
864691135537424114,864691135195483946,1
864691135538083698,864691135208707961,1
864691135538086002,864691135195040810,3
864691135538114034,864691135195344938,10
864691135538121074,864691135208060793,1
864691135538124146,864691135196291626,1
864691135538133362,864691135208416121,2
864691135538139506,864691135208441721,1
864691135538144370,864691135194856746,1
864691135538144370,864691135195903274,1
864691135538145394,864691135195469354,1
864691135538172274,864691135207897209,1
864691135538498674,864691135194940202,1
864691135538913650,864691135208423801,1
864691135538948466,864691135208582265,1
864691135538954098,864691135207716217,1
864691135539019890,864691135195040810,1
864691135539118194,864691135195322410,1
864691135539118194,864691135208650617,1
864691135539118194,864691135208698489,1
864691135539128946,864691135195040810,1
864691135539149252,864691135208060793,1
864691135539299954,864691135208448889,1
864691135539634290,864691135195486506,1
864691135540002930,864691135194439210,1
864691135540002930,864691135195486250,2
864691135540002930,864691135207716217,1
864691135540002930,864691135208692089,1
864691135540002930,864691135209022841,2
864691135540028274,864691135208157561,1
864691135540028274,864691135208678521,1
864691135540028530,864691135196633642,13
864691135540028530,864691135208423801,2
864691135540454770,864691135195303466,1
864691135540454770,864691135195486250,1
864691135540455282,864691135208905593,1
864691135540473970,864691135195469354,1
864691135540488818,864691135183968514,1
864691135540488818,864691135208678521,1
864691135540725618,864691135196202282,1
864691135544362792,864691135195478058,1
864691135544362792,864691135195903274,1
864691135544369192,864691135208457337,1
864691135544374568,864691135195903274,2
864691135544378664,864691135208707961,1
864691135544382504,864691135208402297,1
864691135544395304,864691135208722553,1
864691135544396072,864691135194713642,1
864691135544396072,864691135208707961,2
864691135544403752,864691135195040810,1
864691135544403752,864691135207818361,1
864691135544807464,864691135208668281,2
864691135544923432,864691135207818361,1
864691135545089320,864691135208060793,1
864691135545159976,864691135208676985,1
864691135545266216,864691135207762297,2
864691135545378856,864691135208402297,2
864691135545389608,864691135194782250,1
864691135545400872,864691135208668281,1
864691135545415208,864691135195185194,1
864691135545417256,864691135195483946,2
864691135545417256,864691135208457337,3
864691135545417256,864691135208722553,1
864691135545464104,864691135195469354,1
864691135545464104,864691135196291626,2
864691135546142504,864691135195344938,1
864691135546142504,864691135195478058,1
864691135546497064,864691135208707961,1
864691135546635560,864691135208060793,1
864691135547063592,864691135208060793,1
864691135549842372,864691135196319018,1
864691135560497633,864691135208593017,1
864691135560505057,864691135208060793,1
864691135560527585,864691135195040810,1
864691135560649156,864691135196313642,1
864691135560726753,864691135194782250,1
864691135560821217,864691135195185194,1
864691135560821473,864691135208457337,1
864691135560821473,864691135208715129,1
864691135560838881,864691135208715129,1
864691135560857057,864691135195283754,2
864691135560863969,864691135195903274,6
864691135560912609,864691135183972354,1
864691135560915681,864691135207762297,1
864691135560915681,864691135208416121,1
864691135560981985,864691135195474730,1
864691135561048033,864691135195486506,1
864691135561241569,864691135195283754,1
864691135561253089,864691135208702073,1
864691135561309153,864691135183618050,1
864691135561316577,864691135208944505,1
864691135561381345,864691135195395370,1
864691135561528545,864691135195483946,1
864691135561528545,864691135208715129,1
864691135561529057,864691135194756906,1
864691135561529057,864691135195283754,2
864691135561529057,864691135207818361,3
864691135561529057,864691135208402297,1
864691135561529057,864691135208457337,1
864691135561529057,864691135208715129,1
864691135561548257,864691135196633642,1
864691135561549281,864691135195486506,1
864691135561568737,864691135208715129,1
864691135562001633,864691135184143362,1
864691135562018529,864691135208060793,1
864691135562057953,864691135183618050,1
864691135562114529,864691135196313642,1
864691135562141153,864691135208416121,1
864691135562431201,864691135208060793,2
864691135562474977,864691135196313642,1
864691135562474977,864691135196622378,1
864691135562558177,864691135183968514,1
864691135562924769,864691135195303466,1
864691135563011553,864691135208698489,1
864691135563024097,864691135195303466,7
864691135563024097,864691135195417642,1
864691135563024097,864691135196202282,4
864691135563024097,864691135207772537,1
864691135563024097,864691135208593017,1
864691135563024097,864691135209022841,1
864691135563095009,864691135184283650,1
864691135564529175,864691135208723321,2
864691135564545047,864691135208060793,1
864691135564548887,864691135195478058,1
864691135564549655,864691135195483946,5
864691135564549655,864691135208402297,1
864691135564549655,864691135208457337,2
864691135564621399,864691135208641657,2
864691135564632919,864691135208060793,1
864691135564684631,864691135208060793,1
864691135564685399,864691135208060793,2
864691135564687191,864691135207897209,1
864691135564690263,864691135208582265,2
864691135564695639,864691135208564345,2
864691135564734039,864691135195040810,11
864691135564734039,864691135207897209,1
864691135564734039,864691135208650617,1
864691135564734039,864691135208676985,2
864691135564734039,864691135208707961,10
864691135564746327,864691135208676985,1
864691135564828503,864691135207760761,1
864691135564862231,864691135194940202,1
864691135564936727,864691135194859562,1
864691135565037911,864691135195476266,1
864691135565056023,864691135208202361,1
864691135565079895,864691135208060793,2
864691135565106263,864691135195344938,1
864691135565145175,864691135208676985,1
864691135565271831,864691135196633642,2
864691135565272087,864691135195303466,1
864691135565361175,864691135195322410,2
864691135565361175,864691135208650617,1
864691135565361175,864691135208707961,1
864691135565371671,864691135195469354,1
864691135565433367,864691135194446634,1
864691135565433367,864691135195483946,4
864691135565433367,864691135208457337,5
864691135565433367,864691135208715129,3
864691135565450263,864691135196313642,1
864691135565489239,864691135196622378,1
864691135565521751,864691135195476266,1
864691135565521751,864691135208668281,1
864691135565538327,864691135195469354,1
864691135565544727,864691135195277354,1
864691135565544727,864691135208707961,1
864691135565554199,864691135195417642,2
864691135565565975,864691135196202282,1
864691135565580055,864691135208722553,1
864691135565589015,864691135208707961,1
864691135565626967,864691135195486506,3
864691135565664791,864691135194859562,2
864691135565841239,864691135196633642,1
864691135565852759,864691135207716217,5
864691135565872919,864691135194408234,1
864691135565882903,864691135208157561,1
864691135565913623,864691135208060793,1
864691135565953111,864691135208060793,1
864691135566051671,864691135209022841,1
864691135566082135,864691135196622378,1
864691135566082135,864691135208723321,1
864691135566125079,864691135208668281,1
864691135566130967,864691135208060793,1
864691135566282071,864691135208060793,1
864691135566476631,864691135208638841,3
864691135566577431,864691135208060793,6
864691135566587991,864691135208060793,2
864691135566705943,864691135196319018,1
864691135566761815,864691135209245817,1
864691135566810455,864691135208060793,1
864691135566825495,864691135196291626,9
864691135566979927,864691135196291626,3
864691135567080279,864691135196319018,2
864691135567091223,864691135209245817,1
864691135567103831,864691135196319018,1
864691135567206743,864691135195303466,1
864691135567206743,864691135207772537,1
864691135567206743,864691135208593017,1
864691135567731436,864691135208676985,1
864691135567754220,864691135195469354,1
864691135567761132,864691135195469354,1
864691135567901932,864691135208060793,1
864691135567950828,864691135195040810,1
864691135567950828,864691135195283754,1
864691135567950828,864691135207818361,2
864691135567950828,864691135208457337,1
864691135567950828,864691135208676985,1
864691135567950828,864691135208707961,1
864691135567950828,864691135208715129,6
864691135568170732,864691135195486250,1
864691135568178412,864691135208448889,2
864691135568275692,864691135194756906,1
864691135568613868,864691135207716217,1
864691135568715500,864691135208707961,2
864691135568755436,864691135207762297,1
864691135568795116,864691135195474730,1
864691135568833004,864691135196202282,1
864691135568904172,864691135184143362,1
864691135568905350,864691135195312426,1
864691135568905350,864691135208698489,1
864691135569044204,864691135207716217,1
864691135569085932,864691135208060793,1
864691135569282284,864691135195040810,1
864691135569282284,864691135208707961,1
864691135569307014,864691135195469354,1
864691135569333894,864691135195040810,1
864691135569520518,864691135208448889,1
864691135569527686,864691135207818361,1
864691135569535724,864691135208700281,1
864691135569541100,864691135208958585,1
864691135569791110,864691135195486506,1
864691135569791110,864691135208641657,1
864691135569843590,864691135183618050,1
864691135569885164,864691135196202282,1
864691135569928428,864691135208157561,1
864691135569944556,864691135196291626,1
864691135570003078,864691135195483946,1
864691135570003590,864691135194408234,1
864691135570019206,864691135196319018,1
864691135570045830,864691135207762297,1
864691135570045830,864691135208958585,1
864691135570046342,864691135207760761,1
864691135570046598,864691135208715129,2
864691135570230252,864691135195040810,5
864691135570270956,864691135208460921,1
864691135570320620,864691135196633642,3
864691135570502790,864691135208692089,3
864691135570502790,864691135209022841,1
864691135570572934,864691135196291626,1
864691135570659309,864691135195478058,1
864691135570664685,864691135183968514,1
864691135570670573,864691135208017785,1
864691135570703597,864691135194408234,1
864691135570703597,864691135208958585,2
864691135570703597,864691135209245817,1
864691135570727405,864691135183968514,2
864691135570730886,864691135195474730,6
864691135570730886,864691135195486506,1
864691135570734317,864691135208402297,1
864691135570734317,864691135208457337,1
864691135570736365,864691135195486506,1
864691135570957037,864691135195040810,1
864691135571108742,864691135195476266,4
864691135571108742,864691135207762297,2
864691135571108742,864691135208700281,1
864691135571108742,864691135208958585,4
864691135571108742,864691135209245817,2
864691135571165830,864691135208698489,1
864691135571184877,864691135208017785,1
864691135571193478,864691135183968514,1
864691135571193478,864691135194439210,1
864691135571193478,864691135196633642,2
864691135571193478,864691135208564345,1
864691135571193478,864691135209022841,4
864691135571216421,864691135208638841,1
864691135571222765,864691135196633642,1
864691135571236742,864691135207818361,1
864691135571236742,864691135208457337,1
864691135571248421,864691135208722553,1
864691135571270381,864691135208017785,1
864691135571270949,864691135208060793,4
864691135571277093,864691135208060793,1
864691135571293989,864691135208457337,1
864691135571295366,864691135208460921,1
864691135571306789,864691135195312426,1
864691135571461766,864691135196291626,1
864691135571461766,864691135208460921,1
864691135571490341,864691135183968514,1
864691135571501605,864691135207748985,1
864691135571515270,864691135195486506,1
864691135571524486,864691135183968514,1
864691135571524486,864691135184143362,4
864691135571524486,864691135209022841,1
864691135571584902,864691135207772537,1
864691135571628325,864691135207897209,1
864691135571628934,864691135195486506,2
864691135571628934,864691135196313642,1
864691135571628934,864691135208612729,1
864691135571632518,864691135208564345,1
864691135571651718,864691135209022841,1
864691135571660269,864691135208060793,2
864691135571697645,864691135195040810,1
864691135571698413,864691135195040810,1
864691135571806189,864691135208698489,1
864691135571806445,864691135207818361,2
864691135571806445,864691135208707961,1
864691135571934957,864691135195040810,1
864691135572022509,864691135195217706,1
864691135572026405,864691135183968514,1
864691135572028197,864691135195312426,1
864691135572136229,864691135195474730,3
864691135572136229,864691135195903274,1
864691135572254501,864691135196622378,1
864691135572278053,864691135195483946,1
864691135572278053,864691135208722553,1
864691135572373229,864691135208702073,1
864691135572385061,864691135208905593,1
864691135572486637,864691135208564345,1
864691135572510957,864691135195486506,1
864691135572510957,864691135195903274,1
864691135572510957,864691135208723321,1
864691135572530981,864691135194940202,3
864691135572535845,864691135195303466,1
864691135572537893,864691135207897209,1
864691135572537893,864691135208676985,2
864691135572770029,864691135196319018,1
864691135572772077,864691135195040810,1
864691135572787693,864691135195395370,1
864691135572796397,864691135195283754,1
864691135572991469,864691135208441721,1
864691135572991469,864691135208668281,1
864691135573118245,864691135184283650,1
864691135573160997,864691135196291626,1
864691135573226477,864691135208678521,1
864691135573268517,864691135208678521,1
864691135573306605,864691135208678521,2
864691135573374757,864691135196313642,1
864691135573378797,864691135184143362,2
864691135573378797,864691135208958585,8
864691135573378797,864691135209194617,2
864691135573407269,864691135196291626,1
864691135573407269,864691135208668281,1
864691135573434093,864691135195486250,1
864691135574236868,864691135208658809,1
864691135575111198,864691135196313642,1
864691135575113246,864691135195483946,1
864691135575117598,864691135207762297,1
864691135575207108,864691135208692089,1
864691135575594014,864691135208060793,2
864691135575613214,864691135195040810,2
864691135575613214,864691135195277354,1
864691135575613214,864691135208402297,1
864691135575687710,864691135208715129,1
864691135575743262,864691135195478058,1
864691135575940126,864691135195486506,2
864691135575974174,864691135208562809,1
864691135575975710,864691135196319018,1
864691135576140830,864691135195040810,2
864691135576456990,864691135194940202,3
864691135576931077,864691135195442730,1
864691135576934917,864691135195469354,1
864691135576991518,864691135196313642,1
864691135576991518,864691135207772537,1
864691135577003525,864691135208441721,1
864691135577202181,864691135195303466,2
864691135577202181,864691135196202282,1
864691135577228805,864691135208692089,4
864691135577240350,864691135195486250,2
864691135577240350,864691135207748985,2
864691135577240350,864691135209022841,2
864691135577247774,864691135195417642,1
864691135577248005,864691135194446634,1
864691135577248005,864691135208715129,1
864691135577269765,864691135208678521,1
864691135577327902,864691135194856746,1
864691135577327902,864691135207760761,1
864691135577486853,864691135207762297,1
864691135577489157,864691135195474730,1
864691135577592606,864691135196313642,6
864691135577592606,864691135196622378,3
864691135577607198,864691135207716217,4
864691135577664773,864691135208457337,1
864691135577696261,864691135196622378,1
864691135577816862,864691135209245817,1
864691135577855006,864691135196202282,4
864691135577855006,864691135208593017,1
864691135577857797,864691135208017785,1
864691135578098949,864691135208235897,1
864691135578098949,864691135208700281,1
864691135578098949,864691135209194617,2
864691135578146565,864691135195469354,1
864691135578866693,864691135208157561,2
864691135579081221,864691135195417642,1
864691135579100165,864691135208905593,1
864691135581580397,864691135208402297,1
864691135581715565,864691135208564345,1
864691135581870701,864691135195486506,3
864691135581903469,864691135195903274,1
864691135582070893,864691135208707961,1
864691135582147437,864691135195469354,1
864691135582162285,864691135195040810,1
864691135582227396,864691135207751545,1
864691135582421869,864691135208060793,1
864691135582423149,864691135208416121,1
864691135582614381,864691135208692089,1
864691135582620013,864691135208715129,1
864691135582629997,864691135194856746,2
864691135582634349,864691135208722553,3
864691135582638445,864691135195469354,1
864691135582685938,864691135195040810,1
864691135582699629,864691135196319018,1
864691135582866029,864691135208060793,1
864691135582874989,864691135208593017,1
864691135582886253,864691135208658809,1
864691135583033197,864691135194940202,2
864691135583033197,864691135208017785,2
864691135583051629,864691135195903274,1
864691135583128941,864691135195486506,1
864691135583184114,864691135208460921,1
864691135583223405,864691135209245817,1
864691135583469165,864691135195469354,1
864691135583469165,864691135196291626,1
864691135583674488,864691135208582265,2
864691135583676024,864691135209194617,1
864691135583688568,864691135208060793,3
864691135583689848,864691135208060793,1
864691135583695992,864691135195478058,4
864691135583704952,864691135195483946,1
864691135583704952,864691135208402297,1
864691135583815800,864691135196319018,2
864691135583907693,864691135208593017,1
864691135583907693,864691135209245817,1
864691135583988722,864691135195476266,1
864691135583988722,864691135207762297,5
864691135584029170,864691135195478058,3
864691135584193912,864691135196633642,1
864691135584230008,864691135195283754,1
864691135584265848,864691135196291626,1
864691135584266093,864691135207818361,2
864691135584288888,864691135208060793,1
864691135584490360,864691135183618050,1
864691135584493176,864691135208416121,2
864691135584519533,864691135196633642,3
864691135584519533,864691135208564345,1
864691135584536696,864691135195040810,1
864691135584548973,864691135194782250,1
864691135584548973,864691135196633642,1
864691135584548973,864691135208157561,1
864691135584548973,864691135208423801,1
864691135584548973,864691135208658809,1
864691135584564088,864691135208658809,1
864691135584633464,864691135196291626,1
864691135584635757,864691135196291626,1
864691135584771181,864691135195486250,3
864691135584771181,864691135208638841,1
864691135584796024,864691135196319018,1
864691135584815480,864691135209022841,1
864691135584820856,864691135207897209,1
864691135584820856,864691135208612729,1
864691135584820856,864691135208676985,3
864691135584821880,864691135208060793,2
864691135584827768,864691135208707961,4
864691135584906872,864691135207818361,1
864691135585135740,864691135209194617,1
864691135585139068,864691135195486506,1
864691135585146748,864691135195486506,1
864691135585161596,864691135196313642,1
864691135585213816,864691135183968514,1
864691135585264626,864691135208668281,1
864691135585266296,864691135195040810,1
864691135585317752,864691135209245817,1
864691135585538428,864691135195423018,2
864691135585561212,864691135208202361,1
864691135585640312,864691135208564345,1
864691135585713528,864691135195469354,1
864691135585713528,864691135196291626,1
864691135585716088,864691135195469354,1
864691135585952892,864691135194439210,1
864691135586012024,864691135195478058,1
864691135586012024,864691135195486506,1
864691135586012024,864691135195903274,2
864691135586012024,864691135196622378,1
864691135586037372,864691135208723321,1
864691135586039932,864691135195040810,1
864691135586064508,864691135195040810,1
864691135586072188,864691135208638841,1
864691135586080636,864691135208416121,1
864691135586084476,864691135208060793,2
864691135586087036,864691135196202282,1
864691135586097020,864691135207818361,1
864691135586097020,864691135208676985,1
864691135586176892,864691135196319018,1
864691135586202232,864691135208676985,1
864691135586232184,864691135183972354,1
864691135586414716,864691135195040810,1
864691135586476412,864691135208060793,1
864691135586487932,864691135208707961,3
864691135586491260,864691135208676985,1
864691135586491260,864691135208707961,2
864691135586504316,864691135196319018,1
864691135586724220,864691135183968514,1
864691135586724220,864691135208905593,1
864691135586830716,864691135196291626,1
864691135586865092,864691135208678521,1
864691135586876028,864691135208448889,3
864691135587164796,864691135196202282,1
864691135587183996,864691135195185194,1
864691135587472252,864691135194408234,4
864691135587472252,864691135195476266,1
864691135587472252,864691135208958585,6
864691135587472252,864691135209245817,5
864691135587867004,864691135195486250,1
864691135587867004,864691135208593017,1
864691135587867004,864691135209022841,2
864691135587877756,864691135195469354,1
864691135587877756,864691135196658986,1
864691135589922059,864691135207818361,1
864691135589952011,864691135209245817,1
864691135590134027,864691135195040810,1
864691135590271243,864691135208017785,1
864691135590435339,864691135195483946,1
864691135590435339,864691135208402297,1
864691135590435339,864691135208457337,1
864691135590435339,864691135208715129,4
864691135590435339,864691135208722553,3
864691135590479883,864691135208457337,2
864691135590479883,864691135208722553,1
864691135590568459,864691135195040810,1
864691135590793739,864691135208060793,1
864691135590796811,864691135195903274,1
864691135590845963,864691135207818361,1
864691135590856715,864691135195312426,1
864691135590985227,864691135208402297,1
864691135590985227,864691135208722553,1
864691135591129099,864691135196319018,1
864691135591164171,864691135195185194,1
864691135591445515,864691135196291626,1
864691135591473419,864691135209194617,1
864691135591587595,864691135209194617,1
864691135591822347,864691135208692089,3
864691135592059147,864691135183618050,1
864691135592106251,864691135196291626,1
864691135592444171,864691135209245817,1
864691135592595211,864691135196291626,1
864691135592837899,864691135183968514,1
864691135592837899,864691135195303466,1
864691135592837899,864691135196622378,3
864691135592837899,864691135207760761,2
864691135592837899,864691135208723321,1
864691135593093131,864691135194408234,1
864691135593093131,864691135208668281,1
864691135593093131,864691135209194617,1
864691135593200395,864691135184143362,3
864691135593200395,864691135208958585,1
864691135593200395,864691135209245817,4
864691135593533227,864691135208676985,1
864691135593547307,864691135195040810,2
864691135593829163,864691135194713642,1
864691135593829163,864691135195312426,1
864691135593829163,864691135208676985,4
864691135593939755,864691135196291626,1
864691135593940011,864691135208658809,1
864691135593962539,864691135195483946,1
864691135593965099,864691135208017785,2
864691135593978155,864691135208564345,1
864691135594101291,864691135195469354,1
864691135594101291,864691135195903274,1
864691135594237483,864691135208457337,3
864691135594300459,864691135208017785,1
864691135594434091,864691135195191594,1
864691135594434859,864691135196291626,1
864691135594447915,864691135208457337,2
864691135594453803,864691135195312426,2
864691135594606379,864691135208676985,1
864691135594817067,864691135208060793,1
864691135595008811,864691135195486506,1
864691135595051972,864691135195469354,1
864691135595644459,864691135183968514,1
864691135595712811,864691135195303466,2
864691135595712811,864691135196202282,1
864691135595712811,864691135209022841,2
864691135595810859,864691135183968514,2
864691135596004139,864691135208235897,1
864691135596033835,864691135195469354,1
864691135596033835,864691135196291626,8
864691135596033835,864691135208460921,1
864691135596034603,864691135195312426,1
864691135604604483,864691135184283650,1
864691135609200707,864691135208944505,1
864691135609421831,864691135195486506,1
864691135609423367,864691135196319018,1
864691135609449479,864691135208707961,1
864691135609457415,864691135194439210,1
864691135609459975,864691135195476266,1
864691135609459975,864691135207762297,1
864691135609775623,864691135195040810,1
864691135609788167,864691135209194617,1
864691135610328839,864691135207772537,1
864691135610493703,864691135195303466,1
864691135610718215,864691135208157561,1
864691135611126023,864691135208564345,1
864691135611361543,864691135208202361,1
864691135611789831,864691135195478058,1
864691135611789831,864691135195903274,1
864691135611789831,864691135208944505,2
864691135611853063,864691135196313642,1
864691135611869191,864691135195185194,1
864691135611901191,864691135194413354,1
864691135613005508,864691135208060793,1
864691135614117323,864691135195417642,1
864691135614143947,864691135194446634,6
864691135614143947,864691135208402297,4
864691135614143947,864691135208457337,1
864691135614143947,864691135208715129,6
864691135614154955,864691135196622378,1
864691135614429387,864691135196202282,1
864691135614429387,864691135196313642,1
864691135614429387,864691135208593017,1
864691135614525643,864691135194446634,1
864691135614525643,864691135208402297,4
864691135614525643,864691135208457337,4
864691135614525643,864691135208715129,6
864691135614525643,864691135208722553,1
864691135614908875,864691135208060793,1
864691135614936267,864691135196291626,1
864691135614944459,864691135194782250,1
864691135615057355,864691135208715129,3
864691135615057355,864691135208722553,1
864691135615094219,864691135183618050,1
864691135615103179,864691135195344938,2
864691135615331787,864691135195040810,1
864691135615331787,864691135196291626,1
864691135615434443,864691135196291626,1
864691135615438795,864691135207818361,1
864691135615789161,864691135208017785,1
864691135615793001,864691135208017785,1
864691135615795049,864691135208722553,1
864691135615803497,864691135195322410,2
864691135615803497,864691135207818361,1
864691135615805643,864691135196291626,1
864691135616048587,864691135196291626,1
864691135616070347,864691135195217706,1
864691135616070347,864691135208564345,1
864691135616106601,864691135194859562,1
864691135616106601,864691135195478058,1
864691135616118475,864691135196319018,1
864691135616139369,864691135207716217,2
864691135616227275,864691135207716217,1
864691135616227275,864691135208638841,1
864691135616227275,864691135208692089,15
864691135616293481,864691135208060793,2
864691135616305769,864691135196633642,1
864691135616333417,864691135195277354,1
864691135616361065,864691135195483946,1
864691135616361065,864691135208722553,1
864691135616363211,864691135195312426,1
864691135616533451,864691135196622378,1
864691135616558539,864691135208060793,1
864691135616568523,864691135183968514,2
864691135616568523,864691135196633642,3
864691135616568523,864691135208564345,2
864691135616568523,864691135208678521,1
864691135616717673,864691135195903274,2
864691135616790889,864691135195469354,1
864691135616845161,864691135195312426,1
864691135617052265,864691135208944505,2
864691135617099113,864691135194439210,1
864691135617099113,864691135195486250,1
864691135617398121,864691135209245817,1
864691135617413481,864691135195486506,2
864691135617504873,864691135196291626,1
864691135617716111,864691135208944505,1
864691135617737615,864691135208612729,1
864691135617740431,864691135194408234,2
864691135617741199,864691135208060793,2
864691135617743503,864691135195344938,1
864691135617749097,864691135208678521,1
864691135617755279,864691135208722553,1
864691135617772431,864691135208715129,1
864691135617787279,864691135195469354,3
864691135617794191,864691135183968514,1
864691135617801103,864691135208692089,1
864691135617805711,864691135194408234,1
864691135617989737,864691135195303466,1
864691135618011535,864691135208593017,1
864691135618109839,864691135195476266,1
864691135618109839,864691135209194617,1
864691135618185615,864691135208562809,1
864691135618227087,864691135194782250,1
864691135618295183,864691135209194617,3
864691135618375785,864691135196633642,1
864691135618448745,864691135194782250,1
864691135618464911,864691135208676985,1
864691135618500239,864691135208060793,2
864691135618531983,864691135195478058,1
864691135618531983,864691135195903274,1
864691135618554255,864691135208017785,2
864691135618694287,864691135194940202,1
864691135618694543,864691135195322410,1
864691135618694543,864691135195486506,2
864691135618694799,864691135207762297,4
864691135618702735,864691135208723321,1
864691135618718607,864691135183972354,1
864691135618718607,864691135208698489,1
864691135618925455,864691135196633642,1
864691135618925455,864691135208658809,2
864691135618947215,864691135195277354,1
864691135618947215,864691135207818361,1
864691135618959503,864691135209194617,1
864691135619030671,864691135208612729,1
864691135619403663,864691135208692089,1
864691135619501455,864691135209245817,1
864691135619638671,864691135207818361,2
864691135638977595,864691135195312426,1
864691135638989883,864691135208707961,1
864691135639005499,864691135195040810,2
864691135639264315,864691135195191594,1
864691135639443515,864691135194859562,1
864691135639782971,864691135195469354,1
864691135639787835,864691135208441721,1
864691135639869755,864691135195395370,1
864691135639885627,864691135208402297,1
864691135639885627,864691135208715129,1
864691135639885627,864691135208722553,2
864691135639894843,864691135207897209,1
864691135639898683,864691135208715129,1
864691135639904059,864691135196291626,1
864691135639910459,864691135195040810,7
864691135640089659,864691135207716217,3
864691135640508731,864691135195303466,1
864691135640687675,864691135208692089,1
864691135640699451,864691135196291626,4
864691135640985028,864691135195486506,1
864691135640985028,864691135208641657,1
864691135640985028,864691135208723321,1
864691135640985028,864691135208905593,3
864691135641092923,864691135196313642,1
864691135641352507,864691135208723321,1
864691135641352507,864691135209245817,4
864691135641460539,864691135209245817,1
864691135642437457,864691135196633642,1
864691135644567791,864691135195486506,1
864691135644584687,864691135196291626,2
864691135644607983,864691135208060793,3
864691135644632815,864691135208722553,1
864691135644635887,864691135195277354,1
864691135644665583,864691135183968514,1
864691135644668399,864691135207762297,1
864691135644804591,864691135195486506,1
864691135645068783,864691135194756906,1
864691135645080047,864691135208692089,1
864691135645144303,864691135194859562,1
864691135645269231,864691135195040810,1
864691135645387759,864691135195486506,1
864691135645396207,864691135195903274,1
864691135645523183,864691135208060793,2
864691135645539311,864691135195469354,1
864691135645539311,864691135208416121,1
864691135645605103,864691135208722553,1
864691135645751791,864691135207818361,1
864691135645751791,864691135208707961,3
864691135645819375,864691135194859562,2
864691135646376687,864691135208060793,5
864691135646705903,864691135184283650,1
864691135646705903,864691135195476266,1
864691135646705903,864691135196658986,1
864691135646705903,864691135209194617,1
864691135646748143,864691135195217706,2
864691135646748143,864691135196291626,1
864691135654022338,864691135196313642,1
864691135654043586,864691135208958585,1
864691135654053570,864691135209194617,2
864691135654054338,864691135208722553,1
864691135654074306,864691135194713642,1
864691135654084034,864691135208441721,2
864691135654096578,864691135195417642,1
864691135654106306,864691135195469354,1
864691135654106306,864691135196291626,1
864691135654106306,864691135208958585,1
864691135654159810,864691135195040810,1
864691135654159810,864691135195483946,1
864691135654159810,864691135208457337,1
864691135654354370,864691135194713642,3
864691135654354370,864691135195478058,1
864691135654354370,864691135208698489,1
864691135654417858,864691135207818361,1
864691135654419650,864691135208017785,1
864691135654544578,864691135208441721,2
864691135654601154,864691135195423018,4
864691135654676418,864691135195303466,1
864691135654948546,864691135208564345,1
864691135655069890,864691135196291626,1
864691135655078850,864691135207716217,1
864691135655140802,864691135194446634,3
864691135655140802,864691135195483946,2
864691135655140802,864691135208457337,4
864691135655162306,864691135207751545,1
864691135655197378,864691135195474730,1
864691135655360450,864691135208593017,1
864691135655390914,864691135196622378,1
864691135655414466,864691135194713642,1
864691135655414466,864691135195040810,1
864691135656073410,864691135207716217,1
864691135656073410,864691135208692089,1
864691135656073410,864691135208702073,1
864691135656229826,864691135196622378,3
864691135656631490,864691135184143362,1
864691135656778946,864691135194859562,7
864691135656800706,864691135209022841,1
864691135657767554,864691135208017785,1
864691135657784706,864691135208678521,1
864691135657800834,864691135195312426,1
864691135657800834,864691135208650617,1
864691135657810050,864691135195191594,1
864691135658163586,864691135208678521,1
864691135658302082,864691135208423801,1
864691135658857858,864691135208668281,2
864691135658913922,864691135208722553,1
864691135658954370,864691135196622378,1
864691135659207554,864691135195344938,1
864691135659207554,864691135208060793,1
864691135659207554,864691135208678521,1
864691135659219074,864691135207772537,1
864691135659428482,864691135194859562,1
864691135659498114,864691135195474730,6
864691135659498114,864691135195478058,1
864691135659498114,864691135207818361,1
864691135659498114,864691135208650617,2
864691135659498114,864691135208715129,1
864691135659637122,864691135195486506,2
864691135659637122,864691135208650617,1
864691135659853698,864691135208958585,1
864691135659869826,864691135208564345,1
864691135660108674,864691135183968514,1
864691135660494320,864691135194940202,1
864691135660504560,864691135195478058,1
864691135660508656,864691135207762297,1
864691135660520944,864691135195469354,1
864691135660524528,864691135208060793,1
864691135660886000,864691135195395370,1
864691135661139184,864691135194756906,2
864691135661139184,864691135195483946,1
864691135661288944,864691135208564345,1
864691135661349104,864691135195312426,1
864691135661379568,864691135208668281,1
864691135661415920,864691135209194617,1
864691135661416432,864691135208958585,1
864691135661441776,864691135208460921,1
864691135661613296,864691135195312426,1
864691135661649392,864691135195486506,1
864691135661656816,864691135195185194,1
864691135661656816,864691135195344938,1
864691135661880816,864691135208958585,1
864691135661880816,864691135209194617,1
864691135661919472,864691135208060793,1
864691135662000112,864691135207716217,1
864691135662000112,864691135209022841,1
864691135662008816,864691135196633642,2
864691135662008816,864691135209022841,1
864691135662059248,864691135183968514,1
864691135662249200,864691135183618050,1
864691135662282480,864691135208441721,2
864691135662448880,864691135207762297,1
864691135662448880,864691135208707961,1
864691135662448880,864691135209194617,1
864691135662888944,864691135183968514,1
864691135662922224,864691135195344938,1
864691135662924784,864691135195903274,1
864691135662978032,864691135208157561,2
864691135662996720,864691135195344938,1
864691135677044978,864691135208715129,1
864691135677500995,864691135195474730,1
864691135678315204,864691135196658986,1
864691135680660978,864691135208715129,1
864691135680660978,864691135208722553,1
864691135681012164,864691135195469354,1
864691135681012164,864691135195903274,1
864691135682618052,864691135194446634,2
864691135682618052,864691135195483946,1
864691135682618052,864691135208722553,1
864691135683209970,864691135208944505,1
864691135683212018,864691135195417642,1
864691135683218930,864691135194782250,3
864691135683241458,864691135194713642,2
864691135683244018,864691135195185194,1
864691135683413746,864691135195040810,1
864691135683681522,864691135194782250,2
864691135683745010,864691135194940202,1
864691135683777266,864691135194446634,1
864691135683777266,864691135208457337,1
864691135683777266,864691135208715129,2
864691135683936439,864691135195474730,1
864691135683945399,864691135195040810,1
864691135683945399,864691135208017785,1
864691135683945655,864691135208715129,1
864691135683946935,864691135208715129,1
864691135683957687,864691135195469354,1
864691135683968695,864691135194446634,9
864691135683968695,864691135194756906,1
864691135683968695,864691135195483946,4
864691135683972279,864691135195277354,1
864691135683972279,864691135195483946,1
864691135684148722,864691135195903274,2
864691135684189682,864691135196633642,1
864691135684261618,864691135196319018,1
864691135684280050,864691135208060793,1
864691135684321522,864691135195474730,1
864691135684339186,864691135195486506,4
864691135684464823,864691135195040810,1
864691135684468372,864691135195040810,1
864691135684520119,864691135199536256,1
864691135684540855,864691135208060793,2
864691135684570039,864691135208060793,1
864691135684573879,864691135195344938,2
864691135684574391,864691135195322410,1
864691135684574391,864691135208650617,1
864691135684574391,864691135208676985,1
864691135684663991,864691135195185194,1
864691135684895927,864691135208197241,1
864691135684975543,864691135195040810,1
864691135684982455,864691135208676985,1
864691135684987540,864691135195277354,1
864691135685090743,864691135194713642,1
864691135685095154,864691135208060793,1
864691135685095154,864691135208702073,2
864691135685095607,864691135195469354,2
864691135685098423,864691135208448889,1
864691135685098423,864691135208723321,1
864691135685098423,864691135208905593,1
864691135685161143,864691135195486506,1
864691135685161143,864691135195903274,2
864691135685251511,864691135208641657,1
864691135685334455,864691135195469354,1
864691135685338295,864691135195469354,1
864691135685357810,864691135183968514,1
864691135685396151,864691135208593017,1
864691135685601522,864691135183972354,2
864691135685601522,864691135195478058,1
864691135685601522,864691135208698489,1
864691135685645810,864691135195478058,3
864691135685720050,864691135184143362,2
864691135685773495,864691135209194617,1
864691135685955767,864691135208060793,1
864691135686091447,864691135208448889,2
864691135686091447,864691135208641657,1
864691135686199700,864691135195040810,1
864691135686296759,864691135209022841,1
864691135686386615,864691135183968514,2
864691135686449591,864691135207772537,1
864691135686559415,864691135195303466,1
864691135686559415,864691135196313642,2
864691135686568119,864691135196633642,1
864691135686568119,864691135208157561,1
864691135686743479,864691135195469354,1
864691135686755511,864691135194408234,2
864691135686755511,864691135208958585,4
864691135686755511,864691135209245817,1
864691135686897376,864691135195185194,2
864691135686898912,864691135209245817,1
864691135686905824,864691135194940202,1
864691135686907360,864691135194940202,1
864691135686957024,864691135208197241,1
864691135687539936,864691135195469354,1
864691135687575264,864691135194782250,1
864691135687577824,864691135195040810,1
864691135687602656,864691135208715129,3
864691135687645408,864691135208457337,1
864691135687713504,864691135195185194,1
864691135687761632,864691135207897209,2
864691135687826400,864691135195478058,1
864691135687828448,864691135195040810,1
864691135687884000,864691135195478058,1
864691135687884000,864691135209245817,1
864691135687898080,864691135194713642,3
864691135688230112,864691135208676985,1
864691135688277216,864691135196291626,2
864691135688277216,864691135209194617,1
864691135688807136,864691135208638841,1
864691135688915168,864691135208060793,2
864691135688960736,864691135208423801,1
864691135689106656,864691135196291626,1
864691135689554400,864691135196313642,1
864691135689617376,864691135184143362,1
864691135689617376,864691135195469354,4
864691135689617376,864691135195486506,1
864691135689617376,864691135196291626,1
864691135689646304,864691135208638841,1
864691135689692384,864691135194408234,1
864691135689692384,864691135208958585,1
864691135689724896,864691135208564345,2
864691135689735904,864691135195486506,10
864691135689735904,864691135208448889,1
864691135689735904,864691135208723321,2
864691135689735904,864691135208944505,1
864691135689735904,864691135209194617,1
864691135689735904,864691135209245817,1
864691135689787360,864691135184143362,1
864691135691365012,864691135208017785,2
864691135692709823,864691135196291626,1
864691135692710591,864691135196658986,1
864691135692740287,864691135194713642,2
864691135692740287,864691135195312426,1
864691135692740287,864691135208612729,1
864691135692847764,864691135207818361,1
864691135692847764,864691135208715129,1
864691135693131967,864691135208722553,1
864691135693227455,864691135195469354,1
864691135693397951,864691135209245817,1
864691135693460159,864691135196313642,1
864691135693551807,864691135195486250,3
864691135693588927,864691135208715129,1
864691135693600703,864691135208448889,1
864691135693623231,864691135196291626,1
864691135693629119,864691135194940202,3
864691135693629119,864691135208416121,1
864691135693629119,864691135208441721,1
864691135693632959,864691135195469354,1
864691135693657279,864691135196291626,4
864691135693705407,864691135194713642,1
864691135693705407,864691135207818361,2
864691135693705407,864691135208612729,1
864691135693706943,864691135196202282,2
864691135693934527,864691135195417642,1
864691135694014911,864691135195040810,1
864691135694014911,864691135207818361,1
864691135694014911,864691135208707961,7
864691135694046399,864691135196291626,1
864691135694731455,864691135195474730,1
864691135694753727,864691135208593017,1
864691135695197375,864691135196633642,1
864691135695224767,864691135194446634,1
864691135695237055,864691135195303466,1
864691135696074906,864691135194713642,1
864691135696250778,864691135208676985,1
864691135696720026,864691135196202282,1
864691135696754330,864691135194856746,1
864691135696768410,864691135208723321,1
864691135696870554,864691135208715129,1
864691135696900506,864691135208051577,1
864691135696900506,864691135208638841,1
864691135696921754,864691135207716217,1
864691135696935066,864691135209022841,1
864691135697297818,864691135183968514,1
864691135697307290,864691135195486506,3
864691135697382421,864691135209022841,1
864691135697392405,864691135208722553,1
864691135697400085,864691135208060793,4
864691135697402133,864691135195312426,1
864691135697403157,864691135195191594,1
864691135697406741,864691135208017785,1
864691135697410325,864691135195476266,5
864691135697410325,864691135207762297,9
864691135697436314,864691135196291626,2
864691135697634069,864691135208457337,2
864691135697865882,864691135207818361,3
864691135698016410,864691135195486506,2
864691135698016410,864691135207760761,1
864691135698016410,864691135208958585,1
864691135698016410,864691135209194617,2
864691135698145557,864691135195395370,3
864691135698189333,864691135195322410,1
864691135698275349,864691135208722553,1
864691135698384149,864691135195040810,1
864691135698480026,864691135183968514,5
864691135698529178,864691135208593017,1
864691135698545818,864691135194713642,2
864691135698565653,864691135196291626,1
864691135698685461,864691135194782250,1
864691135698740757,864691135195040810,1
864691135699252770,864691135183618050,1
864691135699254050,864691135196291626,1
864691135699270946,864691135208017785,1
864691135699285282,864691135207818361,1
864691135699289122,864691135208017785,1
864691135699290402,864691135208017785,1
864691135699291938,864691135208641657,1
864691135699346965,864691135208564345,2
864691135699346965,864691135208678521,1
864691135699356437,864691135208678521,1
864691135699357461,864691135207772537,1
864691135699417378,864691135196319018,1
864691135699607829,864691135183968514,1
864691135699607829,864691135184143362,1
864691135699818005,864691135196319018,1
864691135699818005,864691135208060793,1
864691135699818005,864691135208157561,1
864691135699818005,864691135208702073,1
864691135699905557,864691135196622378,1
864691135699956514,864691135208060793,1
864691135700144930,864691135208017785,1
864691135700239995,864691135194446634,1
864691135700247163,864691135208457337,2
864691135700250747,864691135208060793,4
864691135700253307,864691135208722553,2
864691135700257570,864691135207716217,2
864691135700267131,864691135208722553,1
864691135700272162,864691135195040810,1
864691135700272162,864691135195312426,4
864691135700272162,864691135208612729,1
864691135700272162,864691135208650617,1
864691135700272162,864691135208676985,1
864691135700272162,864691135208707961,1
864691135700278651,864691135207818361,1
864691135700360994,864691135208676985,1
864691135700409211,864691135195469354,2
864691135700409211,864691135207818361,1
864691135700457762,864691135196291626,1
864691135700477730,864691135184143362,1
864691135700477730,864691135196291626,1
864691135700498722,864691135196319018,2
864691135700502818,864691135195312426,1
864691135700506146,864691135208715129,1
864691135700899195,864691135208017785,1
864691135700951586,864691135196291626,1
864691135700951586,864691135208460921,1
864691135700951586,864691135208700281,1
864691135700951586,864691135209245817,1
864691135700954914,864691135196313642,1
864691135701027451,864691135195344938,1
864691135701027451,864691135208650617,1
864691135701161506,864691135208460921,1
864691135701193083,864691135208060793,1
864691135701223547,864691135195040810,1
864691135701272610,864691135184143362,2
864691135701272610,864691135208060793,2
864691135701272610,864691135208593017,1
864691135701351458,864691135195486506,5
864691135701351458,864691135208723321,8
864691135701420667,864691135194756906,1
864691135701572987,864691135207772537,1
864691135701592699,864691135207818361,6
864691135701624699,864691135195040810,1
864691135701628706,864691135196313642,1
864691135701876514,864691135196313642,2
864691135702039419,864691135195903274,1
864691135702233723,864691135208658809,1
864691135702516091,864691135195303466,3
864691135702516091,864691135196202282,3
864691135702609275,864691135183968514,2
864691135702609275,864691135194782250,1
864691135702609275,864691135196319018,2
864691135702609275,864691135208658809,1
864691135702887291,864691135183968514,2
864691135702887291,864691135196319018,1
864691135702914427,864691135209022841,1
864691135703055995,864691135194782250,7
864691135703055995,864691135196633642,2
864691135703055995,864691135208658809,2
864691135703308923,864691135208698489,1
864691135711594388,864691135208707961,1
864691135715209498,864691135207818361,1
864691135715235610,864691135208715129,1
864691135715300500,864691135195312426,1
864691135715477786,864691135195417642,2
864691135715482138,864691135207897209,1
864691135715607322,864691135208668281,1
864691135715637018,864691135208051577,2
864691135715697434,864691135195903274,1
864691135715826836,864691135207897209,1
864691135715906842,864691135195185194,1
864691135716065306,864691135208460921,1
864691135716134170,864691135208582265,1
864691135716147482,864691135208202361,1
864691135716147482,864691135208638841,1
864691135716148250,864691135208060793,1
864691135716165146,864691135194940202,1
864691135716179226,864691135208593017,1
864691135716301338,864691135196202282,1
864691135716301338,864691135209022841,1
864691135716337178,864691135207818361,1
864691135716337178,864691135208715129,1
864691135716476954,864691135196658986,1
864691135716553876,864691135207818361,1
864691135716553876,864691135208402297,1
864691135716553876,864691135208457337,3
864691135716553876,864691135208715129,4
864691135716791322,864691135208676985,1
864691135716869658,864691135196319018,1
864691135716929562,864691135195486506,1
864691135716929562,864691135196291626,2
864691135716929562,864691135208668281,1
864691135716929562,864691135208958585,1
864691135716929562,864691135209245817,14
864691135716975130,864691135183968514,1
864691135717275162,864691135196291626,1
864691135717275162,864691135208700281,1
864691135717308442,864691135195486506,1
864691135717308442,864691135208723321,1
864691135717308442,864691135208905593,1
864691135717326618,864691135196622378,2
864691135717326618,864691135208641657,1
864691135717345562,864691135195303466,1
864691135717391386,864691135196319018,2
864691135717424154,864691135196202282,3
864691135717424154,864691135209022841,1
864691135717457178,864691135195486506,1
864691135717528346,864691135184143362,1
864691135717528346,864691135196633642,3
864691135717528346,864691135208678521,1
864691135717601562,864691135208723321,1
864691135718228372,864691135195040810,2
864691135718228372,864691135207818361,3
864691135718455089,864691135195903274,1
864691135718459953,864691135195903274,1
864691135718463537,864691135195469354,1
864691135718463537,864691135208668281,1
864691135718463793,864691135184283650,1
864691135718483505,864691135208638841,1
864691135718593585,864691135208650617,1
864691135718622001,864691135207762297,1
864691135718623537,864691135195483946,1
864691135718815793,864691135208958585,1
864691135718884401,864691135194856746,1
864691135718890801,864691135196633642,1
864691135719092273,864691135196633642,1
864691135719296561,864691135208638841,1
864691135719432241,864691135195486506,1
864691135719432241,864691135196622378,1
864691135719436081,864691135208017785,1
864691135719447089,864691135208715129,1
864691135719717937,864691135195469354,2
864691135719722545,864691135195185194,2
864691135719782449,864691135194859562,1
864691135719990833,864691135208060793,1
864691135720118833,864691135208416121,1
864691135720118833,864691135208722553,1
864691135720335665,864691135194859562,1
864691135720335665,864691135207818361,3
864691135720335665,864691135208707961,2
864691135720337201,864691135184283650,4
864691135720337201,864691135196291626,1
864691135720337201,864691135208235897,7
864691135720337201,864691135208460921,1
864691135720642353,864691135184283650,1
864691135720759345,864691135209022841,7
864691135724207019,864691135208678521,1
864691135724208811,864691135208416121,1
864691135724208811,864691135208441721,1
864691135724209067,864691135195478058,1
864691135724239787,864691135207751545,1
864691135724240555,864691135208958585,1
864691135724242603,864691135195277354,1
864691135724242603,864691135207818361,1
864691135724248235,864691135208017785,1
864691135724597419,864691135194859562,1
864691135724945835,864691135183968514,1
864691135724987563,864691135196202282,1
864691135725015467,864691135208698489,1
864691135725018027,864691135208017785,1
864691135725022123,864691135208723321,1
864691135725029291,864691135195483946,1
864691135725048491,864691135195486506,1
864691135725212075,864691135208638841,1
864691135725213867,864691135195478058,1
864691135725475243,864691135208676985,2
864691135725481387,864691135207818361,1
864691135725481387,864691135207897209,1
864691135725481387,864691135208650617,1
864691135725591615,864691135195469354,1
864691135725591615,864691135208441721,1
864691135725591615,864691135208668281,1
864691135725598783,864691135194713642,1
864691135725599295,864691135195395370,4
864691135725643327,864691135195486250,1
864691135725667391,864691135195469354,1
864691135725766463,864691135183972354,4
864691135725766463,864691135195474730,3
864691135725929279,864691135195486250,1
864691135725929279,864691135208702073,1
864691135725989439,864691135196633642,3
864691135726033727,864691135194940202,1
864691135726033727,864691135208416121,2
864691135726051391,864691135208715129,1
864691135726077611,864691135195040810,1
864691135726077611,864691135209245817,1
864691135726113451,864691135184283650,2
864691135726113451,864691135196291626,3
864691135726113451,864691135208235897,1
864691135726214571,864691135208905593,3
864691135726290751,864691135208723321,1
864691135726320191,864691135208722553,1
864691135726426027,864691135208707961,2
864691135726442155,864691135208723321,1
864691135726479935,864691135195903274,2
864691135726481727,864691135207762297,2
864691135726599743,864691135209245817,1
864691135726627243,864691135183968514,1
864691135726627243,864691135184143362,1
864691135726772907,864691135196313642,1
864691135726772907,864691135209022841,1
864691135726773419,864691135195303466,1
864691135726773419,864691135208564345,1
864691135726773419,864691135209022841,1
864691135726840491,864691135196291626,1
864691135726840491,864691135196319018,1
864691135726869419,864691135208958585,1
864691135726947755,864691135196313642,1
864691135726969259,864691135183618050,1
864691135726969259,864691135207772537,2
864691135726995627,864691135208423801,1
864691135727459903,864691135208641657,1
864691135727546943,864691135195486506,2
864691135727546943,864691135207760761,1
864691135727546943,864691135208723321,5
864691135727929663,864691135184283650,3
864691135727929663,864691135208235897,1
864691135727929663,864691135208905593,3
864691135727993151,864691135209194617,1
864691135728018751,864691135196313642,15
864691135728018751,864691135196622378,4
864691135728072255,864691135209245817,2
864691135728119103,864691135196633642,2
864691135728119103,864691135208423801,1
864691135728119103,864691135208564345,1
864691135730108345,864691135195469354,1
864691135730116281,864691135208416121,1
864691135730129081,864691135195486506,3
864691135730132665,864691135195322410,1
864691135730133945,864691135208416121,1
864691135730135737,864691135208905593,1
864691135730146489,864691135194713642,1
864691135730146489,864691135195474730,1
864691135730149049,864691135208017785,1
864691135730154937,864691135208722553,2
864691135730157497,864691135208402297,1
864691135730164921,864691135208650617,1
864691135730190521,864691135208060793,3
864691135730199993,864691135195486506,1
864691135730582457,864691135194782250,1
864691135730618297,864691135208060793,4
864691135730625209,864691135194713642,1
864691135730667193,864691135208612729,1
864691135730688185,864691135208416121,1
864691135730688185,864691135208668281,1
864691135730716345,864691135208668281,1
864691135730895289,864691135194782250,1
864691135730914745,864691135209022841,1
864691135730956217,864691135195185194,1
864691135731144121,864691135195478058,1
864691135731189945,864691135194856746,1
864691135731189945,864691135195185194,1
864691135731190201,864691135195486250,1
864691135731190201,864691135209022841,1
864691135731200697,864691135195469354,1
864691135731202489,864691135183618050,1
864691135731207865,864691135195040810,1
864691135731222201,864691135195395370,1
864691135731225785,864691135208707961,3
864691135731228601,864691135195903274,3
864691135731229625,864691135195040810,1
864691135731238073,864691135207818361,3
864691135731238073,864691135208707961,2
864691135731744185,864691135208593017,1
864691135731757753,864691135208723321,1
864691135731918521,864691135208441721,1
864691135731918521,864691135208460921,2
864691135731918521,864691135208668281,1
864691135731965076,864691135195322410,2
864691135731965076,864691135195474730,1
864691135732172692,864691135194859562,3
864691135732172692,864691135195476266,1
864691135732172692,864691135209194617,2
864691135732264889,864691135208678521,1
864691135732440505,864691135195303466,1
864691135732587449,864691135208678521,1
864691135732587449,864691135209022841,2
864691135732616377,864691135183618050,1
864691135732616377,864691135195303466,1
864691135732663993,864691135184283650,1
864691135732715961,864691135196291626,1
864691135732877972,864691135207897209,1
864691135732877972,864691135208650617,3
864691135732877972,864691135208676985,3
864691135732877972,864691135208707961,1
864691135736296084,864691135207762297,4
864691135736296084,864691135208676985,1
864691135736893572,864691135195417642,1
864691135736893572,864691135208593017,1
864691135736904580,864691135208060793,3
864691135737260420,864691135208060793,1
864691135737277060,864691135208564345,1
864691135737501844,864691135196658986,2
864691135737539953,864691135209245817,1
864691135737551473,864691135207751545,1
864691135737562737,864691135207818361,1
864691135737736836,864691135207818361,1
864691135737736836,864691135208612729,1
864691135737736836,864691135208650617,1
864691135737743473,864691135207762297,2
864691135737758084,864691135208707961,2
864691135737777796,864691135195283754,1
864691135737787012,864691135195474730,1
864691135737787012,864691135195478058,1
864691135737867121,864691135195040810,1
864691135737931889,864691135196319018,1
864691135738112916,864691135195040810,1
864691135738112916,864691135207818361,1
864691135738112916,864691135207897209,1
864691135738112916,864691135208707961,8
864691135738256532,864691135207762297,2
864691135738256532,864691135208715129,1
864691135738325140,864691135195040810,1
864691135738387076,864691135196291626,3
864691135738387076,864691135208448889,2
864691135738387076,864691135209194617,4
864691135738387076,864691135209245817,1
864691135738515825,864691135194713642,1
864691135738522481,864691135208402297,1
864691135738528900,864691135208441721,1
864691135738529905,864691135207716217,1
864691135738529905,864691135209022841,1
864691135738533745,864691135195417642,1
864691135738533745,864691135208641657,1
864691135738900356,864691135209245817,2
864691135739013745,864691135196291626,1
864691135739033457,864691135195486506,4
864691135739080068,864691135195303466,11
864691135739080068,864691135196313642,1
864691135739080068,864691135196622378,1
864691135739080580,864691135196319018,1
864691135739113860,864691135208700281,1
864691135739149956,864691135196633642,2
864691135739149956,864691135208658809,2
864691135739182980,864691135208593017,1
864691135739215236,864691135209022841,1
864691135739249796,864691135208203385,1
864691135739320945,864691135196313642,2
864691135739327857,864691135194782250,1
864691135739538033,864691135183968514,1
864691135739563156,864691135207818361,1
864691135739567252,864691135195344938,2
864691135739568532,864691135195395370,1
864691135739575444,864691135208060793,2
864691135739595924,864691135195486506,3
864691135739597460,864691135195478058,1
864691135739614577,864691135195486506,1
864691135739614577,864691135208448889,1
864691135739614577,864691135208905593,3
864691135739627156,864691135194713642,1
864691135739627156,864691135195312426,1
864691135739627156,864691135208612729,4
864691135739670129,864691135208638841,1
864691135739686769,864691135195469354,1
864691135739747697,864691135209022841,2
864691135739753073,864691135184283650,6
864691135739753073,864691135196291626,1
864691135739753073,864691135208235897,1
864691135739896724,864691135196291626,1
864691135740018580,864691135195486250,1
864691135740159892,864691135194713642,1
864691135740191083,864691135208905593,1
864691135740296340,864691135208423801,1
864691135740396692,864691135208060793,1
864691135740457876,864691135194713642,1
864691135740557972,864691135195469354,1
864691135740581524,864691135195040810,1
864691135740581524,864691135208612729,1
864691135740692843,864691135196658986,2
864691135740696683,864691135196202282,2
864691135740726164,864691135195040810,1
864691135740749931,864691135207818361,1
864691135741090196,864691135209245817,1
864691135741116267,864691135195474730,3
864691135741182827,864691135207897209,2
864691135741210987,864691135194713642,4
864691135741210987,864691135195312426,1
864691135741213803,864691135209245817,1
864691135741218196,864691135195478058,1
864691135741218196,864691135195486506,3
864691135741218196,864691135207760761,2
864691135741218196,864691135208641657,5
864691135741218196,864691135208723321,1
864691135741232788,864691135195474730,1
864691135741232788,864691135207760761,1
864691135741314411,864691135208722553,1
864691135741351787,864691135207818361,1
864691135741351787,864691135208457337,1
864691135741371755,864691135207818361,1
864691135741512596,864691135195185194,1
864691135741512596,864691135196291626,6
864691135741607060,864691135195469354,1
864691135741612692,864691135184283650,1
864691135741612692,864691135196291626,2
864691135741666196,864691135196291626,1
864691135741810580,864691135208564345,4
864691135741817236,864691135194782250,1
864691135741817236,864691135196202282,1
864691135741817236,864691135208564345,1
864691135741817236,864691135208593017,1
864691135741817236,864691135208678521,2
864691135741817236,864691135208702073,1
864691135741817236,864691135208958585,1
864691135741817236,864691135209022841,1
864691135741865108,864691135195474730,1
864691135741865108,864691135196622378,3
864691135741865108,864691135207760761,1
864691135741965931,864691135195486506,2
864691135741971092,864691135194782250,1
864691135742027156,864691135183968514,1
864691135742189163,864691135195486506,2
864691135742366827,864691135207762297,3
864691135742488939,864691135208060793,1
864691135742668395,864691135184143362,1
864691135742668395,864691135196291626,1
864691135742753387,864691135184143362,1
864691135742753387,864691135196291626,1
864691135742753387,864691135208441721,2
864691135742867307,864691135208060793,2
864691135742867307,864691135208593017,2
864691135742998379,864691135194782250,4
864691135742998379,864691135208658809,1
864691135743183723,864691135183968514,1
864691135743183723,864691135196319018,1
864691135743196523,864691135208700281,1
864691135743241323,864691135208441721,1
864691135743269739,864691135208564345,5
864691135748534313,864691135195469354,1
864691135748538921,864691135195469354,1
864691135748589609,864691135209194617,1
864691135748593961,864691135208944505,1
864691135748880425,864691135208658809,1
864691135748981545,864691135195312426,1
864691135748999721,864691135208060793,1
864691135749009961,864691135208723321,1
864691135749021225,864691135194713642,3
864691135749021225,864691135195040810,7
864691135749027369,864691135208676985,1
864691135749392169,864691135208457337,1
864691135749524265,864691135208017785,1
864691135749570345,864691135195303466,1
864691135749570345,864691135195417642,1
864691135749595945,864691135195903274,1
864691135749805097,864691135208060793,1
864691135749815593,864691135194782250,2
864691135749815593,864691135196319018,1
864691135749853225,864691135208722553,3
864691135749936681,864691135196291626,2
864691135750198569,864691135208060793,1
864691135750799145,864691135196291626,1
864691135751064873,864691135208678521,1
864691135751117097,864691135196291626,1
864691135751132457,864691135209022841,1
864691135753562829,864691135195185194,1
864691135753608397,864691135195483946,1
864691135753609165,864691135195344938,1
864691135753631693,864691135208017785,1
864691135753638861,864691135195040810,1
864691135753649357,864691135195040810,1
864691135753657293,864691135208060793,1
864691135753658829,864691135194782250,1
864691135753663949,864691135208715129,1
864691135753663949,864691135208722553,1
864691135753666765,864691135208593017,1
864691135753670861,864691135208060793,3
864691135753690573,864691135195185194,1
864691135753741005,864691135195040810,1
864691135753744845,864691135208060793,2
864691135754014413,864691135195478058,1
864691135754041549,864691135195903274,1
864691135754133453,864691135194756906,1
864691135754185933,864691135207818361,2
864691135754195661,864691135194408234,1
864691135754215885,864691135208017785,1
864691135754230477,864691135208723321,1
864691135754444493,864691135208457337,1
864691135754465741,864691135194859562,1
864691135754532306,864691135208416121,1
864691135754533586,864691135195344938,1
864691135754533586,864691135208441721,1
864691135754604498,864691135208051577,1
864691135754609362,864691135194408234,1
864691135754611922,864691135208668281,1
864691135754676941,864691135207772537,8
864691135754696141,864691135195469354,1
864691135754697677,864691135208641657,1
864691135755062994,864691135196291626,1
864691135755123922,864691135208905593,1
864691135755346642,864691135195191594,2
864691135755346642,864691135208060793,1
864691135755351250,864691135208402297,1
864691135755388621,864691135208051577,1
864691135755434445,864691135196319018,1
864691135755514066,864691135208060793,1
864691135755652562,864691135195903274,1
864691135755652562,864691135209194617,1
864691135755707597,864691135184283650,1
864691135755707597,864691135208235897,1
864691135755707597,864691135209194617,1
864691135755723474,864691135195322410,1
864691135755723474,864691135195474730,2
864691135755723474,864691135195478058,1
864691135755761618,864691135208707961,1
864691135755792845,864691135208641657,1
864691135755827917,864691135208658809,3
864691135755850957,864691135196633642,1
864691135755874765,864691135196291626,1
864691135755934162,864691135196658986,1
864691135755953362,864691135195469354,1
864691135755992018,864691135196202282,1
864691135756014802,864691135194713642,1
864691135756070605,864691135195185194,1
864691135756096717,864691135183968514,1
864691135756096717,864691135208678521,4
864691135756311245,864691135196202282,1
864691135756560338,864691135195486506,2
864691135756630226,864691135195303466,1
864691135756681170,864691135207897209,3
864691135756681170,864691135208650617,1
864691135756681170,864691135208676985,2
864691135756681170,864691135208707961,6
864691135756702418,864691135196291626,1
864691135756825042,864691135208197241,1
864691135756844242,864691135184143362,2
864691135756844242,864691135196291626,3
864691135756844242,864691135196319018,2
864691135757101010,864691135196633642,1
864691135758179773,864691135194446634,1
864691135758179773,864691135208402297,1
864691135758470478,864691135207716217,1
864691135758501454,864691135195395370,1
864691135758501966,864691135208416121,1
864691135758502734,864691135208715129,2
864691135758520654,864691135208060793,3
864691135758520910,864691135208060793,2
864691135758522190,864691135208612729,1
864691135758672206,864691135207716217,1
864691135758981454,864691135207818361,2
864691135759113550,864691135195312426,1
864691135759194190,864691135207897209,1
864691135759359822,864691135208457337,1
864691135759425870,864691135196202282,1
864691135759492430,864691135195040810,1
864691135759616701,864691135208715129,2
864691135759616701,864691135208722553,1
864691135759628733,864691135194446634,1
864691135759628733,864691135208402297,2
864691135759628733,864691135208457337,2
864691135759779406,864691135208676985,1
864691135759815758,864691135196291626,2
864691135759836093,864691135208722553,2
864691135759872846,864691135209022841,1
864691135759874894,864691135208650617,1
864691135760120654,864691135208448889,1
864691135760194382,864691135196291626,1
864691135760441277,864691135208402297,1
864691135760441277,864691135208722553,2
864691135760577870,864691135207762297,1
864691135760577870,864691135208707961,1
864691135760593230,864691135207772537,1
864691135760614222,864691135194413354,1
864691135760614222,864691135208707961,6
864691135760669373,864691135208722553,1
864691135760704846,864691135195417642,1
864691135760812110,864691135196622378,2
864691135760945853,864691135195312426,1
864691135761050702,864691135208692089,2
864691135761539638,864691135194713642,1
864691135761543734,864691135184143362,1
864691135761549622,864691135195486506,1
864691135761553462,864691135208722553,1
864691135761553718,864691135195486506,1
864691135761553718,864691135196291626,1
864691135761994038,864691135207818361,1
864691135761994038,864691135208722553,1
864691135761998646,864691135196622378,1
864691135762085174,864691135196633642,1
864691135762106166,864691135208060793,4
864691135762157878,864691135195040810,2
864691135762320438,864691135194446634,1
864691135762320438,864691135208722553,3
864691135762418230,864691135208060793,1
864691135762488118,864691135207818361,1
864691135762591030,864691135195469354,1
864691135762775094,864691135195493418,1
864691135762845238,864691135195483946,1
864691135762845238,864691135208457337,1
864691135762945590,864691135208017785,3
864691135763026486,864691135207818361,1
864691135763058742,864691135195040810,1
864691135763531830,864691135208060793,3
864691135763549238,864691135195486506,1
864691135763760950,864691135208723321,2
864691135764060470,864691135208593017,2
864691135764227638,864691135196313642,1
864691135764464438,864691135184283650,1
864691135764678198,864691135208905593,6
864691135764890678,864691135208678521,1
864691135771603451,864691135207818361,1
864691135771603451,864691135208715129,2
864691135771625467,864691135195474730,1
864691135771639803,864691135208202361,1
864691135771643899,864691135207760761,1
864691135771653451,864691135195417642,2
864691135771679051,864691135195478058,1
864691135771695435,864691135195040810,1
864691135771704907,864691135208457337,1
864691135771715403,864691135195040810,1
864691135771741515,864691135208715129,1
864691135771781627,864691135195486506,1
864691135772014331,864691135194859562,1
864691135772014587,864691135194713642,2
864691135772053835,864691135195283754,1
864691135772155899,864691135208722553,1
864691135772231499,864691135195395370,1
864691135772243787,864691135195322410,1
864691135772243787,864691135195474730,1
864691135772270843,864691135207760761,1
864691135772534603,864691135209022841,1
864691135772554747,864691135208017785,1
864691135772568651,864691135208060793,1
864691135772659019,864691135195903274,1
864691135772684107,864691135207751545,1
864691135772699467,864691135208157561,1
864691135772701259,864691135194940202,1
864691135772730107,864691135195486506,1
864691135772771323,864691135208678521,1
864691135772785915,864691135195040810,1
864691135772810059,864691135208641657,1
864691135772851787,864691135208017785,1
864691135772868347,864691135208416121,1
864691135772888139,864691135195486250,1
864691135773209163,864691135194408234,1
864691135773310795,864691135195344938,1
864691135773615867,864691135196633642,1
864691135773694795,864691135196313642,1
864691135773779275,864691135208700281,10
864691135773779275,864691135208958585,2
864691135773779275,864691135209245817,3
864691135773870331,864691135208423801,1
864691135773910603,864691135196622378,1
864691135773910603,864691135209022841,1
864691135773986891,864691135196202282,1
864691135774164299,864691135208678521,2
864691135774178123,864691135196291626,2
864691135774178123,864691135196622378,1
864691135774221643,864691135196313642,3
864691135774221643,864691135196622378,2
864691135774246731,864691135196633642,1
864691135774259963,864691135183618050,1
864691135774414843,864691135195303466,1
864691135774414843,864691135208638841,1
864691135774414843,864691135208692089,1
864691135774414843,864691135209022841,4
864691135774424059,864691135195469354,1
864691135774514507,864691135196291626,2
864691135774514507,864691135208958585,3
864691135774514507,864691135209245817,1
864691135774552059,864691135183968514,1
864691135775778989,864691135208441721,1
864691135776117933,864691135208060793,4
864691135776538464,864691135207760761,1
864691135776558432,864691135195469354,1
864691135776558432,864691135208668281,2
864691135776558688,864691135207762297,1
864691135776560992,864691135208017785,1
864691135776563552,864691135208905593,1
864691135776565856,864691135208448889,1
864691135776596576,864691135208650617,1
864691135776597088,864691135208612729,1
864691135776632672,864691135208722553,3
864691135776637280,864691135208402297,1
864691135776637280,864691135208722553,1
864691135776644960,864691135195040810,1
864691135776661856,864691135195040810,1
864691135776661856,864691135207818361,1
864691135776697005,864691135208060793,1
864691135776697517,864691135196291626,1
864691135776697517,864691135208460921,1
864691135776781485,864691135208707961,1
864691135776823981,864691135183968514,1
864691135776823981,864691135196319018,1
864691135776827565,864691135208564345,1
864691135776873901,864691135196319018,1
864691135776874157,864691135194713642,1
864691135776874157,864691135195040810,1
864691135776882093,864691135194713642,1
864691135776899245,864691135196291626,3
864691135776904800,864691135208060793,1
864691135776913837,864691135208402297,2
864691135776913837,864691135208457337,3
864691135776915117,864691135195277354,1
864691135776918368,864691135194408234,1
864691135776918368,864691135208958585,1
864691135777000032,864691135195903274,1
864691135777101501,864691135208157561,1
864691135777142717,864691135195483946,1
864691135777142717,864691135208457337,1
864691135777161149,864691135195486250,1
864691135777166176,864691135195040810,1
864691135777166176,864691135208707961,1
864691135777170365,864691135208638841,1
864691135777263789,864691135195040810,1
864691135777381805,864691135195185194,1
864691135777381805,864691135208441721,1
864691135777400237,864691135195312426,1
864691135777466045,864691135194940202,1
864691135777604797,864691135207716217,1
864691135777606240,864691135208157561,1
864691135777608800,864691135195322410,1
864691135777608800,864691135195395370,1
864691135777608800,864691135195474730,1
864691135777623648,864691135196633642,1
864691135777897661,864691135208650617,1
864691135777900221,864691135208017785,1
864691135777977184,864691135195486506,1
864691135777999200,864691135195417642,1
864691135778035901,864691135208638841,1
864691135778055869,864691135208676985,1
864691135778065085,864691135208582265,1
864691135778084285,864691135194413354,1
864691135778115005,864691135195903274,1
864691135778115517,864691135195469354,1
864691135778115517,864691135208460921,1
864691135778115517,864691135208668281,2
864691135778116013,864691135183968514,1
864691135778132576,864691135208668281,1
864691135778135997,864691135194413354,1
864691135778135997,864691135194940202,1
864691135778257341,864691135208678521,1
864691135778273469,864691135208638841,3
864691135778435501,864691135195040810,1
864691135778435501,864691135195469354,1
864691135778488416,864691135196202282,1
864691135778525280,864691135195344938,1
864691135778525280,864691135195486506,1
864691135778563261,864691135208457337,1
864691135778572973,864691135196291626,1
864691135778572973,864691135207762297,1
864691135778610365,864691135208457337,2
864691135778668973,864691135207818361,1
864691135778668973,864691135208715129,1
864691135778724269,864691135196622378,1
864691135778726752,864691135195486506,1
864691135778794336,864691135195303466,1
864691135778794336,864691135196313642,1
864691135778796477,864691135195040810,1
864691135778825133,864691135208658809,1
864691135779073469,864691135183968514,1
864691135779111008,864691135184283650,1
864691135779161440,864691135195303466,1
864691135779161440,864691135209022841,1
864691135779199584,864691135194782250,1
864691135779199584,864691135208157561,1
864691135779199584,864691135208678521,2
864691135779449533,864691135195040810,1
864691135779449533,864691135208707961,1
864691135779449533,864691135209194617,1
864691135779705021,864691135195217706,1
864691135780788816,864691135208060793,2
864691135780803408,864691135194408234,1
864691135780803408,864691135195476266,1
864691135780814672,864691135208715129,1
864691135780821328,864691135194713642,1
864691135780828496,864691135208650617,2
864691135780844624,864691135196633642,1
864691135781081680,864691135194859562,2
864691135781081680,864691135208707961,2
864691135781175376,864691135209245817,1
864691135781263696,864691135194756906,2
864691135781263696,864691135208722553,5
864691135781385552,864691135208905593,1
864691135781707600,864691135195903274,1
864691135781844048,864691135195474730,4
864691135782265424,864691135208722553,1
864691135782312784,864691135196313642,1
864691135782361936,864691135195344938,1
864691135782390579,864691135195312426,1
864691135782398515,864691135195486506,1
864691135782423603,864691135208638841,1
864691135782425651,864691135207818361,1
864691135782477904,864691135196291626,1
864691135782544435,864691135183618050,1
864691135782603088,864691135196633642,1
864691135782615632,864691135207818361,1
864691135782620240,864691135196291626,1
864691135782620240,864691135196658986,1
864691135782708304,864691135195303466,2
864691135782708304,864691135196202282,1
864691135782821456,864691135195486250,1
864691135782825267,864691135208722553,1
864691135782853456,864691135196622378,1
864691135782865459,864691135207818361,1
864691135783096371,864691135208060793,1
864691135783186512,864691135208650617,2
864691135783186512,864691135208698489,1
864691135783215667,864691135194713642,1
864691135783247923,864691135208678521,1
864691135783338291,864691135208402297,1
864691135783339571,864691135208582265,3
864691135783358771,864691135196202282,1
864691135783365683,864691135195040810,1
864691135783378995,864691135207772537,2
864691135783380787,864691135195478058,1
864691135783380787,864691135195486506,4
864691135783380787,864691135208641657,1
864691135783441488,864691135195486506,2
864691135783441488,864691135208641657,2
864691135783570739,864691135196658986,1
864691135783764019,864691135196633642,1
864691135783909427,864691135195903274,1
864691135783909427,864691135208676985,1
864691135783909427,864691135208707961,2
864691135784210739,864691135184283650,2
864691135784316467,864691135196202282,1
864691135784326195,864691135195303466,1
864691135784580403,864691135208017785,1
864691135784665651,864691135195417642,1
864691135785079603,864691135208678521,2
864691135785233092,864691135208060793,1
864691135785251524,864691135195344938,2
864691135785290180,864691135195395370,1
864691135785483716,864691135195469354,1
864691135785636804,864691135195469354,1
864691135785718724,864691135208944505,2
864691135785720260,864691135208460921,1
864691135785767620,864691135208060793,1
864691135785793220,864691135208416121,3
864691135785816004,864691135194940202,2
864691135785845188,864691135195040810,1
864691135786076100,864691135183618050,1
864691135786125764,864691135208723321,1
864691135786127300,864691135196319018,1
864691135786326212,864691135208678521,1
864691135786334148,864691135195486506,2
864691135786358980,864691135196319018,1
864691135786358980,864691135209245817,1
864691135786423748,864691135208676985,2
864691135786647236,864691135208678521,1
864691135786912452,864691135195486506,2
864691135786938820,864691135195486506,1
864691135787226564,864691135196319018,1
864691135787574212,864691135196319018,1
864691135787684292,864691135195469354,2
864691135799741794,864691135208017785,2
864691135799766882,864691135208905593,1
864691135799769954,864691135194940202,1
864691135800010850,864691135208060793,1
864691135800026722,864691135209022841,1
864691135800069474,864691135208658809,1
864691135800192610,864691135207897209,1
864691135800192610,864691135208676985,1
864691135800618082,864691135207751545,1
864691135800644962,864691135195469354,1
864691135800644962,864691135196291626,2
864691135800706402,864691135195486506,1
864691135800713570,864691135195417642,1
864691135800715362,864691135195903274,1
864691135800747874,864691135195395370,1
864691135800747874,864691135195478058,1
864691135801088610,864691135195469354,4
864691135801088610,864691135195476266,1
864691135801088610,864691135208441721,1
864691135801088610,864691135209245817,1
864691135801133666,864691135208676985,1
864691135802389858,864691135184283650,3
864691135802415458,864691135196319018,3
864691135802798434,864691135195417642,1
864691135807184157,864691135195277354,2
864691135807191069,864691135195469354,2
864691135807191069,864691135195476266,1
864691135807191069,864691135196658986,1
864691135807191069,864691135207762297,1
864691135807193629,864691135195395370,1
864691135807199261,864691135195312426,1
864691135807210525,864691135194446634,1
864691135807233565,864691135208715129,3
864691135807233565,864691135208722553,1
864691135807236637,864691135195395370,1
864691135807277341,864691135208678521,1
864691135807287069,864691135208060793,13
864691135807311389,864691135209022841,1
864691135807343389,864691135194940202,1
864691135807487005,864691135195486250,1
864691135807566109,864691135207716217,2
864691135808102429,864691135208416121,1
864691135808106013,864691135195040810,1
864691135808126749,864691135208641657,2
864691135808217373,864691135208722553,1
864691135808365341,864691135207818361,1
864691135808367645,864691135208707961,8
864691135808379165,864691135195344938,1
864691135808383261,864691135208722553,1
864691135808391965,864691135195903274,2
864691135808401437,864691135195417642,1
864691135808401437,864691135208702073,1
864691135808401437,864691135209022841,1
864691135808409629,864691135194713642,1
864691135808568861,864691135208944505,1
864691135808625181,864691135184283650,1
864691135808625181,864691135196291626,16
864691135808625181,864691135208235897,2
864691135808625181,864691135208448889,2
864691135808684573,864691135195303466,2
864691135808810525,864691135195040810,1
864691135808885277,864691135207760761,1
864691135809432524,864691135195312426,1
864691135809432524,864691135207897209,1
864691135809433292,864691135195344938,1
864691135809469388,864691135208416121,1
864691135809475788,864691135208060793,1
864691135809483980,864691135208715129,1
864691135809509836,864691135208441721,1
864691135809511628,864691135195476266,3
864691135809512396,864691135183972354,1
864691135809512396,864691135195486506,1
864691135809519308,864691135195312426,1
864691135809523148,864691135208017785,1
864691135809532876,864691135208650617,1
864691135809568029,864691135195486506,1
864691135809616076,864691135207897209,1
864691135809684765,864691135195486506,5
864691135809706013,864691135208060793,1
864691135809728541,864691135195474730,1
864691135809861836,864691135208017785,1
864691135809903564,864691135194413354,4
864691135809904925,864691135208060793,3
864691135809954589,864691135208060793,3
864691135810079517,864691135196633642,4
864691135810145484,864691135194446634,1
864691135810195660,864691135196622378,1
864691135810265885,864691135195486506,5
864691135810265885,864691135196622378,6
864691135810265885,864691135207760761,3
864691135810345164,864691135194940202,1
864691135810345164,864691135195469354,1
864691135810345164,864691135208017785,1
864691135810345164,864691135208416121,7
864691135810372556,864691135195040810,1
864691135810377932,864691135194439210,1
864691135810420509,864691135195474730,1
864691135810495773,864691135195303466,1
864691135810527773,864691135183968514,6
864691135810527773,864691135196319018,1
864691135810527773,864691135208678521,2
864691135810552349,864691135194940202,1
864691135810552349,864691135209245817,1
864691135810643485,864691135195303466,2
864691135810643485,864691135207772537,1
864691135810643485,864691135209022841,2
864691135810648268,864691135196319018,2
864691135810648268,864691135208668281,1
864691135810656029,864691135183968514,1
864691135810656029,864691135194782250,2
864691135810656029,864691135208157561,1
864691135810688204,864691135183968514,1
864691135810982860,864691135184143362,1
864691135810990540,864691135195903274,1
864691135811567052,864691135195303466,1
864691135811567052,864691135207716217,1
864691135811646924,864691135208564345,1
864691135811692236,864691135208905593,1
864691135811734220,864691135195478058,1
864691135811734220,864691135196291626,2
864691135815439695,864691135195344938,1
864691135815468879,864691135208457337,1
864691135815470671,864691135208715129,1
864691135815482703,864691135194756906,1
864691135815487823,864691135208060793,1
864691135815575119,864691135208723321,1
864691135815709519,864691135196291626,1
864691135815890767,864691135195469354,1
864691135815928655,864691135208457337,1
864691135816001871,864691135208722553,2
864691135816194639,864691135194446634,1
864691135816238415,864691135195322410,1
864691135816284751,864691135207818361,1
864691135816400975,864691135208441721,1
864691135816449103,864691135208017785,1
864691135816515407,864691135194713642,1
864691135816516431,864691135208060793,1
864691135816516687,864691135208402297,1
864691135816516687,864691135208612729,2
864691135816519503,864691135208650617,1
864691135816519503,864691135208676985,1
864691135816588623,864691135196658986,1
864691135816588623,864691135207762297,1
864691135816676943,864691135183972354,1
864691135816878979,864691135208060793,1
864691135816982863,864691135195486506,1
864691135817132879,864691135195483946,1
864691135817132879,864691135207818361,3
864691135817132879,864691135208402297,2
864691135817132879,864691135208715129,16
864691135817411663,864691135208678521,1
864691135817643855,864691135196622378,1
864691135817802371,864691135208060793,1
864691135817885007,864691135208460921,1
864691135837183123,864691135196313642,2
864691135837192339,864691135194756906,1
864691135837212051,864691135196291626,1
864691135837559699,864691135208593017,1
864691135837587603,864691135195283754,5
864691135837587603,864691135207897209,1
864691135837587603,864691135208707961,8
864691135837669267,864691135208202361,1
864691135837679507,864691135196622378,1
864691135838052755,864691135208612729,1
864691135838082451,864691135208722553,1
864691135838213011,864691135208707961,1
864691135838220435,864691135194940202,1
864691135838220435,864691135208017785,1
864691135838494867,864691135184283650,3
864691135838648467,864691135208235897,1
864691135839072915,864691135196291626,1
864691135839141267,864691135195486250,1
864691135839250579,864691135195303466,1
864691135839413395,864691135183618050,1
864691135839413395,864691135208638841,1
864691135839577235,864691135208235897,1
864691135839630227,864691135194859562,2
864691135839984531,864691135195486506,1
864691135840082835,864691135195217706,1
864691135840097427,864691135196291626,1
864691135840107923,864691135183618050,1
864691135841059811,864691135195040810,2
864691135841295587,864691135195312426,1
864691135841410787,864691135208715129,1
864691135841654243,864691135208650617,1
864691135841654243,864691135208676985,1
864691135841930211,864691135208593017,1
864691135841935843,864691135208416121,2
864691135841940963,864691135207818361,1
864691135841947875,864691135208676985,2
864691135842153187,864691135195486250,1
864691135842156771,864691135208402297,1
864691135842160611,864691135195040810,1
864691135842275811,864691135194713642,1
864691135842610659,864691135208723321,1
864691135842920419,864691135208235897,1
864691135842920419,864691135209194617,3
864691135843406051,864691135208564345,2
864691135847913566,864691135208457337,1
864691135847913566,864691135208715129,1
864691135847931998,864691135183972354,1
864691135847931998,864691135208944505,1
864691135847984478,864691135194940202,2
864691135847984478,864691135208722553,1
864691135848030814,864691135195312426,1
864691135848030814,864691135207818361,1
864691135848173406,864691135196622378,1
864691135848222046,864691135208457337,1
864691135848300382,864691135199536256,1
864691135848306526,864691135209194617,1
864691135848308830,864691135196319018,1
864691135848460894,864691135208564345,1
864691135848571486,864691135208402297,1
864691135848571486,864691135208722553,1
864691135848625502,864691135208416121,1
864691135848628574,864691135208707961,1
864691135848635742,864691135208060793,1
864691135848671582,864691135195483946,1
864691135848671582,864691135208402297,1
864691135848671582,864691135208457337,1
864691135848815710,864691135208060793,1
864691135848853342,864691135195040810,1
864691135848858206,864691135208650617,1
864691135848858206,864691135208715129,4
864691135848869726,864691135208448889,1
864691135848916574,864691135195303466,1
864691135848923486,864691135196658986,1
864691135848926302,864691135208441721,1
864691135849260894,864691135195469354,1
864691135849261662,864691135208060793,1
864691135849720670,864691135208612729,1
864691135849720670,864691135208715129,5
864691135849824606,864691135196313642,1
864691135850036830,864691135208658809,1
864691135850134878,864691135195469354,2
864691135850134878,864691135208668281,1
864691135850427335,864691135208722553,3
864691135850428359,864691135194782250,2
864691135850446535,864691135208722553,2
864691135850460871,864691135208157561,2
864691135850469063,864691135195312426,1
864691135850850247,864691135195486250,1
864691135850988999,864691135195277354,1
864691135850988999,864691135208722553,1
864691135851044551,864691135195469354,1
864691135851515591,864691135209022841,1
864691135851598791,864691135208235897,1
864691135851599303,864691135209022841,1
864691135851601095,864691135208676985,1
864691135851613127,864691135208197241,1
864691135851823815,864691135194940202,2
864691135853034439,864691135209022841,1
864691135853059271,864691135196291626,1
864691135853198023,864691135208593017,1
864691135853269447,864691135208707961,1
864691135855566894,864691135196319018,1
864691135855572526,864691135195486506,2
864691135855575342,864691135195040810,1
864691135855575854,864691135208416121,1
864691135855607086,864691135208715129,1
864691135855627310,864691135195312426,1
864691135855643950,864691135194713642,1
864691135855645998,864691135208402297,1
864691135855649326,864691135209194617,1
864691135855655726,864691135208060793,3
864691135855659822,864691135208702073,1
864691135855665710,864691135208060793,1
864691135855675950,864691135208658809,1
864691135855692590,864691135194940202,2
864691135855692846,864691135208017785,1
864691135855710254,864691135195395370,1
864691135855890478,864691135194782250,1
864691135855890478,864691135196291626,1
864691135856007214,864691135208416121,1
864691135856009006,864691135208715129,1
864691135856076078,864691135208668281,1
864691135856317486,864691135196319018,1
864691135856335662,864691135196291626,1
864691135856477742,864691135208235897,1
864691135856482350,864691135208638841,1
864691135856580142,864691135196319018,2
864691135856727342,864691135208402297,1
864691135856727342,864691135208722553,2
864691135856756270,864691135195322410,1
864691135856792110,864691135207897209,2
864691135856792110,864691135208650617,1
864691135856792110,864691135208707961,1
864691135856792366,864691135208668281,2
864691135856797230,864691135196313642,1
864691135857146414,864691135195303466,1
864691135857450030,864691135194713642,1
864691135857450030,864691135195040810,22
864691135857465646,864691135196291626,1
864691135857498926,864691135194940202,1
864691135857498926,864691135195040810,1
864691135857554734,864691135208638841,1
864691135857578798,864691135209245817,1
864691135857647406,864691135195486250,2
864691135857881390,864691135195217706,1
864691135857881390,864691135196291626,1
864691135857881390,864691135196633642,1
864691135857881390,864691135208235897,1
864691135858009390,864691135209194617,1
864691135858068782,864691135184143362,1
864691135858216494,864691135208060793,2
864691135858273326,864691135196313642,2
864691135858282030,864691135184143362,4
864691135858298670,864691135195476266,1
864691135858298670,864691135195478058,1
864691135858363694,864691135208460921,1
864691135858395950,864691135208641657,1
864691135858491438,864691135183968514,1
864691135858491438,864691135183972354,1
864691135858491438,864691135194782250,1
864691135858491438,864691135195040810,1
864691135858491438,864691135195483946,1
864691135858491438,864691135196291626,1
864691135858491438,864691135196319018,5
864691135858491438,864691135196622378,1
864691135858491438,864691135196633642,1
864691135858491438,864691135208441721,1
864691135858491438,864691135208638841,1
864691135858491438,864691135208658809,1
864691135858491438,864691135208698489,1
864691135858491438,864691135208702073,2
864691135858491438,864691135208958585,2
864691135858491438,864691135209022841,1
864691135858689384,864691135208202361,1
864691135858711400,864691135207762297,6
864691135859005288,864691135194859562,6
864691135859118696,864691135208017785,1
864691135859413352,864691135207716217,1
864691135859498088,864691135209022841,1
864691135859609960,864691135208676985,1
864691135859615848,864691135194856746,1
864691135859615848,864691135195903274,1
864691135859698024,864691135208715129,1
864691135860483176,864691135194859562,1
864691135860866152,864691135196319018,1
864691135860948072,864691135183968514,2
864691135860948072,864691135194782250,2
864691135860948072,864691135196633642,1
864691135860948072,864691135208658809,1
864691135864052094,864691135184143362,1
864691135864059006,864691135208441721,1
864691135864059006,864691135208668281,1
864691135864061310,864691135196291626,2
864691135864079486,864691135208650617,1
864691135864504446,864691135208457337,1
864691135864507006,864691135195040810,1
864691135864507006,864691135208707961,1
864691135864671196,864691135208060793,2
864691135864682878,864691135195344938,1
864691135864683996,864691135195474730,1
864691135864699612,864691135208457337,1
864691135864699612,864691135208715129,4
864691135864717532,864691135194429226,1
864691135864726748,864691135208715129,1
864691135864727772,864691135209194617,1
864691135864739804,864691135195486250,1
864691135864740828,864691135208060793,1
864691135864743132,864691135195486250,1
864691135864750718,864691135207716217,1
864691135864786046,864691135208650617,1
864691135864818652,864691135208702073,1
864691135864857214,864691135196291626,1
864691135864951678,864691135194940202,1
864691135864969854,864691135208676985,2
864691135864996222,864691135195903274,1
864691135865013630,864691135208060793,1
864691135865020892,864691135195040810,1
864691135865020892,864691135208460921,1
864691135865056126,864691135195478058,1
864691135865106140,864691135208416121,1
864691135865107164,864691135194782250,1
864691135865144446,864691135208203385,1
864691135865185662,864691135208060793,1
864691135865214590,864691135196202282,2
864691135865214590,864691135208202361,1
864691135865411804,864691135207897209,3
864691135865411804,864691135208676985,4
864691135865453276,864691135195417642,1
864691135865489285,864691135208668281,1
864691135865494917,864691135195283754,1
864691135865508229,864691135196291626,1
864691135865513861,864691135195185194,1
864691135865535365,864691135196291626,2
864691135865537669,864691135194856746,2
864691135865539717,864691135208722553,1
864691135865543557,864691135208707961,11
864691135865544325,864691135195040810,1
864691135865544325,864691135195322410,1
864691135865552517,864691135208060793,1
864691135865561989,864691135208060793,1
864691135865568389,864691135208060793,1
864691135865572997,864691135195040810,1
864691135865576069,864691135195483946,1
864691135865576069,864691135208402297,1
864691135865576069,864691135208457337,1
864691135865576837,864691135208416121,3
864691135865579909,864691135195478058,2
864691135865594076,864691135195395370,3
864691135865596293,864691135194713642,4
864691135865602437,864691135208564345,1
864691135865628892,864691135209022841,3
864691135865681116,864691135195040810,1
864691135865681116,864691135208650617,2
864691135865681116,864691135208676985,1
864691135865681116,864691135208707961,4
864691135865689052,864691135208707961,2
864691135865702620,864691135196291626,1
864691135865704668,864691135208692089,1
864691135865705436,864691135207818361,2
864691135865705436,864691135208457337,7
864691135865705436,864691135208715129,1
864691135865707228,864691135195040810,1
864691135865711580,864691135208650617,1
864691135865711580,864691135208707961,1
864691135865839580,864691135195903274,1
864691135865866110,864691135207818361,3
864691135865884636,864691135195312426,1
864691135865897093,864691135194859562,1
864691135865904005,864691135207897209,2
864691135865904005,864691135208612729,1
864691135865904005,864691135208676985,1
864691135865907676,864691135196202282,1
864691135865912197,864691135208448889,1
864691135865920901,864691135208692089,1
864691135865964158,864691135196658986,1
864691135865964158,864691135209194617,5
864691135865997957,864691135195283754,1
864691135866008796,864691135195469354,1
864691135866008796,864691135208668281,1
864691135866024318,864691135183968514,1
864691135866038398,864691135195344938,1
864691135866086021,864691135207818361,9
864691135866086021,864691135208707961,3
864691135866086021,864691135208715129,3
864691135866089349,864691135208060793,1
864691135866089349,864691135208692089,1
864691135866089349,864691135209022841,1
864691135866097285,864691135207772537,1
864691135866143964,864691135195040810,3
864691135866177413,864691135209245817,1
864691135866364124,864691135195486506,1
864691135866364124,864691135195903274,1
864691135866368389,864691135208707961,1
864691135866370326,864691135207772537,2
864691135866371036,864691135209022841,2
864691135866371606,864691135195040810,1
864691135866376581,864691135195191594,1
864691135866381590,864691135195486506,3
864691135866381590,864691135196622378,1
864691135866387077,864691135208060793,1
864691135866391004,864691135184283650,1
864691135866391004,864691135208958585,1
864691135866406782,864691135195283754,1
864691135866406782,864691135208715129,2
864691135866409238,864691135208157561,1
864691135866409494,864691135207762297,7
864691135866409494,864691135208958585,1
864691135866410262,864691135194439210,1
864691135866410262,864691135196633642,1
864691135866413701,864691135195903274,1
864691135866430853,864691135194713642,1
864691135866519004,864691135207818361,1
864691135866519004,864691135208707961,1
864691135866579333,864691135209194617,1
864691135866595973,864691135195486506,1
864691135866606469,864691135208707961,1
864691135866751196,864691135209022841,1
864691135866901118,864691135208905593,1
864691135866927126,864691135208562809,1
864691135866945558,864691135208416121,1
864691135866963478,864691135208402297,4
864691135866963478,864691135208457337,2
864691135866965886,864691135208157561,1
864691135866975708,864691135196291626,1
864691135866980630,864691135208060793,1
864691135866987740,864691135208235897,3
864691135867002750,864691135208060793,3
864691135867002750,864691135208157561,2
864691135867033726,864691135184143362,1
864691135867033726,864691135208157561,3
864691135867033726,864691135208564345,1
864691135867033726,864691135208678521,2
864691135867033726,864691135209022841,1
864691135867033982,864691135195417642,4
864691135867058140,864691135184143362,3
864691135867058140,864691135208700281,1
864691135867058140,864691135208958585,2
864691135867058140,864691135209245817,2
864691135867072534,864691135195469354,2
864691135867072534,864691135209245817,2
864691135867084677,864691135196202282,2
864691135867139205,864691135208460921,1
864691135867345686,864691135208060793,1
864691135867376918,864691135208723321,1
864691135867505942,864691135198850432,1
864691135867546390,864691135195478058,1
864691135867564822,864691135196622378,1
864691135867623958,864691135207751545,2
864691135867625238,864691135208402297,3
864691135867642134,864691135208457337,1
864691135867643158,864691135207716217,1
864691135867649046,864691135195277354,1
864691135867649046,864691135195283754,6
864691135867905302,864691135208416121,1
864691135867905302,864691135208457337,1
864691135867908886,864691135195469354,1
864691135867970070,864691135208723321,1
864691135868043397,864691135183968514,1
864691135868043397,864691135196291626,1
864691135868044054,864691135183968514,1
864691135868142102,864691135209245817,3
864691135868169349,864691135195486506,1
864691135868651542,864691135207748985,1
864691135868652822,864691135208958585,1
864691135868684566,864691135195469354,1
864691135868723478,864691135196291626,4
864691135869346582,864691135184283650,1
864691135869457430,864691135183968514,3
864691135869511190,864691135194782250,1
864691135869511190,864691135196319018,1
864691135870261601,864691135208562809,1
864691135870291297,864691135198850432,1
864691135873603982,864691135195486506,1
864691135873610382,864691135195474730,8
864691135873610382,864691135195478058,2
864691135873612942,864691135195469354,2
864691135873633166,864691135208698489,1
864691135873742734,864691135207716217,2
864691135873824654,864691135195395370,1
864691135873841038,864691135207818361,1
864691135873841038,864691135208017785,1
864691135874486158,864691135194782250,3
864691135874558094,864691135195303466,1
864691135874571150,864691135207716217,3
864691135874861454,864691135195344938,1
864691135875058318,864691135194408234,1
864691135875273870,864691135208060793,2
864691135875274638,864691135208060793,1
864691135875402126,864691135195486506,1
864691135875493518,864691135196633642,1
864691135875493518,864691135208423801,3
864691135875569550,864691135196633642,2
864691135875569550,864691135208678521,1
864691135875763086,864691135184283650,1
864691135875813006,864691135196202282,1
864691135875980371,864691135195469354,1
864691135875980371,864691135196291626,1
864691135875980371,864691135208668281,1
864691135876000339,864691135208017785,1
864691135876013907,864691135208457337,1
864691135876015443,864691135208060793,3
864691135876020307,864691135208707961,1
864691135876040078,864691135183968514,1
864691135876040078,864691135208564345,1
864691135876099726,864691135196622378,1
864691135876105614,864691135196633642,2
864691135876161619,864691135194782250,3
864691135876304211,864691135209194617,1
864691135876446803,864691135196291626,2
864691135876664915,864691135208678521,1
864691135876685907,864691135195191594,1
864691135876852307,864691135208416121,2
864691135876935251,864691135207897209,1
864691135876935251,864691135208707961,2
864691135876942163,864691135195478058,1
864691135877099603,864691135208692089,2
864691135877398355,864691135195322410,1
864691135878047571,864691135195344938,1
864691135878780499,864691135195303466,5
864691135878780499,864691135209022841,1
864691135878782035,864691135196202282,1
864691135878782035,864691135196622378,1
864691135883880304,864691135194713642,1
864691135883881840,864691135208416121,1
864691135883881840,864691135208441721,1
864691135883915632,864691135194940202,1
864691135884323184,864691135208416121,1
864691135884346480,864691135208564345,1
864691135884353136,864691135194713642,1
864691135884673648,864691135208060793,1
864691135884808560,864691135195312426,1
864691135884821360,864691135207716217,1
864691135884899696,864691135196319018,1
864691135885120368,864691135195417642,2
864691135885120368,864691135196202282,2
864691135885180272,864691135196658986,2
864691135885194352,864691135195469354,1
864691135885221488,864691135208676985,1
864691135885322096,864691135196291626,1
864691135885343856,864691135183968514,1
864691135885433456,864691135209022841,1
864691135885443184,864691135196291626,1
864691135885557360,864691135209194617,1
864691135885572208,864691135195476266,2
864691135885572208,864691135209194617,2
864691135885764464,864691135208157561,2
864691135885764464,864691135208423801,1
864691135885764464,864691135208564345,4
864691135886156912,864691135208678521,1
864691135886183024,864691135195469354,1
864691135886293872,864691135195486250,2
864691135886293872,864691135207748985,1
864691135886293872,864691135208692089,1
864691135886293872,864691135208702073,1
864691135886345072,864691135183968514,1
864691135886345072,864691135184143362,4
864691135886345072,864691135195469354,1
864691135886345072,864691135196291626,16
864691135888472457,864691135208060793,2
864691135888483977,864691135208441721,2
864691135888486281,864691135208060793,4
864691135888486537,864691135183618050,1
864691135888510345,864691135208707961,1
864691135888510857,864691135208416121,2
864691135888511113,864691135194408234,1
864691135888516745,864691135195344938,1
864691135888518281,864691135195486250,1
864691135888518281,864691135209022841,1
864691135888523145,864691135208017785,1
864691135888686729,864691135195493418,1
864691135888821385,864691135195322410,2
864691135888841097,864691135195040810,1
864691135888945801,864691135208017785,1
864691135888983689,864691135195483946,1
864691135889042825,864691135195469354,1
864691135889373065,864691135194413354,1
864691135889729161,864691135196291626,1
864691135889773449,864691135195040810,2
864691135889893769,864691135194713642,2
864691135889893769,864691135195312426,2
864691135889979785,864691135209022841,1
864691135890079369,864691135184143362,1
864691135890201993,864691135195903274,1
864691135890238601,864691135208593017,1
864691135890268809,864691135196291626,1
864691135890602377,864691135195040810,1
864691135890651529,864691135195474730,1
864691135891022473,864691135195486506,1
864691135891143305,864691135195486506,1
864691135891497097,864691135208668281,1
864691135891510153,864691135196633642,2
864691135891510153,864691135208564345,1
864691135891551369,864691135208593017,1
864691135891719305,864691135183618050,1
864691135891719305,864691135196202282,1
864691135891719305,864691135196313642,1
864691135891898761,864691135195303466,1
864691135892202633,864691135195417642,1
864691135892202633,864691135208905593,1
864691135892214409,864691135196291626,1
864691135892228489,864691135207716217,1
864691135892234633,864691135208700281,1
864691135892415881,864691135208678521,1
864691135892483721,864691135196313642,1
864691135909729961,864691135208668281,1
864691135910080681,864691135208698489,1
864691135910217641,864691135195478058,1
864691135910510505,864691135195040810,1
864691135910609065,864691135196658986,1
864691135910670249,864691135195417642,1
864691135910690729,864691135208668281,1
864691135910863273,864691135196633642,1
864691135911242409,864691135208722553,1
864691135912055977,864691135195486506,1
864691135912195497,864691135196633642,3
864691135912358569,864691135196319018,1
864691135912367785,864691135208157561,2
864691135912367785,864691135208564345,3
864691135912367785,864691135209022841,3
864691135914014305,864691135195442730,1
864691135915165286,864691135208564345,1
864691135915181670,864691135208402297,1
864691135915181670,864691135208722553,1
864691135915191910,864691135208203385,1
864691135915215462,864691135184143362,1
864691135915432806,864691135195469354,1
864691135915589990,864691135209022841,1
864691135915709030,864691135195040810,1
864691135915869286,864691135208638841,1
864691135915875942,864691135196633642,1
864691135916098918,864691135208676985,1
864691135916098918,864691135209022841,1
864691135916240998,864691135195040810,2
864691135916240998,864691135208676985,1
864691135916240998,864691135208707961,1
864691135916584806,864691135208668281,1
864691135916590694,864691135183968514,1
864691135916821606,864691135195417642,1
864691135916925030,864691135208958585,1
864691135917058150,864691135208668281,2
864691135917122662,864691135209022841,2
864691135917583462,864691135194413354,1
864691135917583462,864691135195040810,4
864691135917583462,864691135207897209,1
864691135917583462,864691135208650617,1
864691135917583462,864691135208676985,1
864691135917583462,864691135208707961,3
864691135917650534,864691135184143362,1
864691135918308272,864691135208203385,1
864691135918316720,864691135184283650,1
864691135918336944,864691135209245817,1
864691135918337968,864691135208060793,1
864691135918344112,864691135196633642,1
864691135918344112,864691135208157561,1
864691135918344112,864691135208564345,2
864691135918344624,864691135183968514,1
864691135918596528,864691135208562809,2
864691135918598832,864691135208707961,2
864691135918600880,864691135194940202,1
864691135918600880,864691135195469354,1
864691135919170736,864691135194859562,2
864691135919170736,864691135208707961,2
864691135919392176,864691135194713642,1
864691135919407536,864691135208722553,1
864691135919622320,864691135208678521,1
864691135919823024,864691135183968514,1
864691135919901616,864691135209194617,1
864691135919977904,864691135208678521,1
864691135919981232,864691135195478058,1
864691135920136624,864691135208638841,1
864691135920492976,864691135194859562,1
864691135920492976,864691135195476266,1
864691135920492976,864691135208235897,2
864691135920747440,864691135208564345,1
864691135920880304,864691135194782250,1
864691135920880304,864691135208678521,2
864691135920894128,864691135184143362,2
864691135920894128,864691135184283650,1
864691135920894128,864691135196633642,1
864691135920894128,864691135208658809,3
864691135920930224,864691135208958585,3
864691135920930224,864691135209245817,1
864691135921461507,864691135208722553,1
864691135921985539,864691135195483946,2
864691135921985539,864691135208402297,2
864691135921985539,864691135208457337,3
864691135924086531,864691135195312426,1
864691135925500430,864691135208017785,1
864691135925541902,864691135207818361,1
864691135925893390,864691135196291626,1
864691135925923342,864691135208402297,1
864691135925923342,864691135208722553,1
864691135925995534,864691135208707961,1
864691135926295252,864691135207897209,2
864691135926298580,864691135196622378,1
864691135926311892,864691135195040810,2
864691135926313428,864691135195903274,3
864691135926320596,864691135195277354,1
864691135926440148,864691135196202282,1
864691135926448142,864691135195486506,1
864691135926580238,864691135194713642,4
864691135926595342,864691135208722553,1
864691135926605326,864691135208638841,1
864691135926605582,864691135208416121,1
864691135926608142,864691135195040810,1
864691135926608142,864691135195469354,3
864691135926718734,864691135208612729,1
864691135927224846,864691135183972354,7
864691135927224846,864691135195474730,1
864691135927224846,864691135208698489,2
864691135927224846,864691135208707961,1
864691135927227604,864691135195191594,1
864691135927241940,864691135207772537,1
864691135927336148,864691135196633642,2
864691135927336148,864691135208423801,1
864691135927366612,864691135194446634,1
864691135927468756,864691135195185194,1
864691135927468756,864691135195469354,1
864691135927496718,864691135183618050,1
864691135927523796,864691135194940202,1
864691135927523796,864691135207818361,1
864691135927639764,864691135208723321,6
864691135927647700,864691135194408234,1
864691135927651540,864691135195185194,1
864691135927651540,864691135208416121,1
864691135927651540,864691135208441721,1
864691135927750100,864691135183972354,3
864691135927750100,864691135194713642,1
864691135927750100,864691135195322410,1
864691135927896788,864691135183618050,1
864691135927929300,864691135208638841,1
864691135927984852,864691135195474730,1
864691135928146388,864691135183618050,1
864691135928366292,864691135183968514,1
864691135928444372,864691135208692089,1
864691135928707796,864691135208060793,1
864691135928849620,864691135208658809,1
864691135929158612,864691135194439210,1
864691135929158612,864691135195303466,1
864691135929158612,864691135195486250,1
864691135929158612,864691135208638841,1
864691135929185492,864691135195277354,1
864691135929229780,864691135196291626,1
864691135936595971,864691135208402297,2
864691135936595971,864691135208722553,1
864691135937147652,864691135194713642,1
864691135937147652,864691135195312426,3
864691135937174788,864691135208060793,1
864691135937193220,864691135208715129,2
864691135937202948,864691135208676985,1
864691135937322244,864691135208722553,1
864691135937353525,864691135208722553,1
864691135937362997,864691135208017785,1
864691135937383733,864691135208723321,2
864691135937398837,864691135196633642,2
864691135937401141,864691135208658809,1
864691135937402884,864691135195469354,1
864691135937402884,864691135195903274,5
864691135937411381,864691135194859562,3
864691135937586997,864691135194859562,1
864691135937595396,864691135195478058,1
864691135937601540,864691135208017785,1
864691135937638404,864691135195185194,1
864691135937654276,864691135183972354,1
864691135937654276,864691135195469354,1
864691135937654276,864691135195474730,1
864691135937654276,864691135209194617,2
864691135937804803,864691135207897209,1
864691135937837109,864691135195040810,1
864691135937894453,864691135208638841,1
864691135937894453,864691135208692089,1
864691135937915396,864691135195478058,1
864691135937915396,864691135195903274,1
864691135937969461,864691135195469354,1
864691135938155524,864691135207818361,2
864691135938159876,864691135208402297,1
864691135938159876,864691135208722553,2
864691135938177540,864691135207818361,1
864691135938177540,864691135208707961,1
864691135938194692,864691135208722553,3
864691135938236676,864691135208612729,3
864691135938236676,864691135208650617,8
864691135938236676,864691135208676985,1
864691135938275893,864691135209245817,1
864691135938316341,864691135208441721,1
864691135938365749,864691135195040810,1
864691135938369077,864691135195478058,1
864691135938392117,864691135195417642,1
864691135938397188,864691135195903274,1
864691135938398468,864691135194446634,3
864691135938398468,864691135195483946,1
864691135938398468,864691135208402297,2
864691135938398468,864691135208457337,6
864691135938430980,864691135208707961,1
864691135938467844,864691135184143362,2
864691135938474037,864691135208448889,1
864691135938491445,864691135196319018,1
864691135938503733,864691135208650617,1
864691135938507573,864691135207818361,1
864691135938510133,864691135195478058,2
864691135938510133,864691135195903274,2
864691135938516533,864691135194439210,2
864691135938517813,864691135195469354,1
864691135938609412,864691135208641657,1
864691135938943492,864691135208638841,1
864691135939017525,864691135195303466,1
864691135939072004,864691135195417642,2
864691135939110453,864691135195185194,1
864691135939179524,864691135208593017,1
864691135939271169,864691135196291626,1
864691135939275829,864691135208060793,2
864691135939286017,864691135194713642,1
864691135939286017,864691135195312426,1
864691135939286273,864691135194856746,1
864691135939286273,864691135195395370,2
864691135939288833,864691135208441721,1
864691135939289345,864691135194856746,1
864691135939292673,864691135195395370,1
864691135939297537,864691135208722553,2
864691135939321857,864691135208457337,1
864691135939322369,864691135208441721,2
864691135939322881,864691135208722553,1
864691135939327489,864691135208722553,1
864691135939328257,864691135196291626,1
864691135939333633,864691135208441721,1
864691135939355137,864691135194940202,1
864691135939363841,864691135195903274,1
864691135939374849,864691135195486250,1
864691135939400193,864691135194413354,1
864691135939414017,864691135194940202,1
864691135939414017,864691135208017785,1
864691135939418881,864691135195395370,1
864691135939423745,864691135209194617,1
864691135939426305,864691135196633642,1
864691135939429633,864691135208203385,2
864691135939469569,864691135195312426,1
864691135939555585,864691135183972354,1
864691135939604533,864691135183618050,1
864691135939604533,864691135207772537,1
864691135939604533,864691135208051577,1
864691135939636646,864691135195469354,1
864691135939645444,864691135207762297,2
864691135939645444,864691135208700281,1
864691135939645444,864691135208958585,1
864691135939645444,864691135209194617,1
864691135939649190,864691135196291626,1
864691135939665062,864691135194446634,1
864691135939704580,864691135208157561,1
864691135939704580,864691135208564345,5
864691135939704580,864691135208678521,5
864691135939800321,864691135208060793,2
864691135939836161,864691135207772537,1
864691135939952038,864691135208060793,4
864691135939975169,864691135194408234,1
864691135939975169,864691135196291626,2
864691135940064001,864691135195474730,1
864691135940086325,864691135209022841,5
864691135940107573,864691135194408234,1
864691135940107573,864691135196319018,1
864691135940112550,864691135196319018,1
864691135940217857,864691135195312426,1
864691135940376998,864691135194856746,1
864691135940384515,864691135208722553,1
864691135940391078,864691135195191594,2
864691135940400038,864691135208197241,1
864691135940445953,864691135196319018,1
864691135940502529,864691135195417642,1
864691135940516774,864691135195040810,1
864691135940593921,864691135208944505,1
864691135940600230,864691135196319018,1
864691135940600742,864691135195469354,1
864691135940611494,864691135208905593,1
864691135940615078,864691135183972354,2
864691135940615078,864691135195040810,1
864691135940615078,864691135195322410,1
864691135940616358,864691135183972354,1
864691135940616358,864691135195322410,3
864691135940616358,864691135195474730,1
864691135940620966,864691135196291626,1
864691135940626598,864691135194713642,1
864691135940631718,864691135208416121,2
864691135940635046,864691135194940202,1
864691135940636929,864691135209022841,1
864691135940685057,864691135207818361,1
864691135940893606,864691135208707961,1
864691135940895398,864691135207897209,1
864691135941039361,864691135207818361,2
864691135941039361,864691135208715129,1
864691135941061633,864691135194859562,1
864691135941088422,864691135184143362,1
864691135941123188,864691135195469354,1
864691135941123188,864691135208416121,2
864691135941130662,864691135195486506,1
864691135941130662,864691135195903274,1
864691135941143924,864691135208722553,3
864691135941149812,864691135208722553,2
864691135941167988,864691135207748985,1
864691135941182068,864691135208060793,1
864691135941303462,864691135196633642,1
864691135941436532,864691135208402297,1
864691135941569140,864691135208715129,5
864691135941574054,864691135208060793,3
864691135941708033,864691135195486506,1
864691135941766657,864691135184283650,1
864691135941800449,864691135195478058,1
864691135941800449,864691135195903274,1
864691135941809153,864691135195486506,1
864691135941883508,864691135208060793,1
864691135941899777,864691135195474730,2
864691135941899777,864691135195476266,2
864691135941899777,864691135208700281,1
864691135941904385,864691135208060793,1
864691135942004852,864691135195040810,1
864691135942007297,864691135196319018,1
864691135942018164,864691135196658986,1
864691135942044929,864691135208668281,1
864691135942055284,864691135208676985,1
864691135942114164,864691135208017785,1
864691135942124404,864691135208707961,1
864691135942133108,864691135195040810,2
864691135942133108,864691135207818361,2
864691135942133108,864691135208457337,1
864691135942133108,864691135208707961,2
864691135942310260,864691135208707961,1
864691135942322433,864691135209022841,1
864691135942404609,864691135196633642,2
864691135942794868,864691135208905593,2
864691135943029620,864691135194782250,1
864691135943029620,864691135208658809,2
864691135943566964,864691135183972354,1
864691135943566964,864691135195474730,2
864691135943566964,864691135195903274,1
864691135943566964,864691135208448889,1
864691135943566964,864691135209245817,1
864691135943623284,864691135209022841,1
864691135943820148,864691135208702073,1
864691135943820148,864691135209022841,3
864691135943820916,864691135195417642,1
864691135943826548,864691135196319018,1
864691135943826548,864691135208593017,1
864691135943896692,864691135184143362,1
864691135943943540,864691135196622378,1
864691135943943540,864691135208958585,1
864691135944010356,864691135183968514,1
864691135944010356,864691135195303466,1
864691135944010356,864691135196291626,3
864691135944010356,864691135196319018,2
864691135944010356,864691135196622378,1
864691135944010356,864691135208593017,2
864691135945234378,864691135195040810,1
864691135945378596,864691135196319018,1
864691135945390628,864691135196658986,5
864691135945409572,864691135195483946,1
864691135945431076,864691135208562809,1
864691135945440292,864691135194713642,1
864691135945444644,864691135208017785,1
864691135945453860,864691135208650617,3
864691135945453860,864691135208698489,1
864691135945463076,864691135208698489,1
864691135945465636,864691135194713642,1
864691135945473572,864691135194782250,1
864691135945479460,864691135196622378,1
864691135945484836,864691135194713642,2
864691135945511204,864691135208060793,1
864691135945513764,864691135208060793,1
864691135945515556,864691135208060793,6
864691135945524004,864691135208448889,1
864691135945533988,864691135196291626,3
864691135945543204,864691135208698489,1
864691135945545508,864691135208722553,2
864691135945903140,864691135208060793,1
864691135945984036,864691135207818361,1
864691135945984804,864691135208457337,1
864691135946285604,864691135208060793,1
864691135946297034,864691135208715129,1
864691135946342948,864691135183618050,1
864691135946408740,864691135208650617,1
864691135946478884,864691135208715129,1
864691135946565412,864691135208457337,1
864691135946593316,864691135208905593,1
864691135946615076,864691135195486506,1
864691135946629668,864691135207818361,1
864691135946632289,864691135208668281,1
864691135946639969,864691135183618050,1
864691135946645857,864691135208460921,1
864691135946671969,864691135208676985,1
864691135946676260,864691135195040810,1
864691135946676321,864691135195312426,1
864691135946676321,864691135208650617,1
864691135946689889,864691135196319018,2
864691135946981217,864691135194940202,1
864691135946994785,864691135208060793,1
864691135947146532,864691135196291626,2
864691135947158308,864691135195040810,1
864691135947158308,864691135207818361,1
864691135947158308,864691135207897209,1
864691135947158308,864691135208676985,3
864691135947158308,864691135208707961,3
864691135947175265,864691135207762297,1
864691135947464545,864691135208402297,1
864691135947501665,864691135208060793,1
864691135947525985,864691135195474730,1
864691135947544161,864691135208060793,2
864691135947552609,864691135209194617,1
864691135947562337,864691135209022841,1
864691135947578721,864691135196633642,1
864691135947615073,864691135208423801,1
864691135947626081,864691135196291626,2
864691135947629348,864691135209022841,1
864691135947632932,864691135209022841,1
864691135947650340,864691135207716217,5
864691135947763492,864691135208060793,5
864691135947805988,864691135195344938,1
864691135947843620,864691135208060793,3
864691135947889249,864691135208423801,1
864691135948097316,864691135194782250,1
864691135948179492,864691135208235897,1
864691135948220001,864691135196202282,1
864691135948392228,864691135209022841,1
864691135948462372,864691135195474730,1
864691135948462433,864691135207818361,2
864691135948591713,864691135196291626,1
864691135948721249,864691135195344938,1
864691135948814433,864691135208203385,1
864691135948907617,864691135195469354,4
864691135949030753,864691135208678521,1
864691135949035361,864691135196291626,3
864691135949046625,864691135184283650,1
864691135949056353,864691135196291626,1
864691135949111649,864691135196633642,1
864691135949111649,864691135208157561,1
864691135949111649,864691135209022841,1
864691135949112417,864691135183968514,1
864691135949112417,864691135195217706,1
864691135951958819,864691135209022841,1
864691135951971875,864691135208702073,1
864691135952006691,864691135208017785,1
864691135952012323,864691135195476266,1
864691135952012323,864691135207762297,1
864691135952208675,864691135208676985,1
864691135952893219,864691135208060793,1
864691135952913443,864691135208638841,1
864691135952917283,864691135209245817,1
864691135952936995,864691135208457337,1
864691135952952355,864691135183972354,1
864691135952952355,864691135196658986,1
864691135952952355,864691135207762297,4
864691135952952355,864691135209194617,1
864691135952956451,864691135196319018,2
864691135953110819,864691135208593017,1
864691135953479459,864691135195474730,1
864691135953666339,864691135208722553,1
864691135953740040,864691135208582265,1
864691135953746952,864691135207760761,1
864691135953762824,864691135196291626,1
864691135953773064,864691135195483946,3
864691135953783816,864691135208707961,1
864691135953798152,864691135183618050,1
864691135953798152,864691135194940202,1
864691135953798408,864691135195283754,1
864691135953847587,864691135195486506,2
864691135953853475,864691135207762297,1
864691135953856547,864691135195185194,1
864691135954181667,864691135196633642,2
864691135954194952,864691135195469354,1
864691135954219784,864691135196633642,2
864691135954219784,864691135208423801,1
864691135954258440,864691135194439210,2
864691135954258440,864691135207748985,1
864691135954379811,864691135183968514,1
864691135954393891,864691135209245817,1
864691135954505736,864691135196622378,1
864691135954592264,864691135208564345,1
864691135954603043,864691135196319018,1
864691135954637347,864691135195303466,1
864691135954665480,864691135195478058,7
864691135954699299,864691135195486506,3
864691135954699299,864691135196313642,1
864691135954699299,864691135196622378,2
864691135954699299,864691135207760761,1
864691135954699299,864691135208723321,2
864691135954699299,864691135209245817,1
864691135954735880,864691135195040810,2
864691135954782728,864691135208060793,3
864691135954792456,864691135208060793,1
864691135954795272,864691135195483946,2
864691135954795272,864691135208402297,3
864691135954810888,864691135195040810,1
864691135954813448,864691135208715129,4
864691135954844963,864691135207716217,4
864691135954844963,864691135208692089,1
864691135954961928,864691135195903274,1
864691135955060232,864691135195469354,1
864691135955262472,864691135196622378,1
864691135955268616,864691135195344938,1
864691135955268616,864691135207760761,1
864691135955268616,864691135208641657,1
864691135955268616,864691135208723321,1
864691135955398664,864691135196658986,1
864691135955494920,864691135184283650,1
864691135955574536,864691135208564345,3
864691135955636232,864691135209022841,1
864691135955817480,864691135183972354,1
864691135955912456,864691135208678521,1
864691135955919880,864691135195486506,1
864691135955919880,864691135196319018,1
864691135955919880,864691135196633642,1
864691135955919880,864691135209245817,1
864691135956022024,864691135208593017,1
864691135956412362,864691135208698489,1
864691135957441994,864691135208722553,1
864691135961856806,864691135208722553,2
864691135963906762,864691135194859562,2
864691135964538826,864691135195283754,1
864691135964837066,864691135195040810,1
864691135964837066,864691135207818361,5
864691135964837066,864691135208402297,1
864691135964837066,864691135208457337,3
864691135964837066,864691135208715129,7
864691135965047754,864691135207818361,2
864691135965047754,864691135207897209,1
864691135965047754,864691135208707961,2
864691135965343434,864691135195312426,1
864691135966688970,864691135195469354,1
864691135968918885,864691135208017785,4
864691135969211493,864691135196291626,1
864691135969211493,864691135208441721,1
864691135969368677,864691135195040810,1
864691135969423717,864691135208668281,1
864691135969845861,864691135196291626,1
864691135970019173,864691135195469354,1
864691135970019173,864691135208441721,1
864691135970019173,864691135208958585,1
864691135970037093,864691135196319018,1
864691135970376138,864691135194856746,1
864691135970744933,864691135183618050,1
864691135971091045,864691135194782250,1
864691135971091045,864691135196319018,1
864691135971124069,864691135184283650,1
864691135971252837,864691135183968514,1
864691135971552101,864691135195486506,1
864691135971680613,864691135208457337,1
864691135974456687,864691135208722553,1
864691135974857583,864691135208715129,1
864691135974870383,864691135209194617,1
864691135974872687,864691135207818361,1
864691135974995823,864691135195312426,1
864691135975446595,864691135194859562,4
864691135975446595,864691135207818361,2
864691135975446639,864691135195486506,1
864691135975453807,864691135195478058,1
864691135975469423,864691135195303466,1
864691135975476291,864691135183968514,1
864691135975476291,864691135209022841,1
864691135975539779,864691135195040810,1
864691135975539779,864691135207818361,1
864691135975539779,864691135208676985,1
864691135975571311,864691135208017785,1
864691135975577155,864691135183618050,1
864691135975613295,864691135195303466,1
864691135975995715,864691135208715129,2
864691135976130671,864691135208638841,1
864691135976155459,864691135196291626,1
864691135976241519,864691135195395370,1
864691135976343754,864691135208715129,2
864691135976391535,864691135195486506,1
864691135976486467,864691135183618050,1
864691135976516419,864691135208017785,2
864691135976572015,864691135208678521,1
864691135976619331,864691135208564345,1
864691135976813935,864691135208722553,1
864691135976823919,864691135208676985,1
864691135976874819,864691135195040810,1
864691135976968259,864691135208402297,1
864691135976984387,864691135195040810,1
864691135976984387,864691135207818361,1
864691135977393731,864691135208060793,1
864691135977735235,864691135196202282,1
864691135977750851,864691135196633642,1
864691135977768259,864691135208678521,14
864691135977782272,864691135208562809,1
864691135977807427,864691135183968514,1
864691135977880899,864691135208564345,1
864691135977925187,864691135184283650,1
864691135977925187,864691135194859562,4
864691135977925187,864691135208668281,1
864691135977925187,864691135209194617,6
864691135981544448,864691135208562809,1
864691135982474915,864691135194446634,1
864691135982474915,864691135208722553,2
864691135982714787,864691135208722553,2
864691135984113315,864691135208715129,1
864691135986210979,864691135208722553,1
864691135986889475,864691135195344938,1
864691135986894083,864691135195903274,4
864691135986895619,864691135208448889,1
864691135986899203,864691135195040810,1
864691135986937347,864691135195469354,1
864691135986937347,864691135196291626,1
864691135987249923,864691135208197241,1
864691135987284227,864691135195283754,1
864691135987349251,864691135208638841,1
864691135987382787,864691135208676985,1
864691135988011011,864691135195312426,1
864691135988021251,864691135196633642,1
864691135988023043,864691135208722553,1
864691135988292608,864691135195322410,3
864691135988292608,864691135195474730,2
864691135988292608,864691135207762297,1
864691135988306944,864691135208700281,1
864691135988344323,864691135194782250,1
864691135988644352,864691135194782250,1
864691135988644352,864691135208658809,1
864691135988790787,864691135195486506,1
864691135988800000,864691135196319018,1
864691135988801792,864691135208593017,1
864691135988819715,864691135195486506,3
864691135988830464,864691135194940202,1
864691135988830464,864691135208416121,1
864691135988885507,864691135195303466,1
864691135988885507,864691135208564345,1
864691135988885507,864691135208593017,2
864691135988931328,864691135195486506,3
864691135989017603,864691135208582265,4
864691135989090184,864691135196622378,1
864691135989107968,864691135208562809,1
864691135989190656,864691135209022841,1
864691135989317632,864691135207716217,1
864691135989317632,864691135209022841,1
864691135989321216,864691135208722553,1
864691135989344512,864691135208593017,4
864691135989345536,864691135195040810,1
864691135989472515,864691135208658809,1
864691135989639936,864691135207897209,1
864691135989639936,864691135208676985,1
864691135989688064,864691135195283754,2
864691135989702915,864691135208905593,1
864691135989713155,864691135183968514,2
864691135989740288,864691135194713642,1
864691135989817088,864691135195040810,1
864691135989836288,864691135196291626,1
864691135990009600,864691135196622378,1
864691135990009600,864691135209245817,1
864691135990036480,864691135195486506,1
864691135990265344,864691135208060793,1
864691135990265344,864691135208197241,1
864691135990277376,864691135194782250,1
864691135990564864,864691135184283650,1
864691135990793216,864691135184283650,3
864691135990851584,864691135208457337,1
864691135990851584,864691135208715129,2
864691135990862592,864691135194713642,2
864691135990890496,864691135184283650,5
864691135990890496,864691135196291626,5
864691135990890496,864691135208235897,1
864691135990890496,864691135209194617,1
864691135991075072,864691135196319018,1
864691135991161224,864691135195486506,1
864691135991162112,864691135209194617,1
864691135991171328,864691135209022841,1
864691135991197184,864691135194782250,2
864691135991197184,864691135208658809,1
864691135991221194,864691135194940202,1
864691135991481537,864691135207716217,1
864691135991485377,864691135195395370,1
864691135991496129,864691135208707961,1
864691135991499969,864691135196313642,1
864691135991499969,864691135196622378,1
864691135991502785,864691135208441721,3
864691135991503809,864691135208707961,1
864691135991507649,864691135208722553,2
864691135991513537,864691135208722553,1
864691135991519169,864691135208722553,1
864691135991524801,864691135196202282,1
864691135991800001,864691135208722553,1
864691135991801025,864691135195303466,1
864691135991801025,864691135196202282,2
864691135991863745,864691135194782250,1
864691135991865793,864691135196319018,1
864691135991870401,864691135195040810,1
864691135992401601,864691135195486506,1
864691135992401601,864691135196622378,2
864691135992443329,864691135195040810,1
864691135992443329,864691135208722553,1
864691135992454280,864691135209194617,1
864691135992463809,864691135208157561,1
864691135992491713,864691135208060793,1
864691135992496577,864691135208593017,1
864691135992497089,864691135208668281,1
864691135992899521,864691135194859562,1
864691135993066442,864691135194940202,1
864691135993066442,864691135208017785,1
864691135993113025,864691135195344938,1
864691135993573057,864691135195417642,1
864691135993600961,864691135196319018,1
864691135993698753,864691135195486250,4
864691135993698753,864691135208692089,2
864691135993698753,864691135209022841,3
864691135993739201,864691135195344938,1
864691135993787585,864691135195344938,1
864691135993787585,864691135195478058,1
864691135993787585,864691135195486506,1
864691135993787585,864691135195903274,6
864691135993787585,864691135208698489,1
864691135993787585,864691135208723321,1
864691135993815489,864691135195486506,1
864691135994055361,864691135184283650,1
864691135994222017,864691135183968514,1
864691135994222017,864691135184143362,1
864691135994229194,864691135194859562,1
864691135994323905,864691135207760761,1
864691135994323905,864691135208448889,1
864691135994453953,864691135183972354,1
864691135994453953,864691135195486506,1
864691135994470337,864691135195469354,1
864691135994470337,864691135209194617,3
864691135994473153,864691135196633642,2
864691135994483137,864691135209022841,1
864691135994554538,864691135195469354,1
864691135994554538,864691135208958585,1
864691135994562730,864691135208638841,1
864691135994570945,864691135195040810,1
864691135994643370,864691135194756906,2
864691135994643370,864691135208707961,1
864691135994815946,864691135195469354,1
864691135994815946,864691135208416121,4
864691135994819754,864691135208564345,1
864691135994874794,864691135209194617,1
864691135995104714,864691135207762297,2
864691135995187114,864691135196313642,1
864691135995234986,864691135207818361,2
864691135995266762,864691135208017785,1
864691135995266762,864691135208416121,1
864691135995382954,864691135195483946,1
864691135995399850,864691135196319018,1
864691135995405226,864691135208593017,1
864691135995487402,864691135208698489,1
864691135995495594,864691135195040810,3
864691135995586506,864691135194713642,1
864691135995586506,864691135195312426,1
864691135996249002,864691135195486506,9
864691135996249002,864691135208700281,1
864691135996278442,864691135196202282,1
864691135996900266,864691135208564345,1
864691135997080234,864691135196291626,1
864691135997177258,864691135196658986,1
864691135997231530,864691135208678521,4
864691135997352874,864691135194782250,2
864691135997425834,864691135209022841,1
864691135997673642,864691135208235897,1
864691135997680042,864691135196633642,12
864691135997680042,864691135208423801,2
864691135998685130,864691135195312426,1
864691135998759114,864691135195423018,1
864691135998797770,864691135208707961,1
864691135998915747,864691135195483946,1
864691135998915747,864691135208715129,1
864691136000086730,864691135208707961,1
864691136001738442,864691135207818361,1
864691136001931978,864691135194859562,1
864691136001931978,864691135207818361,2
864691136003124938,864691135208698489,1
864691136003918538,864691135195277354,2
864691136004733130,864691135208564345,1
864691136004735178,864691135195417642,1
864691136004742090,864691135196658986,1
864691136004755658,864691135208402297,3
864691136004755658,864691135208722553,2
864691136004763594,864691135208715129,3
864691136004773066,864691135195040810,1
864691136004885706,864691135194413354,1
864691136004885706,864691135195474730,1
864691136004885706,864691135195478058,1
864691136004885706,864691135195903274,1
864691136005069514,864691135195040810,3
864691136005069514,864691135209245817,1
864691136005095626,864691135208722553,1
864691136005150154,864691135195903274,1
864691136005150154,864691135208017785,1
864691136005150154,864691135209245817,1
864691136005203146,864691135207762297,2
864691136005205194,864691135207762297,1
864691136005241290,864691135194782250,1
864691136005569738,864691135208650617,1
864691136005721546,864691135195469354,1
864691136005765578,864691135208402297,1
864691136005765578,864691135208722553,3
864691136005821642,864691135195483946,1
864691136005830090,864691135195040810,2
864691136005840586,864691135195303466,1
864691136005890250,864691135195312426,1
864691136006079690,864691135209245817,1
864691136006161610,864691135208715129,1
864691136006241994,864691135196291626,1
864691136006344650,864691135208416121,1
864691136006795466,864691135207760761,1
864691136007095498,864691135208564345,1
864691136007308234,864691135208423801,1
864691136007400650,864691135196622378,1
864691136008424364,864691135195478058,1
864691136008439468,864691135208722553,1
864691136008459692,864691135208060793,1
864691136008460716,864691135208060793,2
864691136008463276,864691135196202282,1
864691136008465580,864691135208060793,2
864691136008470444,864691135195040810,1
864691136008478380,864691135208060793,2
864691136008485804,864691135196291626,1
864691136008488620,864691135196291626,1
864691136008568750,864691135195040810,1
864691136008570286,864691135183972354,1
864691136008961454,864691135208564345,1
864691136008966574,864691135208457337,2
864691136009188526,864691135208700281,1
864691136009200556,864691135208060793,5
864691136009348782,864691135195395370,1
864691136009360300,864691135208060793,1
864691136009397422,864691135195486506,1
864691136009415340,864691135194859562,2
864691136009423788,864691135208402297,1
864691136009428396,864691135207762297,1
864691136009428396,864691135208441721,6
864691136009428396,864691135209194617,1
864691136009428396,864691135209245817,1
864691136009448364,864691135208715129,1
864691136009612460,864691135196291626,2
864691136009854894,864691135196633642,1
864691136009890476,864691135209194617,1
864691136010028974,864691135195040810,1
864691136010376620,864691135209194617,1
864691136010379948,864691135184283650,1
864691136010513326,864691135195476266,1
864691136010513326,864691135208668281,3
864691136010513326,864691135209194617,2
864691136010513326,864691135209245817,1
864691136010687404,864691135209022841,5
864691136010717356,864691135184283650,2
864691136010730412,864691135207760761,1
864691136010778796,864691135207716217,1
864691136010879907,864691135196291626,1
864691136010909091,864691135208722553,1
864691136010915491,864691135183618050,1
864691136010928046,864691135195040810,1
864691136010938019,864691135208017785,1
864691136010939043,864691135208698489,1
864691136010944163,864691135208178553,2
864691136010944931,864691135195474730,2
864691136010953379,864691135196633642,1
864691136010953379,864691135208423801,1
864691136010963619,864691135208060793,2
864691136011027875,864691135195283754,1
864691136011067054,864691135208060793,1
864691136011307171,864691135208676985,2
864691136011323811,864691135196319018,1
864691136011485614,864691135184143362,1
864691136011485614,864691135195303466,1
864691136011485614,864691135208678521,12
864691136011600302,864691135195417642,2
864691136011600302,864691135196291626,5
864691136011600302,864691135196319018,10
864691136011622819,864691135208060793,3
864691136011670435,864691135208715129,1
864691136011698350,864691135208157561,1
864691136011733934,864691135184143362,1
864691136011733934,864691135207760761,1
864691136011739043,864691135208641657,1
864691136011757742,864691135196622378,1
864691136011782318,864691135196291626,1
864691136011782318,864691135208460921,1
864691136011782318,864691135208958585,3
864691136011782318,864691135209245817,3
864691136011832483,864691135195303466,1
864691136011857059,864691135208460921,1
864691136011901091,864691135207716217,1
864691136011920035,864691135208707961,1
864691136012495523,864691135208641657,1
864691136012495523,864691135208723321,1
864691136012563619,864691135194782250,3
864691136012948387,864691135183972354,4
864691136012948387,864691135194413354,2
864691136012948387,864691135195474730,1
864691136012948387,864691135208676985,1
864691136012948387,864691135208707961,2
864691136013125795,864691135208678521,2
864691136013147555,864691135208157561,1
864691136013160611,864691135195417642,1
864691136013160611,864691135196202282,1
864691136013184163,864691135208722553,2
864691136013242787,864691135195469354,1
864691136013242787,864691135195486506,1
864691136013242787,864691135196313642,1
864691136013242787,864691135207762297,1
864691136013242787,864691135208700281,1
864691136013242787,864691135208723321,1
864691136013242787,864691135208958585,1
864691136013284003,864691135194408234,1
864691136013367715,864691135208715129,1
864691136013653411,864691135196633642,7
864691136013734307,864691135195303466,1
864691136013734307,864691135196319018,1
864691136019227729,864691135208564345,1
864691136020218104,864691135196622378,1
864691136020250872,864691135209194617,1
864691136020260088,864691135208402297,1
864691136020260088,864691135208722553,3
864691136020268536,864691135207762297,1
864691136020276472,864691135194940202,2
864691136020282872,864691135195040810,1
864691136020284408,864691135195040810,1
864691136020287992,864691135194446634,3
864691136020311800,864691135208060793,1
864691136020325880,864691135208676985,1
864691136020333048,864691135208203385,1
864691136020717816,864691135196633642,3
864691136020717816,864691135208564345,2
864691136020836856,864691135208702073,3
864691136020903160,864691135195486506,1
864691136021058296,864691135183618050,1
864691136021122552,864691135209022841,4
864691136021273336,864691135208441721,1
864691136021279992,864691135209194617,1
864691136021306104,864691135195312426,1
864691136021409016,864691135195423018,1
864691136021592568,864691135183968514,2
864691136021592568,864691135195417642,10
864691136021592568,864691135195903274,2
864691136021895416,864691135208698489,1
864691136021895416,864691135208707961,3
864691136021945336,864691135209022841,1
864691136022200056,864691135207716217,1
864691136023388811,864691135208722553,2
864691136023725881,864691135208060793,1
864691136023752505,864691135208722553,3
864691136023753785,864691135195217706,3
864691136023763257,864691135194940202,1
864691136023763257,864691135208017785,2
864691136023766585,864691135208060793,1
864691136023794233,864691135208402297,1
864691136023795513,864691135207716217,1
864691136023797561,864691135195486250,1
864691136024186937,864691135194713642,1
864691136024228409,864691135208060793,1
864691136024329785,864691135208060793,1
864691136024335417,864691135208060793,1
864691136024625977,864691135209194617,1
864691136024627513,864691135194713642,1
864691136024689721,864691135208562809,1
864691136024693561,864691135195277354,1
864691136024809529,864691135194446634,1
864691136024810553,864691135209245817,1
864691136024813369,864691135207818361,2
864691136024826169,864691135208060793,1
864691136024828217,864691135208722553,3
864691136024828729,864691135194413354,1
864691136024963385,864691135195417642,1
864691136024984377,864691135207818361,2
864691136024984377,864691135208676985,1
864691136024998713,864691135208676985,1
864691136025093689,864691135195040810,1
864691136025093689,864691135207818361,1
864691136025093689,864691135208707961,1
864691136025145145,864691135194782250,1
864691136025155129,864691135195344938,1
864691136025162041,864691135196319018,1
864691136025221945,864691135195303466,1
864691136025280057,864691135196622378,1
864691136025504569,864691135196633642,1
864691136025616697,864691135196202282,1
864691136025913913,864691135184283650,1
864691136025996601,864691135208678521,1
864691136026234169,864691135183968514,2
864691136026234169,864691135184143362,1
864691136026331449,864691135195469354,2
864691136026374201,864691135209194617,1
864691136026787550,864691135208060793,4
864691136026848478,864691135208060793,1
864691136031668155,864691135208958585,1
864691136031675323,864691135194713642,1
864691136031693755,864691135195483946,1
864691136031694011,864691135207897209,1
864691136031694523,864691135208722553,1
864691136031698363,864691135208416121,1
864691136031707323,864691135207762297,1
864691136031709115,864691135195312426,1
864691136031722683,864691135208017785,1
864691136031739579,864691135195486250,1
864691136031749819,864691135194446634,1
864691136031753659,864691135208060793,1
864691136031759291,864691135208638841,1
864691136031772859,864691135208060793,1
864691136031787707,864691135208582265,1
864691136031975611,864691135207751545,1
864691136032155067,864691135208060793,1
864691136032188347,864691135208715129,1
864691136032197563,864691135208060793,1
864691136032650939,864691135208235897,2
864691136032662459,864691135195469354,1
864691136032664507,864691135209245817,1
864691136032665787,864691135208060793,1
864691136032670395,864691135195469354,1
864691136032692411,864691135195312426,1
864691136032732603,864691135195040810,1
864691136032917179,864691135195486250,2
864691136033166011,864691135209022841,2
864691136033279419,864691135194408234,1
864691136033335227,864691135209245817,1
864691136033456571,864691135195303466,1
864691136033465275,864691135195303466,1
864691136033465275,864691135196202282,2
864691136034086587,864691135196291626,1
864691136034086587,864691135208958585,1
864691136034086587,864691135209245817,1
864691136034171323,864691135196319018,1
864691136034195387,864691135208593017,1
864691136034292155,864691135196313642,1
864691136034454971,864691135194782250,1
864691136034482619,864691135195486506,2
864691136034487483,864691135184143362,1
864691136034487483,864691135208958585,1
864691136034604987,864691135183968514,1
864691136039340286,864691135208722553,3
864691136039344126,864691135208668281,1
864691136039360254,864691135184283650,1
864691136039393790,864691135208017785,1
864691136039395326,864691135195312426,1
864691136039397630,864691135209022841,1
864691136039400190,864691135195474730,1
864691136039406334,864691135196291626,1
864691136039704830,864691135208722553,2
864691136040098558,864691135209245817,1
864691136040148734,864691135194856746,1
864691136040237822,864691135194713642,1
864691136040237822,864691135195312426,4
864691136040333822,864691135195185194,2
864691136040339198,864691135208715129,1
864691136040542718,864691135195303466,1
864691136040542718,864691135208638841,1
864691136040892158,864691135208958585,1
864691136040892158,864691135209245817,1
864691136040996182,864691135183618050,3
864691136041021782,864691135195483946,1
864691136041021782,864691135208457337,1
864691136041028694,864691135208017785,1
864691136041030230,864691135195312426,1
864691136041039190,864691135208722553,1
864691136041041494,864691135195486506,1
864691136041045846,864691135208060793,6
864691136041048406,864691135194782250,1
864691136041048406,864691135196319018,1
864691136041071958,864691135208698489,1
864691136041076990,864691135196319018,1
864691136041421654,864691135196291626,1
864691136041504254,864691135194782250,1
864691136041510398,864691135208958585,1
864691136041604438,864691135195469354,2
864691136041604438,864691135196658986,1
864691136041604438,864691135208441721,1
864691136041608790,864691135209245817,1
864691136041642494,864691135183968514,1
864691136041642494,864691135209022841,1
864691136041679702,864691135195040810,2
864691136041679702,864691135207897209,2
864691136041679702,864691135208650617,2
864691136041679702,864691135208676985,2
864691136041679702,864691135208707961,2
864691136041694718,864691135196658986,1
864691136041694718,864691135207762297,11
864691136041694718,864691135209245817,5
864691136041737470,864691135195486250,1
864691136041737470,864691135207772537,1
864691136041897814,864691135208707961,2
864691136041945942,864691135195185194,1
864691136041988950,864691135195903274,1
864691136042097238,864691135208722553,1
864691136042166102,864691135194713642,1
864691136042289238,864691135196291626,1
864691136042289238,864691135196319018,1
864691136042318934,864691135195486506,1
864691136042350422,864691135194859562,3
864691136042854742,864691135208157561,1
864691136042859862,864691135195469354,1
864691136042859862,864691135196291626,2
864691136043021910,864691135195469354,1
864691136043021910,864691135208678521,1
864691136043182934,864691135208448889,2
864691136043245654,864691135183972354,1
864691136043245654,864691135195322410,2
864691136043245654,864691135195474730,1
864691136043543382,864691135194782250,1
864691136050822643,864691135195417642,1
864691136050830579,864691135208638841,1
864691136050857203,864691135196202282,1
864691136050862067,864691135194408234,1
864691136050863859,864691135195395370,1
864691136050875379,864691135195469354,1
864691136050904819,864691135195040810,1
864691136050904819,864691135208612729,1
864691136050904819,864691135208650617,2
864691136050904819,864691135208676985,6
864691136050913267,864691135195277354,1
864691136051113715,864691135208402297,1
864691136051136243,864691135194446634,1
864691136051275507,864691135194940202,1
864691136051473651,864691135208017785,1
864691136051619571,864691135207716217,1
864691136051708915,864691135195395370,4
864691136051735027,864691135208457337,1
864691136051758323,864691135208676985,1
864691136051762675,864691135195474730,1
864691136051799795,864691135195486506,2
864691136051806707,864691135207772537,2
864691136051807731,864691135208017785,1
864691136051818227,864691135195486506,2
864691136051830771,864691135195040810,3
864691136051830771,864691135195277354,1
864691136052142323,864691135195040810,1
864691136052151283,864691135196319018,1
864691136052223219,864691135196291626,1
864691136052804339,864691135208668281,1
864691136053039347,864691135196622378,1
864691136053039347,864691135208641657,1
864691136053225715,864691135195185194,1
864691136053537779,864691135195040810,1
864691136053537779,864691135208707961,6
864691136053645299,864691135196291626,1
864691136053645299,864691135208723321,1
864691136053645299,864691135208958585,3
864691136053645299,864691135209194617,3
864691136053645299,864691135209245817,1
864691136056326616,864691135208017785,1
864691136056332760,864691135208638841,1
864691136056337624,864691135207818361,1
864691136056339160,864691135208715129,1
864691136056344280,864691135194713642,1
864691136056359896,864691135208698489,2
864691136056362456,864691135194713642,1
864691136056377048,864691135195483946,3
864691136056377048,864691135208722553,1
864691136056378840,864691135195486250,2
864691136056379608,864691135195312426,1
864691136056385496,864691135208060793,1
864691136056391640,864691135194756906,1
864691136056523992,864691135196633642,1
864691136056733656,864691135208017785,1
864691136056773592,864691135208723321,2
864691136057021656,864691135208060793,1
864691136057100248,864691135208017785,1
864691136057131224,864691135183618050,1
864691136057189592,864691135208722553,1
864691136057305304,864691135194940202,1
864691136057332184,864691135195476266,1
864691136057332184,864691135207762297,4
864691136057332184,864691135208700281,1
864691136057332696,864691135183972354,1
864691136057333976,864691135196291626,1
864691136057345496,864691135208698489,1
864691136057350360,864691135207760761,1
864691136057353688,864691135195312426,1
864691136057357528,864691135194713642,2
864691136057475800,864691135194713642,1
864691136057707992,864691135208707961,1
864691136057897432,864691135196633642,1
864691136057962200,864691135183968514,1
864691136057962200,864691135196319018,1
864691136058200536,864691135208593017,1
864691136058267352,864691135194782250,1
864691136058267352,864691135207772537,1
864691136058741976,864691135183968514,2
864691136058810328,864691135184143362,1
864691136058810328,864691135196319018,2
864691136058824152,864691135208564345,1
864691136058963160,864691135196319018,2
864691136058963160,864691135209022841,1
864691136058965720,864691135194413354,2
864691136059003864,864691135194782250,1
864691136059003864,864691135209194617,2
864691136059004888,864691135194782250,1
864691136065224344,864691135208692089,1
864691136065229208,864691135207716217,1
864691136065248920,864691135208060793,2
864691136065251992,864691135207818361,1
864691136065258648,864691135195040810,2
864691136065260696,864691135195486506,1
864691136065263512,864691135194856746,1
864691136065263512,864691135195478058,2
864691136065268120,864691135183968514,1
864691136065296280,864691135208441721,1
864691136065309336,864691135207751545,1
864691136065413528,864691135208402297,1
864691136065413528,864691135208715129,1
864691136065683864,864691135196633642,5
864691136065683864,864691135208423801,1
864691136065733528,864691135195486250,1
864691136065748099,864691135208060793,5
864691136065821592,864691135195322410,1
864691136065821592,864691135195474730,1
864691136065821592,864691135207762297,3
864691136065851288,864691135194446634,1
864691136065851288,864691135195483946,5
864691136065851288,864691135208715129,5
864691136065856664,864691135196622378,1
864691136065928088,864691135208722553,1
864691136066069400,864691135194413354,1
864691136066225048,864691135195395370,1
864691136066506136,864691135208457337,1
864691136066518936,864691135196319018,1
864691136066520984,864691135207818361,1
864691136066594200,864691135208060793,2
864691136066631832,864691135195040810,1
864691136066631832,864691135195322410,1
864691136066746776,864691135195469354,1
864691136067020952,864691135195486506,1
864691136067020952,864691135208723321,1
864691136067062936,864691135208060793,1
864691136067300248,864691135208060793,1
864691136067382936,864691135183968514,1
864691136067418008,864691135195486506,1
864691136067602328,864691135208707961,1
864691136067615384,864691135183968514,1
864691136067803288,864691135207762297,1
864691136067803288,864691135209194617,1
864691136067819416,864691135207772537,1
864691136067819416,864691135208638841,1
864691136067819416,864691135209022841,3
864691136067894680,864691135195303466,1
864691136084053612,864691135183972354,1
864691136084053612,864691135195474730,5
864691136084056684,864691135208958585,1
864691136084056684,864691135209194617,1
864691136084060524,864691135207897209,2
864691136084060524,864691135208676985,1
864691136084063852,864691135184283650,1
864691136084073324,864691135208698489,1
864691136084077676,864691135207818361,2
864691136084077676,864691135208707961,1
864691136084244844,864691135196291626,1
864691136084574572,864691135183968514,1
864691136084684396,864691135208676985,1
864691136084953452,864691135195312426,1
864691136084970860,864691135195486506,1
864691136085077868,864691135208715129,1
864691136085255020,864691135194713642,1
864691136085271148,864691135194439210,1
864691136085442668,864691135208060793,1
864691136085458284,864691135207716217,1
864691136085458284,864691135208638841,1
864691136085468780,864691135183972354,1
864691136085468780,864691135195040810,1
864691136085468780,864691135195312426,1
864691136085468780,864691135195322410,1
864691136085468780,864691135208698489,4
864691136085711468,864691135196202282,1
864691136086239084,864691135208448889,1
864691136086371948,864691135196633642,1
864691136086631020,864691135208423801,1
864691136086631020,864691135208658809,1
864691136086639212,864691135196319018,2
864691136086667628,864691135196291626,1
864691136086667628,864691135196622378,2
864691136086667628,864691135208060793,1
864691136086667628,864691135208641657,1
864691136086705260,864691135184143362,2
864691136086772844,864691135184143362,3
864691136086772844,864691135209245817,2
864691136086796652,864691135196291626,1
864691136086824300,864691135208593017,1
864691136088937015,864691135209022841,1
864691136088949303,864691135208715129,1
864691136088958263,864691135208722553,1
864691136088959543,864691135208692089,1
864691136088969271,864691135194446634,1
864691136088969271,864691135195483946,1
864691136088969271,864691135208457337,6
864691136089039671,864691135208017785,5
864691136089376567,864691135194859562,1
864691136089450807,864691135196633642,8
864691136089454647,864691135208944505,1
864691136090001719,864691135208676985,2
864691136090020919,864691135208593017,1
864691136090069559,864691135208441721,1
864691136090095415,864691135195344938,1
864691136090095415,864691135196291626,1
864691136090095671,864691135208722553,2
864691136090117687,864691135208060793,1
864691136090123651,864691135208060793,1
864691136090449719,864691135208676985,1
864691136090479159,864691135196291626,1
864691136090479159,864691135208707961,1
864691136090479159,864691135209194617,1
864691136090550583,864691135208060793,1
864691136090632503,864691135195469354,1
864691136090728247,864691135208678521,1
864691136090814775,864691135207762297,1
864691136090911924,864691135208692089,1
864691136090928820,864691135196291626,1
864691136090936756,864691135208707961,1
864691136090941108,864691135208715129,1
864691136090941108,864691135208722553,1
864691136090943924,864691135194713642,1
864691136091108151,864691135196291626,1
864691136091310391,864691135194446634,2
864691136091310391,864691135195283754,1
864691136091310391,864691135195483946,1
864691136091310391,864691135207818361,2
864691136091310391,864691135208402297,2
864691136091310391,864691135208457337,3
864691136091310391,864691135208715129,1
864691136091413428,864691135208060793,1
864691136091416244,864691135208017785,1
864691136091430324,864691135208157561,1
864691136091438004,864691135196291626,1
864691136091460532,864691135208423801,1
864691136091462967,864691135195185194,1
864691136091465140,864691135208060793,1
864691136091620919,864691135196319018,2
864691136091708340,864691135196633642,1
864691136091718711,864691135183968514,1
864691136091718711,864691135208700281,1
864691136091718711,864691135209245817,1
864691136091766196,864691135195486250,1
864691136091777847,864691135208678521,2
864691136091850164,864691135195040810,1
864691136091973300,864691135208060793,1
864691136091992500,864691135207716217,1
864691136092070068,864691135195486506,1
864691136092164020,864691135208707961,1
864691136092270004,864691135194413354,2
864691136092270004,864691135195040810,3
864691136092270004,864691135195312426,1
864691136092270004,864691135208650617,1
864691136092275636,864691135195344938,1
864691136092275636,864691135195469354,1
864691136092483508,864691135195474730,2
864691136092483508,864691135208700281,1
864691136092646836,864691135208692089,1
864691136092922804,864691135208197241,5
864691136092922804,864691135208593017,1
864691136092950964,864691135196633642,1
864691136092950964,864691135208157561,1
864691136092950964,864691135208564345,2
864691136093071796,864691135194782250,1
864691136093071796,864691135208564345,1
864691136093231540,864691135195469354,1
864691136093231540,864691135196291626,1
864691136093231540,864691135209245817,1
864691136093396404,864691135207748985,3
864691136093396404,864691135208638841,1
864691136093396404,864691135208692089,1
864691136099767157,864691135208416121,1
864691136099770997,864691135195344938,1
864691136099772277,864691135208051577,1
864691136099784309,864691135208638841,1
864691136099823477,864691135208715129,1
864691136099824501,864691135208707961,1
864691136099830133,864691135209022841,1
864691136099836021,864691135208723321,1
864691136099836021,864691135209245817,1
864691136099864949,864691135208457337,1
864691136099994229,864691135208678521,1
864691136100014453,864691135208668281,1
864691136100074357,864691135208641657,1
864691136100097909,864691135208723321,1
864691136100189301,864691135207818361,1
864691136100335989,864691135207760761,1
864691136100702069,864691135196622378,1
864691136100800117,864691135195469354,2
864691136100873077,864691135208202361,3
864691136100919925,864691135208722553,1
864691136100924277,864691135208698489,1
864691136100941429,864691135208060793,1
864691136101089397,864691135207897209,1
864691136101136757,864691135195040810,1
864691136101136757,864691135195312426,1
864691136101136757,864691135207897209,1
864691136101552757,864691135208593017,1
864691136105445337,864691135195903274,1
864691136105452761,864691135209194617,1
864691136105509849,864691135208722553,4
864691136105517785,864691135208017785,1
864691136105523161,864691135208457337,1
864691136105642883,864691135208060793,3
864691136105748441,864691135208650617,1
864691136105757145,864691135208722553,1
864691136105879769,864691135208722553,1
864691136105899481,864691135195395370,1
864691136105899481,864691135208017785,1
864691136106315737,864691135196291626,2
864691136106400985,864691135195312426,1
864691136106452953,864691135209022841,1
864691136106523353,864691135196319018,3
864691136106586585,864691135207818361,2
864691136106635737,864691135195040810,1
864691136106635737,864691135208650617,1
864691136106743513,864691135208676985,2
864691136106932185,864691135208715129,1
864691136107089881,864691135196319018,1
864691136107761113,864691135194408234,1
864691136107948249,864691135196319018,1
864691136107980761,864691135194446634,1
864691136107980761,864691135207818361,1
864691136107980761,864691135208457337,1
864691136107980761,864691135208612729,2
864691136107980761,864691135208650617,1
864691136107980761,864691135208676985,5
864691136107980761,864691135208715129,7
864691136108025561,864691135195303466,1
864691136108080857,864691135194782250,1
864691136108411097,864691135196291626,3
864691136108411097,864691135196319018,1
864691136108519129,864691135195476266,1
864691136108519129,864691135207762297,1
864691136108611033,864691135208157561,5
864691136108662745,864691135208593017,1
864691136108698040,864691135196319018,1
864691136108702392,864691135183968514,1
864691136108703107,864691135208060793,4
864691136108710072,864691135194713642,1
864691136108719544,864691135208707961,1
864691136108724664,864691135208402297,1
864691136108724664,864691135208457337,1
864691136108726968,864691135208457337,1
864691136108726968,864691135208715129,1
864691136108745656,864691135208448889,1
864691136108746936,864691135195344938,1
864691136108753080,864691135208441721,1
864691136108871096,864691135208715129,1
864691136109086083,864691135208060793,4
864691136109108664,864691135196291626,1
864691136109133240,864691135208060793,1
864691136109147064,864691135195040810,1
864691136109147064,864691135208416121,1
864691136109161144,864691135184283650,1
864691136109347256,864691135208460921,1
864691136109371576,864691135208448889,1
864691136109724600,864691135208457337,1
864691136109729976,864691135208722553,1
864691136109732280,864691135209022841,1
864691136109767608,864691135195478058,1
864691136109825208,864691135195486506,1
864691136109853112,864691135208905593,1
864691136110005176,864691135208676985,1
864691136110005176,864691135208707961,14
864691136110162616,864691135208676985,1
864691136110206904,864691135195040810,2
864691136110206904,864691135208698489,4
864691136110362296,864691135194413354,1
864691136110362296,864691135194859562,2
864691136110362296,864691135207818361,1
864691136110362296,864691135208715129,3
864691136110495416,864691135208593017,1
864691136110685880,864691135195312426,1
864691136110685880,864691135208650617,3
864691136110685880,864691135208676985,5
864691136110685880,864691135208707961,1
864691136111176888,864691135184283650,1
864691136111185336,864691135196633642,2
864691136111185336,864691135208702073,1
864691136111185336,864691135209022841,3
864691136111240017,864691135195486250,1
864691136111359928,864691135195469354,1
864691136111461560,864691135208460921,1
864691136111602360,864691135209022841,1
864691136112778206,864691135208060793,2
864691136112975838,864691135208060793,1
864691136114400222,864691135208060793,1
864691136116158372,864691135209194617,1
864691136116173220,864691135198850432,2
864691136116178596,864691135195469354,1
864691136116186788,864691135195040810,2
864691136116186788,864691135208441721,1
864691136116401316,864691135194859562,1
864691136116422564,864691135195474730,1
864691136116486308,864691135208715129,1
864691136116649124,864691135208650617,1
864691136116796324,864691135194782250,1
864691136116796324,864691135196633642,1
864691136116915620,864691135195312426,1
864691136116924324,864691135208702073,1
864691136116942756,864691135195312426,2
864691136117045412,864691135208060793,1
864691136117061284,864691135195486506,2
864691136117069220,864691135195486250,1
864691136117078436,864691135208060793,1
864691136117097636,864691135208722553,1
864691136117220772,864691135194782250,2
864691136117220772,864691135196633642,1
864691136117223588,864691135208060793,1
864691136117363620,864691135207760761,2
864691136117500324,864691135196291626,1
864691136117832612,864691135208678521,1
864691136118418712,864691135195469354,1
864691136118421784,864691135196291626,2
864691136118438168,864691135183972354,1
864691136118438168,864691135208707961,1
864691136118441496,864691135195283754,1
864691136118441496,864691135207818361,1
864691136118441496,864691135208457337,1
864691136118441496,864691135208707961,1
864691136118442520,864691135195040810,1
864691136118442520,864691135208698489,1
864691136118444056,864691135208402297,2
864691136118444568,864691135208722553,1
864691136118445336,864691135208441721,1
864691136118448664,864691135208017785,1
864691136118453272,864691135195395370,1
864691136118697892,864691135208564345,1
864691136118784792,864691135195040810,4
864691136118784792,864691135208698489,2
864691136118878116,864691135184143362,6
864691136118878116,864691135196313642,1
864691136118878116,864691135196622378,1
864691136118878116,864691135208678521,1
864691136118915096,864691135195185194,1
864691136119003300,864691135208593017,1
864691136119017636,864691135194782250,1
864691136119178776,864691135195486250,1
864691136119203608,864691135194713642,1
864691136119414040,864691135208668281,1
864691136119531288,864691135195478058,1
864691136119672913,864691135207716217,1
864691136119692824,864691135208668281,1
864691136119862808,864691135194782250,1
864691136119925016,864691135196319018,2
864691136119929368,864691135183972354,1
864691136119929368,864691135195040810,3
864691136120137752,864691135194408234,5
864691136120137752,864691135208958585,3
864691136120360216,864691135208235897,1
864691136120476440,864691135195486506,2
864691136120578072,864691135183968514,1
864691136120578072,864691135196319018,1
864691136120642584,864691135195040810,1
864691136120642584,864691135207818361,2
864691136120642584,864691135208676985,2
864691136120642584,864691135208707961,4
864691136120658712,864691135195040810,1
864691136120753176,864691135208692089,1
864691136120844312,864691135196633642,1
864691136120844312,864691135208423801,1
864691136123270531,864691135208060793,1
864691136123711526,864691135195283754,1
864691136123711526,864691135207818361,1
864691136123730214,864691135195040810,1
864691136123733286,864691135195283754,1
864691136123733286,864691135207818361,1
864691136123737638,864691135207897209,4
864691136123737638,864691135208707961,4
864691136123761190,864691135195474730,1
864691136123769382,864691135196202282,1
864691136123773734,864691135194446634,1
864691136123776806,864691135208402297,1
864691136123780646,864691135208197241,1
864691136123793446,864691135208441721,1
864691136123795750,864691135208715129,1
864691136123801638,864691135207818361,1
864691136124126502,864691135209022841,1
864691136124142118,864691135208715129,1
864691136124225830,864691135196202282,1
864691136124457766,864691135196291626,1
864691136124469030,864691135208722553,1
864691136124582438,864691135195283754,1
864691136124593958,864691135208905593,1
864691136124603174,864691135195040810,1
864691136124603174,864691135208707961,1
864691136124604710,864691135194446634,1
864691136124604710,864691135208715129,1
864691136124604710,864691135208722553,2
864691136124672550,864691135195303466,1
864691136124832806,864691135183968514,1
864691136125034790,864691135196319018,1
864691136125279526,864691135208416121,1
864691136125411622,864691135196313642,1
864691136125457446,864691135183968514,1
864691136125594406,864691135208460921,1
864691136125724966,864691135195483946,1
864691136125724966,864691135208722553,1
864691136126144294,864691135184143362,1
864691136126397990,864691135208060793,2
864691136126397990,864691135208197241,1
864691136134413195,864691135208722553,1
864691136134418315,864691135196202282,4
864691136134433163,864691135208944505,2
864691136134454411,864691135195483946,1
864691136134718091,864691135183972354,4
864691136134718091,864691135195322410,1
864691136134718091,864691135208707961,3
864691136134834571,864691135195469354,2
864691136134904715,864691135195423018,3
864691136134922891,864691135195185194,1
864691136134942347,864691135194859562,2
864691136134942347,864691135195469354,1
864691136134942347,864691135208668281,1
864691136134953867,864691135207748985,2
864691136134953867,864691135208203385,1
864691136135248267,864691135195322410,1
864691136135279243,864691135195185194,1
864691136135509131,864691135196291626,1
864691136135510667,864691135208722553,1
864691136135535243,864691135207716217,1
864691136135535243,864691135209022841,1
864691136135707787,864691135195903274,1
864691136135707787,864691135208723321,1
864691136135752843,864691135208700281,2
864691136135752843,864691135209194617,1
864691136135848587,864691135208650617,1
864691136135848587,864691135208707961,1
864691136135856011,864691135195469354,1
864691136136104843,864691135196291626,1
864691136136248971,864691135208700281,1
864691136136326283,864691135195486250,1
864691136136326283,864691135207772537,1
864691136136332171,864691135195486506,1
864691136136332171,864691135208723321,1
864691136136505995,864691135183618050,1
864691136136564349,864691135196291626,1
864691136136603005,864691135209022841,1
864691136136603517,864691135194782250,3
864691136136610173,864691135195469354,1
864691136136614269,864691135195483946,1
864691136136614269,864691135208457337,1
864691136136621949,864691135208060793,1
864691136136623485,864691135194713642,1
864691136136631933,864691135207716217,2
864691136136645757,864691135208612729,1
864691136136645757,864691135208715129,1
864691136136647805,864691135195476266,5
864691136136647805,864691135208700281,3
864691136136647805,864691135208958585,1
864691136136647805,864691135209194617,1
864691136136936573,864691135195478058,1
864691136137105789,864691135194856746,1
864691136137108619,864691135196291626,1
864691136137140093,864691135194859562,4
864691136137140093,864691135195277354,1
864691136137140093,864691135207818361,1
864691136137140093,864691135207897209,1
864691136137243019,864691135183618050,1
864691136137293195,864691135184283650,1
864691136137401483,864691135184283650,2
864691136137401483,864691135194408234,2
864691136137401483,864691135196291626,1
864691136137401483,864691135209194617,3
864691136137405835,864691135184283650,1
864691136137504395,864691135208905593,1
864691136137522813,864691135195191594,1
864691136137660541,864691135208402297,1
864691136137706365,864691135208700281,1
864691136137749117,864691135195478058,1
864691136137834877,864691135208676985,1
864691136137834877,864691135208707961,2
864691136137903485,864691135195903274,1
864691136138291325,864691135208593017,2
864691136138622333,864691135183968514,1
864691136138622333,864691135184143362,1
864691136138622333,864691135184283650,2
864691136138622333,864691135196291626,1
864691136138622333,864691135208235897,1
864691136138791037,864691135209245817,1
864691136138801789,864691135183968514,1
864691136138807165,864691135195040810,3
864691136139009149,864691135196291626,1
864691136139009149,864691135196319018,1
864691136139009149,864691135208157561,4
864691136139009149,864691135208423801,1
864691136139009149,864691135208564345,4
864691136139009149,864691135208658809,2
864691136139009149,864691135208678521,1
864691136139119741,864691135208641657,1
864691136139180413,864691135195312426,1
864691136139180413,864691135208676985,1
864691136139266173,864691135208707961,1
864691136143392564,864691135195185194,2
864691136143408692,864691135196313642,1
864691136143414324,864691135208678521,1
864691136143535156,864691135195903274,1
864691136143665204,864691135208722553,2
864691136143824948,864691135208416121,1
864691136143965492,864691135195469354,1
864691136143965492,864691135208612729,1
864691136143965492,864691135208715129,1
864691136144355636,864691135207897209,1
864691136144383028,864691135208722553,1
864691136144451124,864691135209022841,1
864691136144481076,864691135194713642,1
864691136144525108,864691135196202282,1
864691136144547636,864691135195903274,5
864691136144610100,864691135207818361,3
864691136144610100,864691135208707961,1
864691136144632628,864691135208715129,1
864691136144805271,864691135194439210,1
864691136145032756,864691135194782250,1
864691136145176628,864691135195476266,1
864691136145176628,864691135195478058,1
864691136145351476,864691135208692089,1
864691136145574196,864691135184283650,1
864691136145574196,864691135195486250,1
864691136145629748,864691135196319018,1
864691136145718836,864691135195322410,1
864691136145718836,864691135196622378,1
864691136147471697,864691135195486250,3
864691136147471697,864691135208638841,1
864691136174972678,864691135195478058,1
864691136174983430,864691135208562809,1
864691136174999302,864691135195903274,1
864691136175004934,864691135194856746,1
864691136175026182,864691135208060793,1
864691136175026438,864691135194782250,1
864691136175038214,864691135208060793,1
864691136175042054,864691135195191594,1
864691136175044614,864691135196633642,1
864691136175078662,864691135195478058,1
864691136175446534,864691135195486506,1
864691136175475206,864691135196319018,1
864691136175511558,864691135196313642,2
864691136175531782,864691135208060793,1
864691136175552774,864691135196633642,4
864691136175563526,864691135196633642,2
864691136175581446,864691135183618050,1
864691136175637510,864691135183618050,1
864691136176165126,864691135195040810,1
864691136176166406,864691135195040810,2
864691136176209414,864691135195395370,1
864691136176209414,864691135208944505,2
864691136176215814,864691135184143362,1
864691136176217862,864691135195486506,1
864691136176346630,864691135196319018,1
864691136176985094,864691135195395370,3
864691136177038342,864691135208641657,1
864691136177211142,864691135196633642,1
864691136177254406,864691135208698489,2
864691136177312262,864691135194856746,1
864691136177312262,864691135208448889,3
864691136177312262,864691135208905593,1
864691136177312518,864691135194859562,1
864691136177312518,864691135208707961,1
864691136177844998,864691135195486250,1
864691136194010582,864691135208060793,2
864691136194016214,864691135208722553,1
864691136194028502,864691135207760761,1
864691136194029014,864691135195185194,1
864691136194029782,864691135195277354,1
864691136194037718,864691135208441721,1
864691136194059222,864691135195483946,1
864691136194063574,864691135195476266,1
864691136194065622,864691135208722553,2
864691136194074070,864691135208715129,1
864691136194084566,864691135195486250,1
864691136194087638,864691135209022841,1
864691136194088150,864691135208060793,1
864691136194109654,864691135196622378,1
864691136194110678,864691135208060793,1
864691136194169576,864691135183618050,1
864691136194172648,864691135194856746,2
864691136194179816,864691135208017785,1
864691136194203368,864691135195476266,1
864691136194207976,864691135207716217,1
864691136194216424,864691135195344938,1
864691136194284776,864691135208676985,1
864691136194296908,864691135196319018,1
864691136194296908,864691135208060793,1
864691136194318668,864691135195474730,1
864691136194327372,864691135208638841,1
864691136194328652,864691135208457337,2
864691136194328652,864691135208715129,2
864691136194335308,864691135208722553,1
864691136194514252,864691135207762297,1
864691136194534120,864691135183618050,1
864691136194563148,864691135208722553,1
864691136194736460,864691135195344938,2
864691136194744908,864691135208715129,1
864691136194804200,864691135208157561,1
864691136194887400,864691135195217706,1
864691136194888406,864691135195417642,3
864691136194888936,864691135208722553,1
864691136194892876,864691135207716217,1
864691136194897740,864691135208676985,1
864691136194898902,864691135208457337,1
864691136194946262,864691135208715129,1
864691136194947816,864691135195040810,1
864691136194980684,864691135196622378,1
864691136194998504,864691135195483946,1
864691136195001420,864691135208707961,1
864691136195059788,864691135195476266,1
864691136195060950,864691135195486506,1
864691136195090920,864691135195312426,2
864691136195094486,864691135209022841,2
864691136195161832,864691135183972354,2
864691136195174220,864691135184283650,2
864691136195175500,864691135184143362,2
864691136195183948,864691135196313642,1
864691136195227980,864691135208460921,2
864691136195227980,864691135208668281,1
864691136195230678,864691135208060793,1
864691136195265768,864691135207818361,1
864691136195526120,864691135195486506,1
864691136195617494,864691135195478058,2
864691136195617494,864691135195486506,4
864691136195617494,864691135195903274,1
864691136195666152,864691135196633642,1
864691136195762664,864691135208638841,1
864691136195783912,864691135183972354,1
864691136195783912,864691135195322410,2
864691136195783912,864691135195474730,6
864691136195783912,864691135208723321,1
864691136195799528,864691135184143362,1
864691136195802344,864691135195322410,1
864691136195802344,864691135195474730,5
864691136195938774,864691135194940202,1
864691136196023116,864691135194859562,1
864691136196023116,864691135209194617,6
864691136196141644,864691135184143362,1
864691136196391894,864691135195303466,1
864691136196391894,864691135196319018,1
864691136196484428,864691135196319018,1
864691136196979020,864691135184283650,1
864691136196979020,864691135196633642,1
864691136197083468,864691135207716217,3
864691136202911678,864691135208722553,1
864691136204617406,864691135208612729,1
864691136205491390,864691135208612729,12
864691136205491390,864691135208676985,5
864691136206944958,864691135208612729,1
864691136208988604,864691135207751545,1
864691136208995772,864691135194713642,2
864691136208995772,864691135195312426,2
864691136208995772,864691135207818361,1
864691136208995772,864691135208650617,2
864691136208995772,864691135208676985,4
864691136208997820,864691135208060793,7
864691136209001916,864691135207716217,1
864691136209028796,864691135208692089,5
864691136209357500,864691135195040810,1
864691136209357500,864691135208676985,1
864691136209474748,864691135195040810,1
864691136209553340,864691135195040810,1
864691136209615804,864691135195040810,11
864691136209615804,864691135196658986,1
864691136209883836,864691135196319018,1
864691136210034108,864691135195303466,3
864691136210038972,864691135194413354,1
864691136210041532,864691135208722553,1
864691136210085564,864691135208017785,1
864691136210108348,864691135195277354,1
864691136210177468,864691135208416121,8
864691136210182332,864691135208402297,1
864691136210182332,864691135208722553,1
864691136210191292,864691135209022841,1
864691136210347196,864691135207818361,1
864691136210379198,864691135195040810,1
864691136210453436,864691135195903274,1
864691136210733756,864691135196202282,2
864691136210847932,864691135195303466,1
864691136210847932,864691135209022841,1
864691136210998972,864691135208060793,1
864691136211187900,864691135194859562,1
864691136211187900,864691135208707961,1
864691136211349692,864691135208723321,2
864691136211385020,864691135196319018,1
864691136211430588,864691135183968514,1
864691136211430588,864691135184143362,1
864691136211430588,864691135196319018,3
864691136211461564,864691135196622378,2
864691136211522236,864691135209194617,2
864691136213874366,864691135194756906,1
864691136218227902,864691135194713642,1
864691136225203646,864691135195040810,1
864691136226103486,864691135208457337,1
864691136226957393,864691135195040810,1
864691136226976337,864691135196291626,2
864691136226976337,864691135208958585,1
864691136226991441,864691135208715129,1
864691136227029073,864691135208441721,1
864691136227146321,864691135195469354,1
864691136227242577,864691135194439210,1
864691136227298129,864691135194940202,1
864691136227314769,864691135208562809,1
864691136227383633,864691135194782250,1
864691136227383633,864691135208658809,1
864691136227725393,864691135208638841,1
864691136227746385,864691135208715129,1
864691136227848785,864691135208722553,2
864691136227931729,864691135196202282,1
864691136227934801,864691135195478058,1
864691136227940177,864691135196291626,1
864691136227944785,864691135196633642,1
864691136227944785,864691135208423801,1
864691136227966545,864691135183972354,1
864691136228087889,864691135196622378,1
864691136228208721,864691135208650617,1
864691136228208721,864691135208676985,2
864691136228235089,864691135208416121,4
864691136228244561,864691135208722553,5
864691136228245329,864691135208638841,1
864691136228336721,864691135195903274,2
864691136228718673,864691135196622378,1
864691136229395793,864691135208157561,2
864691136229395793,864691135208678521,1
864691136229435217,864691135184143362,2
864691136229436497,864691135207818361,1
864691136231675838,864691135208402297,2
864691136231675838,864691135208715129,1
864691136231675838,864691135208722553,1
864691136236650767,864691135208676985,1
864691136236651023,864691135208562809,1
864691136236655887,864691135195417642,1
864691136236663567,864691135195344938,1
864691136236664079,864691135208638841,1
864691136236670735,864691135194940202,1
864691136236670735,864691135208017785,3
864691136236684047,864691135194940202,1
864691136236684303,864691135208722553,1
864691136236690959,864691135208017785,1
864691136236713743,864691135208723321,1
864691136236713999,864691135195344938,1
864691136236713999,864691135195395370,1
864691136236713999,864691135195478058,1
864691136236719375,864691135208676985,1
864691136236727311,864691135209022841,1
864691136236735503,864691135194782250,1
864691136236910351,864691135195312426,1
864691136236910351,864691135207897209,8
864691136236910351,864691135208676985,1
864691136236910351,864691135208707961,2
864691136237109519,864691135195486506,1
864691136237148943,864691135195476266,1
864691136237148943,864691135207762297,3
864691136237448252,864691135196313642,1
864691136237461564,864691135196291626,1
864691136237465916,864691135207716217,1
864691136237477180,864691135195486506,1
864691136237496124,864691135209022841,1
864691136237517628,864691135208692089,1
864691136237521212,864691135208678521,1
864691136237534780,864691135194859562,1
864691136237608207,864691135208060793,1
864691136237667855,864691135196291626,3
864691136237678140,864691135209022841,1
864691136237693711,864691135208723321,1
864691136237704463,864691135196658986,1
864691136237785404,864691135208060793,4
864691136237790991,864691135207762297,1
864691136237883452,864691135208722553,1
864691136237948175,864691135208060793,1
864691136238040124,864691135195474730,1
864691136238210620,864691135208692089,1
864691136238258748,864691135195322410,1
864691136238367548,864691135208638841,1
864691136238377788,864691135208416121,1
864691136238505276,864691135208678521,2
864691136238531132,864691135208593017,1
864691136238651964,864691135196291626,3
864691136238686223,864691135183968514,1
864691136238694460,864691135208678521,1
864691136238697487,864691135194782250,1
864691136238715151,864691135208460921,2
864691136238760207,864691135196291626,2
864691136238777871,864691135195486506,1
864691136238777871,864691135196291626,1
864691136238806031,864691135194408234,1
864691136238806031,864691135195476266,2
864691136238806031,864691135208700281,6
864691136238806031,864691135208905593,1
864691136238806031,864691135209194617,5
864691136238806031,864691135209245817,8
864691136238829116,864691135195040810,1
864691136238829116,864691135208715129,2
864691136239845436,864691135196291626,2
864691136239914300,864691135196291626,1
864691136239914300,864691135196319018,1
864691136239917884,864691135208157561,1
864691136240028220,864691135183968514,3
864691136240041532,864691135196291626,2
864691136240041532,864691135208448889,1
864691136240041532,864691135209194617,2
864691136251136397,864691135207751545,1
864691136261402340,864691135209022841,1
864691136263951588,864691135207748985,1
864691136264959460,864691135208702073,2
864691136266409972,864691135196291626,1
864691136266417140,864691135207716217,1
864691136266425844,864691135209022841,1
864691136266436852,864691135195478058,1
864691136266439668,864691135194940202,2
864691136266658804,864691135195040810,2
864691136266715380,864691135208692089,1
864691136266862068,864691135195476266,1
864691136267233524,864691135196202282,1
864691136267234804,864691135195486506,1
864691136267313396,864691135194713642,2
864691136267358964,864691135195486506,2
864691136267358964,864691135195903274,1
864691136267389684,864691135194446634,3
864691136267389684,864691135195483946,7
864691136267390964,864691135207818361,1
864691136267447796,864691135195903274,1
864691136267447796,864691135196291626,1
864691136267451636,864691135184283650,1
864691136267589620,864691135196313642,1
864691136267726068,864691135195486506,1
864691136267946996,864691135208678521,1
864691136268046836,864691135207772537,2
864691136268234228,864691135195303466,1
864691136268419060,864691135208638841,1
864691136268898292,864691135196319018,1
864691136268937972,864691135209245817,1
864691136272937662,864691135195469354,1
864691136272937662,864691135195486506,1
864691136272940222,864691135207716217,1
864691136272941246,864691135195469354,1
864691136272943806,864691135208402297,1
864691136272952766,864691135196291626,1
864691136272954302,864691135194782250,1
864691136272955838,864691135194713642,1
864691136272965822,864691135208564345,1
864691136272981182,864691135208402297,1
864691136272981182,864691135208722553,2
864691136272985790,864691135207818361,1
864691136272986302,864691135209245817,1
864691136273004222,864691135195486250,1
864691136273004222,864691135208692089,1
864691136273004478,864691135195486250,1
864691136273010366,864691135208060793,1
864691136273013694,864691135208722553,1
864691136273021886,864691135195483946,1
864691136273127102,864691135208060793,2
864691136273623742,864691135195217706,1
864691136273624077,864691135196313642,1
864691136273637389,864691135195476266,1
864691136273637389,864691135209245817,1
864691136273637566,864691135196633642,1
864691136273649165,864691135208722553,2
864691136273679117,864691135208448889,1
864691136273681677,864691135207818361,1
864691136273682957,864691135183618050,1
864691136273766846,864691135196291626,1
864691136273896894,864691135207716217,1
864691136273899966,864691135195478058,2
864691136273900222,864691135195344938,1
864691136273900222,864691135208416121,5
864691136273906622,864691135209022841,1
864691136273908158,864691135195277354,1
864691136273908158,864691135195483946,1
864691136273908158,864691135207818361,2
864691136273908158,864691135208457337,1
864691136273908158,864691135208715129,1
864691136273981453,864691135208402297,1
864691136273981453,864691135208722553,1
864691136274005005,864691135195040810,1
864691136274006285,864691135208017785,1
864691136274094782,864691135195486506,1
864691136274119437,864691135208658809,1
864691136274219198,864691135195040810,3
864691136274476557,864691135207716217,1
864691136274724621,864691135194408234,1
864691136274759949,864691135195040810,1
864691136274783245,864691135208715129,1
864691136274982413,864691135195040810,1
864691136275061438,864691135183968514,1
864691136275061438,864691135196319018,1
864691136275141901,864691135196622378,1
864691136275218110,864691135184143362,1
864691136275255309,864691135196291626,1
864691136275255309,864691135208958585,1
864691136275848717,864691135209245817,1
864691136275883021,864691135196313642,1
864691136276126221,864691135194782250,6
864691136276126221,864691135196633642,2
864691136276126221,864691135208564345,1
864691136276347149,864691135208060793,2
864691136286021517,864691135208060793,3
864691136286154125,864691135207751545,1
864691136286541763,864691135207716217,1
864691136286549187,864691135208668281,1
864691136286562499,864691135208722553,1
864691136286563011,864691135195277354,1
864691136286563779,864691135195903274,1
864691136286576835,864691135207818361,2
864691136286580163,864691135208060793,1
864691136286590403,864691135208722553,1
864691136286591427,864691135208060793,1
864691136286593987,864691135196633642,1
864691136286597059,864691135208017785,1
864691136286627011,864691135195303466,1
864691136286627011,864691135196202282,1
864691136286627011,864691135208593017,1
864691136286819011,864691135208060793,1
864691136286921667,864691135194713642,1
864691136286921667,864691135195312426,1
864691136286930371,864691135195903274,1
864691136286932675,864691135195469354,1
864691136287461827,864691135195474730,2
864691136287508419,864691135196313642,1
864691136287512771,864691135195483946,1
864691136287512771,864691135208457337,9
864691136287523011,864691135208958585,1
864691136287523011,864691135209245817,1
864691136287529411,864691135207818361,1
864691136287529411,864691135208715129,1
864691136288079043,864691135209194617,1
864691136288211907,864691135195303466,1
864691136288446147,864691135194782250,1
864691136288727747,864691135208564345,2
864691136288727747,864691135209022841,1
864691136288807619,864691135194782250,1
864691136288807619,864691135196313642,1
864691136288807619,864691135196319018,1
864691136288807619,864691135208582265,1
864691136289134231,864691135207748985,2
864691136292031885,864691135208060793,1
864691136296646683,864691135208060793,6
864691136296652059,864691135196291626,4
864691136296654107,864691135208692089,1
864691136296655387,864691135194713642,1
864691136296673307,864691135195040810,2
864691136296673307,864691135195474730,2
864691136296673307,864691135208698489,1
864691136296679451,864691135208692089,1
864691136296709915,864691135195483946,1
864691136296720155,864691135207716217,3
864691136296720155,864691135208692089,1
864691136296732955,864691135196202282,1
864691136296745499,864691135195185194,1
864691136296747803,864691135208722553,1
864691136296797979,864691135208698489,1
864691136297195291,864691135194782250,1
864691136297195291,864691135208564345,1
864691136297320219,864691135207760761,1
864691136297320475,864691135195185194,1
864691136297461787,864691135208722553,1
864691136297492507,864691135209022841,1
864691136297561627,864691135195040810,1
864691136297576219,864691135208678521,2
864691136297589787,864691135209022841,1
864691136297711899,864691135195469354,2
864691136297714971,864691135196202282,1
864691136297744667,864691135198850432,1
864691136297775387,864691135195474730,1
864691136297779739,864691135208702073,2
864691136297782811,864691135208457337,3
864691136297790747,864691135195040810,1
864691136298045979,864691135195474730,1
864691136298045979,864691135195478058,1
864691136298045979,864691135207818361,1
864691136298045979,864691135208668281,1
864691136298115099,864691135207818361,1
864691136298115099,864691135208676985,1
864691136298180123,864691135194713642,2
864691136298466587,864691135196291626,1
864691136298624539,864691135196319018,1
864691136298677019,864691135195469354,1
864691136298677019,864691135196291626,1
864691136298896155,864691135195486506,1
864691136298896155,864691135196622378,1
864691136298913563,864691135209022841,2
864691136298997275,864691135183968514,1
864691136298997275,864691135196319018,1
864691136299036443,864691135195303466,2
864691136299036443,864691135208593017,1
864691136299047707,864691135196319018,1
864691136299136795,864691135196202282,1
864691136309643866,864691135208448889,1
864691136309647962,864691135208460921,1
864691136309676890,864691135195483946,1
864691136309688154,864691135209194617,1
864691136309690202,864691135208060793,1
864691136309698138,864691135208564345,2
864691136309705306,864691135208723321,2
864691136309786714,864691135195903274,1
864691136309871706,864691135196291626,1
864691136310003034,864691135195040810,1
864691136310150234,864691135208593017,1
864691136310264410,864691135196291626,1
864691136310283866,864691135208707961,1
864691136310672474,864691135208402297,1
864691136310695514,864691135194446634,1
864691136310695514,864691135208722553,1
864691136310759002,864691135196633642,2
864691136310774362,864691135196291626,1
864691136310870874,864691135195040810,1
864691136310892634,864691135195903274,1
864691136310917466,864691135195478058,1
864691136310931034,864691135195474730,1
864691136311098970,864691135195486506,1
864691136311098970,864691135208905593,3
864691136311106650,864691135195040810,1
864691136311106650,864691135207818361,1
864691136311106650,864691135208676985,1
864691136311106650,864691135208707961,1
864691136311213914,864691135184283650,1
864691136311330906,864691135194408234,3
864691136311330906,864691135208958585,20
864691136311330906,864691135209245817,3
864691136311529306,864691135195486506,2
864691136311558490,864691135196622378,1
864691136311736125,864691135208650617,1
864691136311736125,864691135208676985,1
864691136311736893,864691135195478058,1
864691136311756093,864691135207772537,2
864691136311772733,864691135196622378,1
864691136311772733,864691135207760761,1
864691136311797565,864691135208564345,1
864691136311799357,864691135208060793,5
864691136311800893,864691135208678521,1
864691136311805757,864691135208060793,1
864691136311806269,864691135208638841,1
864691136311807037,864691135208060793,1
864691136311808317,864691135208638841,1
864691136311825213,864691135208060793,1
864691136311842365,864691135209022841,1
864691136311999578,864691135195486506,1
864691136312067133,864691135194713642,1
864691136312254554,864691135196291626,1
864691136312476250,864691135196622378,1
864691136312516157,864691135194446634,1
864691136312548157,864691135194782250,1
864691136312554586,864691135194782250,1
864691136312554586,864691135208564345,2
864691136312554586,864691135208658809,1
864691136312584282,864691135195040810,1
864691136312681533,864691135208562809,1
864691136312727869,864691135195483946,1
864691136312744509,864691135195395370,1
864691136312785469,864691135209022841,1
864691136312829581,864691135208060793,2
864691136312857149,864691135208416121,1
864691136312992061,864691135207818361,2
864691136313153085,864691135195312426,1
864691136313833021,864691135195469354,1
864691136313833021,864691135195486506,1
864691136313833021,864691135195903274,1
864691136313833021,864691135196658986,2
864691136314042685,864691135196319018,1
864691136314078013,864691135184283650,2
864691136314078013,864691135196291626,1
864691136314114621,864691135195217706,1
864691136314120765,864691135184283650,2
864691136314120765,864691135194782250,2
864691136314456125,864691135195344938,2
864691136324898711,864691135208692089,2
864691136326192535,864691135196633642,3
864691136328887018,864691135208582265,2
864691136328902890,864691135208441721,1
864691136328908010,864691135195040810,1
864691136328913386,864691135208722553,1
864691136329045226,864691135208676985,1
864691136329210090,864691135194856746,1
864691136329706986,864691135208715129,2
864691136329766890,864691135208017785,2
864691136329794794,864691135194940202,2
864691136329872874,864691135208402297,1
864691136329908458,864691135208707961,1
864691136329950442,864691135183968514,1
864691136330154218,864691135196658986,1
864691136331157226,864691135196319018,1
864691136331215850,864691135208564345,7
864691136331421674,864691135184283650,1
864691136331448810,864691135183968514,1
864691136331448810,864691135184143362,1
864691136331448810,864691135184283650,3
864691136331512298,864691135195303466,1
864691136331553770,864691135208060793,1
864691136331610346,864691135184143362,1
864691136331610346,864691135196291626,1
864691136333762739,864691135208017785,1
864691136333762995,864691135195040810,1
864691136333768371,864691135208722553,1
864691136333821619,864691135196622378,1
864691136334333875,864691135195469354,1
864691136334439603,864691135195486506,2
864691136334541747,864691135195903274,1
864691136334725299,864691135208017785,1
864691136334844083,864691135194713642,1
864691136334852787,864691135208612729,3
864691136334861491,864691135195417642,1
864691136334861491,864691135196622378,1
864691136334864307,864691135195344938,1
864691136334873523,864691135208612729,1
864691136334981299,864691135195469354,1
864691136335027635,864691135207818361,1
864691136335027635,864691135208715129,1
864691136335041715,864691135194782250,1
864691136335041715,864691135196633642,2
864691136335041715,864691135208564345,2
864691136335041715,864691135209022841,1
864691136335276211,864691135196313642,1
864691136335597235,864691135195469354,1
864691136335689907,864691135195486506,1
864691136335689907,864691135196319018,1
864691136335689907,864691135196658986,1
864691136335817395,864691135196633642,1
864691136335964083,864691135195303466,1
864691136336179123,864691135196319018,2
864691136336252339,864691135209022841,5
864691136336274867,864691135209022841,1
864691136361492450,864691135195344938,1
864691136362188258,864691135207762297,2
864691136362304482,864691135195040810,1
864691136362313442,864691135207897209,1
864691136362323426,864691135195476266,1
864691136362431458,864691135196202282,1
864691136362464994,864691135207716217,1
864691136362480610,864691135207716217,5
864691136362485218,864691135194713642,1
864691136362485218,864691135208650617,1
864691136362485218,864691135208707961,1
864691136362494434,864691135183618050,1
864691136362531554,864691135196319018,1
864691136362775266,864691135184283650,1
864691136362775266,864691135196291626,4
864691136362799074,864691135208060793,2
864691136362829538,864691135207818361,3
864691136362829538,864691135208715129,1
864691136363207394,864691135208905593,1
864691136363698402,864691135208060793,1
864691136363769826,864691135194408234,9
864691136363769826,864691135208958585,3
864691136363769826,864691135209245817,1
864691136363981282,864691135184283650,6
864691136364332002,864691135196291626,2
864691136370783368,864691135195417642,1
864691136370790280,864691135195469354,1
864691136370793864,864691135195486506,3
864691136370796936,864691135195478058,1
864691136370796936,864691135195903274,1
864691136370811528,864691135208017785,1
864691136370818696,864691135195469354,1
864691136370829448,864691135208676985,1
864691136370830984,864691135208060793,2
864691136370833288,864691135209022841,1
864691136370842504,864691135195486506,1
864691136370943368,864691135195344938,1
864691136371102856,864691135195417642,1
864691136371107720,864691135195312426,1
864691136371203976,864691135195040810,1
864691136371340424,864691135195312426,1
864691136371455112,864691135195903274,1
864691136371510920,864691135208715129,1
864691136371549320,864691135208722553,1
864691136371602824,864691135195903274,1
864691136371639432,864691135209245817,1
864691136371649416,864691135209022841,1
864691136371694728,864691135208060793,1
864691136371725960,864691135195277354,1
864691136371750792,864691135196622378,1
864691136371753608,864691135194446634,1
864691136371822472,864691135194713642,1
864691136371836040,864691135184143362,1
864691136372053128,864691135196291626,2
864691136372053128,864691135207818361,1
864691136372053128,864691135208460921,1
864691136372208008,864691135209245817,1
864691136372326024,864691135208723321,1
864691136372463240,864691135195185194,2
864691136372820360,864691135194408234,1
864691136372820360,864691135195469354,1
864691136373149064,864691135196291626,1
864691136373149064,864691135196319018,7
864691136378748117,864691135208593017,1
864691136378756309,864691135194713642,6
864691136378756309,864691135195312426,3
864691136378761685,864691135208060793,1
864691136378765781,864691135195478058,1
864691136378765781,864691135208723321,1
864691136378780629,864691135194446634,1
864691136378780629,864691135195483946,1
864691136378798549,864691135207751545,1
864691136378803925,864691135194856746,1
864691136379227093,864691135208402297,1
864691136379227093,864691135208457337,1
864691136379235285,864691135195040810,1
864691136379737557,864691135208060793,1
864691136379780309,864691135208676985,1
864691136379811797,864691135183972354,1
864691136379811797,864691135195474730,1
864691136380062165,864691135194940202,1
864691136380105173,864691135195040810,1
864691136380160725,864691135195303466,1
864691136380160725,864691135196202282,1
864691136380217301,864691135209022841,2
864691136380264149,864691135208650617,1
864691136380314069,864691135196202282,1
864691136380400341,864691135208638841,1
864691136380773077,864691135208638841,1
864691136381089237,864691135195217706,1
864691136381089237,864691135196319018,1
864691136381089237,864691135208658809,1
864691136381243349,864691135208678521,1
864691136381243349,864691135209245817,1
864691136381324501,864691135184283650,8
864691136381348309,864691135196319018,1
864691136381434325,864691135208678521,1
864691136381454549,864691135183968514,1
864691136381454549,864691135209245817,1
864691136388258167,864691135195903274,3
864691136388258679,864691135195303466,1
864691136388263543,864691135208060793,1
864691136388272759,864691135208060793,1
864691136388278135,864691135207818361,1
864691136388278647,864691135208017785,1
864691136388280183,864691135199536256,1
864691136388286071,864691135208612729,1
864691136388394615,864691135208715129,1
864691136388434807,864691135194940202,1
864691136388559120,864691135208060793,1
864691136388566647,864691135183618050,1
864691136388568183,864691135208676985,1
864691136388571767,864691135196633642,2
864691136388571767,864691135208564345,1
864691136388578679,864691135195486506,3
864691136388585079,864691135207772537,1
864691136388591888,864691135196633642,1
864691136388792695,864691135195478058,1
864691136388956688,864691135208402297,2
864691136388982032,864691135208700281,1
864691136389010704,864691135195469354,1
864691136389115511,864691135195474730,1
864691136389274231,864691135195040810,3
864691136389283959,864691135207716217,1
864691136389289079,864691135195040810,1
864691136389302903,864691135195478058,1
864691136389313399,864691135195312426,1
864691136389313399,864691135208650617,1
864691136389551991,864691135195486250,1
864691136389552503,864691135195417642,1
864691136389607287,864691135195903274,1
864691136389679223,864691135184283650,1
864691136389683984,864691135195476266,1
864691136389688336,864691135208638841,1
864691136389703952,864691135207716217,1
864691136389712656,864691135196633642,1
864691136389945975,864691135195469354,1
864691136390119031,864691135209194617,1
864691136390261520,864691135196313642,3
864691136390289936,864691135208678521,1
864691136390367615,864691135209022841,1
864691136390392191,864691135195469354,1
864691136390395263,864691135195040810,1
864691136390420351,864691135194446634,1
864691136390454135,864691135209194617,1
864691136390484599,864691135195486506,1
864691136390515583,864691135195277354,8
864691136390676343,864691135195303466,1
864691136390676343,864691135196622378,1
864691136390676343,864691135208638841,1
864691136390676343,864691135209022841,2
864691136390677264,864691135196291626,7
864691136390697591,864691135196291626,1
864691136390718736,864691135207772537,1
864691136390718736,864691135209022841,1
864691136390749047,864691135195469354,1
864691136390769791,864691135194940202,1
864691136390803839,864691135208658809,1
864691136390816375,864691135208668281,1
864691136390818679,864691135195486506,1
864691136390860159,864691135208017785,1
864691136390905207,864691135196319018,2
864691136390905207,864691135208958585,1
864691136390918672,864691135184143362,1
864691136390918672,864691135196319018,2
864691136390920976,864691135194782250,3
864691136390920976,864691135196319018,1
864691136391011856,864691135183968514,1
864691136391012624,864691135183968514,1
864691136391012624,864691135208060793,1
864691136391072127,864691135208722553,1
864691136391072784,864691135194713642,6
864691136391072784,864691135195040810,1
864691136391072784,864691135195312426,3
864691136391165200,864691135208593017,1
864691136391212663,864691135196291626,2
864691136391212663,864691135196319018,2
864691136391214975,864691135207716217,1
864691136391232887,864691135196291626,1
864691136391242512,864691135194782250,1
864691136391242512,864691135208157561,1
864691136391242512,864691135209022841,1
864691136391313535,864691135196319018,1
864691136391330687,864691135195312426,1
864691136391376511,864691135208715129,1
864691136391382143,864691135208441721,1
864691136391384703,864691135207762297,1
864691136391384703,864691135209245817,1
864691136391399039,864691135209022841,1
864691136391620991,864691135208676985,1
864691136391623039,864691135195469354,1
864691136391623039,864691135195478058,1
864691136391814271,864691135208060793,1
864691136391867007,864691135195486506,1
864691136391928703,864691135194782250,1
864691136392005759,864691135208402297,1
864691136392404607,864691135208060793,2
864691136392461695,864691135194446634,7
864691136392461695,864691135195483946,2
864691136392461695,864691135208457337,7
864691136392461695,864691135208715129,1
864691136392532863,864691135194782250,1
864691136392622975,864691135196658986,1
864691136392909695,864691135196291626,1
864691136418610327,864691135195395370,1
864691136418634903,864691135208707961,1
864691136418648727,864691135208060793,8
864691136418653079,864691135195903274,1
864691136418701719,864691135208060793,2
864691136418701719,864691135208593017,1
864691136418889367,864691135208612729,1
864691136419243159,864691135195312426,1
864691136419277719,864691135194782250,1
864691136419351959,864691135208723321,1
864691136419512471,864691135195469354,1
864691136419512471,864691135196291626,1
864691136419512471,864691135208562809,1
864691136419530391,864691135195417642,2
864691136419554199,864691135194439210,1
864691136419554199,864691135208702073,1
864691136419554199,864691135209022841,1
864691136419554711,864691135196291626,1
864691136419557783,864691135195478058,1
864691136420195223,864691135209245817,1
864691136420418455,864691135195903274,1
864691136420685207,864691135196291626,1
864691136420774551,864691135194408234,1
864691136420790167,864691135194413354,1
864691136420790167,864691135208676985,1
864691136420790167,864691135208707961,1
864691136421067671,864691135208678521,1
864691136421230487,864691135208423801,1
864691136421242775,864691135195486250,1
864691136421242775,864691135207772537,1
864691136421308311,864691135209194617,1
864691136421359255,864691135208668281,2
864691136422824751,864691135208416121,1
864691136422847535,864691135208060793,1
864691136422919727,864691135208060793,1
864691136423019055,864691135208700281,1
864691136423065135,864691135195417642,1
864691136423069487,864691135194940202,1
864691136423109679,864691135208722553,1
864691136423111471,864691135208593017,1
864691136423126319,864691135208402297,1
864691136423138351,864691135195185194,1
864691136423138351,864691135195344938,1
864691136423138351,864691135196622378,2
864691136423138351,864691135208051577,1
864691136423140911,864691135194713642,1
864691136423382575,864691135194940202,1
864691136423524399,864691135208017785,1
864691136423579439,864691135194713642,1
864691136423627055,864691135196202282,1
864691136423711791,864691135208060793,3
864691136423715375,864691135208676985,1
864691136423844911,864691135195344938,1
864691136423892015,864691135196622378,4
864691136423928879,864691135207760761,1
864691136424054575,864691135196291626,3
864691136424289839,864691135208958585,1
864691136424289839,864691135209194617,1
864691136424295983,864691135196319018,1
864691136424305711,864691135195303466,1
864691136424353583,864691135196319018,1
864691136424390191,864691135195486506,1
864691136424437551,864691135195486250,3
864691136424437551,864691135207748985,2
864691136424437551,864691135208702073,1
864691136424437551,864691135209022841,3
864691136424493103,864691135196319018,1
864691136424533551,864691135208958585,1
864691136424830255,864691135208060793,1
864691136424898095,864691135208723321,1
864691136424990255,864691135194782250,1
864691136424990255,864691135208582265,1
864691136425005871,864691135196313642,1
864691136425005871,864691135196622378,1
864691136425554479,864691135195417642,1
864691136425623343,864691135195486506,5
864691136425623343,864691135195903274,2
864691136425671983,864691135207751545,1
864691136425708591,864691135196291626,1
864691136425751087,864691135184143362,3
864691136425751087,864691135184283650,1
864691136425761327,864691135196291626,2
864691136425782575,864691135208678521,1
864691136425796143,864691135195469354,1
864691136425822255,864691135195469354,1
864691136436365982,864691135195344938,1
864691136436397214,864691135195483946,1
864691136436402590,864691135207760761,1
864691136436414366,864691135208593017,1
864691136436421534,864691135196319018,1
864691136436421534,864691135208958585,1
864691136436500638,864691135195469354,1
864691136436526494,864691135195040810,1
864691136436601502,864691135196633642,3
864691136436743838,864691135208416121,1
864691136436774302,864691135208944505,1
864691136436875934,864691135207716217,1
864691136436964214,864691135208441721,2
864691136436964214,864691135208668281,1
864691136437197726,864691135195486506,1
864691136437364382,864691135208060793,1
864691136437409438,864691135195417642,1
864691136437410974,864691135208715129,2
864691136437413278,864691135208593017,1
864691136437429150,864691135208676985,1
864691136437673118,864691135196291626,1
864691136437691294,864691135208668281,1
864691136438013598,864691135183618050,1
864691136438510494,864691135196319018,1
864691136438584478,864691135183972354,1
864691136438584478,864691135195040810,1
864691136438584478,864691135195478058,3
864691136438584478,864691135195486506,1
864691136438584478,864691135195903274,7
864691136438584478,864691135208448889,1
864691136438585502,864691135195040810,2
864691136438585502,864691135196291626,1
864691136438825118,864691135208460921,1
864691136438854302,864691135208423801,1
864691136438882974,864691135196291626,1
864691136443726979,864691135209022841,1
864691136443732867,864691135195344938,1
864691136443733635,864691135195903274,1
864691136443740291,864691135194413354,1
864691136444216195,864691135196291626,1
864691136444729987,864691135208722553,1
864691136444749187,864691135208457337,2
864691136445763203,864691135196202282,13
864691136451068415,864691135208060793,1
864691136451079679,864691135196622378,1
864691136451084031,864691135195185194,2
864691136451084031,864691135195395370,1
864691136451084799,864691135209194617,1
864691136451108351,864691135195040810,1
864691136451224831,864691135195303466,1
864691136451350015,864691135208017785,1
864691136451405311,864691135195322410,1
864691136451413759,864691135208562809,2
864691136451496959,864691135208416121,1
864691136451700479,864691135208641657,1
864691136451845375,864691135208715129,2
864691136451879423,864691135195040810,2
864691136451891199,864691135194713642,1
864691136451891199,864691135195040810,1
864691136451944447,864691135194782250,1
864691136451990015,864691135208678521,1
864691136451994111,864691135195040810,2
864691136451994623,864691135195040810,1
864691136451996159,864691135208060793,1
864691136451999743,864691135209194617,1
864691136452005631,864691135208698489,1
864691136452081151,864691135195312426,1
864691136452124159,864691135208017785,1
864691136452156159,864691135195303466,1
864691136452225535,864691135208060793,5
864691136452447743,864691135195417642,1
864691136452920319,864691135208638841,1
864691136453017855,864691135195486250,3
864691136453085695,864691135195474730,2
864691136453096959,864691135196313642,1
864691136453186559,864691135195903274,2
864691136453395455,864691135195417642,2
864691136453565951,864691135209022841,1
864691136482876204,864691135195486506,1
864691136482877484,864691135194446634,1
864691136482880812,864691135195040810,1
864691136482882348,864691135183972354,1
864691136482885420,864691135207897209,1
864691136482888236,864691135208423801,1
864691136482893612,864691135208722553,1
864691136482902060,864691135194940202,1
864691136482902060,864691135195040810,5
864691136482904620,864691135209245817,1
864691136482911276,864691135195903274,1
864691136482916396,864691135207818361,1
864691136482918444,864691135207772537,2
864691136482921516,864691135196633642,1
864691136482923820,864691135209245817,1
864691136482962220,864691135207818361,1
864691136482962220,864691135208707961,1
864691136483061036,864691135195478058,1
864691136483167788,864691135195040810,1
864691136483292460,864691135207818361,1
864691136483303724,864691135207748985,1
864691136483751980,864691135195191594,1
864691136483851052,864691135207818361,1
864691136483851308,864691135195469354,1
864691136483858988,864691135194408234,1
864691136483858988,864691135208958585,1
864691136483862060,864691135208060793,2
864691136483908396,864691135183968514,1
864691136484053292,864691135194446634,1
864691136484086572,864691135208641657,1
864691136484092204,864691135208060793,1
864691136484207404,864691135194782250,1
864691136484207404,864691135196633642,2
864691136484249644,864691135194940202,1
864691136484419884,864691135196622378,3
864691136484525100,864691135195417642,1
864691136484525100,864691135196202282,1
864691136484824108,864691135195277354,1
864691136484824108,864691135207818361,1
864691136484824108,864691135208707961,1
864691136484849196,864691135196633642,1
864691136485027628,864691135207772537,1
864691136485065772,864691135195040810,1
864691136485065772,864691135195903274,1
864691136485076780,864691135195303466,1
864691136485076780,864691135208593017,1
864691136485143084,864691135196319018,1
864691136485145900,864691135208944505,1
864691136485237036,864691135196291626,3
864691136486761234,864691135198850432,1
864691136486762514,864691135208441721,1
864691136486763282,864691135207760761,1
864691136486779666,864691135209245817,1
864691136486789138,864691135195486250,1
864691136486795026,864691135207818361,1
864691136486807570,864691135208060793,3
864691136487134738,864691135208700281,1
864691136487134738,864691135208958585,1
864691136487224850,864691135208707961,1
864691136487252498,864691135196291626,1
864691136487424018,864691135209022841,1
864691136487494418,864691135194713642,1
864691136487874322,864691135208017785,1
864691136487936786,864691135208641657,1
864691136487986962,864691135207772537,1
864691136487987218,864691135194856746,1
864691136487987474,864691135208638841,1
864691136487992338,864691135208051577,1
864691136487999762,864691135195040810,1
864691136488013074,864691135208416121,4
864691136488029202,864691135195469354,1
864691136488186898,864691135195303466,1
864691136488700946,864691135195469354,1
864691136489055762,864691135196291626,2
864691136489712914,864691135195312426,1
864691136489712914,864691135195486506,3
864691136489758482,864691135196313642,1
864691136489874194,864691135195903274,1
864691136489874194,864691135196291626,1
864691136489874194,864691135208235897,2
864691136489874194,864691135208460921,2
864691136489874194,864691135209194617,3
864691136489874194,864691135209245817,1
864691136518103012,864691135196633642,1
864691136518103012,864691135208658809,2
864691136521557905,864691135208722553,1
864691136521579153,864691135208668281,1
864691136521588369,864691135208722553,1
864691136521597073,864691135208612729,3
864691136521601681,864691135195486506,2
864691136521601937,864691135207762297,1
864691136521831825,864691135195469354,2
864691136521842321,864691135195303466,3
864691136521872785,864691135208457337,1
864691136521907089,864691135196633642,1
864691136522021521,864691135195040810,1
864691136522184081,864691135194713642,1
864691136522414737,864691135208722553,2
864691136522555793,864691135196291626,1
864691136522559633,864691135208692089,1
864691136522585233,864691135208060793,2
864691136523216017,864691135195486506,1
864691136523889553,864691135183968514,6
864691136523889553,864691135184143362,6
864691136523889553,864691135194782250,3
864691136523889553,864691135208564345,1
864691136523971473,864691135208423801,1
864691136523974289,864691135208060793,2
864691136523974289,864691135208197241,2
864691136523974289,864691135208678521,1
864691136524030353,864691135195469354,1
864691136524030353,864691135208441721,1
864691136524052369,864691135183968514,1
864691136524057489,864691135195040810,1
864691136524057489,864691135208707961,1
864691136524089489,864691135196291626,1
864691136524177809,864691135208678521,1
864691136524348561,864691135209022841,1
864691136524441489,864691135184283650,3
864691136524448913,864691135183968514,1
864691136524448913,864691135184283650,1
864691136524448913,864691135194782250,1
864691136524448913,864691135208658809,1
864691136524478353,864691135196319018,2
864691136534021026,864691135207762297,1
864691136534679714,864691135208698489,1
864691136535185058,864691135208715129,1
864691136536087202,864691135195040810,1
864691136536121506,864691135195277354,1
864691136536121506,864691135195283754,1
864691136536121506,864691135207818361,1
864691136536137634,864691135195469354,1
864691136536165026,864691135208017785,1
864691136536253090,864691135194940202,1
864691136536253090,864691135208416121,1
864691136536766114,864691135194856746,1
864691136539145378,864691135195040810,1
864691136539230114,864691135207818361,1
864691136540364962,864691135194713642,1
864691136540364962,864691135208650617,3
864691136540452258,864691135195040810,1
864691136540452258,864691135208698489,2
864691136542240930,864691135208707961,1
864691136543315362,864691135208448889,1
864691136546496418,864691135195040810,1
864691136546496418,864691135208722553,1
864691136546771618,864691135194859562,1
864691136548385442,864691135195040810,1
864691136551625378,864691135195903274,1
864691136553414818,864691135194940202,1
864691136554277282,864691135195283754,1
864691136554277282,864691135208402297,2
864691136557438882,864691135207818361,1
864691136558078370,864691135208612729,2
864691136558078370,864691135208650617,4
864691136558078370,864691135208676985,1
864691136560184226,864691135195312426,1
864691136562153469,864691135194446634,1
864691136562153469,864691135208457337,4
864691136564053154,864691135208441721,1
864691136566374050,864691135194713642,1
864691136570938786,864691135195040810,1
864691136575628706,864691135194940202,1
864691136577470228,864691135196633642,1
864691136577474580,864691135195303466,1
864691136577479188,864691135195486506,1
864691136577486100,864691135195469354,2
864691136577498388,864691135195040810,1
864691136577498388,864691135195277354,1
864691136577521684,864691135208668281,1
864691136577526804,864691135208698489,1
864691136577527060,864691135194446634,1
864691136577527060,864691135208457337,1
864691136577821460,864691135195312426,2
864691136577854228,864691135183968514,3
864691136577957908,864691135209194617,1
864691136577968916,864691135208658809,2
864691136577971732,864691135209194617,1
864691136577998100,864691135208157561,1
864691136578005780,864691135207897209,1
864691136578085652,864691135196291626,1
864691136578290708,864691135195303466,1
864691136578370580,864691135208707961,1
864691136578382868,864691135207818361,1
864691136578425108,864691135208416121,1
864691136578437140,864691135195312426,1
864691136578525460,864691135208678521,1
864691136578527252,864691135195040810,1
864691136578537492,864691135208060793,1
864691136578560532,864691135207716217,2
864691136579014676,864691135183968514,1
864691136579054100,864691135208707961,1
864691136579063828,864691135208707961,1
864691136579296020,864691135196202282,1
864691136579325204,864691135195417642,1
864691136579327650,864691135208707961,1
864691136579984916,864691135208564345,1
864691136580009236,864691135196291626,1
864691136580009492,864691135208958585,1
864691136580071188,864691135184143362,1
864691136593436066,864691135195483946,1
864691136593436066,864691135208402297,1
864691136593436066,864691135208457337,2
864691136593436066,864691135208715129,1
864691136595040930,864691135208457337,1
864691136595040930,864691135208722553,1
864691136595353250,864691135208157561,3
864691136595432098,864691135194413354,1
864691136595433634,864691135208060793,4
864691136595442082,864691135195478058,1
864691136595447202,864691135208060793,2
864691136595485090,864691135207818361,1
864691136595488674,864691135184283650,2
864691136595488674,864691135208235897,2
864691136595492258,864691135194859562,1
864691136595492258,864691135207762297,2
864691136595500450,864691135208722553,1
864691136595626658,864691135195903274,1
864691136595765410,864691135195476266,1
864691136595999650,864691135195474730,1
864691136595999650,864691135195486506,1
864691136595999650,864691135208700281,3
864691136596170914,864691135195417642,1
864691136596964258,864691135208564345,1
864691136596965026,864691135196319018,1
864691136597043106,864691135196633642,2
864691136597043106,864691135208658809,1
864691136597043106,864691135209022841,2
864691136601574353,864691135208905593,2
864691136601577425,864691135195476266,1
864691136601577425,864691135209245817,1
864691136601579473,864691135207818361,2
864691136601586385,864691135208457337,2
864691136601621201,864691135194446634,1
864691136601796049,864691135208017785,1
864691136602371025,864691135196291626,1
864691136602497745,864691135195469354,1
864691136602581969,864691135208060793,1
864691136602652881,864691135195483946,1
864691136602779345,864691135183968514,1
864691136602781393,864691135208460921,2
864691136602781393,864691135208668281,1
864691136602787537,864691135207897209,1
864691136602787537,864691135208676985,1
864691136602787537,864691135208707961,1
864691136602790609,864691135194713642,1
864691136602790609,864691135195312426,3
864691136602899665,864691135195277354,1
864691136602899665,864691135195283754,6
864691136602994385,864691135195312426,1
864691136603017169,864691135183618050,1
864691136603261137,864691135208060793,2
864691136603620305,864691135208638841,1
864691136603714001,864691135196202282,1
864691136603793873,864691135195185194,1
864691136603793873,864691135195486506,1
864691136603793873,864691135195903274,1
864691136604053457,864691135196291626,1
864691136604053457,864691135208060793,1
864691136604104145,864691135208564345,1
864691136604113361,864691135195469354,1
864691136617108955,864691135207751545,1
864691136617108955,864691135208582265,1
864691136617112027,864691135208441721,1
864691136617127643,864691135195469354,1
864691136617137627,864691135208715129,2
864691136617707739,864691135194782250,1
864691136617707739,864691135208658809,1
864691136617970907,864691135195395370,1
864691136617970907,864691135195469354,1
864691136617987803,864691135208457337,1
864691136618004699,864691135208698489,2
864691136618028763,864691135208722553,2
864691136618048987,864691135208715129,1
864691136618077147,864691135208564345,1
864691136618116315,864691135195344938,1
864691136618225627,864691135208722553,1
864691136618231515,864691135208060793,3
864691136618232795,864691135195344938,1
864691136618232795,864691135195486506,1
864691136618400397,864691135208678521,1
864691136618405261,864691135208944505,1
864691136618423515,864691135208641657,1
864691136618441691,864691135195903274,1
864691136618441691,864691135208448889,3
864691136618441691,864691135208905593,1
864691136618441691,864691135208944505,4
864691136618444941,864691135208448889,1
864691136618451341,864691135194713642,1
864691136618452365,864691135208641657,1
864691136618486669,864691135195040810,1
864691136618486925,864691135208676985,1
864691136618491277,864691135196633642,1
864691136618553485,864691135207762297,2
864691136618560475,864691135196319018,1
864691136618560475,864691135208678521,1
864691136618704013,864691135195483946,1
864691136618808795,864691135183972354,1
864691136618894043,864691135195303466,1
864691136619072731,864691135208441721,1
864691136619117275,864691135208060793,1
864691136619151757,864691135195483946,1
864691136619157467,864691135195469354,1
864691136619157467,864691135196291626,1
864691136619330189,864691135208692089,1
864691136619354765,864691135208423801,1
864691136619354765,864691135209022841,2
864691136619369179,864691135196291626,1
864691136619439501,864691135196622378,1
864691136619538139,864691135208060793,3
864691136619561435,864691135195478058,1
864691136619592845,864691135209194617,2
864691136619727245,864691135208593017,1
864691136619729371,864691135184283650,1
864691136619729371,864691135208235897,2
864691136619729371,864691135209194617,2
864691136619882637,864691135194713642,1
864691136619939213,864691135208051577,1
864691136620192653,864691135195303466,2
864691136620486029,864691135209022841,3
864691136620576397,864691135196622378,1
864691136620661645,864691135208678521,1
864691136620739469,864691135208707961,1
864691136620894093,864691135208658809,1
864691136621082253,864691135195303466,1
864691136621082253,864691135195417642,1
864691136621099149,864691135184143362,1
864691136621099149,864691135207818361,1
864691136621099149,864691135208707961,2
864691136621099149,864691135208958585,2
864691136621099149,864691135209245817,1
864691136621108877,864691135183968514,1
864691136641487990,864691135208944505,2
864691136651013373,864691135208722553,1
864691136651627261,864691135195483946,1
864691136652239869,864691135195483946,1
864691136652239869,864691135208457337,2
864691136652781821,864691135194756906,2
864691136662194398,864691135194859562,1
864691136662200286,864691135208905593,1
864691136662211550,864691135208060793,1
864691136662219230,864691135196202282,1
864691136662219230,864691135208638841,1
864691136662229726,864691135208423801,1
864691136662363901,864691135208676985,1
864691136662390494,864691135194713642,1
864691136662390494,864691135195040810,1
864691136662440670,864691135194859562,4
864691136662440670,864691135195040810,1
864691136662440670,864691135208707961,4
864691136662536158,864691135208402297,1
864691136662536158,864691135208722553,2
864691136662914014,864691135195486250,2
864691136663017438,864691135194940202,1
864691136663017438,864691135208017785,1
864691136663049182,864691135208692089,1
864691136663065054,864691135207716217,1
864691136663152094,864691135208060793,1
864691136663185630,864691135209022841,1
864691136663216350,864691135195486250,1
864691136663348958,864691135183618050,1
864691136663348958,864691135196313642,1
864691136663574494,864691135195040810,1
864691136663666685,864691135195277354,1
864691136663690718,864691135183618050,1
864691136663992030,864691135208905593,1
864691136664082654,864691135194782250,1
864691136664082654,864691135195217706,1
864691136664084446,864691135196313642,1
864691136664127454,864691135194408234,1
864691136664127454,864691135208564345,1
864691136664648158,864691135195486250,4
864691136664648158,864691135207716217,2
864691136664648158,864691135208702073,1
864691136664648158,864691135209022841,5
864691136664868062,864691135194408234,1
864691136665155294,864691135184143362,1
864691136665155294,864691135196622378,1
864691136665155294,864691135208641657,1
864691136667909373,864691135208402297,1
864691136667909373,864691135208722553,2
864691136668738813,864691135208722553,1
864691136671433981,864691135208722553,5
864691136672626567,864691135195277354,1
864691136672647559,864691135208723321,3
864691136672667527,864691135208582265,1
864691136672677767,864691135208582265,1
864691136672687751,864691135195486506,2
864691136672687751,864691135208723321,1
864691136672688263,864691135195483946,1
864691136672845191,864691135208692089,1
864691136673162119,864691135196291626,1
864691136673162119,864691135208460921,1
864691136673531271,864691135207716217,2
864691136673592711,864691135209022841,1
864691136673633159,864691135195312426,1
864691136673641095,864691135208638841,1
864691136673716871,864691135195277354,1
864691136673733511,864691135196622378,1
864691136673737351,864691135195478058,1
864691136673737351,864691135195903274,1
864691136673740167,864691135194713642,1
864691136673740935,864691135208448889,1
864691136673816967,864691135195486506,3
864691136673816967,864691135208723321,1
864691136673915271,864691135207762297,1
864691136674076807,864691135208157561,1
864691136674719111,864691135195486506,1
864691136675007879,864691135196319018,1
864691136675020935,864691135194439210,1
864691136675020935,864691135196291626,2
864691136675020935,864691135196633642,3
864691136675151751,864691135194782250,2
864691136675151751,864691135208658809,2
864691136675151751,864691135209022841,1
864691136675197575,864691135196291626,1
864691136675339655,864691135208402297,2
864691136675409287,864691135196622378,1
864691136675476359,864691135196291626,1
864691136675573127,864691135195417642,1
864691136675573127,864691135196313642,2
864691136675813511,864691135194713642,1
864691136675813511,864691135195040810,1
864691136675813511,864691135195344938,1
864691136675840647,864691135208423801,1
864691136675875719,864691135208702073,1
864691136675909767,864691135209022841,1
864691136675980935,864691135208593017,1
864691136676167004,864691135195395370,1
864691136683211126,864691135208641657,1
864691136691955054,864691135207716217,1
864691136698263150,864691135208678521,1
864691136701245550,864691135195417642,1
864691136715814510,864691135208692089,1
864691136716771694,864691135183618050,1
864691136722736494,864691135208202361,1
864691136723294717,864691135195474730,1
864691136723327485,864691135195469354,1
864691136723327485,864691135208668281,1
864691136723332861,864691135195486506,1
864691136723332861,864691135196622378,1
864691136723338237,864691135208202361,1
864691136723350781,864691135196622378,1
864691136723356157,864691135208676985,1
864691136723359485,864691135208715129,1
864691136723366141,864691135208722553,2
864691136723367421,864691135195312426,2
864691136723371261,864691135209022841,1
864691136723388925,864691135195312426,2
864691136723388925,864691135207818361,2
864691136723396861,864691135208676985,1
864691136723410173,864691135195474730,2
864691136723414269,864691135195486506,1
864691136723417341,864691135195478058,1
864691136723430397,864691135208722553,3
864691136723458813,864691135183968514,1
864691136723459837,864691135208060793,2
864691136723504637,864691135208416121,2
864691136723537405,864691135195486250,1
864691136723542525,864691135196319018,1
864691136723542781,864691135207716217,1
864691136723555837,864691135195303466,1
864691136723565053,864691135183618050,1
864691136723568893,864691135196319018,1
864691136723585277,864691135208402297,1
864691136723596797,864691135208722553,1
864691136723637501,864691135208715129,1
864691136724439037,864691135208650617,1
864691136724473597,864691135195312426,1
864691136724616189,864691135194713642,1
864691136724623101,864691135208638841,1
864691136724748797,864691135208416121,2
864691136724776957,864691135195040810,1
864691136725114109,864691135195191594,1
864691136725177853,864691135195303466,1
864691136725455357,864691135208668281,1
864691136725455357,864691135209245817,1
864691136725579517,864691135195486506,4
864691136725745661,864691135196319018,1
864691136725889277,864691135196291626,1
864691136727530350,864691135207772537,1
864691136728689262,864691135208060793,1
864691136728689262,864691135208593017,2
864691136729335158,864691135209194617,1
864691136731992686,864691135183618050,1
864691136731992686,864691135208593017,2
864691136740102766,864691135208722553,1
864691136740417116,864691135208564345,1
864691136740423260,864691135208593017,1
864691136740433500,864691135208562809,1
864691136740436060,864691135208715129,1
864691136740637020,864691135195486506,1
864691136740637020,864691135208723321,1
864691136740637020,864691135209245817,1
864691136740755036,864691135195395370,1
864691136740790876,864691135208700281,1
864691136740814940,864691135195476266,1
864691136740814940,864691135209245817,1
864691136740851036,864691135194439210,1
864691136740851036,864691135209022841,1
864691136740897628,864691135195040810,1
864691136740918108,864691135208060793,3
864691136740924764,864691135208715129,9
864691136741305180,864691135195469354,1
864691136741323612,864691135196291626,1
864691136741360220,864691135195474730,1
864691136741426780,864691135208457337,1
864691136741452398,864691135208715129,1
864691136741465692,864691135208638841,1
864691136741482076,864691135195040810,1
864691136741482076,864691135208457337,1
864691136741513820,864691135195040810,1
864691136741530460,864691135207716217,1
864691136741537628,864691135195486506,1
864691136741537628,864691135195903274,1
864691136741545564,864691135208457337,1
864691136741680476,864691135204926336,1
864691136741790556,864691135183968514,1
864691136741885020,864691135195344938,1
864691136741991772,864691135196319018,1
864691136742071900,864691135194859562,1
864691136742178652,864691135196291626,1
864691136742623580,864691135195469354,2
864691136742685788,864691135195395370,1
864691136742990428,864691135183968514,1
864691136742990428,864691135196313642,2
864691136743169116,864691135183968514,1
864691136743177052,864691135208157561,2
864691136743319132,864691135194446634,1
864691136743319132,864691135208457337,1
864691136743319132,864691135208676985,3
864691136743319132,864691135208715129,4
864691136743358300,864691135195469354,1
864691136743457884,864691135183972354,3
864691136743457884,864691135208612729,2
864691136743457884,864691135208650617,3
864691136743826798,864691135196291626,1
864691136743826798,864691135196658986,1
864691136743826798,864691135208668281,1
864691136746745710,864691135208692089,1
864691136752821870,864691135194713642,1
864691136757647214,864691135207772537,1
864691136763884142,864691135195312426,1
864691136763884142,864691135208612729,3
864691136763884142,864691135208676985,2
864691136765657198,864691135194713642,1
864691136766683758,864691135207818361,4
864691136766683758,864691135208457337,1
864691136766683758,864691135208676985,5
864691136766683758,864691135208707961,2
864691136766683758,864691135208715129,2
864691136768713582,864691135207818361,1
864691136775138158,864691135208060793,5
864691136776832622,864691135195486506,1
864691136784146286,864691135195344938,1
864691136797309806,864691135194713642,1
864691136809746030,864691135208723321,1
864691136811789427,864691135209022841,2
864691136811794291,864691135195469354,2
864691136811816563,864691135195040810,1
864691136811819379,864691135194713642,1
864691136811830387,864691135208457337,1
864691136811837299,864691135195478058,1
864691136811954035,864691135195469354,1
864691136812004211,864691135208457337,1
864691136812023155,864691135208905593,1
864691136812081779,864691135195040810,3
864691136812081779,864691135207897209,1
864691136812224115,864691135194756906,1
864691136812224115,864691135208722553,2
864691136812513651,864691135195474730,1
864691136812672627,864691135196633642,1
864691136812672627,864691135208423801,1
864691136812693107,864691135208017785,1
864691136812696691,864691135208692089,1
864691136812938611,864691135208416121,1
864691136812942963,864691135196291626,1
864691136812965235,864691135208060793,1
864691136813111923,864691135208060793,1
864691136813128307,864691135208593017,1
864691136813389427,864691135196313642,1
864691136813471091,864691135196658986,1
864691136813471091,864691135209245817,4
864691136813620595,864691135194782250,1
864691136813620595,864691135208658809,2
864691136813846899,864691135208668281,1
864691136814271603,864691135208593017,1
864691136814274163,864691135196291626,2
864691136814315123,864691135184283650,1
864691136814315123,864691135195217706,1
864691136814343283,864691135196291626,1
864691136814357619,864691135195191594,1
864691136814606958,864691135196202282,1
864691136814606958,864691135196313642,1
864691136814606958,864691135207716217,1
864691136814606958,864691135208202361,1
864691136814677875,864691135207762297,1
864691136814703987,864691135208905593,1
864691136814703987,864691135209022841,1
864691136814761075,864691135184283650,2
864691136814761075,864691135195217706,1
864691136817305454,864691135208060793,2
864691136817329006,864691135196202282,1
864691136817335406,864691135208060793,2
864691136817642980,864691135208692089,1
864691136817736558,864691135207716217,1
864691136817761646,864691135208638841,1
864691136818677102,864691135195486250,1
864691136818677102,864691135208692089,1
864691136819104366,864691135208060793,1
864691136819432558,864691135207716217,1
864691136819672942,864691135208203385,1
864691136819698542,864691135195486250,1
864691136821399918,864691135195185194,1
864691136823961966,864691135195493418,2
864691136824272494,864691135208060793,1
864691136831754980,864691135207716217,1
864691136840277102,864691135209194617,1
864691136849944430,864691135208060793,1
864691136862801518,864691135208060793,2
864691136870678894,864691135195478058,1
864691136871249774,864691135195469354,1
864691136881607534,864691135207762297,1
864691136885541230,864691135195344938,1
864691136885541230,864691135208441721,2
864691136897149294,864691135195469354,2
864691136897149294,864691135195486506,1
864691136897149294,864691135209194617,1
864691136900268910,864691135195395370,1
864691136903003314,864691135183618050,1
864691136903014066,864691135195040810,1
864691136903018930,864691135195344938,1
864691136903019186,864691135195486506,3
864691136903052978,864691135194859562,1
864691136903062194,864691135196633642,1
864691136903066546,864691135195486250,2
864691136903240114,864691135208707961,1
864691136903387826,864691135208060793,1
864691136903387826,864691135208678521,1
864691136903433650,864691135196658986,1
864691136903682482,864691135208707961,1
864691136903929778,864691135195483946,1
864691136904007858,864691135209022841,1
864691136904060594,864691135195478058,1
864691136904061874,864691135195040810,3
864691136904061874,864691135195344938,1
864691136904354994,864691135195486250,1
864691136904354994,864691135208702073,1
864691136904656818,864691135184283650,1
864691136905147314,864691135195303466,1
864691136905147314,864691135196202282,2
864691136905197490,864691135196291626,1
864691136905197490,864691135209245817,2
864691136905203378,864691135195185194,1
864691136905203378,864691135195486506,1
864691136905267890,864691135195486506,1
864691136905343154,864691135208202361,1
864691136905373618,864691135183968514,1
864691136905570994,864691135196319018,4
864691136906090418,864691135195486506,2
864691136906161586,864691135196291626,1
864691136906696558,864691135194859562,1
864691136906761838,864691135208641657,1
864691136906761838,864691135208723321,1
864691136906761838,864691135208944505,1
864691136907591534,864691135194859562,11
864691136908845422,864691135196622378,3
864691136910393454,864691135183972354,1
864691136910393454,864691135195486506,1
864691136910393454,864691135195903274,1
864691136911621873,864691135208692089,1
864691136911623409,864691135196319018,1
864691136911634161,864691135208707961,1
864691136911656689,864691135207760761,2
864691136911670001,864691135208723321,1
864691136911728113,864691135194446634,1
864691136911864561,864691135194413354,3
864691136911864561,864691135195040810,1
864691136911864561,864691135207818361,1
864691136911864561,864691135208650617,1
864691136911864561,864691135208707961,8
864691136911879022,864691135209245817,1
864691136911992561,864691135207897209,1
864691136912172017,864691135196313642,1
864691136912231409,864691135196291626,1
864691136912423665,864691135208692089,2
864691136912463601,864691135194859562,3
864691136912547825,864691135208060793,1
864691136912587249,864691135194782250,1
864691136912602097,864691135195303466,1
864691136912606193,864691135208722553,1
864691136912667633,864691135195474730,1
864691136912684529,864691135195478058,1
864691136912686833,864691135208650617,1
864691136912690417,864691135183972354,1
864691136912690417,864691135208676985,1
864691136913170929,864691135195469354,1
864691136913180401,864691135209022841,1
864691136913493233,864691135194940202,1
864691136913493233,864691135208700281,1
864691136913493233,864691135209194617,1
864691136913689073,864691135208202361,1
864691136913748465,864691135196319018,1
864691136914038513,864691135183972354,1
864691136914038513,864691135195040810,3
864691136914081521,864691135207818361,1
864691136914081521,864691135208707961,6
864691136914235889,864691135184283650,1
864691136914235889,864691135196622378,1
864691136914235889,864691135208235897,1
864691136914235889,864691135208905593,2
864691136914398449,864691135195417642,1
864691136914541297,864691135208157561,1
864691136914541297,864691135208416121,1
864691136914555121,864691135183618050,1
864691136914555121,864691135208593017,1
864691136914601969,864691135208678521,1
864691136922732516,864691135195474730,1
864691136922751204,864691135208457337,1
864691136922751460,864691135195283754,1
864691136922754788,864691135208582265,1
864691136922755556,864691135208060793,1
864691136922757604,864691135208582265,1
864691136922768868,864691135194782250,1
864691136923121380,864691135208722553,1
864691136923131876,864691135208676985,1
864691136923243236,864691135208707961,1
864691136923592420,864691135195474730,1
864691136923623396,864691135208060793,1
864691136923647204,864691135195395370,1
864691136923701220,864691135196291626,1
864691136923710180,864691135195040810,1
864691136923755492,864691135195478058,1
864691136923763684,864691135196658986,1
864691136923775972,864691135194940202,1
864691136923785700,864691135209194617,1
864691136923791588,864691135195486506,1
864691136923791844,864691135196291626,1
864691136924192484,864691135195040810,1
864691136924297956,864691135196319018,15
864691136924636900,864691135195903274,1
864691136924736740,864691135207762297,4
864691136924736740,864691135209194617,1
864691136925014756,864691135196319018,1
864691136925033956,864691135195040810,1
864691136925033956,864691135207818361,6
864691136925089508,864691135209022841,1
864691136925107172,864691135208457337,1
864691136925111012,864691135196633642,1
864691136925111012,864691135208564345,4
864691136925111012,864691135208593017,1
864691136925111012,864691135209022841,3
864691136925331274,864691135208441721,1
864691136925335370,864691135208060793,1
864691136925339978,864691135195493418,1
864691136925342026,864691135208017785,1
864691136925350730,864691135209245817,2
864691136925353290,864691135195040810,1
864691136925359946,864691135208402297,1
864691136925360714,864691135195478058,1
864691136925386314,864691135208698489,1
864691136925727306,864691135183968514,2
864691136925777226,864691135208715129,4
864691136925783114,864691135208668281,1
864691136926411594,864691135208722553,1
864691136926413386,864691135195283754,1
864691136926414666,864691135208676985,2
864691136926414666,864691135208707961,1
864691136926423882,864691135208698489,1
864691136926426954,864691135195486250,1
864691136926427978,864691135195344938,1
864691136926428234,864691135208678521,1
864691136926430026,864691135207716217,1
864691136926789962,864691135195469354,2
864691136926789962,864691135196291626,1
864691136926789962,864691135196658986,5
864691136927127114,864691135208060793,2
864691136927393759,864691135208722553,1
864691136927491146,864691135183968514,1
864691136927491146,864691135194408234,1
864691136927491146,864691135195217706,1
864691136927491146,864691135196291626,2
864691136927491146,864691135208700281,1
864691136927491146,864691135208958585,14
864691136927491146,864691135209245817,2
864691136927492319,864691135195312426,1
864691136927711562,864691135208678521,1
864691136927714634,864691135208944505,1
864691136927736138,864691135196319018,1
864691136933054943,864691135194446634,1
864691136933206751,864691135195483946,1
864691136933206751,864691135208715129,1
864691136939694559,864691135208715129,1
864691136939694559,864691135208722553,2
864691136944585695,864691135208722553,2
864691136945576671,864691135208402297,1
864691136945576671,864691135208722553,1
864691136945607391,864691135208722553,1
864691136945612255,864691135195483946,1
864691136945612255,864691135207818361,1
864691136945612511,864691135195483946,1
864691136945612511,864691135208722553,1
864691136945632479,864691135194446634,1
864691136945632479,864691135195483946,2
864691136945632479,864691135208722553,1
864691136945691359,864691135194446634,2
864691136945691359,864691135195483946,1
864691136945691359,864691135208715129,1
864691136945925087,864691135208402297,2
864691136946433503,864691135194756906,1
864691136946433503,864691135195040810,2
864691136946977503,864691135208402297,1
864691136947021791,864691135208402297,1
864691136951558879,864691135195483946,1
864691136951558879,864691135208457337,2
864691136951558879,864691135208715129,2
864691136951562463,864691135208678521,1
864691136951566047,864691135208202361,1
864691136951578079,864691135195040810,1
864691136951582687,864691135196633642,1
864691136951583967,864691135208441721,1
864691136951589855,864691135196202282,1
864691136951611615,864691135195474730,4
864691136951625183,864691135208060793,9
864691136951628767,864691135208060793,2
864691136951632351,864691135195040810,1
864691136951639519,864691135208060793,7
864691136951639519,864691135208582265,1
864691136951640287,864691135209022841,1
864691136951711199,864691135207818361,2
864691136951754975,864691135194413354,1
864691136951754975,864691135208448889,2
864691136952139743,864691135208722553,1
864691136952141535,864691135208060793,6
864691136952195295,864691135195486506,1
864691136952198367,864691135207762297,1
864691136952200415,864691135194446634,1
864691136952245983,864691135195277354,1
864691136952276191,864691135195483946,1
864691136952276191,864691135208402297,1
864691136952276191,864691135208612729,1
864691136952276191,864691135208722553,1
864691136952281567,864691135195903274,5
864691136952301791,864691135207897209,1
864691136952537567,864691135207818361,1
864691136952828383,864691135195283754,1
864691136952830687,864691135208715129,1
864691136952902879,864691135208722553,1
864691136952914655,864691135208448889,2
864691136952921823,864691135194446634,1
864691136952925663,864691135195474730,1
864691136953005535,864691135195486506,1
864691136953005535,864691135208723321,1
864691136953486303,864691135209022841,1
864691136953836511,864691135194713642,1
864691136953871071,864691135196313642,1
864691136954023903,864691135184283650,1
864691136954028511,864691135208641657,1
864691136954050527,864691135196291626,1
864691136954123487,864691135195303466,3
864691136965761742,864691135195303466,1
864691136965761742,864691135195417642,1
864691136965762510,864691135183972354,1
864691136965767374,864691135208668281,1
864691136965780942,864691135207818361,1
864691136965785294,864691135195469354,1
864691136965812174,864691135208060793,1
864691136965822670,864691135208698489,1
864691136965837262,864691135208638841,1
864691136965848014,864691135208460921,1
864691136965986254,864691135207818361,1
864691136965986254,864691135208676985,1
864691136965986254,864691135208707961,2
864691136966418894,864691135195486506,1
864691136966473934,864691135209245817,1
864691136966512846,864691135195469354,1
864691136966630094,864691135208060793,1
864691136966673870,864691135183972354,3
864691136966673870,864691135195474730,13
864691136966673870,864691135208441721,1
864691136966727118,864691135195478058,1
864691136966948302,864691135194713642,1
864691136966951886,864691135196633642,1
864691136967336910,864691135208638841,1
864691136967764942,864691135208060793,1
864691136967789006,864691135208905593,4
864691136967796942,864691135209022841,1
864691136967873230,864691135194940202,1
864691136967956942,864691135208593017,1
864691136968099022,864691135207748985,1
864691136968099022,864691135208692089,1
864691136968099022,864691135209022841,8
864691136968152014,864691135209022841,1
864691136968568014,864691135194782250,3
864691136968568014,864691135196633642,2
864691136968568014,864691135208564345,1
864691136968568014,864691135208678521,2
864691136968647374,864691135196319018,1
864691136968656078,864691135208905593,1
864691136968930254,864691135194782250,1
864691136968930254,864691135196319018,4
864691136973660188,864691135208668281,1
864691136973710364,864691135195322410,1
864691136973714204,864691135196202282,1
864691136973982748,864691135195040810,1
864691136974018076,864691135208562809,1
864691136974064156,864691135194756906,1
864691136974064156,864691135195277354,1
864691136974064156,864691135208722553,1
864691136974090268,864691135208416121,1
864691136974168860,864691135194782250,1
864691136974419228,864691135196291626,1
864691136974542620,864691135195040810,1
864691136974544924,864691135195478058,1
864691136974544924,864691135195486506,1
864691136974550044,864691135194446634,1
864691136974550044,864691135208457337,1
864691136974551068,864691135195277354,1
864691136974572316,864691135183968514,1
864691136974672156,864691135195040810,1
864691136974822940,864691135208593017,1
864691136974841884,864691135194446634,2
864691136974841884,864691135195483946,1
864691136974841884,864691135208457337,7
864691136975288348,864691135183968514,1
864691136976129564,864691135208564345,2
864691136976129564,864691135208678521,1
864691136976156444,864691135208423801,1
864691136989933205,864691135195483946,1
864691136989933205,864691135208715129,1
864691136989947029,864691135194408234,1
864691136989957269,864691135208402297,1
864691136989957269,864691135208715129,1
864691136989957269,864691135208722553,1
864691136989982101,864691135195486250,3
864691136989988501,864691135208060793,1
864691136989997461,864691135207818361,2
864691136989997973,864691135195040810,1
864691136990003605,864691135195395370,1
864691136990149269,864691135208060793,2
864691136990376341,864691135183972354,1
864691136990415509,864691135195486250,1
864691136990522517,864691135208723321,1
864691136990674581,864691135209194617,1
864691136990791573,864691135208060793,1
864691136990843285,864691135208564345,2
864691136990940565,864691135194940202,1
864691136990940821,864691135194408234,1
864691136990940821,864691135207762297,1
864691136990940821,864691135209194617,1
864691136990956437,864691135207897209,1
864691136990971029,864691135194713642,1
864691136991213461,864691135208051577,1
864691136991213461,864691135208593017,2
864691136991400341,864691135208638841,1
864691136991445909,864691135208593017,1
864691136991452821,864691135195417642,1
864691136991452821,864691135196202282,1
864691136992004501,864691135196633642,1
864691136992004501,864691135208423801,1
864691136992004501,864691135208564345,1
864691136992007317,864691135207897209,6
864691136992007317,864691135208676985,7
864691136992007317,864691135208707961,1
864691136992081557,864691135208423801,1
864691136992208021,864691135209022841,4
864691136992383637,864691135195344938,1
864691136992383637,864691135208197241,2
864691136992538005,864691135183968514,1
864691136992558741,864691135196319018,1
864691136992612757,864691135195478058,1
864691136992612757,864691135207818361,1
864691136992612757,864691135208017785,1
864691136992612757,864691135208650617,1
864691136992612757,864691135208676985,3
864691136992612757,864691135208707961,4
864691136992615573,864691135208650617,1
864691136992615573,864691135208698489,1
864691137015931246,864691135208402297,3
864691137016657262,864691135208722553,3
864691137018050414,864691135194446634,1
864691137019551854,864691135194782250,1
864691137019552110,864691135195476266,1
864691137019552110,864691135196291626,1
864691137019552110,864691135207762297,1
864691137019552110,864691135208700281,1
864691137019552110,864691135209194617,2
864691137019552366,864691135196202282,1
864691137019563374,864691135208944505,2
864691137019576686,864691135208564345,2
864691137019580526,864691135195395370,1
864691137019878766,864691135195486506,2
864691137019878766,864691135208723321,1
864691137019935342,864691135208722553,1
864691137020123502,864691135183968514,2
864691137020123502,864691135208678521,1
864691137020426094,864691135196633642,1
864691137020429934,864691135195303466,1
864691137020481134,864691135194782250,1
864691137020499566,864691135195040810,1
864691137020513390,864691135195344938,1
864691137020663406,864691135208676985,1
864691137020666990,864691135208060793,1
864691137020667502,864691135208698489,1
864691137020671342,864691135208650617,1
864691137020671342,864691135208676985,1
864691137020676974,864691135207818361,1
864691137020676974,864691135208715129,3
864691137020883054,864691135208707961,1
864691137020972910,864691135207762297,2
864691137021188974,864691135195493418,1
864691137021272174,864691135209194617,2
864691137021326446,864691135195344938,1
864691137021889646,864691135195040810,1
864691137021910126,864691135195469354,1
864691137021910126,864691135196291626,1
864691137021936750,864691135209194617,1
864691137022180974,864691135195303466,2
864691137022180974,864691135196202282,6
864691137022215534,864691135208157561,1
864691137022244206,864691135207772537,1
864691137022278254,864691135207772537,5
864691137022364782,864691135208564345,1
864691137053662582,864691135208441721,1
864691137053662582,864691135208668281,1
864691137053664118,864691135207818361,1
864691137053665654,864691135195312426,1
864691137053670774,864691135208060793,4
864691137053671286,864691135208638841,1
864691137053671542,864691135208715129,1
864691137053940598,864691135208562809,1
864691137054009462,864691135195344938,1
864691137054009462,864691135208441721,1
864691137054647670,864691135195040810,1
864691137054658422,864691135208723321,1
864691137054695286,864691135195040810,2
864691137054703222,864691135195486506,3
864691137054706550,864691135208612729,1
864691137054709878,864691135207818361,1
864691137054824054,864691135195417642,1
864691137054859894,864691135196202282,2
864691137055080310,864691135208715129,1
864691137055417206,864691135209245817,1
864691137055668086,864691135183972354,1
864691137055668086,864691135195474730,4
864691137055668086,864691135208944505,1
864691137055668086,864691135209194617,2
864691137055757686,864691135196319018,1
864691137056031094,864691135208593017,2
864691137056053366,864691135183618050,1
864691137056053366,864691135209022841,2
864691137056098166,864691135196291626,7
864691137056098166,864691135208460921,2
864691137056230006,864691135184283650,1
864691137056506742,864691135183618050,1
864691137196883777,864691135195344938,1
864691137196900929,864691135208722553,1
864691137196910401,864691135195469354,1
864691137196912193,864691135208722553,1
864691137196913985,864691135209245817,1
864691137196918849,864691135208060793,1
864691137196923713,864691135195395370,1
864691137196925249,864691135208457337,2
864691137196953409,864691135208017785,1
864691137197169473,864691135195486506,1
864691137197169473,864691135195903274,2
864691137197239617,864691135195344938,1
864691137197239617,864691135195486506,2
864691137197441345,864691135208157561,1
864691137197495361,864691135209194617,1
864691137197619521,864691135183618050,1
864691137197740865,864691135208678521,1
864691137197807937,864691135194940202,1
864691137197943617,864691135183972354,3
864691137198626625,864691135207818361,1
864691137198754113,864691135183972354,1
864691137199038273,864691135184143362,1
864691137199050049,864691135209022841,1
864691137199359553,864691135209022841,3
864691137199530817,864691135195417642,1
864691137199828801,864691135209022841,1
864691137199868225,864691135184143362,1
864691137199914561,864691135184143362,1
864691137199914561,864691135184283650,3
864691137199914561,864691135196633642,3
864691137199914561,864691135208658809,1
864691137199973441,864691135184143362,1
