pre_pt_root_id,post_pt_root_id,n
864691134884762106,864691136362811106,1
864691134884807418,864691136362304482,1
864691134884855290,864691136362304482,1
864691134885023994,864691136362762978,1
864691134885045498,864691136335041715,1
864691134885153018,864691136370842504,1
864691134885179898,864691136371278472,1
864691134885481722,864691136362313442,1
864691134885681914,864691136362763234,1
864691134885785594,864691136362464994,1
864691134885957882,864691136334860979,1
864691134886006778,864691136334819763,1
864691134886037498,864691136334715827,1
864691134886037498,864691136361506274,2
864691134886037498,864691136362432994,2
864691134886209786,864691136361501154,2
864691134886288890,864691136335041715,1
864691134886288890,864691136361736930,1
864691134886364922,864691136335041715,1
864691134886400250,864691136335711155,1
864691134886400250,864691136362686434,1
864691134886467066,864691136362418402,1
864691134886586106,864691136370842504,3
864691134886904826,864691136370988936,1
864691134887260410,864691136362762978,1
864691134887260410,864691136362763234,4
864691134887383290,864691136364411874,1
864691134887471866,864691136364286946,2
864691134887526138,864691136362579426,1
864691134887540986,864691136362343394,1
864691134887623930,864691136362418402,1
864691134917395722,864691136362929890,1
864691134917420810,864691136335041715,2
864691134917642250,864691136362464994,2
864691134917794314,864691136371437704,1
864691134917901322,864691136371607432,2
864691134918126346,864691136361774306,1
864691134918249738,864691136362418402,1
864691134918272266,864691136371607432,1
864691134918307594,864691136361774306,1
864691134918318602,864691136361847266,1
864691134918345738,864691136362351586,1
864691134918384650,864691136334850227,1
864691134918384650,864691136362313442,2
864691134918384650,864691136371216776,1
864691134918400522,864691136371607432,1
864691134918402058,864691136362464994,1
864691134918590730,864691136334860979,1
864691134918596362,864691136370815624,1
864691134918614794,864691136362492642,1
864691134919570698,864691136362418402,2
864691134919748362,864691136335041715,1
864691134919748362,864691136335711155,1
864691134919748362,864691136371278472,2
864691134920072202,864691136370988936,1
864691134920130570,864691136361501154,1
864691134920130570,864691136370815624,1
864691134939992931,864691136362811106,1
864691134939998307,864691136370804616,1
864691134940025955,864691136371607432,4
864691134940206947,864691136362929890,1
864691134940373347,864691136361900258,1
864691134940373347,864691136371278472,1
864691134940399971,864691136371607432,1
864691134940660323,864691136361900258,1
864691134940853091,864691136370801800,1
864691134940933475,864691136334850227,1
864691134940933475,864691136362033890,1
864691134940933475,864691136362313442,4
864691134940941411,864691136362464994,1
864691134940958563,864691136361900258,1
864691134940960867,864691136370804616,1
864691134941953635,864691136336177843,1
864691134942161763,864691136371149704,1
864691134942169955,864691136370843272,1
864691134942221411,864691136371600264,2
864691134942250339,864691136336189875,1
864691134942296931,864691136364417506,1
864691134942386275,864691136362313442,1
864691134942498147,864691136334860979,1
864691134942610787,864691136336189875,2
864691134942659427,864691136363372258,1
864691134942692963,864691136334810547,2
864691134942692963,864691136362492642,2
864691134947449852,864691136370804616,2
864691134947454972,864691136362763234,1
864691134947460860,864691136361736930,1
864691134947460860,864691136362739426,1
864691134948158972,864691136362231010,1
864691134948285436,864691136334738867,1
864691134948345084,864691136334702003,1
864691134948345084,864691136371607432,1
864691134948365820,864691136370801800,1
864691134948511740,864691136334702003,1
864691134948605180,864691136362492642,3
864691134948605180,864691136370815624,2
864691134948907260,864691136370843272,1
864691134949256956,864691136335689907,1
864691134949368316,864691136364286946,1
864691134949391612,864691136362328290,2
864691134949391612,864691136362464994,1
864691134949774844,864691136334850227,1
864691134950149116,864691136361900258,1
864691134950149116,864691136371278472,1
864691134950228988,864691136361847266,2
864691134950228988,864691136362492642,1
864691134950228988,864691136370843272,1
864691134950228988,864691136371437704,1
864691134950317308,864691136362739426,3
864691134950338556,864691136362343394,1
864691134964418079,864691136335041715,1
864691134964443423,864691136361775842,1
864691134965213983,864691136335041715,1
864691134965301791,864691136370997640,1
864691134965415455,864691136362473954,1
864691134965425951,864691136370843784,1
864691134965429023,864691136371607432,1
864691134965436703,864691136371607432,1
864691134965444639,864691136362351586,1
864691134966047263,864691136335041715,1
864691134966063135,864691136336368307,1
864691134966306591,864691136334715827,1
864691134966306591,864691136361506274,4
864691134966306591,864691136362304482,1
864691134966306591,864691136362492642,1
864691134966306591,864691136371455112,1
864691134966306847,864691136334702003,2
864691134966306847,864691136334715827,1
864691134966306847,864691136362313442,8
864691134966495519,864691136334860979,1
864691134966759711,864691136337641879,1
864691134966759711,864691136361900258,3
864691134966759711,864691136364417506,1
864691134966759711,864691136371278472,1
864691134966791711,864691136335041715,1
864691134988377722,864691136370843272,1
864691134988388474,864691136336189875,2
864691134988437370,864691136334738867,1
864691134988437370,864691136371455112,1
864691134988443258,864691136362492642,2
864691134988447610,864691136361774306,1
864691134988461434,864691136370804616,1
864691134988480378,864691136336303283,1
864691134988596858,864691136361501154,1
864691134988596858,864691136362492642,1
864691134988902778,864691136335041715,1
864691134988922746,864691136334848947,1
864691134988922746,864691136370804616,2
864691134988929914,864691136361900258,1
864691134988929914,864691136371278472,1
864691134988941690,864691136371607432,1
864691134988958586,864691136370801800,1
864691134988966010,864691136370843272,1
864691134989149050,864691136370801800,1
864691134989260922,864691136362379746,2
864691134989260922,864691136370843272,1
864691134989283450,864691136362739426,1
864691134989407354,864691136362579426,1
864691134989457018,864691136362418402,1
864691134989461882,864691136334715827,2
864691134989462906,864691136335041715,1
864691134989471098,864691136362492642,5
864691134989575546,864691136371499400,1
864691134989687674,864691136364026082,1
864691134989919098,864691136361736930,1
864691134990124410,864691136361894370,1
864691134990535546,864691136371278472,1
864691134990596474,864691136371149704,1
864691134990621306,864691136371174024,1
864691134990817914,864691136362432994,3
864691134990982778,864691136364411874,1
864691134990996858,864691136362418402,1
864691134991040378,864691136335689907,1
864691134991040378,864691136361766370,1
864691134991040378,864691136362379746,2
864691134991040378,864691136362811106,1
864691134991040378,864691136363372258,2
864691134991096442,864691136364286946,1
864691134991229562,864691136362762978,1
864691135012362998,864691136334819763,1
864691135012407286,864691136370810504,1
864691135012408310,864691136370804616,1
864691135012446966,864691136362230754,1
864691135012473334,864691136371559048,1
864691135012475894,864691136334738867,1
864691135012488438,864691136370815624,1
864691135012494070,864691136334834867,1
864691135012494070,864691136362492642,1
864691135012510710,864691136362493922,1
864691135012530422,864691136371530120,1
864691135012560118,864691136335078835,1
864691135012564470,864691136358599287,1
864691135012857494,864691136362343394,1
864691135012857494,864691136362418402,1
864691135012858614,864691136361775842,1
864691135012925078,864691136362492642,1
864691135012941302,864691136335041715,1
864691135012944022,864691136370820488,1
864691135013057782,864691136371455112,1
864691135013151990,864691136364417506,1
864691135013260438,864691136370804616,2
864691135013279126,864691136362343394,1
864691135013399190,864691136371455112,1
864691135013459190,864691136335041715,1
864691135013464214,864691136363372258,1
864691135013509622,864691136371455112,1
864691135013512694,864691136362492642,3
864691135013518838,864691136334715827,1
864691135013518838,864691136361506274,1
864691135013519094,864691136371607432,1
864691135013528566,864691136362304482,3
864691135013528566,864691136370815624,1
864691135013530870,864691136361894370,1
864691135013548022,864691136361775842,1
864691135013550326,864691136371607432,1
864691135013767830,864691136334860979,1
864691135013775862,864691136371607432,1
864691135013838742,864691136362418402,1
864691135013890038,864691136370997640,1
864691135013902230,864691136334848947,1
864691135013902230,864691136370810504,1
864691135013905302,864691136362432994,1
864691135013905302,864691136371455112,1
864691135013923734,864691136362230754,1
864691135013934230,864691136334702003,3
864691135013934230,864691136370815624,1
864691135013958390,864691136362432994,2
864691135013988598,864691136361775842,2
864691135014181878,864691136334810547,1
864691135014181878,864691136362418402,1
864691135014184182,864691136336368307,1
864691135014241430,864691136362432994,1
864691135014258070,864691136334834867,1
864691135014258070,864691136362432994,4
864691135014258070,864691136371455112,3
864691135014381206,864691136364411874,3
864691135014383254,864691136361772514,1
864691135014549910,864691136334860979,1
864691135014549910,864691136364411874,1
864691135014751734,864691136337641879,8
864691135014751734,864691136361900258,2
864691135014751734,864691136362412514,1
864691135014751734,864691136362579426,5
864691135014751734,864691136362660834,2
864691135014751734,864691136364026082,2
864691135014867862,864691136362492642,3
864691135015011734,864691136370843272,1
864691135015095446,864691136335041715,1
864691135015288566,864691136362418402,1
864691135015364854,864691136335041715,1
864691135015364854,864691136337641879,1
864691135015364854,864691136362343394,2
864691135015364854,864691136362686434,1
864691135015433110,864691136334819763,1
864691135015437462,864691136362579426,7
864691135015437462,864691136362660834,2
864691135015437462,864691136364026082,1
864691135015605910,864691136334738867,1
864691135015755670,864691136335041715,1
864691135015755670,864691136335711155,1
864691135015755670,864691136362343394,1
864691135015755670,864691136363372258,1
864691135015792534,864691136334715827,1
864691135015792534,864691136361766370,1
864691135015792534,864691136362811106,1
864691135015822742,864691136361847266,2
864691135058526619,864691136370843784,1
864691135058582939,864691136334810547,1
864691135058582939,864691136370842504,1
864691135058587291,864691136370804616,1
864691135058889115,864691136334702003,2
864691135058932891,864691136334850483,1
864691135058992539,864691136361900258,1
864691135059259291,864691136361774306,1
864691135059266203,864691136362660834,1
864691135059266203,864691136364342754,1
864691135059329691,864691136371559816,3
864691135059343003,864691136336303283,1
864691135059343003,864691136362762978,1
864691135059346843,864691136336303283,2
864691135059352219,864691136361900258,1
864691135059455643,864691136370815624,1
864691135059554971,864691136362762978,1
864691135059555483,864691136362763234,1
864691135059558811,864691136371530120,1
864691135059558811,864691136371607432,4
864691135059869851,864691136334715827,1
864691135060020123,864691136336189875,1
864691135060077211,864691136371580552,1
864691135060103067,864691136334810547,1
864691135060103067,864691136370997640,1
864691135060603291,864691136364411874,1
864691135060740507,864691136334702003,1
864691135060740507,864691136362033890,1
864691135060740507,864691136362313442,2
864691135060772763,864691136336189875,1
864691135060772763,864691136371437704,1
864691135060842395,864691136334819763,1
864691135060842395,864691136371149704,1
864691135060882843,864691136370842504,1
864691135060968091,864691136335689907,1
864691135060968091,864691136361847266,1
864691135060968091,864691136371437704,1
864691135060968859,864691136362686434,1
864691135060975003,864691136364417506,1
864691135060992155,864691136335689907,1
864691135060992155,864691136335711155,1
864691135060992155,864691136336177843,1
864691135060992155,864691136336189875,1
864691135060992155,864691136364417506,1
864691135064987716,864691136362492642,1
864691135064989508,864691136362470626,1
864691135065003332,864691136362418402,1
864691135065015876,864691136361775842,1
864691135065128260,864691136362432994,2
864691135065128260,864691136370842504,3
864691135065334340,864691136362351586,1
864691135065334340,864691136370843784,1
864691135065691204,864691136371499400,2
864691135065700420,864691136370815624,1
864691135065808196,864691136334841011,1
864691135065825604,864691136336368307,1
864691135065944388,864691136363060962,1
864691135066000964,864691136370842504,1
864691135066014788,864691136362313442,1
864691135066015044,864691136364417506,1
864691135066017604,864691136371580552,1
864691135066101316,864691136364342754,1
864691135066268484,864691136361894370,1
864691135066349124,864691136337641879,8
864691135066377796,864691136361775842,3
864691135067053124,864691136334702003,2
864691135067053124,864691136361501154,2
864691135067053124,864691136371600264,2
864691135067084612,864691136361736930,1
864691135067084612,864691136370842504,1
864691135067149636,864691136362473954,1
864691135067149636,864691136362493922,1
864691135067181124,864691136335041715,1
864691135067181124,864691136362763234,1
864691135067192900,864691136334860979,1
864691135067387972,864691136364286946,1
864691135067476548,864691136371455112,1
864691135067645764,864691136335041715,1
864691135067645764,864691136335711155,1
864691135067961668,864691136364411874,3
864691135068023876,864691136362379746,1
864691135081639671,864691136334860979,1
864691135081647095,864691136362304482,1
864691135081657591,864691136370820488,1
864691135081726455,864691136361894370,1
864691135081729015,864691136371174024,1
864691135081737975,864691136362492642,1
864691135081738743,864691136362739426,1
864691135081902071,864691136362811106,1
864691135081988855,864691136334850483,1
864691135081988855,864691136364411874,4
864691135082002679,864691136371216776,1
864691135082002679,864691136371607432,1
864691135082003959,864691136334702003,4
864691135082007287,864691136334702003,1
864691135082007287,864691136362313442,2
864691135082021623,864691136362492642,2
864691135082021623,864691136370815624,1
864691135082051831,864691136335041715,1
864691135082074359,864691136336303283,1
864691135082074359,864691136363060962,6
864691135082085111,864691136371607432,2
864691135082143991,864691136371607432,2
864691135082156791,864691136335041715,1
864691135082204151,864691136371607432,1
864691135082259703,864691136371278472,1
864691135082420215,864691136334702003,5
864691135082420215,864691136334850227,1
864691135082420215,864691136371607432,2
864691135082497015,864691136334819763,1
864691135082636023,864691136362418402,1
864691135082654967,864691136362304482,1
864691135082690039,864691136361775842,2
864691135082714871,864691136370842504,1
864691135082718711,864691136364286946,1
864691135082732023,864691136371607432,1
864691135082735863,864691136362033890,1
864691135082743287,864691136370843784,1
864691135082864375,864691136362033890,1
864691135082864887,864691136334738867,1
864691135082864887,864691136362231010,1
864691135082864887,864691136371437704,1
864691135082891255,864691136370843272,1
864691135083204087,864691136334860979,1
864691135083204087,864691136335711155,1
864691135083595255,864691136361774306,1
864691135083619831,864691136362762978,1
864691135083812599,864691136336368307,1
864691135083812599,864691136364411874,1
864691135083846903,864691136334860979,1
864691135083846903,864691136362660834,1
864691135084038647,864691136336177843,1
864691135084038647,864691136364342754,1
864691135084038647,864691136364411874,1
864691135084102647,864691136334860979,1
864691135084148983,864691136362763234,1
864691135084196855,864691136361894370,1
864691135099864096,864691136371607432,1
864691135099864608,864691136362304482,1
864691135100282400,864691136361894370,1
864691135100307488,864691136370795400,1
864691135100696864,864691136361774306,1
864691135100777760,864691136362470626,1
864691135100858144,864691136361508578,1
864691135100906528,864691136334734259,1
864691135100918048,864691136371530120,3
864691135100936736,864691136335078835,1
864691135100936736,864691136362379746,1
864691135100936736,864691136370843272,1
864691135101640736,864691136371149704,1
864691135101684768,864691136361894370,1
864691135101795104,864691136371437704,1
864691135101921568,864691136371455112,1
864691135101924384,864691136334702003,1
864691135101924384,864691136334850227,1
864691135101924384,864691136362313442,6
864691135101924384,864691136362493922,1
864691135102192160,864691136334846387,1
864691135102192160,864691136362762978,2
864691135102249760,864691136371499400,1
864691135102385696,864691136336368307,2
864691135102492960,864691136362762978,1
864691135102492960,864691136362929890,1
864691135102492960,864691136363372258,1
864691135102492960,864691136370801800,1
864691135104006989,864691136334734259,1
864691135104009293,864691136362033890,1
864691135104037709,864691136362739426,1
864691135104037709,864691136371607432,1
864691135104148045,864691136370801800,1
864691135104244301,864691136362304482,1
864691135104769101,864691136364286946,1
864691135104787533,864691136370801800,1
864691135104887117,864691136362231010,1
864691135104911693,864691136335711155,1
864691135104948045,864691136334738867,1
864691135105044301,864691136335041715,1
864691135105048653,864691136335078835,6
864691135105051213,864691136371530120,1
864691135105052749,864691136334715827,2
864691135105052749,864691136334834867,1
864691135105052749,864691136361506274,3
864691135105052749,864691136370815624,1
864691135105068109,864691136370843784,1
864691135105779021,864691136335711155,1
864691135105833549,864691136371149704,1
864691135105988685,864691136370843272,1
864691135106189901,864691136334846387,1
864691135106189901,864691136370843272,6
864691135106189901,864691136370988936,5
864691135106189901,864691136371149704,1
864691135106468685,864691136362579426,5
864691135106468685,864691136362660834,3
864691135106597197,864691136334810547,1
864691135113138073,864691136335041715,1
864691135113164185,864691136371455112,1
864691135113440153,864691136334738867,1
864691135113440153,864691136361508578,1
864691135113441177,864691136334850227,1
864691135113531545,864691136371580552,2
864691135113533593,864691136362739426,1
864691135113649561,864691136361891554,1
864691135113900697,864691136362351586,1
864691135113913241,864691136361736930,1
864691135113913241,864691136370842504,1
864691135114106777,864691136336189875,1
864691135114134169,864691136371149704,1
864691135114165657,864691136371607432,1
864691135114167705,864691136364411874,1
864691135114169753,864691136370997640,1
864691135114295961,864691136371600264,1
864691135114328985,864691136337641879,1
864691135114561945,864691136370997640,1
864691135114679705,864691136362686434,3
864691135114911385,864691136370801800,1
864691135114911385,864691136371559816,3
864691135115058329,864691136362763234,1
864691135115225753,864691136335041715,2
864691135115225753,864691136364026082,1
864691135115332249,864691136362579426,1
864691135115400857,864691136364286946,1
864691135117770205,864691136334702003,1
864691135117784029,864691136370842504,1
864691135117795805,864691136371580552,1
864691135117797341,864691136371174024,1
864691135117800157,864691136361774306,1
864691135117825245,864691136362473954,3
864691135118157277,864691136361775842,1
864691135118195677,864691136334810547,2
864691135118197469,864691136362473954,1
864691135118200029,864691136361900258,1
864691135118212829,864691136371559560,1
864691135118242781,864691136358599287,2
864691135118298333,864691136335689907,1
864691135118298333,864691136361766370,5
864691135118298333,864691136371499400,1
864691135118711261,864691136371607432,1
864691135118918109,864691136362464994,1
864691135119436765,864691136361900258,1
864691135119436765,864691136362418402,1
864691135119436765,864691136364286946,1
864691135119506909,864691136334715827,1
864691135119506909,864691136334810547,1
864691135119506909,864691136335078835,1
864691135119506909,864691136335689907,1
864691135119506909,864691136361766370,3
864691135119506909,864691136362379746,1
864691135119524829,864691136363372258,1
864691135119636189,864691136362418402,2
864691135119747805,864691136371437704,1
864691135119839453,864691136336189875,1
864691135119839453,864691136364411874,1
864691135119877085,864691136361900258,1
864691135119877085,864691136362660834,1
864691135119912413,864691136335041715,1
864691135119912413,864691136361900258,1
864691135119912413,864691136371278472,1
864691135119938781,864691136335041715,2
864691135122320167,864691136362464994,1
864691135122322215,864691136362762978,1
864691135122326823,864691136364411874,1
864691135122327335,864691136334848947,1
864691135122340647,864691136364286946,1
864691135122342183,864691136371149704,1
864691135122625319,864691136364286946,1
864691135122755367,864691136361508578,1
864691135122799399,864691136361775842,1
864691135123189031,864691136361501154,1
864691135123288103,864691136362739426,1
864691135123330855,864691136362739426,1
864691135123334695,864691136362418402,2
864691135123605799,864691136362929890,1
864691135123653927,864691136334834867,1
864691135123807271,864691136370842504,1
864691135123807271,864691136371607432,1
864691135123810599,864691136361736930,1
864691135123870247,864691136362762978,1
864691135123951655,864691136335041715,1
864691135123975463,864691136362763234,1
864691135124099111,864691136371149704,2
864691135124209447,864691136370801800,2
864691135124404519,864691136335041715,1
864691135124538151,864691136362222306,1
864691135124538151,864691136362762978,4
864691135124690471,864691136362686434,1
864691135124690471,864691136364342754,2
864691135124690471,864691136364417506,1
864691135132656032,864691136362473954,1
864691135132657056,864691136361775842,1
864691135132668320,864691136362492642,1
864691135132671904,864691136361772514,2
864691135133058720,864691136335041715,1
864691135133082016,864691136362492642,1
864691135133112480,864691136364342754,1
864691135133446816,864691136334834867,1
864691135133479584,864691136361508578,1
864691135133580960,864691136336177843,1
864691135133589920,864691136334810547,1
864691135133683104,864691136370795400,1
864691135133903520,864691136362351586,1
864691135133978016,864691136336177843,1
864691135133978016,864691136361766370,1
864691135133982112,864691136370843272,1
864691135134114976,864691136370843272,1
864691135134114976,864691136371580552,1
864691135134146720,864691136370842504,1
864691135134201248,864691136334860979,1
864691135134315168,864691136336189875,1
864691135134362784,864691136334860979,1
864691135134485920,864691136335078835,1
864691135134669849,864691136334715827,1
864691135134677017,864691136362304482,1
864691135134695328,864691136361501154,1
864691135134697241,864691136362470626,2
864691135134711321,864691136371149704,1
864691135134901664,864691136335078835,4
864691135134945184,864691136364342754,1
864691135134983328,864691136362418402,1
864691135135030688,864691136371278472,1
864691135135085728,864691136362464994,1
864691135135087520,864691136334860979,1
864691135135087520,864691136337641879,1
864691135135087520,864691136362686434,2
864691135135087520,864691136364417506,2
864691135135109792,864691136362762978,1
864691135135122457,864691136370988936,1
864691135135221529,864691136336177843,1
864691135135411993,864691136370842504,1
864691135135450649,864691136362492642,1
864691135135485209,864691136364342754,1
864691135135485209,864691136371499400,1
864691135135560217,864691136361847266,1
864691135135623449,864691136362304482,1
864691135135623705,864691136362313442,2
864691135135661081,864691136335041715,1
864691135135703577,864691136364417506,1
864691135135729177,864691136362660834,1
864691135135729689,864691136362763234,1
864691135135729689,864691136364286946,1
864691135135778073,864691136336189875,1
864691135135855897,864691136361506274,1
864691135136564505,864691136363372258,1
864691135137105177,864691136336189875,1
864691135137105177,864691136364411874,1
864691135137357081,864691136362418402,10
864691135137357081,864691136362470626,6
864691135137357081,864691136362739426,2
864691135137357081,864691136362929890,1
864691135137357081,864691136370843272,2
864691135137357081,864691136370997640,1
864691135155516516,864691136336189875,1
864691135155534948,864691136362412514,1
864691135155535972,864691136370815624,1
864691135155566692,864691136361900258,2
864691135155567204,864691136370804616,1
864691135155620452,864691136334702003,1
864691135155853412,864691136362313442,1
864691135155982436,864691136371149704,1
864691135156003940,864691136361772514,1
864691135156006500,864691136361847266,1
864691135156352356,864691136334846387,1
864691135156458852,864691136334810547,1
864691135156532068,864691136371530120,1
864691135156545892,864691136335041715,1
864691135156986980,864691136370843272,1
864691135157332068,864691136336177843,1
864691135157535588,864691136334819763,1
864691135157649252,864691136370843272,2
864691135157784932,864691136362328290,1
864691135158055012,864691136335041715,1
864691135158055012,864691136337641879,1
864691135158094436,864691136335078835,1
864691135162226733,864691136361775842,1
864691135162246957,864691136334860979,1
864691135162250541,864691136370804616,1
864691135162629677,864691136370801800,1
864691135162707501,864691136361900258,1
864691135162741037,864691136362418402,1
864691135162745901,864691136364286946,1
864691135162909229,864691136336177843,2
864691135162909229,864691136362231010,1
864691135163127597,864691136335078835,5
864691135163195437,864691136370804616,1
864691135163356717,864691136370843784,2
864691135163365421,864691136334814899,1
864691135163365421,864691136361772514,2
864691135163366445,864691136362222306,2
864691135163372333,864691136362304482,8
864691135163379245,864691136371600264,1
864691135163734317,864691136371149704,2
864691135163752749,864691136362493922,2
864691135164105773,864691136370997640,1
864691135164186413,864691136334810547,1
864691135164186413,864691136370997640,3
864691135164229165,864691136334860979,1
864691135164229165,864691136335041715,1
864691135164408621,864691136334715827,2
864691135164408621,864691136362432994,2
864691135164408621,864691136371455112,1
864691135164408621,864691136371580552,2
864691135164804909,864691136364411874,1
864691135164857133,864691136336189875,1
864691135164857133,864691136361766370,4
864691135164857133,864691136362811106,1
864691135181700610,864691136335078835,1
864691135181705474,864691136361860834,1
864691135181710338,864691136362351586,1
864691135181710338,864691136371530120,1
864691135181722114,864691136370842504,1
864691135181755394,864691136334702003,1
864691135181763074,864691136370795400,1
864691135181773314,864691136371607432,5
864691135181775106,864691136362473954,1
864691135181786626,864691136334841011,1
864691135181786626,864691136358599287,1
864691135181790466,864691136335041715,2
864691135181800706,864691136371149704,1
864691135181802754,864691136334814899,1
864691135181804802,864691136361772514,1
864691135181804802,864691136371216776,2
864691135181842690,864691136370810504,1
864691135181855746,864691136362492642,1
864691135181996290,864691136362579426,1
864691135182060546,864691136362033890,1
864691135182086402,864691136362418402,1
864691135182110210,864691136364342754,1
864691135182219010,864691136370842504,1
864691135182497538,864691136334850227,1
864691135182634754,864691136371149704,1
864691135182697730,864691136362929890,1
864691135182713602,864691136362492642,4
864691135182726402,864691136362492642,1
864691135182801922,864691136334850227,1
864691135182801922,864691136362473954,1
864691135182812418,864691136334734259,1
864691135182841858,864691136362432994,1
864691135183025410,864691136334850227,1
864691135183269634,864691136334819763,1
864691135183493378,864691136362473954,1
864691135183493378,864691136362493922,1
864691135183740930,864691136370842504,1
864691135183789314,864691136370810504,1
864691135183789314,864691136371607432,1
864691135183866114,864691136362379746,1
864691135183866114,864691136370997640,1
864691135183982850,864691136362686434,1
864691135183999490,864691136362418402,1
864691135184104194,864691136336189875,1
864691135184160002,864691136361900258,2
864691135184294658,864691136362379746,1
864691135194396458,864691136362762978,1
864691135194419242,864691136361766370,1
864691135194419242,864691136362811106,1
864691135194423338,864691136370810504,1
864691135194429994,864691136370843784,1
864691135194438698,864691136362464994,1
864691135194756906,864691136334814899,1
864691135194970154,864691136371607432,1
864691135195404586,864691136336177843,1
864691135195491370,864691136361774306,1
864691135195530538,864691136362418402,1
864691135195530538,864691136370997640,1
864691135195778602,864691136335078835,1
864691135195809322,864691136362418402,1
864691135196201514,864691136334814899,1
864691135196291626,864691136336303283,1
864691135196511786,864691136335041715,1
864691135196632106,864691136336368307,1
864691135196634666,864691136362762978,2
864691135196720938,864691136362492642,1
864691135207726457,864691136361508578,1
864691135207734393,864691136362418402,1
864691135207744633,864691136361772514,1
864691135207745401,864691136371607432,1
864691135207760249,864691136334850227,1
864691135208409209,864691136371543944,1
864691135208418681,864691136370804616,1
864691135208515705,864691136371149704,1
864691135208587641,864691136371530120,1
864691135208676985,864691136362313442,1
864691135208697465,864691136358599287,1
864691135208861049,864691136336189875,1
864691135209080697,864691136370810504,1
864691135209080697,864691136371607432,1
864691135209280121,864691136335041715,1
864691135209300601,864691136362432994,2
864691135209300601,864691136370795400,1
864691135209300601,864691136370842504,1
864691135209300601,864691136371455112,1
864691135209428857,864691136370997640,1
864691135209497209,864691136334846387,1
864691135209497209,864691136362762978,1
864691135209725561,864691136361774306,1
864691135209739385,864691136361900258,2
864691135209739385,864691136362343394,2
864691135209739385,864691136371278472,2
864691135209913209,864691136334860979,1
864691135209913209,864691136364417506,1
864691135209968505,864691136335041715,1
864691135210010048,864691136371580552,1
864691135210017472,864691136370843272,1
864691135210020288,864691136361766370,1
864691135210024384,864691136370842504,1
864691135210024384,864691136370997640,1
864691135210031552,864691136362230754,1
864691135210068160,864691136362763234,1
864691135210148288,864691136370810504,1
864691135210178169,864691136362686434,4
864691135210178169,864691136364342754,1
864691135210178169,864691136364417506,2
864691135210261113,864691136371499400,1
864691135210362816,864691136371530120,2
864691135210364537,864691136364411874,1
864691135210373824,864691136361772514,1
864691135210382201,864691136371559560,1
864691135210400960,864691136335041715,1
864691135210441152,864691136371607432,1
864691135210446457,864691136362379746,1
864691135210446457,864691136362470626,7
864691135210446457,864691136370997640,2
864691135210834368,864691136371499400,1
864691135210881472,864691136370804616,2
864691135210884032,864691136362464994,1
864691135211098560,864691136336177843,1
864691135211103680,864691136361775842,2
864691135211106752,864691136371530120,3
864691135211131584,864691136361891554,1
864691135211205824,864691136334810547,1
864691135211306176,864691136362763234,1
864691135211307712,864691136371455112,1
864691135211339200,864691136334738867,1
864691135211599808,864691136334834867,1
864691135211658944,864691136370997640,1
864691135211772864,864691136362418402,1
864691135212125376,864691136371149704,1
864691135212363712,864691136361736930,1
864691135212363712,864691136362418402,4
864691135212398528,864691136335689907,1
864691135212398528,864691136362929890,6
864691135212411328,864691136335041715,1
864691135212508096,864691136361847266,3
864691135212535232,864691136334810547,1
864691135212535232,864691136361900258,1
864691135212535232,864691136364286946,1
864691135212594304,864691136362464994,1
864691135212598656,864691136371607432,1
864691135212604544,864691136363372258,1
864691135212607168,864691136362811106,2
864691135212607168,864691136371455112,1
864691135212619136,864691136370804616,1
864691135212619136,864691136370843784,1
864691135212659072,864691136362473954,1
864691135212691584,864691136371530120,2
864691135212699776,864691136370804616,1
864691135212702336,864691136362033890,1
864691135212703104,864691136361766370,1
864691135212726912,864691136371149704,1
864691135213048632,864691136361506274,1
864691135213051448,864691136362493922,1
864691135213070136,864691136370810504,1
864691135213072952,864691136370804616,1
864691135213077304,864691136361900258,1
864691135213077304,864691136362412514,1
864691135213092664,864691136334834867,1
864691135213174656,864691136362343394,1
864691135213655680,864691136362811106,1
864691135213655680,864691136371607432,1
864691135213667712,864691136334841011,1
864691135213702784,864691136371216776,2
864691135213708928,864691136362304482,4
864691135213726848,864691136334702003,2
864691135213786752,864691136334846387,1
864691135213838392,864691136361900258,1
864691135213901880,864691136362464994,2
864691135213937720,864691136370810504,1
864691135213942072,864691136371580552,1
864691135214045752,864691136371530120,1
864691135214113592,864691136362473954,1
864691135214130744,864691136362470626,1
864691135214130744,864691136370997640,1
864691135214158648,864691136362686434,1
864691135214158648,864691136364417506,1
864691135214246528,864691136363060962,1
864691135214340920,864691136370997640,1
864691135214381440,864691136362379746,1
864691135214381440,864691136362492642,3
864691135214381440,864691136370997640,1
864691135214392960,864691136334819763,3
864691135214467640,864691136364286946,1
864691135214527616,864691136361774306,2
864691135214643256,864691136362762978,1
864691135214900024,864691136335711155,1
864691135215120184,864691136334850227,5
864691135215120184,864691136362473954,9
864691135215120184,864691136362493922,5
864691135215148088,864691136362492642,1
864691135215148088,864691136370815624,1
864691135215148088,864691136371600264,1
864691135215175040,864691136337641879,3
864691135215175040,864691136362579426,1
864691135215217280,864691136364417506,1
864691135215360056,864691136361860834,1
864691135215391544,864691136334850227,1
864691135215403320,864691136362762978,1
864691135215403320,864691136371559816,1
864691135215450936,864691136362222306,1
864691135233102681,864691136371559560,1
864691135233106009,864691136371455112,1
864691135233143641,864691136370804616,1
864691135233568857,864691136336177843,2
864691135233891673,864691136371149704,1
864691135233974105,864691136362351586,1
864691135234072409,864691136362493922,1
864691135234193753,864691136362579426,1
864691135234402137,864691136335078835,1
864691135234402137,864691136335711155,1
864691135234402137,864691136362379746,1
864691135234402137,864691136362739426,1
864691135234998617,864691136337641879,6
864691135234998617,864691136361900258,2
864691135234998617,864691136362579426,2
864691135234998617,864691136362660834,1
864691135234998617,864691136364026082,1
864691135235288409,864691136337641879,1
864691135235344985,864691136362473954,1
864691135235363417,864691136335041715,2
864691135235386713,864691136336177843,1
864691135235386713,864691136362464994,1
864691135235386713,864691136362579426,1
864691135235386713,864691136364411874,2
864691135235496025,864691136334702003,2
864691135235496025,864691136334850227,1
864691135235496025,864691136362313442,2
864691135235496025,864691136371216776,1
864691135235527513,864691136337641879,1
864691135235527513,864691136362343394,1
864691135235527513,864691136362418402,1
864691135235527513,864691136364026082,1
864691135256132527,864691136370843272,1
864691135256138415,864691136334810547,1
864691135256138415,864691136362492642,1
864691135256138415,864691136370997640,1
864691135256144815,864691136334834867,2
864691135256464303,864691136361891554,2
864691135256590511,864691136358599287,1
864691135256590511,864691136370820488,1
864691135256594863,864691136335041715,2
864691135256958639,864691136371455112,1
864691135257189039,864691136371278472,1
864691135257200559,864691136361774306,1
864691135257201071,864691136336177843,1
864691135257201071,864691136371499400,2
864691135257207215,864691136361894370,1
864691135257236911,864691136370842504,1
864691135258274735,864691136362328290,1
864691135258274735,864691136362464994,3
864691135258635183,864691136370997640,1
864691135258655151,864691136361900258,2
864691135258655151,864691136362343394,1
864691135258655151,864691136371278472,3
864691135258681007,864691136362379746,2
864691135258681007,864691136362762978,1
864691135258681007,864691136370997640,1
864691135269688997,864691136334841011,1
864691135269696421,864691136371559816,1
864691135269697957,864691136334819763,1
864691135269729445,864691136370795400,1
864691135269729445,864691136370838408,1
864691135269737637,864691136361775842,1
864691135269753509,864691136371607432,1
864691135270001573,864691136361775842,1
864691135270001573,864691136371530120,1
864691135270579365,864691136361501154,1
864691135270580133,864691136371607432,1
864691135270626725,864691136335041715,1
864691135270702501,864691136371580552,1
864691135270868901,864691136371437704,1
864691135270898853,864691136335711155,1
864691135270957477,864691136362811106,1
864691135271394469,864691136334860979,1
864691135271394469,864691136335711155,1
864691135271394469,864691136336177843,1
864691135271394469,864691136364417506,1
864691135271535781,864691136370801800,1
864691135271671461,864691136371543944,1
864691135271915173,864691136362418402,1
864691135271915173,864691136362579426,1
864691135272105125,864691136361894370,1
864691135272105125,864691136362222306,1
864691135272105125,864691136371543944,1
864691135272151313,864691136362493922,1
864691135272160677,864691136335041715,1
864691135272173841,864691136361775842,1
864691135272183569,864691136362739426,1
864691135272187045,864691136334860979,1
864691135272218021,864691136362492642,1
864691135272357905,864691136370997640,1
864691135272398609,864691136363372258,1
864691135272512273,864691136371559560,1
864691135272597009,864691136334810547,1
864691135272597009,864691136362492642,1
864691135272608529,864691136361508578,1
864691135272615185,864691136362412514,1
864691135272615185,864691136364026082,2
864691135272844305,864691136371607432,1
864691135273150481,864691136335078835,1
864691135273177105,864691136362492642,1
864691135273247505,864691136362762978,1
864691135273258257,864691136362418402,1
864691135273265169,864691136370810504,1
864691135273270545,864691136361501154,1
864691135273287441,864691136362579426,1
864691135273544465,864691136371455112,1
864691135273655569,864691136361775842,1
864691135273655569,864691136363060962,1
864691135274082789,864691136362739426,1
864691135274086117,864691136371530120,1
864691135274101477,864691136361900258,1
864691135274101477,864691136362412514,1
864691135274123237,864691136370810504,1
864691135274124261,864691136362418402,1
864691135274124261,864691136362470626,1
864691135274223889,864691136361774306,1
864691135274286097,864691136335711155,1
864691135274309605,864691136371580552,2
864691135274497509,864691136371149704,1
864691135274512869,864691136371149704,1
864691135274525413,864691136362660834,1
864691135274537445,864691136370810504,3
864691135274546961,864691136336368307,1
864691135274546961,864691136362328290,2
864691135274630161,864691136371499400,1
864691135274634981,864691136358599287,1
864691135274675941,864691136335078835,1
864691135274705125,864691136371530120,1
864691135274713617,864691136362762978,1
864691135274738193,864691136334850483,2
864691135274738193,864691136335711155,2
864691135274738193,864691136362464994,1
864691135274738193,864691136364411874,1
864691135274881041,864691136334810547,1
864691135274974181,864691136362762978,2
864691135274979601,864691136334810547,1
864691135275205093,864691136362328290,1
864691135275311589,864691136361860834,1
864691135275384805,864691136371455112,2
864691135275392741,864691136336177843,1
864691135275621605,864691136362763234,1
864691135275978981,864691136362432994,1
864691135275983589,864691136361847266,2
864691135275983589,864691136362739426,1
864691135276917733,864691136334702003,1
864691135276917733,864691136370997640,1
864691135276917733,864691136371607432,2
864691135276975333,864691136334810547,7
864691135276975333,864691136362492642,1
864691135276975333,864691136362739426,1
864691135276975333,864691136370815624,1
864691135276975333,864691136370997640,2
864691135277034725,864691136334860979,1
864691135277034725,864691136362763234,1
864691135277289957,864691136335689907,1
864691135277337061,864691136335711155,3
864691135277337061,864691136336368307,2
864691135277337061,864691136364342754,2
864691135277337061,864691136364417506,2
864691135277506533,864691136335041715,4
864691135277506533,864691136362686434,1
864691135277615589,864691136335711155,1
864691135277615589,864691136337641879,2
864691135277615589,864691136362686434,1
864691135277615589,864691136364286946,1
864691135277615589,864691136364417506,1
864691135277713893,864691136334860979,1
864691135277713893,864691136362579426,1
864691135277713893,864691136371499400,4
864691135278194081,864691136362464994,1
864691135278213537,864691136371607432,1
864691135278229409,864691136334848947,2
864691135278229409,864691136361772514,2
864691135278229409,864691136370810504,3
864691135278391201,864691136362464994,1
864691135278893217,864691136362762978,1
864691135278977185,864691136334810547,1
864691135278987169,864691136334850227,1
864691135279138465,864691136371600264,1
864691135279544993,864691136334860979,1
864691135279591841,864691136362328290,1
864691135279657633,864691136334819763,1
864691135280396449,864691136362762978,1
864691135280583329,864691136371559816,1
864691135280852897,864691136362763234,1
864691135280860833,864691136361900258,2
864691135280879009,864691136334834867,1
864691135280879009,864691136361860834,1
864691135280879009,864691136362492642,3
864691135280879009,864691136362739426,3
864691135280879009,864691136371455112,1
864691135280891553,864691136335041715,15
864691135280891553,864691136364286946,1
864691135280944033,864691136362418402,1
864691135281002401,864691136334846387,1
864691135281056673,864691136337641879,1
864691135281077665,864691136334860979,1
864691135281078689,864691136335078835,1
864691135281078689,864691136362379746,3
864691135281078689,864691136362492642,2
864691135281078689,864691136362929890,1
864691135281078689,864691136370843272,1
864691135281078689,864691136370997640,2
864691135281218977,864691136364411874,1
864691135281227425,864691136362418402,5
864691135281227425,864691136370843272,1
864691135291728822,864691136334819763,1
864691135291728822,864691136371149704,2
864691135291762870,864691136370997640,1
864691135291852214,864691136371607432,1
864691135291991734,864691136334715827,1
864691135292255414,864691136371607432,1
864691135292265910,864691136362328290,1
864691135292610486,864691136370810504,1
864691135292638902,864691136362811106,1
864691135292728246,864691136337641879,1
864691135292842678,864691136362464994,1
864691135292862134,864691136361900258,1
864691135293047564,864691136371559560,1
864691135293065484,864691136370815624,2
864691135293065484,864691136371559816,1
864691135293073676,864691136334850227,1
864691135293073676,864691136362033890,1
864691135293078284,864691136370795400,1
864691135293343756,864691136362470626,1
864691135293417654,864691136371149704,1
864691135293446924,864691136361766370,1
864691135293605558,864691136362379746,1
864691135293678006,864691136336177843,1
864691135293678006,864691136363372258,1
864691135293801484,864691136362739426,1
864691135293953292,864691136336368307,1
864691135293963276,864691136362473954,1
864691135294038540,864691136362464994,2
864691135294111756,864691136371607432,1
864691135294115084,864691136336368307,1
864691135294115084,864691136364417506,1
864691135294130188,864691136371559560,1
864691135294139148,864691136371530120,1
864691135294144012,864691136336177843,1
864691135294144012,864691136361766370,1
864691135294151948,864691136334702003,6
864691135294151948,864691136371607432,1
864691135294164236,864691136362313442,1
864691135294268086,864691136364417506,1
864691135294376630,864691136334860979,1
864691135294376630,864691136362763234,1
864691135294430220,864691136370843272,2
864691135294441654,864691136335711155,1
864691135294519734,864691136362418402,1
864691135294537654,864691136361736930,1
864691135294633654,864691136336177843,3
864691135294633654,864691136336189875,1
864691135294633654,864691136362762978,1
864691135294667020,864691136337641879,1
864691135294695350,864691136335041715,1
864691135294695350,864691136336177843,1
864691135294695350,864691136336368307,1
864691135294695350,864691136362328290,1
864691135294695350,864691136362579426,6
864691135294719158,864691136335689907,8
864691135294719158,864691136362379746,3
864691135294719158,864691136362470626,4
864691135294719158,864691136363372258,4
864691135294719158,864691136370842504,1
864691135294944950,864691136362351586,1
864691135294950838,864691136361891554,1
864691135295058700,864691136335041715,4
864691135295058700,864691136361900258,1
864691135295058700,864691136362579426,2
864691135295058700,864691136364026082,4
864691135295282700,864691136362379746,1
864691135295389708,864691136362762978,1
864691135295389708,864691136362763234,1
864691135295412236,864691136362418402,1
864691135303145639,864691136370820488,1
864691135303182759,864691136361860834,1
864691135303192231,864691136362470626,1
864691135303299239,864691136370842504,2
864691135303972007,864691136334846387,1
864691135304027815,864691136361772514,1
864691135304066727,864691136362763234,1
864691135304165799,864691136361766370,1
864691135304502183,864691136334702003,1
864691135304560807,864691136362418402,1
864691135305084327,864691136335041715,1
864691135305362343,864691136364342754,1
864691135305488551,864691136334810547,2
864691135305488551,864691136335078835,1
864691135305488551,864691136371455112,1
864691135305488551,864691136371580552,4
864691135305585063,864691136334860979,1
864691135305585063,864691136335711155,1
864691135305585063,864691136336368307,1
864691135305585063,864691136364342754,8
864691135305585063,864691136364417506,7
864691135305590439,864691136335041715,2
864691135305596583,864691136371530120,8
864691135305598375,864691136362418402,1
864691135305730471,864691136336177843,1
864691135305730471,864691136336189875,4
864691135307106886,864691136371530120,1
864691135307110726,864691136371530120,1
864691135307121734,864691136335078835,1
864691135307123526,864691136362470626,1
864691135307295558,864691136361736930,1
864691135307451718,864691136371530120,2
864691135307855942,864691136371607432,1
864691135307857990,864691136361774306,1
864691135307919942,864691136335041715,1
864691135307919942,864691136364286946,2
864691135307929926,864691136334734259,1
864691135307980870,864691136362762978,1
864691135308072518,864691136363372258,1
864691135308076614,864691136362313442,1
864691135308087878,864691136362418402,1
864691135308095814,864691136362351586,1
864691135308284998,864691136336368307,1
864691135308295238,864691136362762978,2
864691135308319046,864691136335711155,2
864691135308319046,864691136371499400,1
864691135308343366,864691136371600264,1
864691135308921158,864691136362762978,1
864691135309186630,864691136334810547,1
864691135309186630,864691136362418402,1
864691135309198662,864691136336368307,1
864691135309727302,864691136335041715,1
864691135309834054,864691136334850483,1
864691135309834054,864691136364342754,2
864691135309834054,864691136364411874,2
864691135309834054,864691136364417506,2
864691135309852230,864691136336177843,1
864691135309900614,864691136364417506,1
864691135309922374,864691136335078835,1
864691135309922374,864691136361766370,1
864691135309922374,864691136362379746,1
864691135322932636,864691136335041715,1
864691135322960796,864691136370804616,1
864691135322960796,864691136370810504,1
864691135323181212,864691136371437704,1
864691135323246236,864691136362470626,1
864691135323248796,864691136362762978,1
864691135323624092,864691136362473954,1
864691135323642012,864691136335078835,1
864691135323745436,864691136335689907,1
864691135323918492,864691136371543944,1
864691135323951004,864691136364026082,1
864691135323951516,864691136362313442,1
864691135323953564,864691136335041715,4
864691135323955868,864691136362418402,1
864691135323973276,864691136371607432,1
864691135323983260,864691136371455112,1
864691135323984540,864691136334810547,1
864691135323984796,864691136362811106,1
864691135323986076,864691136337641879,3
864691135323986332,864691136361891554,1
864691135323996060,864691136362222306,1
864691135323996572,864691136362739426,1
864691135324437916,864691136334860979,2
864691135324557724,864691136371149704,1
864691135324725404,864691136362811106,1
864691135324967580,864691136363372258,1
864691135325071004,864691136362660834,1
864691135325412508,864691136335078835,1
864691135325561500,864691136371559816,2
864691135325567644,864691136362432994,1
864691135334489065,864691136335041715,1
864691135334529513,864691136370804616,1
864691135334535401,864691136371530120,2
864691135334535657,864691136362929890,1
864691135334544361,864691136334834867,1
864691135334756073,864691136370843784,1
864691135334758633,864691136370843272,1
864691135334758633,864691136370988936,1
864691135335380713,864691136370804616,5
864691135335744745,864691136361775842,1
864691135335744745,864691136371216776,1
864691135336610025,864691136370997640,1
864691135336616937,864691136335041715,1
864691135336616937,864691136364286946,3
864691135336814569,864691136334810547,1
864691135336814569,864691136362492642,1
864691135336814569,864691136362739426,1
864691135336814569,864691136371600264,1
864691135336909545,864691136362686434,2
864691135337004009,864691136362222306,1
864691135337004777,864691136336177843,1
864691135337039337,864691136361900258,1
864691135337039337,864691136371149704,1
864691135337688806,864691136362762978,1
864691135337726694,864691136370843784,1
864691135337825766,864691136370997640,1
864691135338012902,864691136362492642,1
864691135338015718,864691136370810504,2
864691135338024166,864691136362762978,1
864691135338024422,864691136371530120,1
864691135338088678,864691136370843272,1
864691135338262246,864691136370842504,1
864691135338262246,864691136371455112,1
864691135338335974,864691136362418402,1
864691135338494438,864691136371607432,1
864691135338537446,864691136370842504,1
864691135338613990,864691136362464994,1
864691135338679014,864691136362473954,1
864691135338780902,864691136370804616,1
864691135338795750,864691136371455112,1
864691135338803686,864691136362493922,1
864691135338803686,864691136370810504,2
864691135338816742,864691136362328290,2
864691135338816742,864691136362464994,3
864691135338854630,864691136334702003,1
864691135338957286,864691136364411874,1
864691135338957286,864691136364417506,1
864691135338966758,864691136370795400,1
864691135339003622,864691136371607432,7
864691135339631590,864691136362412514,1
864691135339631590,864691136362686434,1
864691135339631590,864691136364286946,1
864691135339650790,864691136361774306,1
864691135339729894,864691136371437704,1
864691135339826150,864691136362686434,1
864691135340203238,864691136362763234,1
864691135340961477,864691136362492642,1
864691135340983749,864691136334702003,2
864691135340992453,864691136371559816,2
864691135341007557,864691136362432994,1
864691135341073861,864691136370804616,1
864691135341145009,864691136334702003,2
864691135341156529,864691136334819763,1
864691135341198789,864691136361501154,1
864691135341318853,864691136334810547,1
864691135341368517,864691136371530120,2
864691135341397189,864691136362473954,1
864691135341505221,864691136362579426,3
864691135341533105,864691136337641879,1
864691135341717957,864691136362432994,2
864691135341815493,864691136370810504,1
864691135342001073,864691136363060962,1
864691135342033605,864691136370795400,1
864691135342051761,864691136362432994,1
864691135342054597,864691136371607432,1
864691135342058437,864691136334738867,1
864691135342195633,864691136335041715,1
864691135342197425,864691136361501154,1
864691135342233285,864691136362328290,1
864691135342334149,864691136334860979,5
864691135342389957,864691136334702003,3
864691135342389957,864691136362492642,1
864691135342393029,864691136334860979,1
864691135342476209,864691136371216776,1
864691135342744517,864691136334702003,1
864691135342876081,864691136362470626,5
864691135342876081,864691136370997640,1
864691135343283121,864691136362579426,1
864691135343367877,864691136364286946,1
864691135343427525,864691136362492642,1
864691135343569585,864691136362473954,1
864691135343569585,864691136371216776,5
864691135343588549,864691136334850483,1
864691135343588549,864691136335711155,1
864691135343588549,864691136364417506,1
864691135343616453,864691136362379746,1
864691135343616453,864691136362929890,1
864691135343706565,864691136362231010,1
864691135343706565,864691136362579426,1
864691135343840945,864691136334860979,1
864691135343840945,864691136335711155,2
864691135343840945,864691136362343394,1
864691135343840945,864691136364417506,2
864691135343952049,864691136334860979,2
864691135343967153,864691136336189875,2
864691135343967153,864691136361766370,6
864691135343967153,864691136364342754,1
864691135343967153,864691136371499400,1
864691135345099679,864691136335711155,1
864691135345099679,864691136362763234,1
864691135345100703,864691136335041715,1
864691135345144991,864691136361508578,1
864691135345145503,864691136361772514,1
864691135345161119,864691136370997640,1
864691135345174431,864691136362432994,1
864691135345178783,864691136362418402,1
864691135345195167,864691136362579426,1
864691135345201567,864691136370810504,1
864691135345203615,864691136370804616,1
864691135345210271,864691136362579426,2
864691135345226399,864691136361774306,2
864691135345232799,864691136362579426,1
864691135345232799,864691136364411874,1
864691135345233567,864691136362470626,2
864691135345235103,864691136371607432,1
864691135345317791,864691136362464994,2
864691135345542303,864691136362328290,1
864691135345771167,864691136371580552,9
864691135345796255,864691136334702003,1
864691135345891231,864691136362473954,1
864691135345899167,864691136361508578,1
864691135345900959,864691136362763234,1
864691135346125215,864691136361775842,1
864691135346148511,864691136370810504,2
864691135346162079,864691136361772514,1
864691135346162079,864691136370843784,3
864691135346169759,864691136362492642,1
864691135346169759,864691136371455112,1
864691135346169759,864691136371607432,1
864691135346172575,864691136336189875,1
864691135346230687,864691136370795400,1
864691135346616479,864691136362492642,1
864691135346685855,864691136334810547,1
864691135346685855,864691136364286946,1
864691135346887583,864691136364342754,1
864691135346907295,864691136371580552,4
864691135347123103,864691136370997640,1
864691135347188895,864691136361894370,1
864691135347215519,864691136336177843,3
864691135347215519,864691136336189875,1
864691135347710367,864691136334819763,1
864691135348254679,864691136335041715,3
864691135348264407,864691136371607432,1
864691135348266199,864691136361736930,1
864691135348281815,864691136334848947,1
864691135348281815,864691136370804616,3
864691135348281815,864691136370810504,1
864691135348290519,864691136370801800,1
864691135348698071,864691136371607432,1
864691135349118423,864691136334702003,1
864691135349171415,864691136362464994,2
864691135349199319,864691136334810547,1
864691135349240279,864691136362811106,1
864691135349275351,864691136362033890,1
864691135349276631,864691136362432994,1
864691135349285591,864691136364342754,1
864691135349292759,864691136361775842,2
864691135349302487,864691136334702003,1
864691135349302487,864691136361501154,1
864691135349311191,864691136362328290,1
864691135349311191,864691136362464994,1
864691135349491927,864691136362432994,1
864691135349588183,864691136371530120,1
864691135349612759,864691136362432994,1
864691135350535127,864691136362762978,1
864691135350542039,864691136370838408,1
864691135350948055,864691136362418402,1
864691135350960855,864691136361736930,1
864691135350977751,864691136362686434,1
864691135351019991,864691136371149704,1
864691135351266519,864691136364411874,2
864691135351291351,864691136335041715,1
864691135354905295,864691136335711155,1
864691135354912463,864691136362660834,1
864691135354912463,864691136364411874,1
864691135355256783,864691136362473954,1
864691135355267279,864691136362432994,1
864691135355331279,864691136334846387,1
864691135355345359,864691136370810504,1
864691135355374799,864691136371530120,1
864691135355473103,864691136370843784,2
864691135355473359,864691136371278472,1
864691135355568079,864691136362379746,1
864691135355809743,864691136364026082,1
864691135356320463,864691136362762978,1
864691135356708303,864691136334819763,1
864691135356708303,864691136336303283,1
864691135356708303,864691136361894370,1
864691135356765903,864691136362304482,1
864691135356765903,864691136362313442,3
864691135356765903,864691136370815624,1
864691135357084111,864691136335041715,3
864691135357283791,864691136362763234,1
864691135357328591,864691136334738867,1
864691135357422543,864691136362811106,1
864691135357517007,864691136364411874,1
864691135357835506,864691136363060962,1
864691135358838872,864691136362473954,1
864691135358839128,864691136370804616,1
864691135358843480,864691136334734259,1
864691135358844248,864691136371559048,1
864691135358996056,864691136334860979,1
864691135358996056,864691136362762978,1
864691135359541080,864691136362762978,1
864691135359571032,864691136334850227,1
864691135359683160,864691136370838408,1
864691135359690840,864691136362464994,1
864691135359753304,864691136334715827,1
864691135359803736,864691136370804616,1
864691135359806040,864691136361501154,1
864691135359945816,864691136362492642,1
864691135359945816,864691136362739426,2
864691135359945816,864691136370997640,4
864691135359945816,864691136371600264,1
864691135360108871,864691136362418402,1
864691135360108871,864691136370843272,1
864691135360120647,864691136362811106,1
864691135360120647,864691136371580552,1
864691135360123207,864691136362351586,1
864691135360127559,864691136361772514,1
864691135360127559,864691136370804616,3
864691135360127559,864691136370810504,3
864691135360132935,864691136335689907,1
864691135360142407,864691136334841011,1
864691135360153159,864691136334850227,1
864691135360153159,864691136362033890,1
864691135360407128,864691136370842504,1
864691135360434247,864691136361775842,1
864691135360434247,864691136362033890,1
864691135360494680,864691136335041715,1
864691135360597831,864691136371278472,3
864691135360737112,864691136362343394,1
864691135360737112,864691136371278472,1
864691135360905799,864691136370820488,1
864691135360912711,864691136370804616,2
864691135360916807,864691136362492642,1
864691135360918343,864691136364411874,2
864691135360972103,864691136370804616,1
864691135361083975,864691136361774306,1
864691135361099608,864691136370997640,1
864691135361108039,864691136370843784,1
864691135361183576,864691136334860979,1
864691135361183576,864691136335711155,1
864691135361183576,864691136364417506,1
864691135361199192,864691136362579426,3
864691135361199192,864691136362660834,1
864691135361199192,864691136364411874,2
864691135361231448,864691136362418402,1
864691135361494599,864691136362470626,1
864691135361500743,864691136362432994,1
864691135361778503,864691136364026082,1
864691135362019143,864691136362418402,2
864691135362019143,864691136362686434,1
864691135362052679,864691136334860979,3
864691135362105415,864691136335041715,1
864691135362528583,864691136334860979,2
864691135362528583,864691136364417506,3
864691135362531911,864691136362492642,2
864691135362544199,864691136362313442,1
864691135366936825,864691136334810547,1
864691135366936825,864691136371455112,1
864691135366949369,864691136362492642,1
864691135366957561,864691136371543944,1
864691135366960633,864691136336303283,1
864691135366960633,864691136370801800,2
864691135366976761,864691136361775842,1
864691135367010041,864691136335041715,1
864691135367020025,864691136362470626,1
864691135367436537,864691136334702003,1
864691135367436537,864691136334738867,2
864691135367436537,864691136362313442,1
864691135367436537,864691136362473954,1
864691135367442937,864691136361894370,1
864691135367449593,864691136334738867,1
864691135367454457,864691136370804616,1
864691135367530745,864691136335041715,2
864691135367631097,864691136362739426,4
864691135367820793,864691136361774306,1
864691135367836665,864691136370810504,1
864691135367876089,864691136370795400,1
864691135367898361,864691136335041715,1
864691135367937273,864691136362033890,1
864691135367941369,864691136334841011,1
864691135367945977,864691136334738867,1
864691135367985401,864691136361860834,1
864691135368080377,864691136362492642,1
864691135368089849,864691136370842504,1
864691135368107257,864691136371216776,1
864691135368108537,864691136364286946,1
864691135368242425,864691136362222306,1
864691135368401145,864691136361506274,1
864691135368860409,864691136335041715,1
864691135368950521,864691136362343394,2
864691135368954361,864691136362418402,1
864691135368954361,864691136362470626,3
864691135369008633,864691136371455112,1
864691135369049593,864691136334819763,1
864691135369635833,864691136362343394,1
864691135369639417,864691136364286946,1
864691135369713913,864691136334850483,1
864691135369713913,864691136364342754,2
864691135369713913,864691136364417506,1
864691135369713913,864691136371499400,1
864691135369764601,864691136362379746,2
864691135373397448,864691136362351586,1
864691135373661001,864691136361772514,1
864691135373665865,864691136334819763,1
864691135373665865,864691136370801800,1
864691135373680328,864691136363372258,1
864691135373695049,864691136362493922,1
864691135373703753,864691136362929890,1
864691135373716809,864691136370820488,1
864691135373729609,864691136362929890,1
864691135373734217,864691136335041715,1
864691135373745481,864691136361894370,1
864691135373804488,864691136362660834,1
864691135373820104,864691136334810547,1
864691135373820104,864691136362432994,1
864691135373820104,864691136362811106,1
864691135373820104,864691136370801800,2
864691135373834184,864691136371559560,1
864691135373891016,864691136370997640,1
864691135373901000,864691136335041715,2
864691135373995720,864691136334702003,1
864691135374121545,864691136335041715,1
864691135374178889,864691136361772514,1
864691135374241480,864691136362492642,1
864691135374351048,864691136336368307,1
864691135374364360,864691136335041715,2
864691135374364360,864691136364286946,1
864691135374384457,864691136362351586,1
864691135374389065,864691136362432994,1
864691135374442184,864691136370804616,1
864691135374456008,864691136362418402,4
864691135374456008,864691136370843272,1
864691135374457288,864691136362304482,2
864691135374457288,864691136362313442,2
864691135374457288,864691136362473954,2
864691135374462408,864691136362432994,1
864691135374493257,864691136362811106,1
864691135374515017,864691136361774306,1
864691135374698057,864691136336368307,1
864691135374711113,864691136362033890,1
864691135374711113,864691136362313442,1
864691135374818377,864691136362304482,1
864691135374891849,864691136363372258,1
864691135374917193,864691136362432994,2
864691135374917193,864691136371455112,1
864691135374922569,864691136361772514,2
864691135374922569,864691136370843784,1
864691135375089993,864691136334860979,2
864691135375354824,864691136371149704,2
864691135375361480,864691136334860979,3
864691135375430985,864691136335711155,1
864691135375498952,864691136362418402,1
864691135375554889,864691136362686434,1
864691135375554889,864691136364286946,1
864691135375681353,864691136371559816,1
864691135375749961,864691136364286946,1
864691135375956424,864691136335711155,1
864691135375956424,864691136337641879,1
864691135375956424,864691136364286946,2
864691135375975880,864691136362418402,1
864691135375986376,864691136362492642,1
864691135376001097,864691136362418402,1
864691135376163913,864691136334860979,2
864691135376399689,864691136335711155,2
864691135376399689,864691136337641879,2
864691135376399689,864691136361900258,3
864691135376399689,864691136362579426,20
864691135376399689,864691136362660834,1
864691135376408649,864691136334850483,2
864691135376429897,864691136336303283,1
864691135376453193,864691136362686434,1
864691135376508745,864691136334834867,1
864691135376508745,864691136362492642,1
864691135376567369,864691136335041715,1
864691135382459354,864691136362351586,1
864691135382470106,864691136371455112,1
864691135382501082,864691136370801800,1
864691135382590938,864691136362811106,2
864691135382909419,864691136370843272,1
864691135382922219,864691136371580552,1
864691135382942682,864691136334702003,3
864691135382942682,864691136370815624,2
864691135382942682,864691136371600264,1
864691135382982635,864691136334841011,2
864691135383028698,864691136362033890,1
864691135383028698,864691136362473954,1
864691135383196890,864691136370810504,1
864691135383296235,864691136371607432,2
864691135383435482,864691136364411874,1
864691135383435482,864691136364417506,1
864691135383480026,864691136361775842,1
864691135383502554,864691136362473954,1
864691135383690714,864691136364026082,2
864691135383698138,864691136370810504,1
864691135383759851,864691136362313442,1
864691135383789530,864691136334850227,1
864691135383833306,864691136362432994,1
864691135383833306,864691136370842504,7
864691135383880410,864691136362418402,1
864691135383905515,864691136371607432,1
864691135384176619,864691136362418402,1
864691135384258266,864691136371455112,1
864691135384295403,864691136335041715,4
864691135384526554,864691136335041715,1
864691135384526554,864691136371278472,1
864691135384724442,864691136364342754,1
864691135384790746,864691136371455112,1
864691135384907226,864691136362418402,1
864691135384925658,864691136362929890,1
864691135384926426,864691136362379746,1
864691135385011674,864691136362222306,1
864691135385020122,864691136336177843,1
864691135385020122,864691136364417506,1
864691135385126379,864691136334850483,1
864691135385126379,864691136336368307,2
864691135385126379,864691136362660834,1
864691135385126379,864691136364342754,1
864691135385187413,864691136362418402,1
864691135385218901,864691136362033890,3
864691135385221205,864691136362473954,1
864691135385224021,864691136361508578,1
864691135385234261,864691136362492642,1
864691135385234261,864691136371455112,1
864691135385250389,864691136371607432,1
864691135385257557,864691136334860979,1
864691135385257557,864691136364411874,1
864691135385264875,864691136362418402,1
864691135385277269,864691136362762978,1
864691135385303637,864691136334810547,2
864691135385304149,864691136362470626,1
864691135385307477,864691136361775842,2
864691135385307477,864691136371607432,1
864691135385307989,864691136370810504,2
864691135385346539,864691136364417506,1
864691135385346901,864691136362328290,1
864691135385356629,864691136362379746,1
864691135385356629,864691136362470626,1
864691135385360469,864691136334834867,1
864691135385360725,864691136362492642,1
864691135385368405,864691136361774306,1
864691135385532245,864691136336368307,1
864691135385813077,864691136334734259,1
864691135386091093,864691136335041715,1
864691135386127189,864691136371607432,1
864691135386194005,864691136362470626,1
864691135386221141,864691136371216776,1
864691135386222165,864691136370810504,1
864691135386225237,864691136371530120,1
864691135386271829,864691136334860979,1
864691135386372481,864691136334860979,1
864691135386376321,864691136362763234,1
864691135386383189,864691136371455112,2
864691135386383189,864691136371580552,1
864691135386403969,864691136362929890,1
864691135386498433,864691136334702003,6
864691135386498433,864691136362313442,1
864691135386498433,864691136371216776,1
864691135386628949,864691136334819763,2
864691135386630485,864691136362304482,1
864691135386640769,864691136362811106,1
864691135386756225,864691136362762978,1
864691135386757973,864691136371607432,1
864691135386872449,864691136362343394,3
864691135386872449,864691136364026082,1
864691135386899029,864691136362313442,1
864691135387028609,864691136334738867,1
864691135387028609,864691136334834867,1
864691135387028609,864691136361860834,1
864691135387052417,864691136335711155,1
864691135387327361,864691136362686434,1
864691135387327361,864691136364026082,1
864691135387362945,864691136334819763,1
864691135387363713,864691136335041715,1
864691135387516545,864691136334814899,2
864691135387523969,864691136361860834,1
864691135387529301,864691136336177843,4
864691135387529301,864691136336189875,3
864691135387529301,864691136336303283,1
864691135387529301,864691136362929890,4
864691135387529301,864691136363372258,2
864691135387529301,864691136371499400,2
864691135387557973,864691136362660834,2
864691135387557973,864691136364411874,1
864691135387610241,864691136334850227,1
864691135387610241,864691136370801800,1
864691135387622785,864691136361766370,1
864691135387690069,864691136362304482,1
864691135387690069,864691136362313442,1
864691135387736961,864691136362579426,1
864691135387794817,864691136364342754,1
864691135387904085,864691136361900258,1
864691135387916629,864691136335041715,1
864691135388015445,864691136362929890,1
864691135388015445,864691136363060962,1
864691135388068181,864691136362418402,1
864691135388189825,864691136335041715,1
864691135388396161,864691136362230754,1
864691135388660865,864691136362579426,1
864691135388961665,864691136361900258,2
864691135389004929,864691136362492642,1
864691135389004929,864691136362763234,2
864691135389200513,864691136362763234,1
864691135389256833,864691136364286946,1
864691135389273217,864691136336368307,1
864691135389273217,864691136371437704,1
864691135389273217,864691136371499400,1
864691135389291905,864691136362579426,2
864691135389291905,864691136364026082,1
864691135389291905,864691136364417506,1
864691135389321345,864691136364411874,1
864691135389371265,864691136364342754,1
864691135393954037,864691136362432994,1
864691135393955317,864691136371607432,1
864691135393980405,864691136371607432,2
864691135393989109,864691136361772514,2
864691135394270453,864691136362464994,1
864691135394391541,864691136334860979,1
864691135394688245,864691136371559816,1
864691135394715381,864691136370804616,1
864691135394765045,864691136370804616,3
864691135394869237,864691136371455112,1
864691135394885621,864691136335041715,1
864691135394890741,864691136361774306,1
864691135394966005,864691136362464994,1
864691135394969333,864691136362304482,1
864691135394969333,864691136362432994,4
864691135394969333,864691136371455112,1
864691135394969589,864691136362464994,1
864691135394970357,864691136371607432,1
864691135395231477,864691136362762978,1
864691135395510005,864691136334834867,1
864691135395510005,864691136362492642,1
864691135395577845,864691136364417506,2
864691135395957493,864691136362579426,3
864691135395957493,864691136364286946,1
864691135395981813,864691136334841011,1
864691135396172533,864691136362470626,1
864691135396342517,864691136362739426,1
864691135396342517,864691136370997640,1
864691135396342517,864691136371600264,16
864691135396389921,864691136371149704,1
864691135396413729,864691136370988936,1
864691135396533493,864691136334810547,1
864691135396533493,864691136335078835,2
864691135396692725,864691136361847266,1
864691135396702753,864691136370804616,1
864691135396706593,864691136370810504,1
864691135396721697,864691136371455112,1
864691135396843809,864691136361900258,1
864691135396844577,864691136362351586,1
864691135396890869,864691136362686434,1
864691135396922613,864691136363372258,1
864691135396931573,864691136370997640,1
864691135397006069,864691136335041715,1
864691135397023777,864691136334810547,1
864691135397055733,864691136335041715,1
864691135397222177,864691136361508578,1
864691135397234977,864691136371530120,1
864691135397297953,864691136334860979,1
864691135397385505,864691136336368307,1
864691135397428257,864691136363372258,1
864691135397444129,864691136362470626,1
864691135397444129,864691136370988936,1
864691135397464097,864691136371455112,1
864691135397502241,864691136371499400,1
864691135397528097,864691136371149704,1
864691135397846049,864691136370842504,1
864691135398215969,864691136335078835,1
864691135398620193,864691136361766370,1
864691135398633249,864691136371499400,1
864691135398717217,864691136334715827,3
864691135398717217,864691136362492642,2
864691135398717217,864691136370815624,3
864691135398717217,864691136371455112,2
864691135398868257,864691136335711155,1
864691135398955809,864691136334860979,3
864691135398955809,864691136335711155,1
864691135398955809,864691136336368307,1
864691135398955809,864691136362686434,1
864691135398955809,864691136364411874,1
864691135398985761,864691136371437704,2
864691135403716846,864691136362762978,1
864691135403743726,864691136362328290,1
864691135403744238,864691136370843272,2
864691135403747566,864691136371607432,1
864691135403751662,864691136371607432,1
864691135403787246,864691136334810547,2
864691135403787246,864691136362492642,1
864691135403887086,864691136371607432,1
864691135404051950,864691136334819763,1
864691135404077550,864691136361774306,1
864691135404104430,864691136371174024,1
864691135404115438,864691136335041715,1
864691135404120814,864691136334850227,1
864691135404120814,864691136361860834,2
864691135404207854,864691136362492642,1
864691135404396270,864691136371455112,3
864691135404521710,864691136362033890,1
864691135404765422,864691136334860979,1
864691135405007854,864691136371559816,1
864691135405071086,864691136334810547,1
864691135405071086,864691136334834867,1
864691135405071086,864691136362432994,1
864691135405071086,864691136370842504,3
864691135405071086,864691136370997640,2
864691135405071086,864691136371455112,5
864691135405108718,864691136362762978,1
864691135405108718,864691136363060962,1
864691135405425646,864691136361847266,1
864691135405679854,864691136370997640,1
864691135405725166,864691136336303283,1
864691135405725166,864691136362762978,1
864691135405766638,864691136361774306,1
864691135405845742,864691136335711155,1
864691135405920238,864691136334860979,2
864691135407272137,864691136334810547,1
864691135407298761,864691136334810547,1
864691135407306185,864691136362313442,1
864691135407316681,864691136370804616,1
864691135407316681,864691136370843784,1
864691135407322825,864691136361774306,1
864691135407553737,864691136370804616,5
864691135407557577,864691136362493922,1
864691135407953353,864691136362492642,1
864691135408029641,864691136334702003,1
864691135408073929,864691136361766370,1
864691135408137673,864691136362343394,1
864691135408151753,864691136335041715,1
864691135408164809,864691136334738867,1
864691135408211145,864691136334702003,1
864691135408211145,864691136362304482,2
864691135408374217,864691136364417506,2
864691135408430793,864691136371216776,1
864691135408445641,864691136362230754,1
864691135408494537,864691136362033890,12
864691135408517065,864691136362492642,1
864691135408807625,864691136362492642,2
864691135409013449,864691136334860979,1
864691135409227977,864691136364342754,1
864691135409229001,864691136334819763,1
864691135409523401,864691136334850483,1
864691135409523401,864691136335689907,1
864691135409523401,864691136336368307,2
864691135409523401,864691136361766370,1
864691135409523401,864691136364342754,1
864691135409523401,864691136371499400,2
864691135409554121,864691136334715827,2
864691135409554121,864691136361847266,1
864691135409554121,864691136370815624,1
864691135409554121,864691136371600264,2
864691135409856713,864691136336177843,1
864691135409856713,864691136371437704,3
864691135410077897,864691136334715827,1
864691135410077897,864691136362313442,1
864691135410077897,864691136371600264,1
864691135410116041,864691136362418402,1
864691135410116041,864691136370997640,1
864691135415487930,864691136370815624,1
864691135415505338,864691136361775842,1
864691135415928762,864691136335711155,1
864691135415928762,864691136362464994,2
864691135415928762,864691136364342754,1
864691135415928762,864691136364417506,2
864691135415958714,864691136361766370,1
864691135415958714,864691136362811106,1
864691135415989178,864691136371607432,3
864691135416106426,864691136371216776,1
864691135416111546,864691136361860834,1
864691135416517818,864691136371530120,1
864691135416556474,864691136364286946,2
864691135416667066,864691136362739426,1
864691135416889530,864691136361900258,1
864691135417009850,864691136361508578,1
864691135417189306,864691136362432994,1
864691135417253306,864691136335041715,1
864691135417253306,864691136364286946,2
864691135417286842,864691136362351586,1
864691135417443514,864691136336303283,1
864691135417478842,864691136364417506,1
864691135417558970,864691136334860979,1
864691135417558970,864691136364417506,2
864691135417564346,864691136371607432,3
864691135417830330,864691136364411874,2
864691135417847994,864691136371149704,1
864691135417948090,864691136362493922,1
864691135418002874,864691136334702003,3
864691135418002874,864691136361501154,1
864691135418002874,864691136371216776,1
864691135418240698,864691136337641879,2
864691135418240698,864691136361900258,6
864691135418240698,864691136362412514,1
864691135418343866,864691136364286946,1
864691135418399418,864691136335689907,1
864691135418399418,864691136362379746,1
864691135418399418,864691136364417506,1
864691135418399418,864691136370988936,1
864691135418399418,864691136370997640,1
864691135418414266,864691136334860979,2
864691135418449850,864691136362579426,1
864691135418449850,864691136364411874,1
864691135419304373,864691136334819763,1
864691135428495152,864691136336368307,1
864691135428521008,864691136362351586,1
864691135428854576,864691136362313442,2
864691135428971568,864691136370804616,1
864691135428987952,864691136362343394,1
864691135429251632,864691136361891554,5
864691135429346352,864691136362762978,1
864691135429370928,864691136337641879,1
864691135429397296,864691136334810547,1
864691135429447472,864691136371174024,1
864691135429542960,864691136370842504,1
864691135429583920,864691136362343394,1
864691135429586992,864691136362660834,1
864691135429597232,864691136361847266,1
864691135429597232,864691136371600264,2
864691135429598512,864691136361894370,1
864691135429753904,864691136370810504,1
864691135430004016,864691136334810547,1
864691135430092592,864691136362579426,1
864691135430122800,864691136362418402,1
864691135430169648,864691136362660834,1
864691135430169648,864691136364026082,1
864691135430484542,864691136361736930,1
864691135430749232,864691136362464994,2
864691135431070512,864691136336303283,1
864691135431242288,864691136335041715,1
864691135431271728,864691136334860979,1
864691135431288112,864691136335041715,2
864691135431456816,864691136335689907,1
864691135431456816,864691136362379746,2
864691135431456816,864691136363372258,1
864691135431660080,864691136334850483,1
864691135431675696,864691136370843272,1
864691135431677744,864691136334850483,1
864691135431677744,864691136334860979,1
864691135431677744,864691136336368307,1
864691135431677744,864691136362579426,1
864691135431677744,864691136362762978,1
864691135431677744,864691136364417506,1
864691135431710256,864691136364411874,1
864691135431812656,864691136362418402,1
864691135431820848,864691136335711155,1
864691135431870256,864691136362470626,1
864691135431870256,864691136362929890,1
864691135431870256,864691136363372258,1
864691135431931184,864691136334860979,1
864691135431931184,864691136362660834,2
864691135431978800,864691136334715827,1
864691135431978800,864691136370815624,1
864691135431993904,864691136335711155,1
864691135431993904,864691136362343394,2
864691135431993904,864691136362686434,2
864691135431993904,864691136364286946,1
864691135431993904,864691136364417506,1
864691135431993904,864691136371278472,1
864691135434499826,864691136334850483,1
864691135436869106,864691136362762978,1
864691135437011442,864691136364286946,1
864691135440463176,864691136362492642,1
864691135440463176,864691136370815624,1
864691135440463176,864691136370997640,1
864691135440464968,864691136364411874,1
864691135440473160,864691136370843784,1
864691135440473160,864691136371216776,1
864691135440480072,864691136362230754,1
864691135440501064,864691136335041715,1
864691135440505416,864691136361894370,1
864691135440678984,864691136361894370,1
864691135440715336,864691136334841011,1
864691135440715336,864691136362493922,1
864691135440741960,864691136335711155,1
864691135441300552,864691136362763234,1
864691135441347400,864691136334834867,1
864691135441420104,864691136370988936,1
864691135441440584,864691136334860979,1
864691135441525832,864691136362470626,1
864691135441532744,864691136361508578,1
864691135441590600,864691136362432994,1
864691135441593672,864691136362492642,1
864691135441633608,864691136370997640,1
864691135441731400,864691136362313442,1
864691135441778504,864691136362660834,1
864691135441778504,864691136364026082,2
864691135441787208,864691136361894370,1
864691135441787208,864691136371149704,1
864691135441788488,864691136334848947,1
864691135441788488,864691136361772514,1
864691135441788488,864691136370804616,1
864691135441788488,864691136370810504,3
864691135441849416,864691136364411874,1
864691135441988424,864691136335041715,1
864691135442044744,864691136362492642,2
864691135442462024,864691136334860979,1
864691135442668872,864691136364417506,1
864691135442750024,864691136370843272,1
864691135442839112,864691136362929890,6
864691135442839112,864691136364417506,2
864691135442910536,864691136362686434,1
864691135442997064,864691136336368307,1
864691135443007730,864691136335078835,1
864691135445541778,864691136334860979,1
864691135445541778,864691136335041715,1
864691135445545106,864691136371455112,1
864691135445557138,864691136362222306,1
864691135445997458,864691136370810504,1
864691135446065810,864691136362033890,2
864691135446065810,864691136362304482,5
864691135446276242,864691136362418402,1
864691135446400146,864691136370804616,1
864691135446483602,864691136364286946,2
864691135446598290,864691136364286946,1
864691135446598740,864691136362328290,1
864691135446601812,864691136362739426,1
864691135446605140,864691136362762978,1
864691135446626900,864691136362492642,1
864691135446808722,864691136362492642,1
864691135446982596,864691136362313442,1
864691135447069780,864691136362033890,2
864691135447069780,864691136362313442,1
864691135447123028,864691136335041715,2
864691135447402068,864691136370804616,3
864691135447402068,864691136370810504,1
864691135447462228,864691136371543944,1
864691135447491668,864691136364286946,2
864691135447551634,864691136362222306,1
864691135447554962,864691136337641879,1
864691135447554962,864691136362579426,1
864691135447554962,864691136362686434,1
864691135447698772,864691136334702003,1
864691135447756628,864691136362762978,1
864691135447888274,864691136362418402,17
864691135447906132,864691136335041715,1
864691135447956626,864691136334860979,1
864691135448149588,864691136361900258,1
864691135448165010,864691136362470626,1
864691135448212882,864691136363372258,1
864691135448215698,864691136363372258,2
864691135448215698,864691136364342754,1
864691135448218514,864691136336189875,1
864691135448218514,864691136362762978,1
864691135448359314,864691136371499400,2
864691135448581460,864691136361900258,1
864691135448737364,864691136336177843,1
864691135448820564,864691136364417506,1
864691135448846676,864691136371499400,1
864691135449838578,864691136364342754,1
864691135451556804,864691136334738867,1
864691135454049130,864691136334850227,1
864691135454067562,864691136334810547,1
864691135454458986,864691136334702003,1
864691135454507114,864691136370988936,4
864691135454709956,864691136361508578,1
864691135454878570,864691136361775842,1
864691135454924650,864691136370843784,1
864691135454989418,864691136361775842,1
864691135454989418,864691136371607432,1
864691135455046250,864691136362492642,5
864691135455051114,864691136334738867,1
864691135455216490,864691136334850227,1
864691135455218026,864691136335078835,1
864691135455218026,864691136361766370,1
864691135455266410,864691136371559560,2
864691135455485802,864691136335041715,5
864691135455689578,864691136362464994,1
864691135455689578,864691136364417506,1
864691135455971946,864691136371149704,1
864691135455977578,864691136335041715,1
864691135455977578,864691136370842504,1
864691135456054212,864691136371216776,3
864691135456054212,864691136371530120,1
864691135456087146,864691136361774306,1
864691135456172394,864691136363372258,1
864691135456216426,864691136334846387,1
864691135456535658,864691136335689907,1
864691135456535658,864691136362470626,1
864691135456535658,864691136362686434,1
864691135456535658,864691136362929890,2
864691135456535658,864691136363372258,3
864691135456535658,864691136364417506,2
864691135456680554,864691136334860979,2
864691135456837994,864691136370795400,1
864691135459719108,864691136334702003,1
864691135459719108,864691136334850227,1
864691135459719108,864691136362473954,2
864691135460519876,864691136362351586,1
864691135462250397,864691136335041715,1
864691135462268573,864691136334850227,1
864691135462281373,864691136362418402,1
864691135462291613,864691136361860834,1
864691135462686526,864691136334702003,1
864691135462707518,864691136362473954,1
864691135462709310,864691136334810547,1
864691135462722110,864691136334848947,2
864691135462722110,864691136370804616,1
864691135462722878,864691136361775842,1
864691135462740798,864691136371216776,1
864691135462749246,864691136362470626,2
864691135462749246,864691136370997640,1
864691135462749502,864691136364286946,1
864691135462764701,864691136361501154,1
864691135462778174,864691136361775842,1
864691135462810013,864691136371455112,1
864691135462847645,864691136370820488,1
864691135462885438,864691136337641879,1
864691135462890397,864691136371559816,1
864691135463063965,864691136371216776,1
864691135463088541,864691136361860834,1
864691135463094173,864691136362762978,2
864691135463152285,864691136335041715,1
864691135463178909,864691136335041715,2
864691135463407005,864691136362304482,1
864691135463409309,864691136335711155,1
864691135463486021,864691136371600264,1
864691135463488062,864691136334734259,1
864691135463504702,864691136362328290,1
864691135463566493,864691136361506274,1
864691135463574173,864691136335041715,1
864691135463578686,864691136362660834,1
864691135463654045,864691136362763234,1
864691135463696446,864691136371437704,1
864691135463697726,864691136362579426,1
864691135463719837,864691136363372258,1
864691135463777861,864691136371559816,1
864691135463826333,864691136371455112,2
864691135463826333,864691136371580552,3
864691135463950910,864691136362762978,1
864691135464036926,864691136335041715,3
864691135464052798,864691136361894370,1
864691135464076701,864691136362811106,1
864691135464156229,864691136370997640,1
864691135464181829,864691136361774306,1
864691135464273982,864691136334715827,3
864691135464282437,864691136362351586,1
864691135464289093,864691136370815624,1
864691135464289093,864691136371216776,1
864691135464290373,864691136371607432,2
864691135464454469,864691136370815624,1
864691135464471965,864691136334860979,1
864691135464471965,864691136362579426,1
864691135464471965,864691136362660834,1
864691135464471965,864691136364411874,1
864691135464474181,864691136364286946,1
864691135464482629,864691136362351586,2
864691135464497053,864691136362492642,1
864691135464618909,864691136336177843,1
864691135464643653,864691136334860979,1
864691135464643653,864691136364411874,1
864691135464703901,864691136361894370,1
864691135464709533,864691136362470626,2
864691135464726941,864691136336177843,1
864691135464726941,864691136362231010,1
864691135464726941,864691136371437704,1
864691135464739902,864691136334850483,1
864691135464739902,864691136335711155,1
864691135464739902,864691136362579426,1
864691135464781637,864691136361775842,1
864691135464789310,864691136335041715,2
864691135464828317,864691136362579426,5
864691135464921406,864691136362470626,3
864691135464921406,864691136362929890,1
864691135464928318,864691136362222306,1
864691135464948381,864691136362579426,1
864691135464948381,864691136362660834,2
864691135464973118,864691136334860979,1
864691135464995134,864691136371499400,1
864691135465001373,864691136364342754,2
864691135465065022,864691136371499400,1
864691135465098141,864691136337641879,1
864691135465098141,864691136362579426,1
864691135465142429,864691136362686434,2
864691135465163677,864691136364417506,1
864691135465194141,864691136335041715,1
864691135465220926,864691136362379746,1
864691135465292357,864691136334810547,1
864691135465427013,864691136335041715,1
864691135465546309,864691136334819763,1
864691135466243397,864691136334850483,1
864691135466392901,864691136370820488,1
864691135466405957,864691136334860979,1
864691135466405957,864691136335711155,2
864691135466405957,864691136336177843,1
864691135466440261,864691136335711155,1
864691135467532940,864691136362762978,1
864691135467560332,864691136334850227,1
864691135467564684,864691136337641879,1
864691135467648652,864691136371216776,1
864691135467875724,864691136335041715,3
864691135467875724,864691136364286946,1
864691135468075916,864691136362304482,2
864691135468144722,864691136362464994,1
864691135468173394,864691136361774306,2
864691135468328844,864691136371580552,1
864691135468377228,864691136361774306,1
864691135468382034,864691136334810547,1
864691135468385106,864691136334848947,1
864691135468385106,864691136370804616,11
864691135468385106,864691136370810504,2
864691135468408402,864691136362304482,2
864691135468408402,864691136362313442,1
864691135468408402,864691136371216776,1
864691135468509580,864691136370804616,1
864691135468525650,864691136370838408,1
864691135468527244,864691136362763234,1
864691135468534412,864691136362492642,2
864691135468538962,864691136361847266,1
864691135468550540,864691136371580552,1
864691135468608140,864691136362432994,1
864691135468655500,864691136361900258,2
864691135468682636,864691136334702003,1
864691135468682636,864691136334715827,1
864691135468699020,864691136370988936,1
864691135468706700,864691136362231010,1
864691135468706700,864691136362304482,1
864691135468706700,864691136362811106,3
864691135468794706,864691136363372258,1
864691135468802386,864691136334860979,1
864691135468878162,864691136371580552,3
864691135468948364,864691136362811106,1
864691135468952972,864691136335041715,3
864691135468967308,864691136362418402,1
864691135469329804,864691136364286946,1
864691135469460876,864691136362418402,1
864691135469490514,864691136361506274,1
864691135469527122,864691136337641879,2
864691135469554572,864691136334810547,2
864691135469554572,864691136370842504,1
864691135469602386,864691136334860979,1
864691135469651282,864691136335041715,1
864691135469651282,864691136362418402,1
864691135469651282,864691136363372258,1
864691135469802124,864691136335711155,1
864691135469802124,864691136336368307,1
864691135469802124,864691136362464994,2
864691135469865810,864691136362418402,1
864691135469895308,864691136362222306,1
864691135469895308,864691136362579426,1
864691135469895308,864691136363372258,1
864691135469902220,864691136362762978,1
864691135470097746,864691136364342754,2
864691135470127698,864691136335041715,1
864691135470776146,864691136334850483,1
864691135470776146,864691136364342754,1
864691135470820946,864691136370988936,1
864691135470850898,864691136362418402,1
864691135470929746,864691136364342754,1
864691135470942290,864691136362762978,1
864691135470943314,864691136336177843,1
864691135472064050,864691136362231010,1
864691135472127538,864691136336189875,1
864691135472427314,864691136362432994,1
864691135472470578,864691136362351586,1
864691135472807474,864691136371216776,1
864691135472874802,864691136361860834,1
864691135472968754,864691136335041715,2
864691135472973618,864691136334834867,1
864691135472988978,864691136335078835,1
864691135472988978,864691136371455112,1
864691135472999986,864691136361775842,2
864691135473207090,864691136334850227,1
864691135473444658,864691136362739426,1
864691135474312754,864691136361900258,5
864691135474312754,864691136362412514,1
864691135474312754,864691136362686434,1
864691135474312754,864691136371278472,8
864691135474362930,864691136362418402,1
864691135474388466,864691136371149704,3
864691135474481458,864691136336368307,1
864691135474481458,864691136362763234,1
864691135474602048,864691136361736930,1
864691135474611776,864691136371149704,1
864691135474615616,864691136362418402,1
864691135474615616,864691136370997640,1
864691135474645824,864691136361772514,2
864691135474652224,864691136362432994,1
864691135474654016,864691136361775842,1
864691135474661952,864691136370838408,1
864691135474670656,864691136371437704,1
864691135474697280,864691136334734259,1
864691135474769984,864691136334834867,2
864691135474777408,864691136370810504,1
864691135475040064,864691136371607432,1
864691135475083584,864691136362464994,1
864691135475184960,864691136371580552,1
864691135475482176,864691136362328290,1
864691135475536960,864691136334810547,1
864691135475551552,864691136362418402,1
864691135475575104,864691136362762978,1
864691135475630400,864691136334738867,1
864691135475630400,864691136362473954,1
864691135475712064,864691136362304482,1
864691135475785792,864691136334819763,2
864691135475797568,864691136371600264,1
864691135475841344,864691136336303283,1
864691135475841344,864691136362929890,4
864691135475914560,864691136336189875,1
864691135475995968,864691136361501154,1
864691135475995968,864691136362739426,2
864691135475995968,864691136371600264,3
864691135476156584,864691136334738867,2
864691135476161192,864691136335041715,1
864691135476234304,864691136362304482,2
864691135476251200,864691136371580552,1
864691135476325952,864691136371149704,1
864691135476335016,864691136361501154,1
864691135476388520,864691136362492642,1
864691135476393792,864691136361894370,1
864691135476518208,864691136362686434,1
864691135476523840,864691136371437704,1
864691135476528704,864691136362418402,2
864691135476669248,864691136334819763,1
864691135476790080,864691136334860979,1
864691135476841384,864691136334810547,1
864691135476917160,864691136371499400,1
864691135476968000,864691136362379746,1
864691135476968000,864691136362470626,3
864691135476989864,864691136362230754,1
864691135477012648,864691136335041715,2
864691135477014696,864691136362343394,1
864691135477015464,864691136362470626,1
864691135477016488,864691136361775842,1
864691135477022120,864691136362432994,1
864691135477034920,864691136371607432,4
864691135477101224,864691136371149704,1
864691135477107520,864691136335041715,3
864691135477167016,864691136334738867,1
864691135477292968,864691136336368307,1
864691135477338792,864691136334810547,1
864691135477460544,864691136371455112,1
864691135477469864,864691136370801800,1
864691135477469864,864691136371455112,1
864691135477474624,864691136362686434,1
864691135477474624,864691136371149704,1
864691135477476928,864691136364417506,2
864691135477512256,864691136334819763,1
864691135477584704,864691136362418402,1
864691135477976744,864691136362464994,2
864691135478171048,864691136361900258,2
864691135478171048,864691136362579426,1
864691135478171048,864691136362660834,1
864691135478171048,864691136364026082,2
864691135478175656,864691136362811106,1
864691135478175656,864691136371437704,1
864691135478267590,864691136362432994,1
864691135478268840,864691136363372258,1
864691135478274502,864691136371499400,1
864691135478284456,864691136362763234,1
864691135478326952,864691136362379746,1
864691135478383528,864691136370997640,1
864691135478404520,864691136364342754,5
864691135478404520,864691136364417506,6
864691135478433192,864691136362418402,1
864691135478433192,864691136370997640,1
864691135478492840,864691136370842504,1
864691135478543272,864691136362379746,1
864691135478795974,864691136362492642,1
864691135479068358,864691136362313442,1
864691135479071942,864691136334860979,1
864691135479221190,864691136364411874,1
864691135479248582,864691136334702003,1
864691135479248582,864691136361501154,1
864691135479248582,864691136362313442,4
864691135479258054,864691136334850227,1
864691135479258054,864691136362313442,1
864691135479258054,864691136362473954,3
864691135479258054,864691136362493922,1
864691135479440070,864691136334702003,1
864691135479516102,864691136370795400,1
864691135480020678,864691136370795400,1
864691135480085958,864691136334860979,1
864691135480152262,864691136334715827,1
864691135480182982,864691136362763234,1
864691135480303046,864691136370988936,1
864691135480311494,864691136362432994,1
864691135480375494,864691136334860979,1
864691135480553414,864691136334702003,11
864691135480553414,864691136362313442,1
864691135480553414,864691136371216776,1
864691135480553414,864691136371607432,1
864691135480592838,864691136362231010,2
864691135480592838,864691136362304482,1
864691135480592838,864691136371437704,1
864691135480678086,864691136371455112,1
864691135480874950,864691136335689907,1
864691135480874950,864691136361894370,1
864691135480889542,864691136334860979,1
864691135481144518,864691136362432994,3
864691135483359428,864691136362351586,1
864691135483359428,864691136370843784,1
864691135485627076,864691136362033890,5
864691135485627076,864691136362304482,1
864691135488122564,864691136361775842,1
864691135488210746,864691136361891554,1
864691135488242234,864691136371530120,1
864691135488248890,864691136334715827,1
864691135488254266,864691136362313442,1
864691135488258618,864691136364286946,1
864691135488259898,864691136361508578,1
864691135488519482,864691136362762978,1
864691135488616762,864691136362328290,1
864691135488645178,864691136335041715,1
864691135488715578,864691136334810547,1
864691135488934714,864691136371580552,1
864691135488981818,864691136334841011,1
864691135489057338,864691136362763234,1
864691135489115962,864691136362660834,1
864691135489177658,864691136370795400,4
864691135489486650,864691136370842504,1
864691135489836346,864691136361501154,1
864691135489836346,864691136371600264,1
864691135489845306,864691136362343394,1
864691135489850426,864691136336368307,3
864691135490054202,864691136362230754,4
864691135490110266,864691136334702003,1
864691135490110266,864691136361775842,1
864691135490110266,864691136362492642,1
864691135490110266,864691136371607432,3
864691135490262887,864691136361772514,1
864691135490279226,864691136362492642,1
864691135490461754,864691136364286946,1
864691135490466362,864691136363372258,1
864691135490483514,864691136362929890,1
864691135490483514,864691136364417506,1
864691135490552378,864691136334850483,1
864691135490552378,864691136336177843,1
864691135490552378,864691136371499400,2
864691135490556986,864691136364417506,1
864691135490584634,864691136362929890,3
864691135490588986,864691136361900258,1
864691135490589799,864691136334702003,3
864691135490589799,864691136361775842,5
864691135490589799,864691136371216776,8
864691135490597351,864691136370801800,1
864691135490603066,864691136335041715,1
864691135490603066,864691136371149704,1
864691135490605287,864691136370838408,1
864691135490607079,864691136370838408,1
864691135490821095,864691136363372258,1
864691135490826855,864691136362579426,2
864691135490826855,864691136364286946,1
864691135490941031,864691136370801800,1
864691135491069799,864691136362231010,1
864691135491084519,864691136361506274,2
864691135491084519,864691136362304482,1
864691135491084519,864691136371455112,2
864691135491135335,864691136334702003,1
864691135491167207,864691136362762978,1
864691135491222879,864691136364411874,1
864691135491226207,864691136362033890,5
864691135491226207,864691136362313442,2
864691135491226207,864691136370820488,1
864691135491239007,864691136334860979,1
864691135491239007,864691136364411874,1
864691135491248991,864691136362351586,1
864691135491389031,864691136362304482,1
864691135491418098,864691136370842504,1
864691135491516007,864691136362660834,1
864691135491523935,864691136335041715,2
864691135491532647,864691136334860979,3
864691135491571943,864691136371600264,2
864691135491574759,864691136334702003,1
864691135491593447,864691136361772514,1
864691135491593447,864691136362351586,1
864691135491684583,864691136363060962,1
864691135491697759,864691136361900258,1
864691135491719775,864691136370810504,1
864691135491722847,864691136361508578,3
864691135491743839,864691136358599287,1
864691135491785055,864691136362492642,1
864691135491867743,864691136334860979,1
864691135492050663,864691136334814899,1
864691135492050663,864691136361775842,2
864691135492050663,864691136370804616,3
864691135492050663,864691136370843784,5
864691135492160103,864691136334846387,1
864691135492186975,864691136371559048,1
864691135492218463,864691136361772514,5
864691135492224351,864691136361774306,2
864691135492290399,864691136334850227,1
864691135492309599,864691136334738867,1
864691135492309599,864691136334814899,1
864691135492371303,864691136362579426,1
864691135492398055,864691136370997640,1
864691135492405863,864691136334715827,3
864691135492405863,864691136362492642,1
864691135492405863,864691136370815624,8
864691135492423143,864691136334860979,1
864691135492423143,864691136364411874,1
864691135492431719,864691136334702003,1
864691135492431719,864691136361772514,1
864691135492431719,864691136371216776,2
864691135492438879,864691136361501154,1
864691135492570727,864691136364026082,1
864691135492616679,864691136361894370,1
864691135492623591,864691136362739426,10
864691135492623591,864691136371600264,1
864691135492636511,864691136334848947,1
864691135492636511,864691136370810504,1
864691135492665959,864691136362660834,1
864691135492768863,864691136335041715,6
864691135492850791,864691136362686434,1
864691135492855399,864691136371437704,1
864691135492871783,864691136362686434,1
864691135492871783,864691136364411874,1
864691135492871783,864691136364417506,1
864691135492879463,864691136362343394,7
864691135492879463,864691136371278472,2
864691135492897631,864691136362762978,2
864691135492904295,864691136364342754,1
864691135492975079,864691136362418402,1
864691135493122535,864691136362686434,1
864691135493149927,864691136362579426,1
864691135493149927,864691136364417506,1
864691135493217511,864691136364417506,1
864691135493222375,864691136361900258,1
864691135493224167,864691136336189875,1
864691135493224167,864691136362579426,1
864691135493224167,864691136364411874,3
864691135493241063,864691136335711155,1
864691135493557343,864691136334860979,3
864691135493590879,864691136334860979,1
864691135493590879,864691136362660834,1
864691135493593951,864691136370843272,1
864691135493593951,864691136370988936,1
864691135493690463,864691136362929890,1
864691135493690463,864691136363372258,1
864691135493957264,864691136335041715,1
864691135493960080,864691136334860979,1
864691135493976464,864691136371600264,1
864691135494003856,864691136334834867,1
864691135494053520,864691136362412514,3
864691135494070416,864691136334814899,2
864691135494070416,864691136371216776,1
864691135494509200,864691136371278472,1
864691135494720144,864691136335041715,2
864691135494975376,864691136370804616,1
864691135495047824,864691136362418402,1
864691135495084432,864691136362432994,1
864691135495146640,864691136361900258,1
864691135495148944,864691136361774306,1
864691135495167632,864691136362464994,1
864691135495184016,864691136370842504,1
864691135495527824,864691136370804616,1
864691135495529360,864691136362763234,2
864691135495796880,864691136334860979,1
864691135495796880,864691136362762978,1
864691135495924880,864691136362811106,2
864691135496427664,864691136371437704,1
864691135496521104,864691136362763234,1
864691135497612051,864691136362343394,1
864691135497618963,864691136334715827,1
864691135497622547,864691136335078835,1
864691135497637907,864691136371499400,1
864691135497658899,864691136334734259,1
864691135497942547,864691136362418402,2
864691135497962003,864691136334702003,1
864691135497962003,864691136371216776,1
864691135497962003,864691136371530120,1
864691135498084371,864691136334738867,1
864691135498285843,864691136362811106,1
864691135498367507,864691136362222306,1
864691135498384403,864691136362313442,2
864691135498392339,864691136334810547,2
864691135498450963,864691136371455112,2
864691135498450963,864691136371580552,1
864691135498460179,864691136335041715,1
864691135498482451,864691136370804616,1
864691135498503443,864691136371600264,1
864691135498605843,864691136334841011,1
864691135498723859,864691136362328290,2
864691135498973715,864691136371216776,1
864691135498979603,864691136334814899,1
864691135498979603,864691136371607432,1
864691135499231763,864691136336189875,1
864691135499385107,864691136371607432,4
864691135499426835,864691136371499400,1
864691135499462163,864691136336177843,1
864691135499522323,864691136335041715,1
864691135499777811,864691136334850227,1
864691135499777811,864691136361508578,1
864691135499804947,864691136362470626,1
864691135499964947,864691136336303283,1
864691135499967251,864691136335711155,1
864691135500020755,864691136337641879,1
864691135500020755,864691136362579426,1
864691135500021011,864691136334860979,2
864691135501543490,864691136362579426,1
864691135501545794,864691136334848947,1
864691135501547586,864691136361894370,1
864691135501569090,864691136334810547,2
864691135501572930,864691136370843784,1
864691135501588290,864691136361772514,2
864691135501588290,864691136371216776,1
864691135501594178,864691136362464994,1
864691135501595458,864691136362763234,1
864691135501819229,864691136371607432,1
864691135501971037,864691136362432994,1
864691135502054069,864691136362328290,1
864691135502064565,864691136362763234,1
864691135502066613,864691136371559816,1
864691135502141277,864691136335711155,1
864691135502145346,864691136362343394,1
864691135502179933,864691136334850483,1
864691135502315957,864691136334810547,1
864691135502322498,864691136335041715,1
864691135502403394,864691136335689907,1
864691135502449730,864691136362432994,1
864691135502462645,864691136370815624,1
864691135502505794,864691136362230754,1
864691135502525109,864691136334819763,1
864691135502527157,864691136371149704,1
864691135502604866,864691136362493922,1
864691135502610242,864691136334702003,2
864691135502610242,864691136371216776,1
864691135502610242,864691136371607432,1
864691135502610269,864691136362418402,1
864691135502618434,864691136334814899,1
864691135502618434,864691136371216776,1
864691135502630466,864691136371607432,1
864691135502757813,864691136361900258,1
864691135502763357,864691136362492642,1
864691135502763357,864691136370842504,1
864691135502767965,864691136361772514,1
864691135502774109,864691136335689907,1
864691135502774109,864691136363372258,7
864691135502774109,864691136371499400,4
864691135502841437,864691136363372258,1
864691135502841437,864691136370988936,1
864691135502873666,864691136362473954,2
864691135502944949,864691136361772514,1
864691135502983093,864691136362230754,1
864691135502986165,864691136363372258,1
864691135502989237,864691136370842504,1
864691135502991797,864691136370842504,1
864691135502991797,864691136371600264,1
864691135503117749,864691136364026082,1
864691135503163202,864691136362660834,1
864691135503163202,864691136364286946,1
864691135503223221,864691136361772514,1
864691135503350082,864691136362762978,1
864691135503367605,864691136334810547,1
864691135503367605,864691136370997640,1
864691135503501749,864691136334702003,5
864691135503501749,864691136362313442,1
864691135503501749,864691136371216776,2
864691135503501749,864691136371607432,1
864691135503584693,864691136334702003,1
864691135503584693,864691136361501154,1
864691135503639901,864691136361774306,1
864691135503644226,864691136336368307,1
864691135503681717,864691136371600264,1
864691135503703477,864691136337641879,3
864691135503703477,864691136364026082,1
864691135503959221,864691136370815624,1
864691135503959221,864691136371437704,2
864691135503962717,864691136335041715,3
864691135503963202,864691136334860979,1
864691135503963202,864691136335041715,1
864691135503963202,864691136362686434,1
864691135504073141,864691136370842504,1
864691135504161117,864691136334846387,1
864691135504202845,864691136334715827,4
864691135504202845,864691136361506274,3
864691135504330677,864691136336177843,1
864691135504361653,864691136336303283,1
864691135504437685,864691136362492642,1
864691135506615538,864691136334810547,8
864691135506615538,864691136362432994,1
864691135506615538,864691136371455112,6
864691135507098354,864691136370997640,1
864691135508695049,864691136362686434,1
864691135508708617,864691136361775842,1
864691135508708617,864691136371530120,1
864691135508711177,864691136334841011,1
864691135508712969,864691136371455112,1
864691135508725001,864691136361508578,1
864691135509120521,864691136362470626,1
864691135509129225,864691136361766370,1
864691135509440521,864691136370810504,2
864691135509535241,864691136371530120,1
864691135509544457,864691136334850227,1
864691135509572617,864691136362492642,1
864691135509647369,864691136362492642,4
864691135509678601,864691136370988936,1
864691135509685513,864691136371607432,1
864691135509757449,864691136334850227,1
864691135510077705,864691136335711155,1
864691135510077705,864691136337641879,1
864691135510161673,864691136334860979,4
864691135510161673,864691136362579426,1
864691135510161673,864691136362660834,1
864691135510191369,864691136362492642,1
864691135510357513,864691136336177843,1
864691135510433232,864691136334846387,1
864691135510476752,864691136370804616,1
864691135510490576,864691136336177843,1
864691135510502352,864691136361501154,1
864691135510551049,864691136362418402,2
864691135510600457,864691136370801800,1
864691135510600457,864691136371580552,2
864691135510607369,864691136335711155,2
864691135510643408,864691136334702003,1
864691135510858738,864691136362739426,1
864691135510888912,864691136370795400,1
864691135510940624,864691136371559816,1
864691135510959824,864691136362579426,1
864691135511220745,864691136336368307,1
864691135511253513,864691136370988936,1
864691135511253513,864691136371149704,1
864691135511256585,864691136334860979,1
864691135511256585,864691136362579426,1
864691135511256585,864691136362660834,2
864691135511256585,864691136364411874,6
864691135511283465,864691136335041715,1
864691135511316745,864691136362418402,1
864691135511325648,864691136335078835,1
864691135511421449,864691136361900258,2
864691135511421449,864691136362579426,3
864691135511421449,864691136364026082,4
864691135511469321,864691136362492642,1
864691135511476489,864691136361506274,1
864691135511484368,864691136334715827,2
864691135511547856,864691136361508578,1
864691135511564553,864691136335041715,1
864691135511627017,864691136334819763,1
864691135511664080,864691136362579426,1
864691135511804368,864691136362579426,1
864691135511984592,864691136364411874,2
864691135512020944,864691136361772514,1
864691135512026064,864691136361891554,1
864691135512134608,864691136362762978,1
864691135512541426,864691136371455112,1
864691135512603344,864691136337641879,1
864691135512647632,864691136362492642,5
864691135512677072,864691136362686434,1
864691135515910355,864691136362686434,1
864691135515911635,864691136362579426,1
864691135515921619,864691136362231010,1
864691135515930323,864691136364026082,1
864691135515938259,864691136370843784,1
864691135515941075,864691136362811106,1
864691135516174291,864691136334848947,1
864691135516195795,864691136335078835,1
864691135516359123,864691136370838408,1
864691135516812499,864691136361508578,1
864691135516879827,864691136334702003,1
864691135516879827,864691136370810504,1
864691135516879827,864691136371216776,7
864691135517224659,864691136362492642,4
864691135517224659,864691136370815624,1
864691135517338250,864691136334819763,1
864691135517338762,864691136336177843,1
864691135517368458,864691136370988936,1
864691135517369738,864691136334715827,1
864691135517376394,864691136335078835,1
864691135517531786,864691136362313442,1
864691135517531786,864691136362762978,1
864691135517589203,864691136336177843,1
864691135517589203,864691136364411874,1
864691135517640915,864691136336368307,1
864691135517678730,864691136335041715,4
864691135517714058,864691136362033890,1
864691135517715082,864691136362351586,1
864691135517773706,864691136361900258,3
864691135517773706,864691136362579426,1
864691135517773706,864691136362686434,2
864691135517773706,864691136364417506,2
864691135517849738,864691136335078835,1
864691135517883274,864691136334738867,1
864691135518041299,864691136334860979,1
864691135518198410,864691136362351586,1
864691135518212819,864691136334819763,1
864691135518261898,864691136335041715,1
864691135518268554,864691136363060962,1
864691135518268554,864691136370843272,1
864691135518369162,864691136334860979,1
864691135518369162,864691136364342754,1
864691135518441939,864691136362492642,1
864691135518482899,864691136334860979,1
864691135518495699,864691136363372258,2
864691135518495699,864691136370842504,1
864691135518495699,864691136370997640,2
864691135518743434,864691136361775842,2
864691135518844554,864691136362313442,1
864691135518928522,864691136362470626,7
864691135518950538,864691136362313442,1
864691135519404682,864691136334810547,1
864691135519404682,864691136362811106,1
864691135519404682,864691136363372258,2
864691135519404682,864691136370843272,2
864691135519404682,864691136371455112,1
864691135519572874,864691136335041715,2
864691135519632266,864691136334702003,1
864691135519632266,864691136334850227,3
864691135519632266,864691136362313442,3
864691135519632266,864691136362473954,1
864691135519706250,864691136364026082,1
864691135520124554,864691136370997640,1
864691135520154250,864691136363060962,1
864691135526045531,864691136358599287,2
864691135526061147,864691136361508578,1
864691135526089563,864691136334819763,1
864691135526090843,864691136334814899,1
864691135526091099,864691136362432994,1
864691135526092635,864691136370795400,1
864691135526095451,864691136370815624,1
864691135526099291,864691136361774306,1
864691135526109275,864691136364342754,1
864691135526287707,864691136358599287,1
864691135526383707,864691136334841011,1
864691135526405723,864691136334850227,1
864691135526405723,864691136362033890,1
864691135526432242,864691136371559560,1
864691135526482523,864691136362579426,1
864691135526709851,864691136371607432,1
864691135526715483,864691136362313442,1
864691135526791515,864691136362343394,2
864691135526897755,864691136371530120,1
864691135526899547,864691136371607432,2
864691135526913883,864691136334810547,1
864691135526914907,864691136364286946,1
864691135526922075,864691136336368307,1
864691135527361371,864691136370988936,1
864691135528099163,864691136335711155,1
864691135528099163,864691136364417506,1
864691135528200539,864691136336177843,1
864691135528229211,864691136370842504,1
864691135528255940,864691136335041715,1
864691135534558706,864691136370810504,1
864691135534779122,864691136371530120,1
864691135535777522,864691136361775842,1
864691135537424114,864691136361775842,1
864691135537424114,864691136371607432,1
864691135538051442,864691136364411874,1
864691135538067570,864691136363060962,1
864691135538086002,864691136362473954,1
864691135538101874,864691136370820488,1
864691135538108274,864691136334850227,1
864691135538121586,864691136362351586,1
864691135538129266,864691136371455112,1
864691135538225522,864691136363372258,1
864691135538883954,864691136334850483,1
864691135538906994,864691136371607432,1
864691135538998898,864691136334734259,1
864691135539118194,864691136362313442,1
864691135539131250,864691136362492642,3
864691135539219826,864691136364026082,1
864691135539317618,864691136334860979,2
864691135539341426,864691136334738867,1
864691135539629170,864691136362686434,1
864691135539629170,864691136364026082,1
864691135539684722,864691136337641879,1
864691135539684722,864691136362660834,1
864691135539923954,864691136371607432,1
864691135540002930,864691136362579426,1
864691135540028274,864691136364026082,1
864691135540028274,864691136364286946,3
864691135540028530,864691136361900258,5
864691135540028530,864691136362412514,1
864691135540028530,864691136371278472,6
864691135540050290,864691136371437704,1
864691135540454770,864691136334860979,1
864691135540454770,864691136335711155,1
864691135540454770,864691136364417506,1
864691135540488818,864691136362379746,1
864691135544396072,864691136334702003,1
864691135544396072,864691136334850227,1
864691135544396072,864691136362304482,1
864691135544396840,864691136334738867,1
864691135544404264,864691136370795400,1
864691135544410408,864691136334702003,1
864691135544437544,864691136334810547,1
864691135544809768,864691136362351586,1
864691135544999410,864691136334850227,1
864691135545160232,864691136361774306,1
864691135545204776,864691136334848947,1
864691135545235752,864691136362762978,2
864691135545266216,864691136362379746,1
864691135545266216,864691136371600264,1
864691135545283112,864691136371607432,1
864691135545297192,864691136362313442,1
864691135545383720,864691136334850227,1
864691135545391656,864691136361501154,1
864691135545398824,864691136362328290,4
864691135545408296,864691136362763234,1
864691135545416488,864691136334738867,1
864691135545417256,864691136361772514,1
864691135545417256,864691136361775842,1
864691135545456424,864691136370795400,1
864691135545464104,864691136334834867,1
864691135545854248,864691136335711155,1
864691135545926696,864691136335041715,1
864691135545971752,864691136334715827,1
864691135546045224,864691136336368307,1
864691135546142504,864691136362762978,1
864691135546142504,864691136364342754,1
864691135546339880,864691136336368307,1
864691135546558504,864691136362222306,1
864691135546635560,864691136334819763,1
864691135546939176,864691136334860979,1
864691135547032104,864691136362660834,1
864691135560482273,864691136335041715,1
864691135560613089,864691136334715827,1
864691135560838113,864691136362811106,1
864691135560863969,864691136334810547,5
864691135560863969,864691136370997640,3
864691135561048033,864691136334715827,1
864691135561072865,864691136361775842,1
864691135561358817,864691136362304482,1
864691135561381345,864691136361508578,1
864691135561416929,864691136337641879,1
864691135561466593,864691136334860979,1
864691135561528545,864691136370804616,1
864691135561529057,864691136361775842,1
864691135561529057,864691136370810504,5
864691135561547233,864691136371607432,1
864691135561548257,864691136361900258,2
864691135561555425,864691136336177843,1
864691135561568481,864691136364342754,1
864691135561685217,864691136364286946,3
864691135561749985,864691136361774306,1
864691135562001633,864691136362579426,3
864691135562001633,864691136362660834,2
864691135562048225,864691136362579426,1
864691135562056161,864691136362222306,1
864691135562075617,864691136336303283,2
864691135562075617,864691136362811106,1
864691135562141153,864691136362418402,1
864691135562141153,864691136363372258,1
864691135562474977,864691136336368307,2
864691135562493409,864691136370801800,1
864691135562924769,864691136336368307,1
864691135563021281,864691136362763234,2
864691135563024097,864691136334850483,2
864691135563024097,864691136335711155,1
864691135563024097,864691136336368307,4
864691135563024097,864691136362660834,1
864691135563024097,864691136364342754,3
864691135563031265,864691136361501154,1
864691135563071201,864691136371499400,1
864691135564524311,864691136334860979,1
864691135564524311,864691136362763234,1
864691135564529175,864691136336303283,1
864691135564529175,864691136370842504,1
864691135564549655,864691136362351586,2
864691135564550167,864691136362432994,1
864691135564558359,864691136361900258,1
864691135564558359,864691136362412514,1
864691135564558359,864691136364026082,1
864691135564562455,864691136362432994,1
864691135564565271,864691136361775842,1
864691135564621399,864691136335078835,4
864691135564643927,864691136363372258,1
864691135564646898,864691136370843784,1
864691135564654167,864691136370804616,1
864691135564674391,864691136371530120,1
864691135564709911,864691136361501154,2
864691135564734039,864691136334850227,1
864691135564734039,864691136362033890,1
864691135564734039,864691136362304482,3
864691135564734039,864691136362313442,1
864691135564862231,864691136361775842,1
864691135564862231,864691136370820488,1
864691135564862231,864691136371530120,1
864691135565064279,864691136334834867,1
864691135565318679,864691136370997640,1
864691135565342999,864691136334834867,1
864691135565361175,864691136334702003,1
864691135565361175,864691136334850227,1
864691135565361175,864691136362473954,8
864691135565387799,864691136370804616,1
864691135565428055,864691136371278472,1
864691135565433367,864691136334702003,1
864691135565433367,864691136361775842,1
864691135565529175,864691136371455112,1
864691135565544727,864691136334702003,1
864691135565544727,864691136371216776,3
864691135565551127,864691136362328290,1
864691135565560087,864691136362222306,1
864691135565570135,864691136371149704,1
864691135565580055,864691136334814899,1
864691135565583895,864691136362492642,1
864691135565589015,864691136362313442,1
864691135565622615,864691136361774306,1
864691135565664791,864691136362492642,1
864691135565664791,864691136370815624,1
864691135565770007,864691136363060962,1
864691135565841239,864691136361900258,1
864691135565877783,864691136364411874,1
864691135565878039,864691136334715827,1
864691135566293527,864691136362492642,1
864691135566370135,864691136361775842,1
864691135566523159,864691136362343394,1
864691135566705943,864691136362418402,1
864691135566705943,864691136364286946,1
864691135566761815,864691136370997640,1
864691135566774551,864691136362418402,2
864691135566825495,864691136362418402,1
864691135566902039,864691136334860979,1
864691135566945559,864691136335041715,1
864691135566979927,864691136362418402,1
864691135567091223,864691136363372258,1
864691135567096919,864691136362762978,1
864691135567123287,864691136362379746,1
864691135567123287,864691136371499400,1
864691135567174423,864691136334860979,1
864691135567206743,864691136335711155,1
864691135567206743,864691136336177843,1
864691135567206743,864691136336189875,1
864691135567206743,864691136364411874,1
864691135567206743,864691136364417506,1
864691135567950828,864691136334702003,5
864691135567950828,864691136362313442,3
864691135567950828,864691136371607432,1
864691135568102124,864691136364411874,1
864691135568281068,864691136362351586,1
864691135568674796,864691136362351586,1
864691135568755436,864691136362739426,1
864691135568888454,864691136362222306,1
864691135568904070,864691136334848947,1
864691135568911750,864691136362033890,1
864691135568911750,864691136362313442,1
864691135568943494,864691136362351586,1
864691135568991980,864691136334819763,2
864691135569044204,864691136362328290,5
864691135569282284,864691136361501154,1
864691135569282284,864691136362304482,5
864691135569298310,864691136334860979,1
864691135569310342,864691136337641879,1
864691135569520518,864691136334715827,1
864691135569520518,864691136362304482,1
864691135569520518,864691136371580552,1
864691135569535724,864691136362418402,1
864691135569714566,864691136361900258,1
864691135569719174,864691136334734259,1
864691135569745542,864691136371607432,1
864691135569772934,864691136371437704,1
864691135569843590,864691136362762978,1
864691135569921926,864691136362328290,1
864691135569988230,864691136364417506,1
864691135570003078,864691136370843784,1
864691135570024326,864691136335041715,2
864691135570030470,864691136371607432,1
864691135570042502,864691136370843784,1
864691135570045830,864691136371530120,1
864691135570045830,864691136371600264,1
864691135570107782,864691136334715827,3
864691135570230252,864691136361506274,1
864691135570230252,864691136362304482,1
864691135570320620,864691136335041715,7
864691135570320620,864691136361900258,1
864691135570320620,864691136364286946,1
864691135570411910,864691136362343394,1
864691135570502790,864691136364411874,1
864691135570646509,864691136371216776,1
864691135570659309,864691136362432994,2
864691135570664429,864691136370997640,1
864691135570695917,864691136362464994,1
864691135570703597,864691136362470626,2
864691135570703597,864691136363372258,2
864691135570730886,864691136362432994,2
864691135570734317,864691136370810504,1
864691135570740973,864691136358599287,1
864691135570816134,864691136336177843,1
864691135571097990,864691136362762978,1
864691135571108742,864691136361736930,1
864691135571108742,864691136361847266,1
864691135571108742,864691136362470626,1
864691135571184877,864691136358599287,1
864691135571184877,864691136370820488,1
864691135571193478,864691136335711155,4
864691135571193478,864691136336177843,1
864691135571193478,864691136337641879,3
864691135571193478,864691136361900258,1
864691135571193478,864691136362579426,1
864691135571193478,864691136364026082,1
864691135571193478,864691136364411874,2
864691135571222821,864691136334738867,1
864691135571247909,864691136361508578,1
864691135571248421,864691136370804616,2
864691135571295366,864691136361736930,1
864691135571295366,864691136362470626,1
864691135571592685,864691136371216776,1
864691135571628325,864691136370815624,1
864691135571628934,864691136371499400,1
864691135571632518,864691136335041715,2
864691135571632518,864691136364286946,1
864691135571758573,864691136361774306,1
864691135571806189,864691136371455112,1
864691135571806445,864691136334702003,1
864691135571806445,864691136371607432,1
864691135571814381,864691136334715827,1
864691135571814381,864691136370815624,2
864691135571815661,864691136370842504,1
864691135571821805,864691136364286946,1
864691135571941413,864691136335689907,1
864691135572256805,864691136361775842,2
864691135572261925,864691136362464994,1
864691135572278053,864691136362351586,1
864691135572278053,864691136370804616,1
864691135572330989,864691136337641879,1
864691135572346349,864691136364417506,1
864691135572373229,864691136334860979,1
864691135572373229,864691136335711155,1
864691135572373229,864691136361900258,3
864691135572373229,864691136362579426,1
864691135572373229,864691136364417506,2
864691135572510957,864691136362492642,1
864691135572510957,864691136370842504,2
864691135572537893,864691136362033890,2
864691135572537893,864691136362313442,2
864691135572712485,864691136334819763,1
864691135572742637,864691136334819763,2
864691135572772077,864691136334715827,2
864691135572912621,864691136364342754,1
864691135572912621,864691136364411874,1
864691135573020141,864691136362379746,1
864691135573276197,864691136370843272,1
864691135573301797,864691136364342754,1
864691135573301797,864691136364417506,1
864691135573302509,864691136361894370,1
864691135573378797,864691136361847266,4
864691135573378797,864691136362470626,3
864691135573407269,864691136362492642,1
864691135573421861,864691136334846387,1
864691135573421861,864691136335711155,1
864691135573421861,864691136336177843,3
864691135573421861,864691136336189875,2
864691135573421861,864691136337641879,1
864691135573421861,864691136362579426,5
864691135573421861,864691136362660834,4
864691135573434093,864691136362412514,1
864691135573434093,864691136362579426,3
864691135573434093,864691136364026082,2
864691135573434093,864691136364286946,1
864691135575089950,864691136364411874,1
864691135575097118,864691136361900258,1
864691135575103774,864691136334702003,1
864691135575121694,864691136334734259,1
864691135575126302,864691136362492642,1
864691135575362078,864691136371530120,1
864691135575362078,864691136371607432,1
864691135575395102,864691136334738867,1
864691135575550494,864691136361508578,1
864691135575613214,864691136334702003,1
864691135575613214,864691136361775842,1
864691135575613214,864691136371216776,5
864691135575613214,864691136371607432,7
864691135575974430,864691136364411874,1
864691135576100382,864691136334819763,1
864691135576108830,864691136364342754,1
864691135576140830,864691136362351586,1
864691135576303646,864691136362473954,1
864691135576958213,864691136334702003,1
864691135576991518,864691136370843272,3
864691135576991518,864691136371580552,1
864691135577202181,864691136334850483,1
864691135577202181,864691136334860979,2
864691135577202181,864691136336368307,6
864691135577202181,864691136362763234,1
864691135577228805,864691136362328290,1
864691135577247774,864691136371559816,1
864691135577249285,864691136371580552,1
864691135577269765,864691136337641879,1
864691135577269765,864691136364286946,2
864691135577339141,864691136370804616,2
864691135577592606,864691136334860979,1
864691135577592606,864691136364342754,2
864691135577607198,864691136362328290,3
864691135577607198,864691136362464994,4
864691135577651230,864691136334810547,1
864691135577744414,864691136362418402,1
864691135577816862,864691136364417506,1
864691135577855006,864691136334860979,1
864691135578098949,864691136361847266,1
864691135578156549,864691136361894370,1
864691135578156549,864691136362660834,1
864691135578156549,864691136362763234,1
864691135578182149,864691136370815624,1
864691135578234373,864691136335041715,1
864691135578345733,864691136362418402,1
864691135578387461,864691136362464994,1
864691135579100165,864691136363060962,1
864691135581580397,864691136361772514,1
864691135581580397,864691136361775842,1
864691135581607533,864691136371278472,1
864691135581798765,864691136364286946,1
864691135581870701,864691136334810547,2
864691135581918317,864691136334819763,1
864691135582052717,864691136362579426,1
864691135582143085,864691136371607432,1
864691135582227396,864691136334734259,1
864691135582360173,864691136335078835,1
864691135582408557,864691136336177843,1
864691135582410861,864691136334702003,1
864691135582412653,864691136361774306,1
864691135582420589,864691136337641879,1
864691135582481261,864691136334702003,1
864691135582490989,864691136371559048,1
864691135582539373,864691136362313442,1
864691135582590275,864691136370815624,1
864691135582629997,864691136361860834,1
864691135582629997,864691136370795400,2
864691135582634349,864691136361775842,1
864691135582645101,864691136361775842,1
864691135582973549,864691136362686434,1
864691135583033197,864691136362739426,1
864691135583176301,864691136361894370,1
864691135583210861,864691136371455112,1
864691135583469165,864691136334810547,2
864691135583673208,864691136370842504,1
864691135583695736,864691136370810504,1
864691135583698040,864691136370804616,5
864691135583701880,864691136362493922,1
864691135583706733,864691136335041715,1
864691135583724920,864691136362493922,1
864691135583907693,864691136362686434,3
864691135583928696,864691136362231010,1
864691135583988722,864691136362492642,2
864691135583988722,864691136362739426,2
864691135583988722,864691136371600264,2
864691135584019053,864691136334860979,1
864691135584019053,864691136371499400,3
864691135584193912,864691136361900258,1
864691135584254072,864691136361894370,1
864691135584519533,864691136335041715,1
864691135584519533,864691136361900258,5
864691135584548973,864691136335041715,1
864691135584548973,864691136361900258,2
864691135584548973,864691136362579426,2
864691135584548973,864691136371278472,2
864691135584551032,864691136362470626,1
864691135584564088,864691136362343394,1
864691135584569197,864691136334860979,1
864691135584654968,864691136371278472,1
864691135584751480,864691136362351586,1
864691135584771181,864691136362328290,1
864691135584771181,864691136362579426,2
864691135584800632,864691136361766370,1
864691135584813176,864691136335041715,2
864691135584813176,864691136362418402,1
864691135584820856,864691136334850227,3
864691135584820856,864691136362313442,1
864691135584827768,864691136334702003,1
864691135584827768,864691136362033890,1
864691135584827768,864691136371216776,2
864691135585114610,864691136334819763,1
864691135585146744,864691136363372258,1
864691135585146748,864691136371607432,1
864691135585266808,864691136362762978,1
864691135585334908,864691136362492642,1
864691135585503864,864691136362762978,1
864691135585527164,864691136371530120,1
864691135585662584,864691136362762978,1
864691135585713528,864691136362579426,1
864691135585713528,864691136362660834,1
864691135585916280,864691136335041715,1
864691135586012024,864691136335078835,6
864691135586012024,864691136336189875,1
864691135586012024,864691136364417506,1
864691135586012024,864691136371499400,1
864691135586039932,864691136334834867,4
864691135586039932,864691136371455112,3
864691135586054524,864691136334702003,1
864691135586059900,864691136362304482,1
864691135586073980,864691136334850227,1
864691135586083452,864691136370801800,1
864691135586084476,864691136361774306,1
864691135586087036,864691136362763234,1
864691135586087804,864691136334860979,1
864691135586088572,864691136361775842,1
864691135586097020,864691136334715827,1
864691135586279800,864691136362660834,1
864691135586283644,864691136361736930,1
864691135586376316,864691136362762978,1
864691135586414716,864691136362313442,1
864691135586491260,864691136334702003,1
864691135586724220,864691136371437704,1
864691135586793340,864691136364417506,2
864691135586876028,864691136362811106,2
864691135587026812,864691136362492642,5
864691135587103218,864691136370795400,1
864691135587183996,864691136361894370,1
864691135587503740,864691136364286946,1
864691135587714428,864691136362686434,1
864691135587813244,864691136364417506,1
864691135587862652,864691136335711155,1
864691135587862652,864691136362686434,1
864691135587862652,864691136364417506,2
864691135587867004,864691136334850483,1
864691135587867004,864691136334860979,1
864691135587877756,864691136370997640,1
864691135589932555,864691136334841011,1
864691135589952011,864691136362379746,1
864691135590134027,864691136371455112,1
864691135590266635,864691136362231010,1
864691135590435339,864691136361775842,1
864691135590435339,864691136370804616,3
864691135590435339,864691136370810504,2
864691135590479883,864691136361775842,1
864691135590552075,864691136363372258,2
864691135590844683,864691136336303283,1
864691135590845963,864691136371216776,1
864691135590942219,864691136370997640,1
864691135590967819,864691136335041715,1
864691135590985227,864691136361775842,1
864691135590985227,864691136370810504,1
864691135590998027,864691136371607432,2
864691135591150347,864691136336368307,1
864691135591150347,864691136364342754,1
864691135591150347,864691136364411874,2
864691135591164171,864691136371559816,1
864691135591261451,864691136362313442,1
864691135591405067,864691136362464994,1
864691135591473419,864691136363372258,2
864691135591473419,864691136370997640,2
864691135591822347,864691136362328290,1
864691135592059147,864691136364342754,1
864691135592063243,864691136335041715,1
864691135592129547,864691136334860979,1
864691135592545035,864691136362579426,1
864691135592837899,864691136335711155,2
864691135592837899,864691136336368307,1
864691135592837899,864691136362929890,4
864691135592837899,864691136364342754,1
864691135592837899,864691136364417506,1
864691135593020939,864691136364417506,1
864691135593092107,864691136361736930,1
864691135593093131,864691136362418402,1
864691135593093131,864691136370988936,1
864691135593133067,864691136361847266,1
864691135593200395,864691136335689907,1
864691135593200395,864691136362379746,1
864691135593200395,864691136362686434,2
864691135593200395,864691136362929890,2
864691135593200395,864691136363372258,2
864691135593521451,864691136362464994,1
864691135593538859,864691136371607432,1
864691135593542443,864691136334734259,1
864691135593547307,864691136361775842,1
864691135593829163,864691136362033890,5
864691135593829163,864691136362313442,1
864691135593829163,864691136370838408,2
864691135593861675,864691136371530120,1
864691135593949483,864691136361501154,1
864691135593962539,864691136370804616,1
864691135593962539,864691136370810504,1
864691135594237483,864691136370804616,1
864691135594285867,864691136370804616,1
864691135594309931,864691136371149704,1
864691135594380843,864691136362379746,1
864691135594411819,864691136370843272,1
864691135594447915,864691136334702003,1
864691135594450987,864691136361774306,2
864691135594456363,864691136362304482,1
864691135594606379,864691136361775842,1
864691135594943787,864691136335041715,1
864691135595051972,864691136370997640,1
864691135595712811,864691136334850483,1
864691135595712811,864691136334860979,2
864691135595712811,864691136335711155,1
864691135595712811,864691136336368307,1
864691135595712811,864691136362579426,1
864691135595712811,864691136362686434,1
864691135595712811,864691136362763234,2
864691135595712811,864691136364342754,1
864691135595712811,864691136364417506,6
864691135595810859,864691136335711155,1
864691135595810859,864691136336177843,1
864691135595810859,864691136362929890,4
864691135595810859,864691136364417506,2
864691135595810859,864691136370842504,1
864691135595813163,864691136364411874,1
864691135595947819,864691136335711155,1
864691135596033835,864691136361847266,1
864691135596033835,864691136362379746,1
864691135596033835,864691136362418402,1
864691135596033835,864691136362739426,2
864691135596033835,864691136370843272,1
864691135596033835,864691136370988936,1
864691135596033835,864691136370997640,1
864691135596065835,864691136364286946,1
864691135597042884,864691136334819763,1
864691135605047748,864691136361894370,1
864691135609422855,864691136361774306,1
864691135609423367,864691136362418402,1
864691135609430279,864691136361774306,1
864691135609449479,864691136334702003,2
864691135609449479,864691136362492642,1
864691135609452295,864691136362493922,1
864691135609933063,864691136371607432,1
864691135609988615,864691136361508578,1
864691135610308871,864691136362686434,1
864691135610523399,864691136361766370,1
864691135610582791,864691136364026082,1
864691135610718215,864691136335041715,2
864691135611085575,864691136335078835,1
864691135611153671,864691136371607432,1
864691135611331079,864691136335041715,2
864691135611331079,864691136362579426,1
864691135611559943,864691136362762978,1
864691135611789831,864691136334810547,1
864691135611789831,864691136334834867,1
864691135611789831,864691136335078835,1
864691135611789831,864691136371455112,2
864691135611853063,864691136364417506,1
864691135611859463,864691136362811106,1
864691135611869191,864691136361766370,1
864691135611879943,864691136362660834,1
864691135613005508,864691136334819763,2
864691135613005508,864691136371149704,1
864691135614117323,864691136364417506,1
864691135614124747,864691136336177843,1
864691135614143947,864691136361772514,2
864691135614143947,864691136361775842,1
864691135614143947,864691136362492642,1
864691135614143947,864691136370804616,1
864691135614143947,864691136370810504,9
864691135614399691,864691136371607432,2
864691135614429387,864691136334850483,2
864691135614429387,864691136336368307,2
864691135614429387,864691136361894370,1
864691135614429387,864691136364342754,2
864691135614517707,864691136370804616,1
864691135614525643,864691136370810504,2
864691135614842827,864691136336368307,1
864691135615027403,864691136335041715,2
864691135615057355,864691136334848947,3
864691135615081419,864691136361766370,1
864691135615081419,864691136371559560,1
864691135615094731,864691136362432994,3
864691135615103179,864691136334738867,1
864691135615109835,864691136335041715,1
864691135615248075,864691136335689907,1
864691135615248075,864691136362929890,1
864691135615331787,864691136361775842,1
864691135615331787,864691136370997640,1
864691135615434443,864691136362418402,1
864691135615438795,864691136334702003,1
864691135615438795,864691136361501154,2
864691135615438795,864691136362492642,2
864691135615438795,864691136371607432,1
864691135615571403,864691136370997640,1
864691135615782249,864691136362762978,1
864691135615782761,864691136362231010,1
864691135615793769,864691136370843784,1
864691135615803497,864691136334850227,1
864691135615805387,864691136364342754,1
864691135616036457,864691136335041715,1
864691135616070347,864691136362929890,1
864691135616171113,864691136362579426,1
864691135616306537,864691136371278472,1
864691135616317289,864691136361900258,1
864691135616338793,864691136335041715,1
864691135616361065,864691136370810504,1
864691135616363211,864691136371607432,1
864691135616525771,864691136371149704,1
864691135616533451,864691136364417506,1
864691135616568523,864691136335041715,3
864691135616568523,864691136361900258,6
864691135616568523,864691136362660834,1
864691135616639947,864691136336177843,1
864691135616677481,864691136370795400,1
864691135616717673,864691136371455112,1
864691135616840809,864691136362492642,1
864691135616869481,864691136334860979,1
864691135616869481,864691136335711155,1
864691135616869481,864691136336368307,1
864691135616871273,864691136362762978,1
864691135617052265,864691136362811106,1
864691135617099113,864691136362579426,8
864691135617504873,864691136362418402,1
864691135617548393,864691136362929890,3
864691135617740431,864691136362418402,1
864691135617740431,864691136362470626,7
864691135617741199,864691136334819763,1
864691135617741199,864691136371149704,1
864691135617744783,864691136371607432,1
864691135617750415,864691136362762978,1
864691135617769103,864691136362492642,4
864691135617877391,864691136364342754,1
864691135617880937,864691136371149704,2
864691135618011535,864691136361894370,1
864691135618011535,864691136362763234,1
864691135618185359,864691136371530120,1
864691135618266729,864691136362762978,1
864691135618287465,864691136364342754,1
864691135618295183,864691136361847266,1
864691135618339945,864691136362762978,1
864691135618375785,864691136361900258,1
864691135618375785,864691136362579426,2
864691135618375785,864691136362660834,1
864691135618375785,864691136364026082,2
864691135618375785,864691136364411874,1
864691135618448745,864691136362343394,1
864691135618547049,864691136335041715,1
864691135618574991,864691136334848947,1
864691135618574991,864691136370804616,1
864691135618576783,864691136334810547,1
864691135618602383,864691136361860834,1
864691135618649999,864691136361506274,1
864691135618674063,864691136370843272,1
864691135618690703,864691136336189875,1
864691135618694543,864691136334715827,3
864691135618694543,864691136362929890,1
864691135618705295,864691136362432994,1
864691135618708879,864691136362811106,2
864691135618718607,864691136362304482,1
864691135618718607,864691136362432994,1
864691135619317391,864691136362492642,1
864691135619493007,864691136335041715,1
864691135619638671,864691136334702003,1
864691135619935887,864691136364342754,1
864691135638988347,864691136362432994,1
864691135639005499,864691136362492642,1
864691135639249211,864691136371607432,1
864691135639380539,864691136362492642,1
864691135639420219,864691136362432994,2
864691135639442491,864691136362811106,1
864691135639592251,864691136334702003,1
864691135639656507,864691136371607432,1
864691135639666491,864691136370795400,1
864691135639870779,864691136361766370,1
864691135639870779,864691136371499400,1
864691135639874619,864691136364026082,4
864691135639901243,864691136362492642,1
864691135639904059,864691136362492642,1
864691135639915579,864691136370804616,1
864691135640680763,864691136334860979,1
864691135640787771,864691136361894370,3
864691135640911931,864691136334819763,1
864691135640985028,864691136361766370,10
864691135640985028,864691136362811106,2
864691135640985028,864691136370801800,1
864691135641124411,864691136371149704,1
864691135641352507,864691136362379746,9
864691135641352507,864691136363372258,4
864691135641460539,864691136362379746,2
864691135641460539,864691136363372258,1
864691135641518395,864691136362929890,5
864691135644566767,864691136371149704,1
864691135644576495,864691136361775842,1
864691135644593135,864691136362418402,1
864691135644610031,864691136361508578,1
864691135644634863,864691136362033890,1
864691135644635375,864691136362739426,1
864691135644635375,864691136371600264,1
864691135644635887,864691136362492642,1
864691135644643311,864691136361772514,1
864691135644646895,864691136362811106,1
864691135644719599,864691136370810504,1
864691135644804591,864691136334834867,2
864691135644804591,864691136362432994,1
864691135644804591,864691136370842504,1
864691135644951791,864691136361891554,1
864691135644989423,864691136361894370,1
864691135645130223,864691136335041715,1
864691135645130223,864691136362686434,1
864691135645143279,864691136362432994,2
864691135645437423,864691136334734259,1
864691135645511919,864691136362763234,1
864691135645530095,864691136361775842,1
864691135645549807,864691136371455112,1
864691135645750767,864691136370815624,1
864691135645751791,864691136362304482,1
864691135645751791,864691136371607432,1
864691135646337519,864691136371530120,1
864691135646423535,864691136371149704,1
864691135646705903,864691136361847266,2
864691135646747119,864691136364286946,1
864691135646796015,864691136364286946,1
864691135646958319,864691136336177843,1
864691135654047682,864691136370843272,1
864691135654096578,864691136334850483,1
864691135654096578,864691136336368307,2
864691135654102210,864691136336303283,4
864691135654106306,864691136362418402,1
864691135654108610,864691136361775842,1
864691135654354370,864691136334810547,1
864691135654354370,864691136334834867,1
864691135654354370,864691136362432994,1
864691135654447554,864691136361775842,1
864691135654447554,864691136362351586,1
864691135654447554,864691136370843784,1
864691135654460098,864691136334738867,1
864691135654538690,864691136362432994,1
864691135655075522,864691136371607432,1
864691135655126978,864691136370997640,1
864691135655134658,864691136362811106,1
864691135655137218,864691136361774306,1
864691135655137986,864691136334810547,1
864691135655140802,864691136371216776,1
864691135655162306,864691136362464994,1
864691135655168962,864691136362432994,1
864691135655276738,864691136361775842,1
864691135656073410,864691136362328290,6
864691135656229826,864691136363372258,2
864691135656253122,864691136362379746,2
864691135656453058,864691136336303283,1
864691135656521922,864691136337641879,1
864691135656778946,864691136334702003,1
864691135656778946,864691136361501154,1
864691135656778946,864691136362492642,1
864691135657767554,864691136370820488,1
864691135657836418,864691136370843272,1
864691135658208642,864691136362579426,2
864691135658241154,864691136371530120,3
864691135658611842,864691136370804616,1
864691135658689922,864691136335711155,1
864691135658697602,864691136371607432,1
864691135658869122,864691136364286946,1
864691135658886018,864691136364411874,1
864691135658890626,864691136361775842,1
864691135658913922,864691136370843784,1
864691135659105410,864691136335041715,1
864691135659207554,864691136362762978,2
864691135659305090,864691136335041715,1
864691135659465858,864691136334819763,1
864691135659465858,864691136362418402,1
864691135659498114,864691136334850227,1
864691135659498114,864691136362313442,1
864691135659637122,864691136334715827,3
864691135659687554,864691136362418402,1
864691135660108674,864691136335711155,2
864691135660108674,864691136362686434,3
864691135660108674,864691136364417506,1
864691135660196994,864691136361894370,1
864691135660493552,864691136371455112,1
864691135660500208,864691136370988936,1
864691135660504560,864691136362432994,1
864691135660570608,864691136362351586,2
864691135660570608,864691136370804616,1
864691135660702704,864691136362762978,1
864691135660721392,864691136371580552,1
864691135660722928,864691136371600264,1
864691135660753648,864691136358599287,1
864691135660823792,864691136335041715,1
864691135660823792,864691136361900258,1
864691135660831728,864691136371530120,1
864691135660831984,864691136371607432,1
864691135660882928,864691136370842504,1
864691135660963568,864691136371216776,1
864691135661122032,864691136361508578,1
864691135661139184,864691136334814899,1
864691135661205488,864691136362762978,1
864691135661288944,864691136337641879,1
864691135661384432,864691136362473954,1
864691135661405168,864691136361775842,2
864691135661416432,864691136362418402,1
864691135661429744,864691136370804616,3
864691135661447664,864691136362492642,2
864691135661494768,864691136362033890,1
864691135661591792,864691136334848947,1
864691135661591792,864691136370804616,3
864691135661656816,864691136371559816,1
864691135661870064,864691136362763234,1
864691135661880816,864691136361847266,3
864691135661913328,864691136362811106,1
864691135662000112,864691136334860979,1
864691135662000112,864691136364417506,4
864691135662008816,864691136335041715,2
864691135662008816,864691136337641879,1
864691135662008816,864691136362579426,1
864691135662008816,864691136364026082,1
864691135662175728,864691136371437704,1
864691135662448880,864691136361501154,1
864691135662448880,864691136362492642,3
864691135662924784,864691136371437704,1
864691135662948336,864691136334702003,1
864691135662978032,864691136362686434,1
864691135662978032,864691136364286946,1
864691135674382020,864691136362492642,4
864691135677044978,864691136361775842,2
864691135677500995,864691136370795400,1
864691135681012164,864691136334810547,1
864691135681012164,864691136335078835,1
864691135682618052,864691136334848947,2
864691135682723220,864691136334738867,2
864691135683223026,864691136362929890,1
864691135683244018,864691136370801800,1
864691135683254514,864691136370795400,1
864691135683777266,864691136334702003,1
864691135683777266,864691136334814899,2
864691135683777266,864691136361770466,1
864691135683777266,864691136371216776,3
864691135683929271,864691136362579426,1
864691135683945399,864691136371607432,1
864691135683946935,864691136334850227,1
864691135683961015,864691136361508578,1
864691135683964599,864691136361860834,1
864691135683968695,864691136362351586,1
864691135683968695,864691136370804616,1
864691135683968695,864691136371216776,1
864691135683970231,864691136335711155,1
864691135683980983,864691136335041715,7
864691135683981495,864691136361900258,2
864691135684070386,864691136362762978,1
864691135684189682,864691136361900258,1
864691135684241138,864691136334715827,1
864691135684281330,864691136371174024,1
864691135684284914,864691136361894370,1
864691135684310514,864691136362230754,1
864691135684312818,864691136362492642,1
864691135684319986,864691136362464994,1
864691135684321522,864691136334715827,1
864691135684333042,864691136362492642,1
864691135684339186,864691136334810547,2
864691135684464823,864691136361775842,1
864691135684464823,864691136371607432,1
864691135684564919,864691136371149704,1
864691135684568503,864691136362313442,1
864691135684650738,864691136335041715,6
864691135684933618,864691136335711155,1
864691135684933618,864691136362686434,1
864691135684947383,864691136362739426,1
864691135684980151,864691136370843784,1
864691135685082807,864691136334834867,1
864691135685082807,864691136362492642,1
864691135685082807,864691136362739426,1
864691135685086903,864691136371607432,1
864691135685090743,864691136362313442,1
864691135685095095,864691136335041715,2
864691135685095863,864691136362811106,1
864691135685098423,864691136335078835,1
864691135685098423,864691136361766370,2
864691135685161143,864691136370842504,1
864691135685161143,864691136371455112,1
864691135685251511,864691136371559816,1
864691135685346546,864691136334850227,1
864691135685357810,864691136362418402,1
864691135685396151,864691136336368307,3
864691135685396151,864691136361766370,2
864691135685396151,864691136371499400,1
864691135685416946,864691136334860979,1
864691135685460663,864691136334860979,1
864691135685465783,864691136335041715,2
864691135685465783,864691136362343394,1
864691135685499575,864691136371607432,2
864691135685510130,864691136364411874,1
864691135685582834,864691136364286946,1
864691135685601522,864691136334834867,1
864691135685601522,864691136371455112,1
864691135685679858,864691136335711155,2
864691135685679858,864691136364411874,1
864691135685691122,864691136362412514,1
864691135685720050,864691136335711155,4
864691135685720050,864691136336368307,1
864691135685720050,864691136337641879,1
864691135685720050,864691136362579426,1
864691135685720050,864691136362686434,5
864691135685720050,864691136364417506,6
864691135685720050,864691136371149704,1
864691135685757879,864691136334715827,2
864691135685773495,864691136361847266,2
864691135685773495,864691136362492642,1
864691135685773495,864691136362739426,1
864691135685773495,864691136370815624,2
864691135685844919,864691136364342754,1
864691135685853367,864691136335041715,1
864691135685954999,864691136364411874,1
864691135685980087,864691136361894370,1
864691135686091447,864691136361766370,1
864691135686091447,864691136362231010,1
864691135686296759,864691136335711155,1
864691135686386615,864691136364286946,1
864691135686388407,864691136335041715,2
864691135686428087,864691136371149704,1
864691135686559415,864691136364342754,2
864691135686559415,864691136364417506,1
864691135686568119,864691136335711155,3
864691135686568119,864691136337641879,1
864691135686568119,864691136362686434,1
864691135686568119,864691136364286946,2
864691135686755511,864691136361847266,1
864691135686755511,864691136362379746,1
864691135686755511,864691136362470626,8
864691135686755511,864691136370843272,1
864691135686791095,864691136362762978,1
864691135686800567,864691136335041715,1
864691135686889440,864691136334734259,1
864691135686890464,864691136361894370,1
864691135686897376,864691136370801800,1
864691135686898912,864691136362739426,1
864691135686914528,864691136371607432,1
864691135686927328,864691136362464994,1
864691135686957024,864691136335041715,1
864691135687217632,864691136362492642,2
864691135687217632,864691136362739426,1
864691135687217632,864691136370997640,1
864691135687236576,864691136362492642,1
864691135687236576,864691136362739426,1
864691135687241184,864691136370804616,3
864691135687596512,864691136362762978,1
864691135687603680,864691136362304482,1
864691135687726304,864691136362492642,1
864691135687761632,864691136371216776,1
864691135687846624,864691136371580552,1
864691135687850208,864691136370795400,1
864691135687884000,864691136371455112,1
864691135688153056,864691136370804616,1
864691135688277216,864691136362418402,1
864691135688331744,864691136362686434,2
864691135688807136,864691136334860979,1
864691135688807136,864691136335711155,1
864691135688807136,864691136362763234,1
864691135688807136,864691136364342754,1
864691135688915168,864691136361774306,1
864691135688960736,864691136337641879,2
864691135688960736,864691136371278472,1
864691135689062880,864691136371216776,3
864691135689175008,864691136362686434,2
864691135689263584,864691136336189875,1
864691135689288416,864691136362579426,1
864691135689555680,864691136336177843,1
864691135689555680,864691136336189875,3
864691135689606624,864691136335041715,2
864691135689617376,864691136362492642,3
864691135689617376,864691136370842504,3
864691135689646304,864691136335041715,1
864691135689692384,864691136362343394,2
864691135689692384,864691136362432994,2
864691135689735904,864691136335689907,2
864691135689735904,864691136362379746,1
864691135689735904,864691136362811106,2
864691135689735904,864691136363372258,2
864691135689760736,864691136335041715,2
864691135691309716,864691136370795400,1
864691135692709823,864691136370843272,1
864691135692723903,864691136361894370,1
864691135692842431,864691136334702003,1
864691135692847764,864691136334702003,1
864691135693117119,864691136334734259,1
864691135693131967,864691136370810504,3
864691135693415871,864691136335041715,1
864691135693559743,864691136334850227,1
864691135693705407,864691136362313442,1
864691135694014911,864691136334702003,14
864691135694014911,864691136361501154,1
864691135694014911,864691136362313442,1
864691135694014911,864691136371216776,4
864691135694058431,864691136362492642,1
864691135694097087,864691136362412514,1
864691135694341567,864691136371149704,1
864691135694608063,864691136363372258,1
864691135694642879,864691136335041715,2
864691135695197375,864691136335041715,3
864691135695197375,864691136362343394,1
864691135695237055,864691136335711155,2
864691135695972250,864691136335078835,1
864691135695987610,864691136362328290,1
864691135695994778,864691136371530120,2
864691135695995290,864691136334738867,1
864691135695995290,864691136370795400,1
864691135696074906,864691136362313442,1
864691135696384666,864691136364411874,1
864691135696429466,864691136361775842,1
864691135696442010,864691136362412514,1
864691135696618906,864691136370804616,2
864691135696645274,864691136362762978,1
864691135696720026,864691136362763234,1
864691135696836506,864691136362313442,1
864691135696876954,864691136362763234,1
864691135696876954,864691136364411874,1
864691135696898714,864691136334738867,1
864691135696929178,864691136364417506,1
864691135696934810,864691136362763234,1
864691135696938906,864691136371607432,3
864691135697358101,864691136361894370,1
864691135697378069,864691136361847266,1
864691135697381397,864691136364411874,1
864691135697401365,864691136334715827,1
864691135697410325,864691136371600264,1
864691135697436314,864691136363372258,1
864691135697586586,864691136362762978,1
864691135697634069,864691136371216776,1
864691135697634581,864691136334834867,1
864691135697753109,864691136371559816,1
864691135697780501,864691136362343394,1
864691135697798421,864691136371559048,1
864691135697807002,864691136362304482,1
864691135698145557,864691136362492642,1
864691135698181397,864691136371530120,1
864691135698238997,864691136362351586,1
864691135698243994,864691136370795400,1
864691135698275349,864691136370804616,1
864691135698327317,864691136334850227,1
864691135698391962,864691136364286946,1
864691135698412821,864691136370842504,1
864691135698454549,864691136361772514,1
864691135698458778,864691136364411874,1
864691135698480026,864691136364286946,1
864691135698529178,864691136335711155,1
864691135698529178,864691136336368307,1
864691135698529178,864691136364342754,1
864691135698529178,864691136364411874,1
864691135698529178,864691136364417506,1
864691135698533274,864691136362763234,1
864691135698565653,864691136362418402,1
864691135698695445,864691136370997640,1
864691135698740757,864691136371607432,2
864691135699131540,864691136361508578,1
864691135699249954,864691136335711155,1
864691135699252770,864691136362762978,1
864691135699254050,864691136362418402,1
864691135699255586,864691136371607432,3
864691135699284514,864691136371216776,1
864691135699285282,864691136371607432,1
864691135699290402,864691136361508578,2
864691135699292962,864691136364286946,1
864691135699299106,864691136335041715,4
864691135699302178,864691136362492642,1
864691135699305506,864691136362492642,1
864691135699306274,864691136370804616,4
864691135699346965,864691136335041715,1
864691135699346965,864691136371278472,1
864691135699417378,864691136371149704,1
864691135699522069,864691136370795400,1
864691135699536930,864691136362351586,1
864691135699536930,864691136370843784,1
864691135699550754,864691136362492642,1
864691135699550754,864691136370815624,1
864691135699619362,864691136361775842,1
864691135699689250,864691136371278472,1
864691135699746325,864691136336177843,1
864691135699767317,864691136364286946,1
864691135699797013,864691136335711155,1
864691135699797013,864691136364417506,1
864691135699818005,864691136337641879,1
864691135699818005,864691136362686434,1
864691135699818005,864691136364026082,1
864691135699818005,864691136364417506,3
864691135699905557,864691136334860979,1
864691135699905557,864691136335711155,1
864691135699905557,864691136364342754,1
864691135699905557,864691136364411874,2
864691135699905557,864691136364417506,2
864691135699905557,864691136371499400,2
864691135699980578,864691136335041715,1
864691135700146978,864691136371499400,1
864691135700171810,864691136362464994,1
864691135700219003,864691136335041715,5
864691135700219003,864691136364286946,1
864691135700223867,864691136336303283,1
864691135700231803,864691136364342754,1
864691135700253307,864691136370810504,2
864691135700253307,864691136370843784,1
864691135700259106,864691136334819763,1
864691135700259106,864691136371559816,1
864691135700259874,864691136371530120,1
864691135700261410,864691136334850227,1
864691135700262690,864691136334702003,5
864691135700262690,864691136371216776,1
864691135700266107,864691136362470626,1
864691135700272162,864691136362304482,3
864691135700283771,864691136335041715,2
864691135700477730,864691136335689907,1
864691135700506402,864691136362762978,1
864691135700598050,864691136362579426,2
864691135700600955,864691136362222306,1
864691135700777083,864691136361772514,1
864691135700954914,864691136362763234,1
864691135700954914,864691136364342754,3
864691135701027451,864691136362432994,1
864691135701233531,864691136362762978,1
864691135701249403,864691136362686434,1
864691135701272610,864691136362222306,1
864691135701272610,864691136362418402,1
864691135701272610,864691136362762978,3
864691135701297275,864691136370801800,1
864691135701351458,864691136334810547,2
864691135701351458,864691136362811106,6
864691135701359227,864691136361891554,2
864691135701390882,864691136371455112,1
864691135701427579,864691136371455112,1
864691135701537659,864691136361900258,1
864691135701600123,864691136364342754,1
864691135701617954,864691136370842504,1
864691135701678370,864691136361774306,1
864691135701800994,864691136362929890,1
864691135701845794,864691136371437704,1
864691135701898786,864691136335041715,1
864691135702246523,864691136362579426,3
864691135702278523,864691136362418402,1
864691135702309755,864691136364286946,1
864691135702516091,864691136335711155,1
864691135702609275,864691136362343394,1
864691135702887291,864691136362418402,1
864691135703055995,864691136361900258,4
864691135703055995,864691136362343394,5
864691135703055995,864691136364026082,1
864691135703055995,864691136364286946,1
864691135703055995,864691136371278472,1
864691135703276155,864691136362492642,1
864691135703349115,864691136362762978,1
864691135703371131,864691136362660834,1
864691135704408724,864691136362492642,1
864691135707811732,864691136361775842,1
864691135715213594,864691136362762978,1
864691135715213594,864691136371559816,1
864691135715480090,864691136362579426,1
864691135715482138,864691136334850227,1
864691135715626010,864691136334734259,1
864691135715859482,864691136362492642,1
864691135715909402,864691136362579426,1
864691135716065306,864691136362418402,2
864691135716124954,864691136362579426,1
864691135716124954,864691136362660834,2
864691135716140570,864691136371559816,1
864691135716147482,864691136362222306,2
864691135716147482,864691136362230754,1
864691135716170522,864691136334850227,1
864691135716170778,864691136362762978,1
864691135716179226,864691136362763234,1
864691135716237594,864691136334841011,1
864691135716237594,864691136370820488,1
864691135716274458,864691136371607432,2
864691135716476954,864691136362418402,2
864691135716553876,864691136371530120,1
864691135716843802,864691136335041715,1
864691135716869658,864691136371149704,1
864691135716929562,864691136335689907,2
864691135716929562,864691136362379746,5
864691135716929562,864691136362470626,2
864691135716929562,864691136363372258,6
864691135716929562,864691136370815624,1
864691135716929562,864691136370843272,3
864691135716929562,864691136371559816,1
864691135717123354,864691136335041715,1
864691135717174810,864691136335041715,2
864691135717308442,864691136371499400,1
864691135717365018,864691136364417506,1
864691135717391386,864691136362418402,3
864691135717424154,864691136334860979,1
864691135717424154,864691136336368307,2
864691135717457178,864691136362379746,1
864691135717528346,864691136337641879,2
864691135717528346,864691136361900258,3
864691135717528346,864691136371278472,1
864691135718228372,864691136334702003,1
864691135718228372,864691136361775842,1
864691135718445617,864691136371530120,1
864691135718459953,864691136371559560,1
864691135718469937,864691136362328290,1
864691135718597937,864691136370838408,1
864691135718646577,864691136335041715,1
864691135718646577,864691136361900258,2
864691135718815793,864691136335689907,1
864691135719012401,864691136362762978,2
864691135719092273,864691136361900258,2
864691135719274545,864691136362470626,2
864691135719395377,864691136362579426,1
864691135719435313,864691136370804616,1
864691135719722545,864691136334846387,1
864691135719810353,864691136335078835,1
864691135719810353,864691136370842504,1
864691135719990833,864691136335041715,2
864691135720335665,864691136334702003,1
864691135720335665,864691136361501154,13
864691135720638769,864691136334702003,1
864691135720759345,864691136364417506,2
864691135722979220,864691136334738867,3
864691135722979220,864691136361860834,1
864691135724209067,864691136371580552,1
864691135724213163,864691136362762978,1
864691135724214699,864691136334846387,1
864691135724220843,864691136370843272,1
864691135724233131,864691136334734259,1
864691135724237227,864691136370810504,1
864691135724237739,864691136370804616,1
864691135724393131,864691136371216776,1
864691135724489899,864691136334810547,1
864691135724572331,864691136371600264,1
864691135724857515,864691136362432994,1
864691135724978603,864691136362763234,1
864691135725015467,864691136334738867,1
864691135725048491,864691136370842504,1
864691135725123243,864691136361900258,1
864691135725156779,864691136362222306,1
864691135725354155,864691136364342754,1
864691135725481387,864691136362033890,1
864691135725481387,864691136362304482,2
864691135725595199,864691136335041715,2
864691135725667391,864691136362492642,2
864691135725863487,864691136362304482,1
864691135725953195,864691136371149704,1
864691135725989439,864691136362412514,1
864691135726033727,864691136361508578,1
864691135726113451,864691136361847266,1
864691135726214571,864691136361766370,2
864691135726246975,864691136371530120,1
864691135726290751,864691136335078835,1
864691135726318143,864691136334734259,1
864691135726426027,864691136334715827,1
864691135726426027,864691136362492642,1
864691135726442155,864691136361766370,2
864691135726442155,864691136370842504,1
864691135726448703,864691136361772514,1
864691135726481727,864691136371607432,1
864691135726677311,864691136361847266,1
864691135726772907,864691136362660834,1
864691135726772907,864691136364411874,1
864691135726773419,864691136334860979,1
864691135726773419,864691136336177843,1
864691135726773419,864691136362579426,3
864691135726773419,864691136364411874,1
864691135726891071,864691136362473954,1
864691135726961215,864691136334860979,1
864691135726969259,864691136334860979,1
864691135726969259,864691136336177843,7
864691135726969259,864691136362579426,1
864691135727459903,864691136336189875,1
864691135727459903,864691136371499400,1
864691135727546943,864691136335078835,2
864691135727546943,864691136335689907,2
864691135727546943,864691136362811106,1
864691135727546943,864691136371580552,1
864691135727613503,864691136370988936,1
864691135727684671,864691136362579426,1
864691135727686463,864691136370838408,1
864691135727741503,864691136362418402,1
864691135727799359,864691136335711155,1
864691135727799359,864691136362686434,1
864691135727929663,864691136371437704,6
864691135728018751,864691136364342754,5
864691135728119103,864691136361900258,1
864691135730129081,864691136370801800,1
864691135730154937,864691136370804616,1
864691135730157497,864691136370804616,1
864691135730162617,864691136370795400,1
864691135730409145,864691136334819763,2
864691135730409145,864691136371149704,1
864691135730543545,864691136361775842,1
864691135730709177,864691136371278472,1
864691135731017145,864691136371607432,1
864691135731185081,864691136362418402,2
864691135731190201,864691136362686434,1
864691135731207865,864691136371607432,1
864691135731222201,864691136371580552,1
864691135731238073,864691136334702003,5
864691135731238073,864691136371216776,2
864691135731238073,864691136371607432,1
864691135731260345,864691136370820488,1
864691135731965076,864691136362432994,1
864691135731965076,864691136371455112,2
864691135732038329,864691136361766370,1
864691135732038329,864691136362492642,1
864691135732038329,864691136370815624,1
864691135732038329,864691136370997640,1
864691135732142521,864691136364286946,2
864691135732172692,864691136362492642,3
864691135732172692,864691136362739426,2
864691135732172692,864691136370842504,1
864691135732191673,864691136363372258,1
864691135732263353,864691136361900258,3
864691135732392889,864691136362579426,1
864691135732587449,864691136337641879,2
864691135732587449,864691136361900258,1
864691135732587449,864691136362579426,1
864691135732591545,864691136335041715,1
864691135732616377,864691136334850483,2
864691135732616377,864691136334860979,1
864691135732616377,864691136364411874,3
864691135732715961,864691136362418402,3
864691135732877972,864691136334702003,1
864691135732877972,864691136334850227,2
864691135732877972,864691136362313442,1
864691135734347924,864691136362304482,1
864691135736296084,864691136334702003,1
864691135736296084,864691136371600264,6
864691135736876932,864691136362686434,1
864691135736896132,864691136361766370,1
864691135736896132,864691136362811106,1
864691135736904068,864691136334846387,3
864691135736904068,864691136371559816,2
864691135736911492,864691136334734259,1
864691135736931716,864691136362418402,1
864691135737034884,864691136361894370,1
864691135737034884,864691136362763234,1
864691135737035140,864691136370843272,1
864691135737101700,864691136334738867,1
864691135737476996,864691136371543944,1
864691135737491825,864691136361774306,1
864691135737616260,864691136362473954,1
864691135737736836,864691136362473954,1
864691135737743473,864691136362739426,2
864691135737743473,864691136370997640,2
864691135737743473,864691136371607432,1
864691135737749124,864691136362763234,1
864691135737758084,864691136334715827,1
864691135737787012,864691136370842504,1
864691135738267761,864691136361900258,1
864691135738287985,864691136362231010,1
864691135738297457,864691136336303283,1
864691135738325140,864691136361775842,1
864691135738325380,864691136334715827,1
864691135738337924,864691136371499400,1
864691135738351985,864691136370843784,1
864691135738382212,864691136371530120,1
864691135738387076,864691136361736930,1
864691135738387076,864691136362418402,1
864691135738387076,864691136362470626,1
864691135738387076,864691136362492642,4
864691135738387076,864691136370997640,3
864691135738495857,864691136361772514,1
864691135738514801,864691136362464994,1
864691135738518385,864691136362492642,1
864691135738528900,864691136334834867,1
864691135738528900,864691136371455112,1
864691135738529905,864691136362464994,1
864691135738784369,864691136362492642,1
864691135738994033,864691136335041715,1
864691135739033457,864691136371559816,1
864691135739080068,864691136334860979,1
864691135739080068,864691136336368307,4
864691135739080068,864691136337641879,1
864691135739080068,864691136364417506,1
864691135739149169,864691136335041715,2
864691135739149956,864691136335041715,3
864691135739149956,864691136361900258,2
864691135739149956,864691136362686434,1
864691135739182980,864691136362762978,1
864691135739201649,864691136334819763,1
864691135739208580,864691136371149704,1
864691135739234692,864691136364026082,1
864691135739249796,864691136362579426,1
864691135739272324,864691136364411874,1
864691135739315076,864691136335041715,1
864691135739320945,864691136364342754,1
864691135739320945,864691136364417506,1
864691135739429489,864691136370997640,1
864691135739538033,864691136371149704,1
864691135739571604,864691136364411874,1
864691135739595924,864691136335078835,1
864691135739602068,864691136334738867,1
864691135739602580,864691136361860834,1
864691135739614577,864691136334810547,1
864691135739614577,864691136361766370,1
864691135739614577,864691136362231010,1
864691135739614577,864691136362811106,3
864691135739618708,864691136336303283,1
864691135739627156,864691136334850227,2
864691135739627156,864691136362033890,1
864691135739627156,864691136362313442,2
864691135739627156,864691136362473954,1
864691135739627156,864691136362493922,1
864691135739686769,864691136362492642,2
864691135739753073,864691136363372258,1
864691135739896724,864691136361860834,1
864691135740009620,864691136371607432,1
864691135740182891,864691136336177843,2
864691135740209515,864691136362313442,1
864691135740552811,864691136334702003,1
864691135740566420,864691136334860979,2
864691135740660587,864691136361860834,1
864691135740692843,864691136362739426,4
864691135740696683,864691136362762978,1
864691135740696683,864691136362763234,1
864691135740738708,864691136362464994,6
864691135740822164,864691136361900258,1
864691135740848532,864691136362686434,1
864691135741031787,864691136362230754,1
864691135741090196,864691136362418402,1
864691135741175915,864691136362739426,1
864691135741182827,864691136362313442,1
864691135741200235,864691136371607432,1
864691135741209451,864691136361774306,1
864691135741218196,864691136334810547,3
864691135741218196,864691136335078835,1
864691135741218196,864691136361506274,1
864691135741218196,864691136362811106,2
864691135741232788,864691136334715827,1
864691135741232788,864691136371455112,1
864691135741232788,864691136371580552,3
864691135741255060,864691136334860979,1
864691135741351787,864691136371216776,1
864691135741495956,864691136362418402,1
864691135741536875,864691136337641879,1
864691135741536875,864691136362660834,1
864691135741612692,864691136362418402,1
864691135741612692,864691136371437704,1
864691135741619051,864691136371607432,1
864691135741801364,864691136334860979,1
864691135741810580,864691136361900258,1
864691135741810580,864691136362343394,1
864691135741810580,864691136371278472,2
864691135741817236,864691136334850483,1
864691135741817236,864691136335711155,1
864691135741817236,864691136364342754,1
864691135741817236,864691136370843272,1
864691135741865108,864691136371499400,1
864691135741994388,864691136363372258,3
864691135741998484,864691136363372258,2
864691135742055060,864691136334860979,2
864691135742102635,864691136364342754,1
864691135742102635,864691136371499400,1
864691135742145172,864691136362579426,1
864691135742365803,864691136362762978,1
864691135742366827,864691136361736930,1
864691135742366827,864691136362492642,2
864691135742366827,864691136362739426,1
864691135742366827,864691136371600264,2
864691135742429803,864691136364411874,1
864691135742505835,864691136334860979,1
864691135742826603,864691136364342754,1
864691135742867307,864691136371149704,1
864691135742895723,864691136364286946,1
864691135742997867,864691136362579426,1
864691135742998379,864691136334819763,1
864691135742998379,864691136362343394,1
864691135743079019,864691136362379746,1
864691135743079019,864691136363372258,2
864691135743079019,864691136370997640,1
864691135743079019,864691136371580552,3
864691135743183723,864691136362343394,1
864691135743183723,864691136371149704,1
864691135743196523,864691136334850483,1
864691135743269739,864691136364286946,2
864691135743285099,864691136336189875,1
864691135748547113,864691136334846387,1
864691135748559145,864691136370801800,1
864691135748582185,864691136370810504,1
864691135748962857,864691136361775842,1
864691135748984873,864691136362418402,1
864691135749020201,864691136370804616,1
864691135749021225,864691136362313442,1
864691135749058345,864691136334850227,1
864691135749141801,864691136371437704,1
864691135749440809,864691136362418402,1
864691135749460265,864691136362473954,1
864691135749546025,864691136371607432,1
864691135749595433,864691136370804616,1
864691135749595433,864691136370810504,1
864691135749595945,864691136370842504,3
864691135749595945,864691136371455112,1
864691135749614377,864691136335711155,1
864691135749853225,864691136371216776,1
864691135749936681,864691136362418402,1
864691135749936681,864691136362739426,1
864691135750258985,864691136362470626,2
864691135750377257,864691136335041715,1
864691135750377257,864691136364286946,1
864691135750465577,864691136362492642,1
864691135750642473,864691136334860979,1
864691135750642473,864691136364411874,1
864691135750668841,864691136364417506,1
864691135750736681,864691136362470626,1
864691135750779433,864691136362579426,2
864691135751064873,864691136362579426,3
864691135751064873,864691136362660834,1
864691135751064873,864691136362686434,1
864691135751064873,864691136362763234,1
864691135751100969,864691136364411874,1
864691135751117097,864691136361736930,1
864691135751132457,864691136335711155,1
864691135751132457,864691136362579426,1
864691135751132457,864691136362660834,1
864691135751184937,864691136364026082,1
864691135751735176,864691136362811106,1
864691135753587405,864691136361508578,1
864691135753604045,864691136334841011,1
864691135753611725,864691136334850227,1
864691135753618893,864691136362493922,1
864691135753629133,864691136358599287,1
864691135753638861,864691136371607432,2
864691135753643725,864691136370815624,1
864691135753649357,864691136371607432,1
864691135753663949,864691136361772514,1
864691135753663949,864691136370804616,1
864691135753663949,864691136370810504,3
864691135753678029,864691136364026082,1
864691135753685197,864691136371499400,1
864691135753712845,864691136361900258,2
864691135753727181,864691136335041715,1
864691135754224077,864691136371149704,1
864691135754230477,864691136335078835,2
864691135754465741,864691136361501154,1
864691135754602450,864691136361900258,1
864691135754604498,864691136362222306,1
864691135754606802,864691136334810547,1
864691135754611922,864691136362492642,1
864691135754932941,864691136370843784,1
864691135754980813,864691136362230754,1
864691135755043021,864691136334846387,1
864691135755043021,864691136362762978,1
864691135755062994,864691136370815624,1
864691135755167954,864691136334814899,1
864691135755167954,864691136371216776,1
864691135755265229,864691136362763234,1
864691135755351250,864691136361775842,1
864691135755354578,864691136362418402,1
864691135755355346,864691136362328290,1
864691135755408850,864691136362762978,1
864691135755530450,864691136370804616,2
864691135755671762,864691136362686434,1
864691135755707597,864691136370815624,2
864691135755707597,864691136371437704,2
864691135755723474,864691136362432994,4
864691135755723474,864691136370795400,1
864691135755723474,864691136371455112,1
864691135755761618,864691136362304482,1
864691135755850957,864691136362579426,4
864691135755874765,864691136361736930,1
864691135755874765,864691136362492642,1
864691135755992018,864691136334850483,1
864691135755992018,864691136334860979,1
864691135756014802,864691136361508578,1
864691135756014802,864691136371530120,1
864691135756070605,864691136364342754,1
864691135756096717,864691136362579426,2
864691135756096717,864691136371149704,1
864691135756246989,864691136371455112,1
864691135756262098,864691136361774306,1
864691135756279757,864691136335711155,1
864691135756279757,864691136362811106,1
864691135756381389,864691136361774306,1
864691135756560338,864691136371580552,1
864691135756630226,864691136334860979,4
864691135756681170,864691136334702003,2
864691135756681170,864691136334850227,5
864691135756681170,864691136362313442,3
864691135756732114,864691136371499400,1
864691135756844242,864691136336177843,2
864691135756844242,864691136336189875,1
864691135756844242,864691136362418402,15
864691135756844242,864691136363372258,1
864691135756844242,864691136371437704,2
864691135756990674,864691136334860979,2
864691135756990674,864691136335711155,1
864691135757002450,864691136362762978,1
864691135757092306,864691136370997640,1
864691135757196242,864691136362686434,2
864691135758179773,864691136361775842,1
864691135758498894,864691136334841011,1
864691135758509646,864691136334841011,1
864691135758514254,864691136371530120,1
864691135758541390,864691136362033890,1
864691135758552654,864691136362470626,1
864691135758672206,864691136362464994,4
864691135758981454,864691136334702003,1
864691135758981454,864691136371216776,1
864691135759113550,864691136362473954,1
864691135759143758,864691136370820488,1
864691135759254094,864691136362579426,1
864691135759412814,864691136361775842,1
864691135759422798,864691136370815624,1
864691135759428430,864691136335041715,1
864691135759616701,864691136370804616,1
864691135759616701,864691136370810504,1
864691135759628733,864691136361772514,2
864691135759815758,864691136334860979,2
864691135759836093,864691136361772514,5
864691135759872846,864691136334860979,1
864691135759872846,864691136364417506,1
864691135759874894,864691136362033890,1
864691135759900238,864691136364286946,1
864691135760120654,864691136361506274,1
864691135760120654,864691136370815624,1
864691135760124605,864691136370804616,3
864691135760319822,864691136361847266,1
864691135760319822,864691136362929890,1
864691135760368718,864691136364342754,2
864691135760374862,864691136362418402,1
864691135760374862,864691136362470626,2
864691135760441277,864691136361775842,1
864691135760441277,864691136370804616,1
864691135760441277,864691136370843784,2
864691135760577870,864691136334702003,1
864691135760614222,864691136361506274,1
864691135760614222,864691136362304482,1
864691135760728910,864691136336189875,1
864691135760925262,864691136334810547,1
864691135760925262,864691136371607432,1
864691135760949070,864691136334850483,1
864691135760949070,864691136364411874,1
864691135761080142,864691136371559816,2
864691135761496374,864691136371559560,1
864691135761516598,864691136370804616,1
864691135761516598,864691136370810504,1
864691135761553718,864691136363372258,1
864691135761826614,864691136361860834,1
864691135762019894,864691136334860979,1
864691135762320438,864691136370804616,1
864691135762320438,864691136370810504,1
864691135762557238,864691136370815624,1
864691135762592054,864691136334860979,2
864691135762774838,864691136370801800,1
864691135762778678,864691136371216776,1
864691135763362102,864691136362418402,1
864691135763549238,864691136362762978,1
864691135763833398,864691136362418402,1
864691135763975990,864691136364342754,4
864691135763975990,864691136364417506,2
864691135764631862,864691136370842504,1
864691135764678198,864691136336177843,2
864691135764678198,864691136371437704,1
864691135764890678,864691136334860979,3
864691135764890678,864691136336177843,1
864691135764890678,864691136361900258,1
864691135764932662,864691136362762978,1
864691135765000502,864691136335711155,1
864691135765000502,864691136362686434,1
864691135765018934,864691136364417506,1
864691135765023542,864691136334860979,1
864691135765023542,864691136364342754,1
864691135765069878,864691136362492642,1
864691135771596795,864691136335711155,1
864691135771602427,864691136334810547,1
864691135771603451,864691136362313442,1
864691135771603451,864691136370810504,1
864691135771632379,864691136334841011,1
864691135771643643,864691136362739426,1
864691135771704907,864691136370804616,1
864691135771706699,864691136334850227,1
864691135771717451,864691136370810504,1
864691135771718219,864691136335078835,1
864691135772050763,864691136370801800,1
864691135772189435,864691136362929890,2
864691135772189435,864691136371499400,1
864691135772454651,864691136362811106,1
864691135772471547,864691136362492642,1
864691135772529995,864691136370804616,1
864691135772529995,864691136370810504,1
864691135772564987,864691136362473954,1
864691135772595963,864691136334834867,1
864691135772604667,864691136335041715,1
864691135772684107,864691136361774306,1
864691135772711755,864691136370997640,1
864691135772730107,864691136361766370,1
864691135772732411,864691136364417506,2
864691135772761595,864691136362762978,1
864691135772809803,864691136334860979,1
864691135772819019,864691136334702003,2
864691135772906571,864691136334715827,1
864691135772987899,864691136362492642,3
864691135772987899,864691136370815624,1
864691135773108811,864691136361847266,2
864691135773201739,864691136336368307,1
864691135773201739,864691136362762978,1
864691135773208651,864691136334810547,1
864691135773325131,864691136361736930,1
864691135773536251,864691136336368307,1
864691135773536251,864691136364342754,1
864691135773552379,864691136335689907,1
864691135773615867,864691136371149704,1
864691135773694795,864691136362686434,1
864691135773727739,864691136362492642,1
864691135773779275,864691136335689907,1
864691135773779275,864691136371455112,1
864691135773870331,864691136371278472,1
864691135773910603,864691136336177843,1
864691135773986891,864691136334860979,1
864691135774164299,864691136371149704,1
864691135774221643,864691136334850483,1
864691135774221643,864691136335711155,1
864691135774221643,864691136336177843,1
864691135774221643,864691136336189875,1
864691135774221643,864691136362579426,1
864691135774221643,864691136362686434,2
864691135774221643,864691136364342754,2
864691135774221643,864691136364417506,5
864691135774221643,864691136371499400,4
864691135774241019,864691136362418402,1
864691135774275147,864691136362379746,1
864691135774275147,864691136370843272,3
864691135774389755,864691136362762978,2
864691135774389755,864691136371149704,1
864691135774414843,864691136337641879,1
864691135774417659,864691136370801800,1
864691135774446411,864691136334860979,2
864691135774514507,864691136335689907,1
864691135774514507,864691136361736930,1
864691135774514507,864691136361847266,6
864691135774514507,864691136362379746,3
864691135774514507,864691136362929890,3
864691135774514507,864691136363372258,1
864691135774581835,864691136336368307,1
864691135774607179,864691136362660834,1
864691135775778477,864691136362762978,1
864691135775780781,864691136362579426,1
864691135775817645,864691136371580552,1
864691135775885997,864691136334738867,1
864691135776277165,864691136371278472,1
864691135776279981,864691136371499400,1
864691135776542560,864691136362418402,1
864691135776544096,864691136362473954,1
864691135776550752,864691136371499400,1
864691135776556640,864691136334810547,1
864691135776565856,864691136334715827,1
864691135776581216,864691136362464994,1
864691135776587616,864691136362493922,1
864691135776588640,864691136362579426,1
864691135776591456,864691136370820488,1
864691135776592557,864691136362412514,1
864691135776596576,864691136362492642,1
864691135776623712,864691136334715827,1
864691135776632672,864691136370804616,1
864691135776637280,864691136370804616,2
864691135776637536,864691136362313442,1
864691135776637536,864691136362473954,1
864691135776643680,864691136362412514,1
864691135776661856,864691136334702003,1
864691135776874157,864691136362304482,1
864691135776882093,864691136362432994,1
864691135776882093,864691136362473954,1
864691135776899245,864691136370988936,1
864691135776909997,864691136362432994,2
864691135776913837,864691136370843784,2
864691135776915117,864691136361775842,1
864691135776915117,864691136371216776,1
864691135776915117,864691136371607432,1
864691135777030496,864691136371149704,1
864691135777098173,864691136361894370,1
864691135777125821,864691136370820488,1
864691135777128637,864691136361508578,1
864691135777142717,864691136370810504,1
864691135777143997,864691136370820488,1
864691135777166176,864691136334702003,6
864691135777166176,864691136362492642,1
864691135777175741,864691136334734259,1
864691135777175741,864691136361894370,1
864691135777186144,864691136371455112,1
864691135777253549,864691136371607432,1
864691135777263789,864691136362492642,2
864691135777432237,864691136334715827,1
864691135777432237,864691136361506274,2
864691135777432237,864691136362492642,1
864691135777432237,864691136370815624,1
864691135777432237,864691136371455112,2
864691135777517245,864691136361501154,1
864691135777535933,864691136362418402,1
864691135777599584,864691136335041715,1
864691135777601469,864691136371455112,1
864691135777613757,864691136362739426,1
864691135777616224,864691136370815624,1
864691135777678525,864691136362230754,1
864691135777905085,864691136334850227,1
864691135777973437,864691136362432994,1
864691135777976765,864691136361501154,1
864691135778115005,864691136370842504,1
864691135778115517,864691136370842504,1
864691135778115517,864691136370843272,2
864691135778116013,864691136336177843,2
864691135778116013,864691136362660834,1
864691135778116013,864691136362686434,1
864691135778122173,864691136362493922,1
864691135778128573,864691136362351586,1
864691135778185568,864691136361847266,1
864691135778187360,864691136362492642,1
864691135778231136,864691136335689907,1
864691135778231136,864691136362379746,1
864691135778273213,864691136334819763,1
864691135778291133,864691136364026082,1
864691135778414176,864691136362492642,2
864691135778414176,864691136371455112,1
864691135778421421,864691136362929890,2
864691135778473389,864691136371455112,1
864691135778525280,864691136363372258,1
864691135778542509,864691136362492642,1
864691135778563261,864691136361775842,2
864691135778563261,864691136371216776,1
864691135778610365,864691136371216776,5
864691135778638013,864691136364411874,1
864691135778659501,864691136336189875,1
864691135778663341,864691136361766370,1
864691135778663341,864691136362811106,1
864691135778673341,864691136362313442,1
864691135778681696,864691136361774306,2
864691135778701664,864691136334819763,1
864691135778716589,864691136334860979,1
864691135778744749,864691136362762978,1
864691135778784608,864691136337641879,1
864691135778784608,864691136361900258,1
864691135778784608,864691136364026082,1
864691135778794336,864691136336368307,1
864691135778794336,864691136364342754,1
864691135778825133,864691136334860979,1
864691135778825133,864691136337641879,1
864691135778928317,864691136362379746,2
864691135779017149,864691136370843272,1
864691135779146080,864691136362762978,3
864691135779161440,864691136334850483,3
864691135779161440,864691136334860979,1
864691135779161440,864691136336177843,2
864691135779161440,864691136336189875,1
864691135779161440,864691136336368307,7
864691135779161440,864691136364342754,3
864691135779161440,864691136364411874,5
864691135779161440,864691136364417506,3
864691135779199584,864691136335041715,1
864691135779199584,864691136362343394,2
864691135779199584,864691136362686434,1
864691135779199584,864691136364026082,1
864691135779199584,864691136364286946,2
864691135779449533,864691136370810504,2
864691135779705021,864691136362418402,1
864691135779705021,864691136364417506,1
864691135780836688,864691136334841011,1
864691135780846672,864691136371600264,3
864691135780846928,864691136371455112,1
864691135781081680,864691136334702003,1
864691135781081680,864691136361501154,1
864691135781192784,864691136361774306,1
864691135781263696,864691136334848947,5
864691135781263696,864691136370810504,5
864691135781796944,864691136362343394,1
864691135781816144,864691136362762978,1
864691135781835344,864691136335041715,6
864691135781838672,864691136335041715,1
864691135781844048,864691136371580552,2
864691135782062672,864691136371607432,1
864691135782145872,864691136336177843,1
864691135782265424,864691136362033890,1
864691135782265424,864691136362473954,1
864691135782378547,864691136362464994,1
864691135782392115,864691136371600264,1
864691135782398515,864691136334810547,1
864691135782603088,864691136335041715,1
864691135782603088,864691136361900258,5
864691135782603088,864691136364026082,1
864691135782603088,864691136371278472,1
864691135782620240,864691136363372258,2
864691135782686259,864691136335041715,1
864691135782752051,864691136362432994,2
864691135782821456,864691136362579426,1
864691135782865459,864691136334702003,1
864691135782870864,864691136335041715,6
864691135782890035,864691136371559816,2
864691135783139379,864691136362351586,1
864691135783154995,864691136364411874,1
864691135783218483,864691136361775842,1
864691135783257395,864691136335711155,1
864691135783303987,864691136334841011,1
864691135783306547,864691136370810504,1
864691135783338291,864691136361772514,1
864691135783365683,864691136362492642,2
864691135783365683,864691136362739426,1
864691135783377715,864691136363372258,1
864691135783495987,864691136364026082,1
864691135783548467,864691136362304482,1
864691135783570739,864691136370842504,1
864691135783764275,864691136361501154,2
864691135783827251,864691136334834867,1
864691135783906611,864691136334738867,1
864691135783906611,864691136362432994,1
864691135783909427,864691136362304482,3
864691135783909427,864691136362432994,1
864691135784073267,864691136361894370,1
864691135784210739,864691136362418402,1
864691135784326195,864691136335711155,1
864691135784359475,864691136335041715,1
864691135784363827,864691136362470626,1
864691135784378419,864691136362762978,2
864691135784553779,864691136370795400,1
864691135784859699,864691136336177843,1
864691135785079603,864691136362418402,4
864691135785240004,864691136362579426,1
864691135785242052,864691136362033890,1
864691135785251524,864691136371559816,1
864691135785252292,864691136364286946,1
864691135785268932,864691136362492642,1
864691135785285572,864691136362493922,1
864691135785522884,864691136362222306,1
864691135785636804,864691136370997640,1
864691135785801156,864691136335041715,2
864691135785816004,864691136371530120,1
864691135786044356,864691136370810504,1
864691135786076100,864691136362222306,1
864691135786127300,864691136335041715,1
864691135786145476,864691136362473954,1
864691135786215620,864691136371216776,1
864691135786216388,864691136335041715,1
864691135786280388,864691136371216776,1
864691135786647236,864691136362660834,1
864691135787226564,864691136362343394,4
864691135787242948,864691136363372258,1
864691135787264964,864691136334860979,1
864691135787345860,864691136335041715,1
864691135787684292,864691136370842504,1
864691135787692740,864691136362762978,1
864691135787692740,864691136362763234,1
864691135799746658,864691136362222306,1
864691135799766882,864691136362231010,1
864691135800026722,864691136362579426,1
864691135800107106,864691136371530120,1
864691135800192610,864691136362313442,1
864691135800465250,864691136362033890,1
864691135800557154,864691136371174024,1
864691135800644962,864691136334810547,1
864691135800644962,864691136370997640,2
864691135800684642,864691136361891554,2
864691135800704866,864691136362492642,1
864691135800709218,864691136335041715,2
864691135800715362,864691136334834867,3
864691135800738658,864691136335041715,1
864691135800742498,864691136335041715,1
864691135801039970,864691136362464994,3
864691135801088610,864691136362492642,3
864691135801088610,864691136370997640,3
864691135801088610,864691136371600264,3
864691135801112930,864691136334738867,1
864691135801112930,864691136361508578,1
864691135801456226,864691136334819763,1
864691135801604706,864691136371607432,1
864691135802036834,864691136364417506,1
864691135802341986,864691136364342754,1
864691135802360162,864691136362418402,1
864691135802389858,864691136336189875,1
864691135802389858,864691136371437704,1
864691135802482274,864691136362929890,1
864691135802482274,864691136370842504,1
864691135802482274,864691136371499400,1
864691135802551650,864691136334860979,1
864691135802567266,864691136364411874,1
864691135802628194,864691136335711155,1
864691135802722146,864691136371607432,1
864691135802798434,864691136334860979,1
864691135807191069,864691136361847266,1
864691135807210525,864691136370843784,1
864691135807233309,864691136370810504,1
864691135807233565,864691136370810504,3
864691135807235357,864691136371530120,1
864691135807236637,864691136370842504,1
864691135807242781,864691136362811106,1
864691135807242781,864691136370842504,1
864691135807244061,864691136370804616,4
864691135807275549,864691136362660834,1
864691135807287069,864691136371149704,1
864691135807290141,864691136361847266,1
864691135807305245,864691136361508578,1
864691135807311389,864691136334860979,1
864691135807330077,864691136335041715,2
864691135807487005,864691136334846387,1
864691135807487005,864691136362660834,2
864691135807758365,864691136362493922,1
864691135808367645,864691136334702003,1
864691135808383261,864691136370843784,1
864691135808598045,864691136370838408,1
864691135808625181,864691136361847266,1
864691135808847389,864691136335041715,1
864691135808877341,864691136362304482,1
864691135809308189,864691136371499400,2
864691135809431500,864691136362762978,1
864691135809432524,864691136362033890,9
864691135809487901,864691136362762978,1
864691135809511628,864691136361847266,1
864691135809511628,864691136370997640,1
864691135809512140,864691136362492642,1
864691135809512396,864691136334810547,1
864691135809519308,864691136334841011,2
864691135809532876,864691136362313442,1
864691135809568029,864691136371580552,1
864691135809626828,864691136334715827,2
864691135809847581,864691136334819763,1
864691135809860300,864691136361508578,1
864691135809860300,864691136371530120,1
864691135809883340,864691136362351586,2
864691135809896652,864691136362033890,1
864691135809898269,864691136362762978,1
864691135809903564,864691136362304482,13
864691135810079517,864691136361900258,1
864691135810079517,864691136362579426,1
864691135810079517,864691136364026082,1
864691135810122188,864691136362328290,1
864691135810146764,864691136371559816,2
864691135810225356,864691136362492642,1
864691135810225356,864691136370815624,2
864691135810265885,864691136334846387,1
864691135810265885,864691136335689907,2
864691135810265885,864691136336368307,3
864691135810265885,864691136363372258,2
864691135810265885,864691136371499400,3
864691135810331084,864691136361508578,1
864691135810336972,864691136364342754,1
864691135810338508,864691136371455112,1
864691135810341068,864691136362328290,1
864691135810361036,864691136363060962,1
864691135810361036,864691136370988936,1
864691135810372556,864691136371607432,2
864691135810375372,864691136370997640,1
864691135810378700,864691136362579426,1
864691135810420509,864691136361508578,1
864691135810420509,864691136361736930,1
864691135810507468,864691136362418402,1
864691135810531357,864691136364342754,1
864691135810597917,864691136364026082,1
864691135810618909,864691136364342754,1
864691135810643485,864691136334860979,1
864691135810643485,864691136362660834,1
864691135810656029,864691136335041715,5
864691135810656029,864691136362686434,3
864691135810670365,864691136362811106,2
864691135811567052,864691136334860979,1
864691135811624908,864691136362418402,1
864691135811646924,864691136335041715,1
864691135811646924,864691136364286946,1
864691135811646924,864691136371499400,2
864691135811692236,864691136362811106,1
864691135811734220,864691136362492642,4
864691135811734220,864691136362739426,1
864691135811734988,864691136362418402,1
864691135815441999,864691136336368307,1
864691135815446607,864691136361508578,1
864691135815470927,864691136361860834,1
864691135815473999,864691136362470626,1
864691135815502159,864691136361775842,1
864691135815506767,864691136361775842,1
864691135815951183,864691136361508578,1
864691135816001871,864691136370810504,1
864691135816008783,864691136334810547,1
864691135816042575,864691136371580552,1
864691135816327503,864691136334738867,1
864691135816368463,864691136371216776,1
864691135816381263,864691136362418402,1
864691135816386127,864691136362579426,1
864691135816441935,864691136371607432,1
864691135816508751,864691136362033890,2
864691135816508751,864691136362313442,1
864691135816516687,864691136334850227,1
864691135816689231,864691136371580552,3
864691135816780111,864691136362492642,1
864691135817103951,864691136335689907,1
864691135817132879,864691136370810504,3
864691135817132879,864691136370843784,1
864691135817206863,864691136335041715,1
864691135817896271,864691136334860979,1
864691135817896271,864691136364342754,1
864691135817896271,864691136364411874,2
864691135817993807,864691136362343394,1
864691135817993807,864691136362686434,3
864691135824289283,864691136361772514,1
864691135837201811,864691136370810504,2
864691135837212051,864691136370997640,1
864691135837533843,864691136334702003,1
864691135837559699,864691136362763234,4
864691135837587603,864691136334702003,1
864691135837587603,864691136334850227,1
864691135837587603,864691136361501154,1
864691135837587603,864691136362033890,3
864691135837587603,864691136362313442,1
864691135837587603,864691136371216776,2
864691135837628307,864691136362304482,1
864691135838153107,864691136370843784,1
864691135838220435,864691136361860834,1
864691135838220435,864691136362432994,1
864691135838220435,864691136371530120,1
864691135838220947,864691136361900258,1
864691135838237843,864691136371216776,2
864691135838413459,864691136364286946,1
864691135838640275,864691136335041715,2
864691135838640275,864691136364286946,3
864691135838648467,864691136371437704,1
864691135838674067,864691136362418402,1
864691135838704275,864691136361774306,1
864691135838911123,864691136361766370,1
864691135839248787,864691136336177843,1
864691135839413395,864691136362763234,1
864691135839577235,864691136336177843,1
864691135839593363,864691136335041715,1
864691135839630227,864691136361847266,4
864691135840035219,864691136362379746,1
864691135840145299,864691136336303283,1
864691135840145299,864691136362762978,2
864691135841070051,864691136370997640,1
864691135841078499,864691136361501154,1
864691135841231331,864691136334715827,1
864691135841493475,864691136371278472,2
864691135841654243,864691136362313442,1
864691135841674723,864691136370842504,1
864691135841858787,864691136361847266,1
864691135841923811,864691136371499400,1
864691135841926627,864691136335041715,2
864691135841941219,864691136361772514,1
864691135841941219,864691136370843784,2
864691135841947875,864691136334702003,1
864691135841947875,864691136362313442,1
864691135842160611,864691136334850227,1
864691135842160611,864691136361775842,1
864691135842670819,864691136334860979,2
864691135842670819,864691136362579426,3
864691135842670819,864691136362660834,1
864691135843092195,864691136362660834,1
864691135843118051,864691136362432994,1
864691135843118051,864691136362492642,1
864691135843118051,864691136362739426,1
864691135843242211,864691136334810547,1
864691135843338979,864691136370843272,1
864691135847931998,864691136362231010,2
864691135847931998,864691136370815624,1
864691135847931998,864691136371455112,1
864691135847936862,864691136362351586,1
864691135847984478,864691136361775842,1
864691135847984478,864691136371530120,2
864691135848030814,864691136336177843,1
864691135848030814,864691136371499400,1
864691135848173406,864691136336189875,1
864691135848308830,864691136371607432,3
864691135848346718,864691136361775842,5
864691135848346718,864691136370843784,1
864691135848346718,864691136371607432,1
864691135848571486,864691136370804616,1
864691135848578142,864691136334860979,1
864691135848601438,864691136370795400,1
864691135848628574,864691136370815624,3
864691135848671582,864691136370804616,3
864691135848671582,864691136370810504,2
864691135848735582,864691136334715827,1
864691135849053790,864691136362033890,2
864691135849078622,864691136370801800,1
864691135849261662,864691136362763234,1
864691135849613918,864691136364286946,1
864691135849720670,864691136370810504,1
864691135849931358,864691136362418402,1
864691135850021726,864691136364286946,1
864691135850033758,864691136362418402,1
864691135850134878,864691136370997640,2
864691135850427847,864691136370804616,1
864691135850446535,864691136362351586,1
864691135850459847,864691136363372258,1
864691135850466247,864691136371580552,1
864691135850826439,864691136361774306,1
864691135850847943,864691136362470626,1
864691135850986183,864691136361501154,1
864691135850986183,864691136370815624,1
864691135851002311,864691136370804616,1
864691135851484103,864691136371607432,1
864691135851598535,864691136334715827,1
864691135851599303,864691136335711155,2
864691135851599303,864691136362579426,1
864691135851599303,864691136362660834,1
864691135851599303,864691136364411874,1
864691135851740871,864691136334841011,1
864691135852089031,864691136363372258,1
864691135852117703,864691136358599287,1
864691135852168391,864691136371149704,1
864691135852548039,864691136371559816,1
864691135852600007,864691136334819763,1
864691135853034439,864691136362412514,1
864691135853198023,864691136362762978,1
864691135853288391,864691136364411874,3
864691135853373895,864691136336189875,1
864691135855589166,864691136334702003,1
864691135855589166,864691136371216776,1
864691135855598382,864691136371216776,1
864691135855598382,864691136371607432,1
864691135855614510,864691136362473954,1
864691135855627310,864691136370820488,1
864691135855670062,864691136358599287,1
864691135855675950,864691136362343394,1
864691135855684654,864691136358599287,1
864691135855692590,864691136371530120,1
864691135856000558,864691136361501154,1
864691135856699950,864691136371559816,1
864691135856727342,864691136361775842,2
864691135856727342,864691136370810504,1
864691135856735534,864691136334860979,1
864691135856740910,864691136370804616,2
864691135856742958,864691136370795400,2
864691135856783662,864691136361894370,1
864691135856792110,864691136362313442,1
864691135856797486,864691136362313442,1
864691135856806190,864691136336177843,1
864691135857450030,864691136362492642,2
864691135857450030,864691136371455112,1
864691135857554734,864691136362762978,1
864691135857578798,864691136362739426,1
864691135857631790,864691136334860979,1
864691135857647406,864691136362579426,1
864691135857724206,864691136364342754,1
864691135857976366,864691136361506274,1
864691135858011950,864691136362432994,1
864691135858011950,864691136371455112,1
864691135858216494,864691136362418402,1
864691135858282030,864691136334860979,1
864691135858282030,864691136335711155,3
864691135858282030,864691136336368307,1
864691135858282030,864691136362686434,2
864691135858282030,864691136364342754,6
864691135858282030,864691136364417506,11
864691135858282030,864691136371499400,1
864691135858363694,864691136362492642,1
864691135858363694,864691136362686434,1
864691135858465070,864691136362579426,1
864691135858491438,864691136334738867,1
864691135858491438,864691136335041715,1
864691135858491438,864691136335711155,1
864691135858491438,864691136361847266,2
864691135858491438,864691136362033890,1
864691135858491438,864691136362343394,2
864691135858491438,864691136362351586,1
864691135858491438,864691136362379746,1
864691135858491438,864691136362418402,2
864691135858491438,864691136362432994,1
864691135858491438,864691136362473954,1
864691135858491438,864691136362492642,1
864691135858491438,864691136362686434,1
864691135858491438,864691136362763234,1
864691135858491438,864691136364417506,1
864691135858491438,864691136370795400,1
864691135858491438,864691136370997640,5
864691135858706536,864691136334734259,1
864691135858709096,864691136361775842,1
864691135858920040,864691136370843272,2
864691135859005288,864691136334702003,1
864691135859005288,864691136361847266,1
864691135859005288,864691136371216776,2
864691135859110504,864691136370997640,2
864691135859118696,864691136361508578,1
864691135859236712,864691136363372258,2
864691135859413352,864691136362464994,1
864691135859422312,864691136362470626,1
864691135859471976,864691136371455112,1
864691135859576936,864691136361774306,1
864691135859602792,864691136335041715,2
864691135859602792,864691136361900258,1
864691135859680104,864691136334819763,1
864691135859680104,864691136371600264,1
864691135859934568,864691136334850483,1
864691135859934568,864691136362762978,1
864691135860146792,864691136362222306,1
864691135860215400,864691136361847266,3
864691135860351848,864691136334738867,1
864691135860752744,864691136362418402,1
864691135860803944,864691136335041715,2
864691135860948072,864691136361900258,4
864691135860948072,864691136362343394,1
864691135860948072,864691136362579426,1
864691135864079486,864691136334715827,2
864691135864088958,864691136371455112,1
864691135864485502,864691136371607432,1
864691135864503166,864691136361900258,1
864691135864507006,864691136362492642,4
864691135864507006,864691136370815624,1
864691135864696028,864691136334738867,1
864691135864721628,864691136371607432,1
864691135864737244,864691136334819763,1
864691135864740828,864691136361774306,1
864691135864786046,864691136362304482,1
864691135864786814,864691136334814899,1
864691135864829822,864691136370795400,1
864691135864893822,864691136334841011,2
864691135864911230,864691136334850227,1
864691135864978814,864691136362492642,1
864691135864978814,864691136362739426,1
864691135864978814,864691136371600264,2
864691135864985564,864691136334846387,1
864691135864990172,864691136362492642,1
864691135864996222,864691136370842504,1
864691135865013630,864691136334819763,1
864691135865020892,864691136334810547,1
864691135865020892,864691136362492642,1
864691135865059710,864691136371530120,1
864691135865085404,864691136371530120,1
864691135865106140,864691136371607432,1
864691135865144446,864691136334860979,1
864691135865214590,864691136362579426,2
864691135865245054,864691136364026082,1
864691135865272958,864691136334810547,1
864691135865377500,864691136362432994,1
864691135865500037,864691136362763234,1
864691135865507461,864691136335041715,1
864691135865508316,864691136361900258,1
864691135865537669,864691136370801800,1
864691135865543557,864691136334702003,2
864691135865543557,864691136362304482,3
864691135865543557,864691136362313442,1
864691135865543557,864691136370815624,2
864691135865544325,864691136362432994,1
864691135865562757,864691136361774306,1
864691135865596293,864691136334841011,1
864691135865596549,864691136362929890,1
864691135865597317,864691136364286946,2
864691135865597829,864691136362762978,1
864691135865604485,864691136362464994,1
864691135865611909,864691136371455112,1
864691135865615493,864691136362473954,1
864691135865615749,864691136370804616,2
864691135865628892,864691136337641879,1
864691135865681116,864691136371607432,1
864691135865690076,864691136364286946,2
864691135865694940,864691136362328290,1
864691135865705436,864691136371216776,2
864691135865713372,864691136334810547,2
864691135865713372,864691136363372258,1
864691135865723781,864691136371278472,2
864691135865866110,864691136334702003,2
864691135865866110,864691136371216776,1
864691135865866110,864691136371607432,1
864691135865903749,864691136370804616,4
864691135865924734,864691136335041715,2
864691135865964158,864691136361847266,1
864691135866008796,864691136370988936,1
864691135866016645,864691136370795400,1
864691135866019205,864691136362343394,1
864691135866052572,864691136362492642,1
864691135866068188,864691136336177843,1
864691135866086021,864691136334702003,4
864691135866086021,864691136361501154,1
864691135866086021,864691136371607432,1
864691135866110428,864691136334850227,2
864691135866110428,864691136362033890,2
864691135866121598,864691136362473954,1
864691135866128348,864691136362739426,1
864691135866143964,864691136371607432,10
864691135866261630,864691136335041715,1
864691135866355932,864691136371437704,1
864691135866365718,864691136334810547,1
864691135866369814,864691136362222306,1
864691135866370326,864691136364411874,1
864691135866371036,864691136362929890,1
864691135866371036,864691136364342754,1
864691135866384150,864691136371455112,2
864691135866384150,864691136371580552,3
864691135866391004,864691136362470626,3
864691135866406782,864691136371216776,1
864691135866406782,864691136371607432,1
864691135866409494,864691136371600264,1
864691135866421782,864691136361766370,1
864691135866510206,864691136362418402,2
864691135866519004,864691136361506274,1
864691135866519004,864691136362432994,2
864691135866595973,864691136362811106,1
864691135866606469,864691136334702003,1
864691135866606469,864691136362304482,1
864691135866637788,864691136370988936,1
864691135866751870,864691136363372258,3
864691135866794117,864691136335078835,1
864691135866794117,864691136370997640,1
864691135866807941,864691136364411874,1
864691135866853253,864691136364286946,1
864691135866963478,864691136361772514,2
864691135866963478,864691136370843784,1
864691135866965270,864691136364286946,1
864691135866975708,864691136370801800,1
864691135866987740,864691136362579426,1
864691135867002750,864691136362686434,1
864691135867033726,864691136335711155,4
864691135867033726,864691136362686434,2
864691135867033726,864691136364286946,1
864691135867033726,864691136364417506,1
864691135867033982,864691136335041715,2
864691135867033982,864691136364286946,1
864691135867058140,864691136362379746,3
864691135867058140,864691136362811106,1
864691135867058140,864691136363372258,1
864691135867064854,864691136361774306,1
864691135867084677,864691136336368307,1
864691135867139205,864691136370997640,1
864691135867488278,864691136370804616,1
864691135867527958,864691136362473954,1
864691135867536150,864691136334841011,2
864691135867551365,864691136362762978,1
864691135867616278,864691136334810547,1
864691135867623958,864691136334734259,1
864691135867641878,864691136370804616,1
864691135867643158,864691136361774306,1
864691135867649046,864691136371216776,2
864691135867649046,864691136371607432,1
864691135867955990,864691136362418402,1
864691135867970070,864691136361847266,1
864691135868001814,864691136370810504,1
864691135868036229,864691136361860834,1
864691135868043397,864691136362418402,9
864691135868142102,864691136362418402,1
864691135868148869,864691136371499400,1
864691135868169349,864691136371499400,1
864691135868228630,864691136371149704,1
864691135868652822,864691136362418402,1
864691135869457430,864691136362929890,1
864691135869603606,864691136371149704,1
864691135872962657,864691136370843272,1
864691135873603982,864691136370842504,1
864691135873610382,864691136334715827,3
864691135873610382,864691136370842504,1
864691135873610382,864691136371455112,4
864691135873610382,864691136371580552,6
864691135873822606,864691136334702003,1
864691135873823118,864691136335041715,1
864691135873823118,864691136364286946,1
864691135874439822,864691136362379746,2
864691135874517134,864691136361772514,1
864691135874558094,864691136335711155,1
864691135874571150,864691136362464994,4
864691135874577038,864691136362351586,1
864691135874578830,864691136362492642,1
864691135874782350,864691136334860979,1
864691135875058318,864691136335689907,1
864691135875148942,864691136362762978,1
864691135875250318,864691136361894370,1
864691135875274638,864691136362763234,1
864691135875392398,864691136362579426,1
864691135875392398,864691136364417506,1
864691135875402126,864691136362762978,1
864691135875441038,864691136362418402,1
864691135875493518,864691136361900258,1
864691135875569550,864691136337641879,2
864691135875569550,864691136362343394,1
864691135875569550,864691136362579426,5
864691135875569550,864691136371278472,1
864691135875762062,864691136334860979,2
864691135875966547,864691136362432994,1
864691135875970643,864691136371216776,1
864691135875980174,864691136335041715,1
864691135875980371,864691136362492642,1
864691135876040078,864691136337641879,2
864691135876101715,864691136334715827,1
864691135876105614,864691136371278472,1
864691135876161619,864691136362343394,4
864691135876446803,864691136370997640,4
864691135876923475,864691136334738867,1
864691135876935251,864691136334702003,2
864691135876935251,864691136362313442,1
864691135876937555,864691136371607432,1
864691135876940115,864691136370804616,1
864691135876942163,864691136335078835,1
864691135876942931,864691136334738867,1
864691135876952915,864691136364342754,1
864691135877099603,864691136362464994,1
864691135877398355,864691136334715827,2
864691135877471315,864691136335041715,1
864691135877606483,864691136335711155,1
864691135877606483,864691136364411874,1
864691135877620563,864691136334819763,3
864691135878577235,864691136362762978,1
864691135878665811,864691136336368307,1
864691135878665811,864691136364342754,1
864691135878780499,864691136362579426,1
864691135883869808,864691136371216776,1
864691135883959408,864691136362033890,1
864691135884161904,864691136361775842,1
864691135884175216,864691136336189875,1
864691135884234864,864691136362470626,1
864691135884239728,864691136361847266,1
864691135884254064,864691136362418402,1
864691135884254064,864691136362492642,1
864691135884302704,864691136371600264,1
864691135884346480,864691136335041715,3
864691135884422512,864691136362313442,1
864691135884764016,864691136370988936,1
864691135884845424,864691136361772514,1
864691135884871792,864691136370815624,1
864691135884875888,864691136364026082,2
864691135884897392,864691136334834867,1
864691135884897392,864691136362432994,1
864691135885194352,864691136334834867,1
864691135885194352,864691136370842504,4
864691135885221488,864691136361506274,1
864691135885221488,864691136362304482,1
864691135885365360,864691136336303283,1
864691135885572208,864691136361847266,2
864691135885674352,864691136334860979,1
864691135885674352,864691136361894370,1
864691135885674352,864691136362762978,1
864691135885764464,864691136361900258,1
864691135886099824,864691136362418402,1
864691135886132080,864691136336368307,1
864691135886132080,864691136362579426,1
864691135886132080,864691136363372258,1
864691135886156912,864691136364286946,1
864691135886253936,864691136336368307,2
864691135886253936,864691136364342754,1
864691135886253936,864691136364417506,1
864691135886293872,864691136335711155,1
864691135886345072,864691136362418402,7
864691135886345072,864691136362492642,3
864691135886345072,864691136363372258,2
864691135886345072,864691136370997640,2
864691135886415472,864691136336189875,4
864691135886415472,864691136371499400,1
864691135888481673,864691136335041715,1
864691135888505481,864691136334715827,1
864691135888505993,864691136334702003,3
864691135888506761,864691136334738867,1
864691135888510857,864691136362492642,1
864691135888523145,864691136362432994,1
864691135888577417,864691136371530120,1
864691135888787081,864691136362418402,1
864691135889044873,864691136362492642,1
864691135889255305,864691136364417506,1
864691135889328521,864691136370795400,1
864691135889349769,864691136361900258,1
864691135889473161,864691136334819763,1
864691135889499273,864691136371530120,1
864691135889532297,864691136335041715,1
864691135889675145,864691136364026082,1
864691135889729929,864691136362432994,1
864691135889893769,864691136362493922,1
864691135890079369,864691136362929890,1
864691135890141321,864691136335041715,1
864691135890141321,864691136364026082,1
864691135890197385,864691136335689907,1
864691135890197385,864691136362418402,1
864691135890201993,864691136371499400,1
864691135890229129,864691136334860979,1
864691135890229129,864691136336177843,1
864691135890229129,864691136336368307,1
864691135890472073,864691136371499400,3
864691135890680457,864691136362379746,1
864691135890680457,864691136362929890,1
864691135890695049,864691136361860834,1
864691135890948233,864691136335711155,1
864691135890948233,864691136364026082,1
864691135890948233,864691136364417506,1
864691135891022473,864691136362231010,1
864691135891143305,864691136334715827,1
864691135891143305,864691136361506274,1
864691135891143305,864691136361766370,1
864691135891510153,864691136361900258,1
864691135891510153,864691136371149704,1
864691135891510153,864691136371278472,1
864691135891579017,864691136364417506,1
864691135891719305,864691136336177843,1
864691135891719305,864691136336189875,1
864691135891874185,864691136371607432,1
864691135892283017,864691136364286946,1
864691135892319113,864691136364286946,1
864691135892483721,864691136364342754,1
864691135892483721,864691136364417506,1
864691135908721761,864691136334846387,1
864691135908721761,864691136336303283,1
864691135909121889,864691136371559816,1
864691135909729193,864691136334850483,1
864691135909769129,864691136334819763,1
864691135909985193,864691136334738867,1
864691135910465449,864691136364411874,1
864691135910596009,864691136364411874,1
864691135910670249,864691136362464994,1
864691135910713257,864691136371607432,1
864691135910863273,864691136364417506,1
864691135911242409,864691136371216776,1
864691135911384489,864691136334860979,1
864691135911637673,864691136334860979,1
864691135911939497,864691136371607432,1
864691135912055977,864691136371499400,1
864691135912195497,864691136362579426,2
864691135912293289,864691136334860979,1
864691135912367785,864691136335711155,4
864691135912367785,864691136362343394,1
864691135912367785,864691136364026082,1
864691135912367785,864691136364286946,1
864691135912367785,864691136364417506,2
864691135912410281,864691136362492642,1
864691135912447401,864691136371499400,1
864691135915179878,864691136334850227,2
864691135915343462,864691136371216776,1
864691135915467110,864691136371530120,1
864691135915467366,864691136371530120,1
864691135915467622,864691136361501154,1
864691135915636326,864691136363372258,1
864691135915636326,864691136370843272,1
864691135915875942,864691136364026082,1
864691135915894118,864691136364417506,2
864691135916035174,864691136335041715,1
864691135916093030,864691136361894370,1
864691135916117606,864691136336368307,1
864691135916264806,864691136335078835,1
864691135916561510,864691136361847266,1
864691135916590694,864691136335041715,2
864691135917583462,864691136362473954,2
864691135917650534,864691136337641879,2
864691135918314416,864691136371530120,1
864691135918322352,864691136371600264,1
864691135918331824,864691136370843784,1
864691135918344112,864691136335041715,3
864691135918652336,864691136361775842,1
864691135919047088,864691136364411874,1
864691135919167920,864691136361860834,1
864691135919170736,864691136362492642,1
864691135919211696,864691136371607432,1
864691135919313328,864691136361860834,1
864691135919406768,864691136371499400,1
864691135919622832,864691136364286946,2
864691135919901616,864691136362492642,1
864691135919901616,864691136362739426,1
864691135920257968,864691136336368307,1
864691135920492976,864691136361847266,8
864691135920492976,864691136362418402,13
864691135920492976,864691136362492642,3
864691135920492976,864691136362739426,1
864691135920492976,864691136363060962,1
864691135920747696,864691136334860979,1
864691135920880304,864691136364417506,1
864691135920880304,864691136371149704,1
864691135920880304,864691136371278472,1
864691135920894128,864691136364026082,2
864691135920930224,864691136361736930,1
864691135920930224,864691136362470626,1
864691135920930224,864691136362811106,1
864691135920930224,864691136363372258,2
864691135921461507,864691136361772514,1
864691135921461507,864691136371216776,1
864691135921985539,864691136361772514,2
864691135921985539,864691136370843784,1
864691135925500174,864691136362351586,1
864691135925500174,864691136371530120,1
864691135925508366,864691136362579426,1
864691135925508366,864691136371149704,1
864691135925510670,864691136371543944,1
864691135925512974,864691136362492642,1
864691135925524750,864691136362492642,1
864691135925524750,864691136370842504,1
864691135925524750,864691136371455112,1
864691135925532174,864691136371607432,1
864691135925559310,864691136335041715,1
864691135925560334,864691136362230754,2
864691135925562638,864691136361860834,1
864691135925822990,864691136362579426,1
864691135925954830,864691136362492642,2
864691135925995534,864691136334702003,1
864691135926000142,864691136335041715,1
864691135926313428,864691136371455112,1
864691135926337236,864691136334819763,1
864691135926440148,864691136361774306,1
864691135926440148,864691136361894370,1
864691135926557140,864691136335041715,6
864691135926580238,864691136334850227,2
864691135926580238,864691136362493922,1
864691135926595342,864691136370804616,1
864691135926614798,864691136364417506,1
864691135926729486,864691136335041715,1
864691135926729486,864691136362579426,1
864691135926752270,864691136361501154,1
864691135927196116,864691136361891554,1
864691135927224846,864691136334715827,1
864691135927291348,864691136370843272,1
864691135927326676,864691136361501154,1
864691135927329236,864691136362464994,1
864691135927468756,864691136370843272,1
864691135927639764,864691136370801800,1
864691135927648212,864691136362033890,1
864691135927651540,864691136370795400,1
864691135927651540,864691136370801800,1
864691135927715284,864691136334702003,1
864691135927750100,864691136334715827,1
864691135927896788,864691136362763234,1
864691135927925460,864691136335041715,2
864691135928138243,864691136370838408,1
864691135928374798,864691136335041715,1
864691135928377102,864691136363372258,1
864691135928547028,864691136334860979,2
864691135929148884,864691136362762978,1
864691135929158612,864691136362579426,1
864691135929206740,864691136362660834,2
864691135929206740,864691136364411874,3
864691135936595971,864691136370804616,1
864691135936595971,864691136370810504,1
864691135936853507,864691136370804616,4
864691135936853507,864691136370810504,2
864691135937054979,864691136362313442,1
864691135937155076,864691136371149704,1
864691135937157892,864691136362313442,1
864691135937179652,864691136371607432,1
864691135937181700,864691136361506274,1
864691135937202948,864691136334702003,1
864691135937334069,864691136370795400,1
864691135937344053,864691136371530120,1
864691135937351477,864691136334850227,1
864691135937362485,864691136334738867,1
864691135937375541,864691136334702003,1
864691135937389365,864691136361766370,1
864691135937395253,864691136336189875,1
864691135937402884,864691136362492642,3
864691135937402884,864691136370842504,3
864691135937554692,864691136334841011,1
864691135937586997,864691136362492642,1
864691135937638404,864691136370843272,1
864691135937652996,864691136362222306,1
864691135937654276,864691136370815624,1
864691135937654276,864691136371580552,1
864691135937658165,864691136334810547,1
864691135937745668,864691136362739426,1
864691135937843204,864691136334702003,1
864691135937901316,864691136358599287,1
864691135938053636,864691136361506274,1
864691135938060597,864691136371455112,1
864691135938182148,864691136362304482,1
864691135938206773,864691136364026082,1
864691135938217781,864691136362811106,1
864691135938231861,864691136334860979,1
864691135938232068,864691136362222306,1
864691135938236676,864691136334850227,7
864691135938236676,864691136362313442,1
864691135938236676,864691136362473954,1
864691135938240004,864691136334860979,1
864691135938248501,864691136336189875,1
864691135938248501,864691136362811106,1
864691135938291204,864691136362686434,1
864691135938365749,864691136362473954,1
864691135938398468,864691136334848947,1
864691135938398468,864691136361772514,6
864691135938398468,864691136370804616,1
864691135938398468,864691136370810504,2
864691135938398468,864691136370843784,1
864691135938404356,864691136362763234,1
864691135938430980,864691136370815624,1
864691135938435125,864691136361770466,1
864691135938467844,864691136362379746,3
864691135938467844,864691136363372258,3
864691135938474037,864691136334715827,1
864691135938484789,864691136371530120,2
864691135938499637,864691136334738867,1
864691135938499637,864691136370820488,1
864691135938506549,864691136362313442,1
864691135938508085,864691136362473954,1
864691135938777092,864691136362762978,1
864691135939072004,864691136362222306,1
864691135939072004,864691136362762978,1
864691135939261441,864691136364286946,1
864691135939268097,864691136362379746,1
864691135939269633,864691136362231010,1
864691135939284993,864691136362492642,3
864691135939288833,864691136370988936,1
864691135939289345,864691136361860834,1
864691135939289345,864691136370801800,1
864691135939293697,864691136358599287,1
864691135939297537,864691136334848947,2
864691135939321857,864691136361772514,1
864691135939322677,864691136334860979,1
864691135939329537,864691136362432994,1
864691135939349761,864691136362313442,1
864691135939355137,864691136334819763,1
864691135939360769,864691136335041715,1
864691135939395329,864691136362328290,1
864691135939400193,864691136370815624,1
864691135939407873,864691136371278472,1
864691135939409665,864691136334734259,1
864691135939462453,864691136371559816,1
864691135939499524,864691136334810547,1
864691135939604533,864691136362222306,1
864691135939604533,864691136362464994,1
864691135939612420,864691136334860979,1
864691135939633830,864691136362763234,1
864691135939645444,864691136362492642,1
864691135939645444,864691136370815624,1
864691135939645444,864691136370997640,1
864691135939645444,864691136371600264,1
864691135939649190,864691136362418402,1
864691135939658918,864691136370842504,1
864691135939661734,864691136371455112,1
864691135939669414,864691136371607432,1
864691135939674534,864691136371559816,3
864691135939704580,864691136335041715,1
864691135939704580,864691136335711155,1
864691135939704580,864691136362686434,3
864691135939704580,864691136364026082,3
864691135939704580,864691136364286946,2
864691135939764481,864691136362432994,1
864691135939798017,864691136370997640,3
864691135939799297,864691136361508578,1
864691135939801345,864691136371580552,2
864691135939975169,864691136361847266,1
864691135940068149,864691136364342754,1
864691135940086325,864691136362579426,4
864691135940086325,864691136362660834,3
864691135940128934,864691136334841011,6
864691135940128934,864691136361860834,1
864691135940318118,864691136371607432,1
864691135940375974,864691136371607432,1
864691135940400038,864691136371149704,1
864691135940475649,864691136370801800,1
864691135940479910,864691136358599287,1
864691135940502529,864691136362222306,1
864691135940530598,864691136334819763,1
864691135940545025,864691136371149704,1
864691135940549798,864691136361772514,1
864691135940600230,864691136362418402,1
864691135940600742,864691136334819763,2
864691135940615078,864691136334715827,1
864691135940615078,864691136362473954,1
864691135940616358,864691136334715827,1
864691135940631718,864691136370810504,1
864691135940862465,864691136362762978,1
864691135940893606,864691136361506274,1
864691135940893606,864691136362304482,1
864691135940904961,864691136334850483,1
864691135940972454,864691136361501154,1
864691135941039361,864691136371600264,1
864691135941122676,864691136362328290,1
864691135941141876,864691136361736930,1
864691135941143924,864691136361772514,1
864691135941155956,864691136362351586,1
864691135941170036,864691136334848947,2
864691135941277044,864691136362432994,1
864691135941277044,864691136364286946,1
864691135941530369,864691136371149704,1
864691135941560948,864691136358599287,1
864691135941584756,864691136371607432,1
864691135941589876,864691136362343394,1
864691135941752180,864691136371607432,2
864691135941754113,864691136336368307,1
864691135941815809,864691136335041715,1
864691135941886118,864691136364411874,1
864691135941899777,864691136371455112,1
864691135941916020,864691136370804616,1
864691135941935782,864691136336177843,1
864691135941948532,864691136335041715,1
864691135942002036,864691136362230754,1
864691135942018164,864691136334834867,1
864691135942055284,864691136334850227,1
864691135942055284,864691136362473954,1
864691135942055590,864691136334860979,1
864691135942055590,864691136364286946,1
864691135942063220,864691136371149704,1
864691135942092148,864691136364417506,1
864691135942133108,864691136334702003,1
864691135942133108,864691136370843784,1
864691135942133108,864691136371216776,3
864691135942133108,864691136371530120,1
864691135942134132,864691136334860979,1
864691135942137204,864691136362418402,1
864691135942322433,864691136334715827,1
864691135942322433,864691136361900258,1
864691135942335745,864691136362492642,1
864691135942343425,864691136336177843,1
864691135942422017,864691136362579426,1
864691135942433908,864691136371580552,5
864691135942794868,864691136335689907,1
864691135942942580,864691136371499400,1
864691135943029620,864691136362929890,6
864691135943098484,864691136334810547,1
864691135943566964,864691136334810547,1
864691135943566964,864691136335078835,3
864691135943566964,864691136361506274,1
864691135943566964,864691136362432994,7
864691135943566964,864691136362492642,1
864691135943566964,864691136362811106,1
864691135943566964,864691136371580552,1
864691135943623284,864691136362579426,1
864691135943623284,864691136362660834,9
864691135943750004,864691136361501154,1
864691135943820148,864691136337641879,2
864691135943820148,864691136362579426,2
864691135943820148,864691136362686434,1
864691135943820916,864691136336368307,1
864691135943820916,864691136364342754,1
864691135943820916,864691136364411874,2
864691135943820916,864691136371499400,1
864691135943896692,864691136362379746,1
864691135943896692,864691136362470626,1
864691135943896692,864691136362929890,1
864691135943896692,864691136370843272,1
864691135943913332,864691136361900258,3
864691135943943540,864691136371600264,1
864691135944010356,864691136334860979,1
864691135944010356,864691136362763234,1
864691135945234378,864691136371607432,1
864691135945389604,864691136362418402,1
864691135945400356,864691136362418402,1
864691135945408036,864691136362304482,1
864691135945440292,864691136362432994,1
864691135945462564,864691136362492642,1
864691135945478436,864691136334841011,2
864691135945484836,864691136362473954,1
864691135945498148,864691136370843784,1
864691135945500452,864691136370810504,1
864691135945509668,864691136335041715,1
864691135945514020,864691136371278472,1
864691135945514532,864691136363372258,1
864691135945526308,864691136361774306,3
864691135945528612,864691136361900258,1
864691135945533988,864691136370988936,1
864691135945537572,864691136364411874,1
864691135945544740,864691136334848947,1
864691135945550628,864691136370820488,1
864691135945557796,864691136336303283,1
864691135945901860,864691136371607432,2
864691135945903140,864691136361774306,1
864691135946339876,864691136362739426,1
864691135946367012,864691136361766370,1
864691135946367012,864691136364411874,1
864691135946408740,864691136334850227,1
864691135946413604,864691136361766370,1
864691135946604836,864691136361736930,1
864691135946613540,864691136334860979,3
864691135946619684,864691136334814899,1
864691135946619684,864691136361772514,1
864691135946619684,864691136370810504,5
864691135946620452,864691136371149704,1
864691135946629668,864691136371216776,3
864691135946634337,864691136362328290,1
864691135946645857,864691136370997640,2
864691135946674017,864691136362033890,1
864691135946980193,864691136337641879,2
864691135946980193,864691136362660834,1
864691135947044388,864691136362418402,1
864691135947158308,864691136334702003,1
864691135947170596,864691136370810504,1
864691135947175265,864691136371600264,2
864691135947452257,864691136358599287,1
864691135947474785,864691136362328290,1
864691135947474785,864691136362464994,1
864691135947501665,864691136334734259,1
864691135947553633,864691136334850227,1
864691135947562337,864691136362412514,1
864691135947615073,864691136362412514,1
864691135947626081,864691136361847266,1
864691135947626081,864691136362492642,1
864691135947629348,864691136364026082,1
864691135947629348,864691136364417506,1
864691135947787556,864691136370843272,1
864691135947805988,864691136370795400,5
864691135947811937,864691136364411874,1
864691135948064865,864691136362739426,1
864691135948179492,864691136371437704,1
864691135948220001,864691136336368307,1
864691135948446756,864691136361894370,2
864691135948446756,864691136362762978,1
864691135948462433,864691136361501154,2
864691135949004897,864691136362579426,1
864691135949030753,864691136362762978,1
864691135949030753,864691136362763234,2
864691135949056353,864691136362418402,1
864691135949111649,864691136335711155,1
864691135949111649,864691136337641879,3
864691135949111649,864691136362579426,1
864691135949112417,864691136362579426,1
864691135949112417,864691136362686434,2
864691135949112417,864691136362929890,1
864691135949112417,864691136363372258,2
864691135949112417,864691136364417506,2
864691135951958819,864691136334860979,1
864691135951987747,864691136362304482,1
864691135951993379,864691136362222306,1
864691135951999011,864691136371607432,1
864691135952122147,864691136334702003,1
864691135952208675,864691136362313442,2
864691135952774691,864691136361774306,1
864691135952830499,864691136362313442,1
864691135952912675,864691136334841011,1
864691135952936995,864691136334814899,1
864691135952936995,864691136370810504,1
864691135952936995,864691136370843784,1
864691135952952355,864691136362492642,3
864691135952952355,864691136362739426,1
864691135952952355,864691136370997640,1
864691135952952355,864691136371600264,1
864691135953110819,864691136334860979,1
864691135953110819,864691136362222306,1
864691135953110819,864691136362762978,1
864691135953233443,864691136364026082,2
864691135953432355,864691136334850227,2
864691135953432355,864691136361501154,1
864691135953432355,864691136362473954,2
864691135953432355,864691136362493922,5
864691135953712419,864691136335041715,2
864691135953737992,864691136361894370,1
864691135953737992,864691136362762978,1
864691135953738760,864691136361774306,1
864691135953764616,864691136370820488,1
864691135953770504,864691136362811106,1
864691135953856547,864691136362492642,1
864691135954181667,864691136335041715,3
864691135954537507,864691136362763234,1
864691135954537736,864691136334860979,1
864691135954565384,864691136371216776,1
864691135954612232,864691136361774306,2
864691135954637320,864691136371607432,1
864691135954637832,864691136362492642,1
864691135954665480,864691136371455112,1
864691135954699299,864691136362379746,2
864691135954699299,864691136363372258,1
864691135954699299,864691136371499400,2
864691135954735880,864691136371607432,1
864691135954746632,864691136362432994,1
864691135954781219,864691136362343394,1
864691135954784264,864691136362432994,1
864691135954793224,864691136362492642,2
864691135954793224,864691136362739426,1
864691135954795272,864691136361772514,3
864691135954810147,864691136336177843,1
864691135954813448,864691136361775842,1
864691135954961928,864691136362432994,1
864691135954961928,864691136362492642,10
864691135954961928,864691136362739426,2
864691135954961928,864691136371455112,1
864691135955268616,864691136334810547,1
864691135955268616,864691136335689907,1
864691135955268616,864691136336189875,1
864691135955268616,864691136371455112,1
864691135955268616,864691136371499400,1
864691135955481608,864691136362763234,2
864691135955574536,864691136335041715,2
864691135955912456,864691136362686434,1
864691135955919880,864691136361900258,1
864691135955919880,864691136362579426,5
864691135955919880,864691136362686434,4
864691135957223626,864691136334850227,1
864691135958525443,864691136370838408,1
864691135960960714,864691136361501154,1
864691135960960714,864691136362313442,1
864691135961367242,864691136362351586,1
864691135962552778,864691136361775842,1
864691135963906762,864691136371216776,1
864691135964837066,864691136370810504,3
864691135964837066,864691136371216776,2
864691135965047754,864691136334702003,1
864691135965047754,864691136362304482,1
864691135966688970,864691136334738867,3
864691135966688970,864691136361860834,1
864691135968877669,864691136335041715,1
864691135968881509,864691136371580552,1
864691135968903781,864691136362470626,1
864691135968924261,864691136334814899,1
864691135968928869,864691136334860979,1
864691135968929637,864691136334702003,1
864691135969211493,864691136362492642,1
864691135969306469,864691136370810504,1
864691135969368677,864691136361775842,1
864691135969389413,864691136335041715,2
864691135969793637,864691136336177843,1
864691135969806437,864691136335041715,2
864691135969915749,864691136362464994,2
864691135969919589,864691136371455112,1
864691135970019173,864691136362492642,1
864691135970031717,864691136361900258,2
864691135970376138,864691136371580552,1
864691135970744933,864691136362222306,1
864691135970835813,864691136362222306,1
864691135971154021,864691136337641879,1
864691135971154021,864691136362660834,2
864691135971172197,864691136335041715,1
864691135971172197,864691136361501154,2
864691135971172197,864691136364026082,1
864691135971172197,864691136370997640,1
864691135971252837,864691136335041715,1
864691135971252837,864691136336189875,1
864691135971252837,864691136337641879,1
864691135971252837,864691136362579426,4
864691135971252837,864691136362686434,1
864691135971725157,864691136362579426,1
864691135971734117,864691136364417506,1
864691135971734373,864691136364286946,1
864691135971841637,864691136335041715,1
864691135974462575,864691136362351586,2
864691135974742383,864691136362351586,2
864691135974742383,864691136371607432,1
864691135974883183,864691136363372258,1
864691135975309423,864691136364286946,1
864691135975446595,864691136370815624,1
864691135975446639,864691136334810547,1
864691135975453807,864691136361506274,1
864691135975453807,864691136362432994,1
864691135975457903,864691136336189875,1
864691135975465027,864691136362811106,1
864691135975475011,864691136370988936,1
864691135975485295,864691136362464994,1
864691135975499887,864691136362351586,1
864691135975539779,864691136362033890,2
864691135975571311,864691136370820488,1
864691135975577155,864691136362763234,1
864691135975613295,864691136334860979,1
864691135975613295,864691136335711155,1
864691135975685699,864691136371455112,1
864691135975764591,864691136371607432,1
864691135975777347,864691136364417506,2
864691135975817539,864691136370843784,1
864691135975823171,864691136334810547,1
864691135975823171,864691136371455112,1
864691135975850095,864691136362492642,1
864691135975992899,864691136334841011,1
864691135976343754,864691136362351586,1
864691135976384579,864691136334841011,1
864691135976391535,864691136370842504,1
864691135976425327,864691136362762978,1
864691135976437615,864691136364342754,1
864691135976520047,864691136335689907,1
864691135976625987,864691136361775842,1
864691135976794479,864691136361501154,1
864691135976813935,864691136371607432,1
864691135976968259,864691136371530120,1
864691135977141871,864691136362470626,1
864691135977213551,864691136336177843,1
864691135977309763,864691136336189875,1
864691135977342787,864691136364417506,1
864691135977542211,864691136334860979,1
864691135977636675,864691136361900258,1
864691135977736259,864691136334860979,1
864691135977736259,864691136336177843,1
864691135977846083,864691136371278472,1
864691135977925187,864691136370815624,2
864691135978021891,864691136362351586,1
864691135982474915,864691136334848947,15
864691135982474915,864691136370804616,4
864691135982474915,864691136370810504,1
864691135982714787,864691136370804616,2
864691135984348067,864691136361775842,2
864691135986210979,864691136334848947,1
864691135986210979,864691136361772514,1
864691135986210979,864691136370804616,1
864691135986210979,864691136370810504,1
864691135986888707,864691136364286946,1
864691135986895619,864691136334810547,1
864691135986903811,864691136361508578,1
864691135986904067,864691136370804616,1
864691135986918915,864691136370804616,4
864691135986937347,864691136362492642,2
864691135986937347,864691136362739426,1
864691135987284227,864691136371216776,1
864691135987382787,864691136334850227,2
864691135987410179,864691136334841011,1
864691135987537155,864691136371607432,1
864691135988007683,864691136362418402,1
864691135988021251,864691136364026082,1
864691135988021251,864691136371216776,1
864691135988027139,864691136362473954,1
864691135988288000,864691136336177843,1
864691135988292608,864691136334715827,3
864691135988292608,864691136335689907,1
864691135988292608,864691136363372258,2
864691135988308736,864691136362492642,1
864691135988403203,864691136334848947,2
864691135988412874,864691136371530120,1
864691135988438019,864691136334810547,1
864691135988612611,864691136370843272,1
864691135988643584,864691136371174024,1
864691135988688640,864691136361508578,1
864691135988692224,864691136362739426,3
864691135988787200,864691136371278472,1
864691135988801792,864691136362762978,2
864691135988804864,864691136334734259,2
864691135988819715,864691136371455112,1
864691135988885507,864691136362762978,1
864691135988931328,864691136362231010,1
864691135989050058,864691136371600264,2
864691135989062090,864691136371607432,1
864691135989158659,864691136362762978,1
864691135989275648,864691136361501154,1
864691135989297920,864691136370842504,1
864691135989301760,864691136371530120,1
864691135989318912,864691136361774306,1
864691135989321216,864691136361775842,1
864691135989341952,864691136364417506,1
864691135989344512,864691136362762978,1
864691135989344512,864691136370801800,1
864691135989344512,864691136371559816,1
864691135989352963,864691136362763234,2
864691135989475331,864691136362492642,1
864691135989504003,864691136371437704,1
864691135989688832,864691136334810547,4
864691135989694976,864691136362432994,1
864691135989739011,864691136335041715,2
864691135989739011,864691136364286946,1
864691135989889536,864691136336303283,1
864691135990009600,864691136362379746,1
864691135990009600,864691136363372258,1
864691135990450432,864691136361900258,1
864691135990729728,864691136371149704,2
864691135990851584,864691136361775842,4
864691135990851584,864691136370810504,1
864691135990890496,864691136362811106,1
864691135990890496,864691136371437704,1
864691135990896640,864691136362418402,1
864691135991049472,864691136362660834,1
864691135991091968,864691136362762978,1
864691135991146147,864691136370804616,1
864691135991162112,864691136335689907,1
864691135991162112,864691136370997640,1
864691135991171328,864691136362328290,1
864691135991197184,864691136362579426,2
864691135991197184,864691136364026082,1
864691135991501761,864691136371455112,1
864691135991502785,864691136370801800,2
864691135991503809,864691136362304482,1
864691135991505345,864691136371530120,1
864691135991506369,864691136370804616,1
864691135991507649,864691136362351586,1
864691135991510465,864691136363372258,1
864691135991523265,864691136364026082,1
864691135991801025,864691136361774306,1
864691135991801025,864691136362464994,2
864691135991863745,864691136361900258,1
864691135991938753,864691136362739426,1
864691135992477377,864691136334810547,2
864691135992477377,864691136371600264,2
864691135992480449,864691136334810547,1
864691135992491457,864691136362762978,1
864691135992800193,864691136335041715,2
864691135993066442,864691136362304482,1
864691135993113025,864691136362418402,1
864691135993698753,864691136362328290,1
864691135993787585,864691136334810547,3
864691135993787585,864691136335078835,4
864691135993787585,864691136371455112,3
864691135993787585,864691136371559816,1
864691135993807297,864691136371530120,5
864691135993815489,864691136362379746,1
864691135993815489,864691136362811106,1
864691135993815489,864691136363372258,1
864691135994053057,864691136334850227,1
864691135994152906,864691136371530120,1
864691135994156225,864691136362762978,1
864691135994226881,864691136364026082,1
864691135994453953,864691136371455112,1
864691135994483137,864691136334860979,2
864691135994483137,864691136335711155,2
864691135994483137,864691136362660834,1
864691135994484929,864691136362811106,1
864691135994516138,864691136334702003,1
864691135994530218,864691136362432994,1
864691135994530218,864691136370842504,2
864691135994549674,864691136334819763,1
864691135994554538,864691136370843272,1
864691135994561194,864691136361775842,1
864691135994570945,864691136371455112,1
864691135994579882,864691136362739426,1
864691135994643370,864691136334702003,1
864691135994805674,864691136362492642,1
864691135994815946,864691136370988936,1
864691135994819754,864691136361900258,1
864691135994819754,864691136371278472,1
864691135994878122,864691136335041715,1
864691135994883498,864691136361860834,1
864691135995019434,864691136334702003,1
864691135995019434,864691136362313442,4
864691135995019434,864691136371216776,4
864691135995088074,864691136336303283,1
864691135995104714,864691136371600264,2
864691135995104714,864691136371607432,1
864691135995272874,864691136362762978,1
864691135995275946,864691136362418402,1
864691135995361194,864691136334860979,1
864691135995481770,864691136362432994,1
864691135995586506,864691136334841011,3
864691135995711402,864691136364026082,1
864691135995711402,864691136364411874,1
864691135995730858,864691136364026082,1
864691135995760810,864691136335041715,7
864691135995804074,864691136334810547,1
864691135996145322,864691136370997640,1
864691135996249002,864691136334810547,1
864691135996249002,864691136362379746,8
864691135996249002,864691136362492642,1
864691135996249002,864691136362929890,1
864691135996249002,864691136363372258,6
864691135996249002,864691136370997640,1
864691135996747946,864691136371559816,1
864691135997146794,864691136362492642,1
864691135997425834,864691136337641879,1
864691135997425834,864691136364026082,2
864691135997567146,864691136370997640,1
864691135997572266,864691136362763234,1
864691135997680042,864691136361900258,3
864691135997680042,864691136364026082,1
864691135997680042,864691136364286946,1
864691135998689226,864691136371559560,1
864691136001738442,864691136334702003,5
864691136001738442,864691136371216776,2
864691136003918538,864691136334702003,1
864691136004715722,864691136335041715,1
864691136004724938,864691136334819763,1
864691136004733130,864691136335041715,3
864691136004734666,864691136334810547,1
864691136004734666,864691136363372258,1
864691136004739786,864691136371600264,1
864691136004755658,864691136370810504,1
864691136004756170,864691136334850227,1
864691136004757194,864691136370843784,1
864691136004763594,864691136371607432,1
864691136004774602,864691136334860979,1
864691136004774602,864691136362222306,1
864691136004885706,864691136334715827,3
864691136004885706,864691136361506274,1
864691136004885706,864691136362811106,1
864691136005095626,864691136370804616,2
864691136005095626,864691136370810504,1
864691136005150154,864691136334715827,1
864691136005150154,864691136362492642,1
864691136005150154,864691136371455112,2
864691136005150154,864691136371600264,1
864691136005150410,864691136334702003,2
864691136005150410,864691136334738867,1
864691136005612746,864691136362313442,1
864691136005630154,864691136361900258,1
864691136005754570,864691136362762978,1
864691136005765578,864691136370810504,2
864691136005816266,864691136335041715,2
864691136005831882,864691136334810547,1
864691136005831882,864691136362492642,6
864691136005831882,864691136362811106,1
864691136006079690,864691136334810547,1
864691136006161610,864691136334814899,1
864691136006161610,864691136371216776,3
864691136006353354,864691136362492642,1
864691136006353354,864691136370815624,1
864691136006367434,864691136364417506,1
864691136006460106,864691136335041715,1
864691136006739914,864691136334860979,1
864691136006739914,864691136335711155,1
864691136006790090,864691136364286946,1
864691136006828490,864691136361900258,1
864691136006828490,864691136371278472,1
864691136007237578,864691136336177843,1
864691136007237578,864691136336189875,1
864691136007339466,864691136364342754,1
864691136007393994,864691136337641879,1
864691136007393994,864691136362579426,1
864691136007393994,864691136362686434,1
864691136008440748,864691136334850227,1
864691136008461484,864691136362230754,1
864691136008478892,864691136336368307,1
864691136008485804,864691136370842504,1
864691136008488620,864691136370988936,1
864691136008488620,864691136370997640,1
864691136008545710,864691136361894370,1
864691136008551342,864691136361775842,2
864691136008563374,864691136371455112,1
864691136008586414,864691136361774306,1
864691136008586414,864691136362230754,1
864691136008770732,864691136334810547,1
864691136008770732,864691136334834867,1
864691136008770732,864691136362492642,3
864691136008770732,864691136370842504,2
864691136008812204,864691136334702003,5
864691136008881068,864691136370804616,1
864691136008895404,864691136334738867,1
864691136008905644,864691136361775842,1
864691136008907180,864691136362304482,1
864691136008917164,864691136334848947,1
864691136008945580,864691136334715827,1
864691136008953518,864691136361860834,1
864691136008958892,864691136361891554,1
864691136008962990,864691136362492642,1
864691136008966574,864691136334702003,1
864691136008966574,864691136362033890,1
864691136008966574,864691136371216776,5
864691136008981166,864691136371559816,1
864691136009073582,864691136364286946,1
864691136009240748,864691136362033890,1
864691136009280430,864691136370795400,1
864691136009397422,864691136362762978,1
864691136009414828,864691136335041715,1
864691136009428396,864691136371455112,1
864691136009428396,864691136371600264,2
864691136009448364,864691136371216776,1
864691136009448364,864691136371607432,1
864691136009473198,864691136362033890,1
864691136009526702,864691136371530120,1
864691136009612460,864691136362418402,1
864691136009612460,864691136370997640,1
864691136009641644,864691136335711155,1
864691136010026924,864691136334860979,1
864691136010026924,864691136364417506,1
864691136010028974,864691136362432994,1
864691136010028974,864691136362492642,1
864691136010028974,864691136370842504,1
864691136010028974,864691136370997640,1
864691136010375596,864691136370842504,1
864691136010376620,864691136361847266,1
864691136010434732,864691136336189875,1
864691136010513326,864691136361847266,1
864691136010513326,864691136370997640,1
864691136010624940,864691136370842504,1
864691136010651564,864691136362343394,1
864691136010676652,864691136362222306,1
864691136010687404,864691136335711155,4
864691136010687404,864691136362579426,1
864691136010687404,864691136364417506,4
864691136010777774,864691136361766370,1
864691136010879907,864691136370843272,1
864691136010899107,864691136361736930,1
864691136010915491,864691136362222306,1
864691136010917283,864691136334715827,1
864691136010921379,864691136361772514,1
864691136010921379,864691136370810504,1
864691136010926755,864691136335078835,1
864691136010928046,864691136362351586,1
864691136010928046,864691136362762978,1
864691136010939043,864691136362432994,1
864691136010940579,864691136334850227,2
864691136010955683,864691136334860979,1
864691136010967203,864691136371559048,1
864691136011002798,864691136362763234,1
864691136011144622,864691136371437704,1
864691136011225518,864691136362432994,2
864691136011307427,864691136335711155,1
864691136011307427,864691136337641879,1
864691136011309475,864691136362492642,1
864691136011309475,864691136370997640,1
864691136011324323,864691136362351586,1
864691136011324323,864691136371530120,2
864691136011338915,864691136362351586,1
864691136011361187,864691136362739426,1
864691136011431075,864691136371607432,1
864691136011458734,864691136362579426,4
864691136011458734,864691136362660834,3
864691136011458734,864691136362929890,5
864691136011458734,864691136371499400,1
864691136011485614,864691136364417506,4
864691136011607459,864691136335041715,2
864691136011640739,864691136371607432,1
864691136011667374,864691136362418402,1
864691136011698350,864691136335711155,1
864691136011698350,864691136364286946,1
864691136011698350,864691136364417506,1
864691136011706531,864691136371278472,1
864691136011733934,864691136334810547,3
864691136011733934,864691136363372258,2
864691136011733934,864691136371499400,1
864691136011776686,864691136364411874,1
864691136011782318,864691136362379746,3
864691136011782318,864691136362470626,1
864691136011782318,864691136363372258,1
864691136011782318,864691136370997640,1
864691136011850926,864691136336177843,1
864691136011870115,864691136334810547,1
864691136011873966,864691136362762978,1
864691136011879075,864691136361774306,1
864691136011903395,864691136362313442,1
864691136011905187,864691136362464994,1
864691136012046499,864691136371607432,1
864691136012158115,864691136371607432,1
864691136012167075,864691136371149704,1
864691136012563619,864691136361900258,2
864691136012563619,864691136362343394,4
864691136012563619,864691136362579426,1
864691136012942499,864691136337641879,1
864691136012942499,864691136361900258,1
864691136012948387,864691136334715827,1
864691136012948387,864691136362304482,1
864691136012948387,864691136371455112,1
864691136013021091,864691136362763234,1
864691136013125795,864691136334860979,2
864691136013147555,864691136362686434,1
864691136013184163,864691136370810504,2
864691136013242787,864691136362379746,1
864691136013242787,864691136362470626,1
864691136013242787,864691136371455112,1
864691136013337507,864691136361736930,1
864691136013367715,864691136370842504,1
864691136013367715,864691136371607432,1
864691136013554851,864691136364342754,1
864691136013554851,864691136364417506,1
864691136013653411,864691136361900258,2
864691136013653411,864691136371278472,1
864691136013734307,864691136364417506,1
864691136020244728,864691136370842504,1
864691136020250872,864691136370815624,1
864691136020260088,864691136362351586,1
864691136020260088,864691136370810504,2
864691136020270328,864691136334814899,1
864691136020314616,864691136370820488,1
864691136020328952,864691136361774306,1
864691136020707064,864691136371278472,2
864691136020717816,864691136361900258,1
864691136020717816,864691136371278472,1
864691136021014008,864691136334702003,1
864691136021161976,864691136334734259,1
864691136021266168,864691136334860979,1
864691136021266168,864691136336368307,1
864691136021392632,864691136362492642,1
864691136021392888,864691136370815624,1
864691136021416440,864691136371607432,1
864691136021448184,864691136371455112,1
864691136021587448,864691136335041715,1
864691136021592568,864691136362763234,2
864691136021895416,864691136334702003,4
864691136021895416,864691136362313442,1
864691136021895416,864691136362492642,1
864691136021895416,864691136370815624,3
864691136021895416,864691136371216776,2
864691136021961720,864691136362929890,1
864691136021961720,864691136371437704,1
864691136022047480,864691136334819763,1
864691136022165240,864691136362763234,1
864691136022177272,864691136364411874,1
864691136022254584,864691136362579426,1
864691136022254584,864691136362660834,1
864691136022435576,864691136335041715,2
864691136022735608,864691136364411874,2
864691136023726649,864691136334846387,1
864691136023754041,864691136362230754,1
864691136023775801,864691136362432994,2
864691136023815737,864691136334810547,1
864691136024211769,864691136362579426,4
864691136024298297,864691136371278472,2
864691136024312889,864691136358599287,1
864691136024580153,864691136335041715,1
864691136024633913,864691136335041715,1
864691136024691769,864691136371607432,1
864691136024806201,864691136370801800,1
864691136024813369,864691136334702003,1
864691136024813369,864691136371607432,2
864691136024826681,864691136334848947,4
864691136024826681,864691136370804616,5
864691136024826681,864691136370810504,1
864691136024828217,864691136370810504,1
864691136024828729,864691136362304482,2
864691136024828729,864691136370838408,1
864691136024829497,864691136361501154,1
864691136024963385,864691136362763234,1
864691136024984377,864691136334702003,2
864691136024984377,864691136371216776,2
864691136025033785,864691136335041715,1
864691136025093689,864691136334702003,2
864691136025093689,864691136361501154,1
864691136025162041,864691136362418402,2
864691136025504569,864691136336368307,2
864691136025504569,864691136362686434,1
864691136025534265,864691136371580552,1
864691136025544249,864691136362432994,1
864691136025913913,864691136371437704,1
864691136025992761,864691136334850483,1
864691136025992761,864691136362579426,1
864691136025992761,864691136364411874,1
864691136025992761,864691136364417506,1
864691136026183993,864691136362418402,1
864691136026198585,864691136334850483,1
864691136026198585,864691136364342754,1
864691136026198585,864691136364417506,1
864691136026216505,864691136362811106,1
864691136026234169,864691136371149704,1
864691136026266681,864691136362660834,1
864691136026273849,864691136334860979,1
864691136026317113,864691136334860979,1
864691136026317113,864691136362579426,2
864691136026374201,864691136361847266,1
864691136030347486,864691136335041715,1
864691136031668155,864691136362418402,1
864691136031694523,864691136370810504,1
864691136031699131,864691136371216776,2
864691136031715515,864691136334738867,1
864691136031718587,864691136371607432,1
864691136031725755,864691136362493922,1
864691136031738811,864691136334860979,1
864691136031748027,864691136370997640,1
864691136031963579,864691136334819763,1
864691136032269755,864691136334702003,1
864691136032474811,864691136335041715,1
864691136032569787,864691136334738867,1
864691136032591291,864691136336368307,1
864691136032603835,864691136361775842,2
864691136032650939,864691136371499400,1
864691136032653243,864691136364286946,1
864691136032659387,864691136362432994,1
864691136032688571,864691136362464994,1
864691136032703931,864691136335711155,2
864691136033414843,864691136371600264,1
864691136033553595,864691136335041715,1
864691136033553595,864691136362412514,1
864691136033560763,864691136362763234,1
864691136033786043,864691136334819763,1
864691136034011579,864691136362811106,1
864691136034086587,864691136363372258,2
864691136034271675,864691136362492642,1
864691136034487483,864691136362379746,1
864691136034487483,864691136362929890,1
864691136034487483,864691136364417506,1
864691136034526651,864691136362762978,2
864691136034573243,864691136363372258,1
864691136034575547,864691136362686434,1
864691136034592443,864691136363060962,1
864691136039336702,864691136362351586,1
864691136039357438,864691136361774306,1
864691136039376638,864691136371607432,1
864691136039388670,864691136370843784,1
864691136039397630,864691136362579426,1
864691136039696638,864691136371580552,1
864691136040045310,864691136370810504,1
864691136040122366,864691136370804616,2
864691136040237822,864691136334850227,1
864691136040237822,864691136362473954,1
864691136040290046,864691136362328290,1
864691136040339198,864691136371607432,1
864691136040516350,864691136336177843,2
864691136040834558,864691136364417506,1
864691136040975446,864691136371530120,2
864691136041001046,864691136362811106,1
864691136041001046,864691136370801800,1
864691136041021526,864691136371530120,1
864691136041021782,864691136371216776,1
864691136041022294,864691136370810504,1
864691136041040726,864691136362493922,1
864691136041041494,864691136371580552,1
864691136041042262,864691136362313442,1
864691136041045078,864691136335711155,1
864691136041046782,864691136336303283,2
864691136041048062,864691136371149704,1
864691136041058390,864691136370804616,2
864691136041071958,864691136334738867,1
864691136041078102,864691136362464994,1
864691136041080150,864691136371607432,1
864691136041081430,864691136334860979,1
864691136041321982,864691136334860979,1
864691136041321982,864691136362763234,1
864691136041604438,864691136362492642,1
864691136041604438,864691136370843272,2
864691136041642494,864691136335041715,1
864691136041642494,864691136335711155,3
864691136041642494,864691136362579426,1
864691136041642494,864691136364026082,1
864691136041679702,864691136334702003,1
864691136041679702,864691136334850227,5
864691136041679702,864691136362313442,2
864691136041694718,864691136371600264,1
864691136041701118,864691136362579426,1
864691136041737470,864691136336177843,1
864691136041922902,864691136371278472,1
864691136042091862,864691136334738867,1
864691136042132310,864691136334702003,1
864691136042318934,864691136370842504,1
864691136042350422,864691136361501154,1
864691136042350422,864691136361847266,7
864691136042685270,864691136364286946,1
864691136042785622,864691136362222306,1
864691136042854742,864691136335041715,7
864691136042859862,864691136362418402,1
864691136042859862,864691136362762978,1
864691136043001686,864691136364286946,1
864691136043173974,864691136362811106,1
864691136043245654,864691136361506274,1
864691136043245654,864691136371580552,1
864691136043397206,864691136371149704,1
864691136043543382,864691136362418402,1
864691136050803187,864691136362313442,2
864691136050842099,864691136336303283,1
864691136050858483,864691136362763234,1
864691136050862067,864691136362418402,1
864691136050864371,864691136361891554,1
864691136050865139,864691136362418402,1
864691136050865139,864691136364286946,1
864691136050904819,864691136334702003,1
864691136051028979,864691136362579426,1
864691136051119347,864691136334841011,1
864691136051584755,864691136364286946,1
864691136051746035,864691136362762978,1
864691136051805427,864691136362351586,1
864691136051830771,864691136371216776,1
864691136051920115,864691136371455112,1
864691136052471539,864691136335711155,1
864691136052471539,864691136364417506,2
864691136052588787,864691136370842504,1
864691136052681971,864691136370801800,2
864691136052681971,864691136371437704,1
864691136052791027,864691136337641879,1
864691136052804339,864691136370843272,1
864691136052860403,864691136334834867,1
864691136052973811,864691136334819763,1
864691136053131251,864691136336189875,1
864691136053140723,864691136371149704,1
864691136053201395,864691136361774306,1
864691136053305075,864691136361766370,1
864691136053419251,864691136362470626,1
864691136053537779,864691136334702003,1
864691136053537779,864691136334715827,1
864691136053645299,864691136362470626,1
864691136056320728,864691136334819763,1
864691136056321240,864691136361508578,1
864691136056324056,864691136362739426,2
864691136056324056,864691136371600264,3
864691136056325592,864691136361774306,1
864691136056337624,864691136334702003,1
864691136056337624,864691136371216776,1
864691136056345048,864691136362328290,2
864691136056367064,864691136361774306,1
864691136056377048,864691136361772514,1
864691136056377304,864691136370820488,1
864691136056377816,864691136334848947,1
864691136056377816,864691136370810504,1
864691136056379608,864691136362473954,1
864691136056384728,864691136364026082,1
864691136056387800,864691136334841011,1
864691136056387800,864691136358599287,1
864691136056399064,864691136334850227,1
864691136056399064,864691136361775842,1
864691136056399064,864691136370843784,1
864691136056523992,864691136361900258,1
864691136056791256,864691136335711155,1
864691136056795608,864691136336189875,1
864691136057078488,864691136361508578,1
864691136057333976,864691136362418402,1
864691136057345496,864691136371216776,1
864691136057359832,864691136371607432,1
864691136057475800,864691136334841011,1
864691136057723352,864691136335041715,1
864691136057792728,864691136362418402,1
864691136058023640,864691136362762978,1
864691136058116568,864691136335041715,2
864691136058116568,864691136337641879,1
864691136058116568,864691136362579426,1
864691136058116568,864691136362660834,1
864691136058116568,864691136362686434,1
864691136058175192,864691136364417506,1
864691136058255320,864691136371559816,1
864691136058267352,864691136334850483,1
864691136058267352,864691136362660834,1
864691136058447832,864691136334715827,1
864691136058447832,864691136336303283,1
864691136058459096,864691136335041715,1
864691136058459096,864691136364286946,3
864691136058459096,864691136364417506,1
864691136058752216,864691136334860979,1
864691136058810328,864691136337641879,1
864691136058810328,864691136362686434,2
864691136058810328,864691136364026082,1
864691136058824152,864691136335041715,2
864691136058963160,864691136335041715,1
864691136058963160,864691136335711155,1
864691136058963160,864691136361900258,1
864691136058963160,864691136371149704,1
864691136065216664,864691136371278472,1
864691136065223320,864691136361774306,1
864691136065239448,864691136370804616,1
864691136065258648,864691136361775842,1
864691136065259928,864691136362739426,2
864691136065263512,864691136371580552,1
864691136065270680,864691136362230754,1
864691136065272216,864691136361766370,1
864691136065272984,864691136334715827,1
864691136065286296,864691136371543944,1
864691136065290136,864691136334860979,1
864691136065290136,864691136364286946,1
864691136065413528,864691136370810504,1
864691136065683864,864691136361900258,1
864691136065713560,864691136336177843,1
864691136065821592,864691136362492642,1
864691136065821592,864691136362739426,1
864691136065844888,864691136371559560,1
864691136065851288,864691136361772514,5
864691136065851288,864691136370843784,2
864691136065862808,864691136362492642,1
864691136065884824,864691136334860979,2
864691136065884824,864691136364417506,2
864691136065984152,864691136335041715,1
864691136066253720,864691136334850227,1
864691136066485656,864691136371149704,1
864691136066500248,864691136362328290,1
864691136066506136,864691136361775842,1
864691136066516376,864691136371455112,4
864691136066520984,864691136334702003,1
864691136066520984,864691136371216776,1
864691136066631832,864691136362492642,1
864691136066746776,864691136370842504,2
864691136066913432,864691136362929890,1
864691136067602328,864691136334715827,1
864691136067718040,864691136335041715,1
864691136067803288,864691136370997640,1
864691136067819416,864691136334860979,2
864691136067819416,864691136336177843,1
864691136067819416,864691136362579426,1
864691136067819416,864691136364411874,1
864691136067894680,864691136362328290,1
864691136084053612,864691136371580552,17
864691136084056684,864691136361847266,1
864691136084062828,864691136370820488,1
864691136084065644,864691136361775842,2
864691136084073324,864691136334715827,1
864691136084077932,864691136361508578,1
864691136084079468,864691136362328290,1
864691136084398956,864691136364026082,1
864691136084428908,864691136362328290,1
864691136084664940,864691136362230754,1
864691136084664940,864691136371559816,1
864691136085043308,864691136362762978,1
864691136085171820,864691136362304482,1
864691136085267052,864691136362033890,1
864691136085267052,864691136362473954,1
864691136085449068,864691136361736930,1
864691136085458284,864691136362328290,1
864691136086239084,864691136334715827,7
864691136086239084,864691136362492642,1
864691136086239084,864691136370815624,2
864691136086371948,864691136336177843,1
864691136086631020,864691136371278472,1
864691136086639212,864691136362762978,1
864691136086639212,864691136370988936,2
864691136086667628,864691136362762978,1
864691136086705260,864691136362929890,1
864691136086755436,864691136334860979,1
864691136086755436,864691136336177843,1
864691136086755436,864691136362579426,1
864691136086772844,864691136334810547,3
864691136086772844,864691136335078835,1
864691136086772844,864691136335689907,1
864691136086772844,864691136362379746,2
864691136086772844,864691136362418402,2
864691136086772844,864691136362811106,1
864691136086772844,864691136363372258,6
864691136086810476,864691136335711155,1
864691136088969271,864691136361770466,1
864691136088969271,864691136361772514,1
864691136088974135,864691136362492642,1
864691136089047863,864691136364286946,1
864691136089261623,864691136361775842,1
864691136089261623,864691136371607432,1
864691136089422903,864691136362762978,1
864691136089450807,864691136361900258,1
864691136089450807,864691136362579426,1
864691136089450807,864691136364026082,1
864691136089915447,864691136334850483,1
864691136089983031,864691136371600264,1
864691136090001719,864691136362313442,2
864691136090011703,864691136334860979,1
864691136090104119,864691136371607432,2
864691136090387767,864691136361508578,1
864691136090479159,864691136335078835,1
864691136090479159,864691136362492642,1
864691136090479159,864691136370997640,1
864691136090502455,864691136370842504,1
864691136090689847,864691136361894370,2
864691136090918324,864691136371580552,1
864691136090923188,864691136371580552,1
864691136090936887,864691136335078835,1
864691136090938036,864691136361508578,2
864691136090939316,864691136370843784,1
864691136090942388,864691136361774306,1
864691136091310391,864691136370810504,2
864691136091310391,864691136371216776,1
864691136091341367,864691136334810547,1
864691136091401140,864691136335041715,1
864691136091438004,864691136334810547,1
864691136091460532,864691136361900258,1
864691136091526836,864691136361900258,2
864691136091526836,864691136362418402,1
864691136091526836,864691136362579426,1
864691136091718711,864691136361847266,1
864691136091718711,864691136362739426,1
864691136091777847,864691136361506274,2
864691136091777847,864691136362929890,1
864691136091983284,864691136334834867,1
864691136091983284,864691136361506274,1
864691136091999924,864691136361775842,1
864691136092000692,864691136362033890,1
864691136092005300,864691136334846387,1
864691136092070068,864691136334810547,1
864691136092231604,864691136361736930,5
864691136092231604,864691136363060962,2
864691136092270004,864691136362304482,1
864691136092270004,864691136362432994,2
864691136092275636,864691136362739426,1
864691136092658356,864691136362492642,1
864691136092922804,864691136371149704,2
864691136093111476,864691136371149704,1
864691136093231540,864691136370997640,1
864691136093396404,864691136334860979,1
864691136093396404,864691136335711155,2
864691136093396404,864691136364417506,1
864691136099759477,864691136334860979,1
864691136099761525,864691136336177843,1
864691136099774325,864691136370997640,1
864691136099774581,864691136335041715,1
864691136099793525,864691136361847266,1
864691136099825781,864691136334738867,1
864691136099827829,864691136361894370,1
864691136099864949,864691136371216776,1
864691136099994229,864691136371149704,1
864691136100168309,864691136336189875,1
864691136100335989,864691136335078835,1
864691136100585589,864691136334738867,1
864691136100646517,864691136362763234,1
864691136100724341,864691136370810504,1
864691136100788341,864691136361891554,1
864691136100822645,864691136362418402,1
864691136100896117,864691136362351586,1
864691136100914293,864691136361894370,1
864691136100919925,864691136370804616,1
864691136100930165,864691136371216776,1
864691136101017973,864691136363372258,1
864691136101136757,864691136362313442,1
864691136101352309,864691136364411874,2
864691136101370741,864691136370843784,1
864691136101618293,864691136364417506,1
864691136101842037,864691136370842504,1
864691136102267253,864691136364026082,1
864691136102311797,864691136335078835,1
864691136105452761,864691136362492642,1
864691136105509849,864691136361775842,1
864691136105574361,864691136334715827,1
864691136105843417,864691136362493922,1
864691136105853913,864691136370820488,1
864691136105879769,864691136370810504,1
864691136106015193,864691136358599287,1
864691136106015193,864691136370820488,1
864691136106015705,864691136364286946,1
864691136106212057,864691136334734259,2
864691136106510809,864691136362418402,1
864691136106743513,864691136362033890,1
864691136106804953,864691136334850227,1
864691136107108825,864691136362762978,1
864691136107188185,864691136362418402,1
864691136107283417,864691136362379746,1
864691136107980761,864691136362313442,4
864691136107980761,864691136362473954,3
864691136108025561,864691136334860979,1
864691136108128217,864691136362464994,1
864691136108411097,864691136362418402,5
864691136108519129,864691136362739426,1
864691136108519129,864691136370997640,11
864691136108611033,864691136362686434,3
864691136108627417,864691136371600264,1
864691136108662745,864691136336177843,1
864691136108700344,864691136370801800,1
864691136108712632,864691136361775842,8
864691136108712632,864691136371530120,1
864691136108726712,864691136361775842,1
864691136108726712,864691136371607432,1
864691136108726968,864691136371530120,3
864691136108728504,864691136362686434,1
864691136108743096,864691136361894370,1
864691136108794040,864691136364411874,3
864691136109294008,864691136334702003,1
864691136109347256,864691136370997640,1
864691136109371576,864691136370815624,3
864691136109729976,864691136334848947,1
864691136109767608,864691136371580552,1
864691136109892024,864691136362379746,1
864691136110005176,864691136334702003,4
864691136110005176,864691136371216776,1
864691136110162616,864691136370838408,1
864691136110206904,864691136362304482,1
864691136110206904,864691136371607432,3
864691136110362296,864691136334702003,1
864691136110362296,864691136362473954,1
864691136110685880,864691136334702003,2
864691136110685880,864691136362313442,3
864691136111185336,864691136337641879,4
864691136111185336,864691136362579426,6
864691136111185336,864691136362660834,2
864691136111185336,864691136364286946,1
864691136111461560,864691136362379746,1
864691136111528120,864691136362929890,1
864691136111534520,864691136334860979,1
864691136111602104,864691136364286946,1
864691136111602104,864691136364417506,1
864691136113302609,864691136362464994,1
864691136116149412,864691136362418402,3
864691136116154788,864691136361847266,1
864691136116155044,864691136334850483,1
864691136116155044,864691136336368307,1
864691136116169124,864691136370804616,1
864691136116178596,864691136371600264,1
864691136116186788,864691136362492642,1
864691136116195492,864691136371530120,1
864691136116447652,864691136334715827,1
864691136116924324,864691136362579426,1
864691136116962724,864691136337641879,1
864691136117007524,864691136334860979,1
864691136117007524,864691136364342754,1
864691136117061284,864691136364342754,1
864691136117069220,864691136362328290,1
864691136117074340,864691136335041715,1
864691136117084324,864691136362811106,1
864691136117085860,864691136361501154,1
864691136117097636,864691136361775842,1
864691136117460644,864691136335041715,1
864691136117577380,864691136336368307,1
864691136117577380,864691136364342754,1
864691136117589668,864691136362929890,1
864691136117596836,864691136336189875,1
864691136118370724,864691136334860979,1
864691136118418456,864691136361506274,1
864691136118421016,864691136335041715,1
864691136118424856,864691136362762978,1
864691136118427160,864691136334860979,1
864691136118427928,864691136334860979,1
864691136118430628,864691136362492642,1
864691136118430628,864691136370815624,2
864691136118444056,864691136370804616,5
864691136118448664,864691136361508578,1
864691136118452760,864691136361900258,1
864691136118603172,864691136335041715,1
864691136118659608,864691136336177843,1
864691136118756888,864691136334841011,1
864691136118784792,864691136334850227,1
864691136118878116,864691136334860979,1
864691136118878116,864691136335711155,2
864691136118878116,864691136336177843,1
864691136118878116,864691136362686434,2
864691136118878116,864691136362929890,1
864691136118878116,864691136363372258,1
864691136118878116,864691136364342754,2
864691136118878116,864691136364417506,2
864691136118878116,864691136371499400,3
864691136118889636,864691136370842504,1
864691136119017636,864691136362343394,1
864691136119203608,864691136362313442,1
864691136119262488,864691136362473954,1
864691136119325464,864691136334702003,1
864691136119405848,864691136371530120,1
864691136119406104,864691136362464994,1
864691136119426584,864691136335041715,1
864691136119426584,864691136364286946,1
864691136119929368,864691136334702003,1
864691136120064536,864691136362762978,2
864691136120064536,864691136371559816,1
864691136120137752,864691136362470626,1
864691136120642584,864691136334702003,2
864691136120642584,864691136371216776,1
864691136120658712,864691136335041715,1
864691136120757528,864691136364417506,1
864691136120844312,864691136361900258,1
864691136123673894,864691136361900258,2
864691136123690278,864691136370988936,1
864691136123703846,864691136361508578,1
864691136123706662,864691136361900258,1
864691136123707942,864691136371530120,1
864691136123709734,864691136362351586,1
864691136123710502,864691136371530120,1
864691136123728422,864691136370804616,1
864691136123728422,864691136370810504,6
864691136123737638,864691136370838408,1
864691136123751462,864691136358599287,1
864691136123751718,864691136334819763,1
864691136123760422,864691136370815624,1
864691136123761190,864691136334810547,1
864691136123801126,864691136358599287,1
864691136124106022,864691136334850483,1
864691136124358182,864691136361501154,2
864691136124474662,864691136362492642,1
864691136124603174,864691136334715827,1
864691136124603174,864691136362304482,1
864691136124612134,864691136362343394,1
864691136124613926,864691136362492642,1
864691136125058342,864691136371559816,1
864691136125279526,864691136361508578,1
864691136125352742,864691136362492642,1
864691136125411622,864691136334860979,1
864691136125411622,864691136337641879,1
864691136125457446,864691136364026082,1
864691136125466406,864691136336368307,1
864691136125910822,864691136335041715,1
864691136125994022,864691136371149704,1
864691136126104102,864691136362579426,1
864691136126499366,864691136334860979,1
864691136126700582,864691136335041715,2
864691136126700582,864691136361900258,1
864691136126709542,864691136334860979,2
864691136131091025,864691136362579426,1
864691136132267601,864691136362464994,1
864691136134407563,864691136336368307,1
864691136134413195,864691136334814899,1
864691136134413195,864691136370810504,1
864691136134430603,864691136334810547,1
864691136134569611,864691136334702003,1
864691136134718091,864691136334702003,2
864691136134718091,864691136361506274,1
864691136134718091,864691136362304482,1
864691136134843275,864691136370810504,1
864691136134866315,864691136371530120,1
864691136134904715,864691136334834867,1
864691136134985099,864691136362762978,1
864691136135365259,864691136334860979,1
864691136135405963,864691136362033890,1
864691136135417483,864691136361847266,1
864691136135752843,864691136370997640,2
864691136135833483,864691136370795400,1
864691136135856011,864691136362492642,1
864691136136104843,864691136362762978,1
864691136136248971,864691136362739426,1
864691136136248971,864691136370997640,2
864691136136326283,864691136362579426,2
864691136136332171,864691136371455112,1
864691136136564349,864691136362418402,1
864691136136572811,864691136334860979,2
864691136136603517,864691136361900258,1
864691136136615037,864691136362470626,1
864691136136620925,864691136335689907,1
864691136136645757,864691136334850227,6
864691136136645757,864691136370820488,1
864691136136647805,864691136334810547,1
864691136136647805,864691136361847266,1
864691136136647805,864691136362470626,6
864691136136647805,864691136362739426,2
864691136136647805,864691136370997640,1
864691136136778621,864691136371455112,1
864691136136855947,864691136371543944,1
864691136136934013,864691136371174024,1
864691136136936573,864691136362492642,3
864691136136950909,864691136362762978,1
864691136136951435,864691136337641879,1
864691136137080445,864691136361847266,1
864691136137108619,864691136363060962,1
864691136137109387,864691136335711155,1
864691136137140093,864691136361501154,1
864691136137140093,864691136371216776,1
864691136137168779,864691136334860979,1
864691136137168779,864691136364411874,1
864691136137371517,864691136371216776,1
864691136137401483,864691136335689907,1
864691136137401483,864691136362418402,1
864691136137401483,864691136363372258,1
864691136137401483,864691136371437704,1
864691136137451915,864691136362343394,2
864691136137470589,864691136335041715,1
864691136137563773,864691136362579426,1
864691136137647485,864691136361501154,1
864691136137647485,864691136362492642,2
864691136137662077,864691136364342754,1
864691136137663869,864691136334850483,2
864691136137834877,864691136334819763,1
864691136137834877,864691136361501154,1
864691136137834877,864691136362418402,1
864691136138078077,864691136361506274,1
864691136138335101,864691136334846387,1
864691136138622333,864691136362929890,6
864691136138801789,864691136337641879,1
864691136138879101,864691136361506274,1
864691136139009149,864691136335041715,1
864691136139009149,864691136361900258,1
864691136139009149,864691136362579426,1
864691136139009149,864691136362686434,1
864691136139009149,864691136364026082,1
864691136139009149,864691136364342754,1
864691136139009149,864691136364411874,3
864691136139009149,864691136364417506,3
864691136139103613,864691136336177843,2
864691136139180413,864691136362033890,3
864691136139180413,864691136362304482,1
864691136139266173,864691136370815624,1
864691136143357236,864691136334860979,1
864691136143379764,864691136334841011,1
864691136143385652,864691136362418402,2
864691136143392564,864691136361508578,1
864691136143392564,864691136361860834,2
864691136143392564,864691136370795400,1
864691136143393588,864691136361775842,1
864691136143393588,864691136371607432,1
864691136143426100,864691136371437704,1
864691136143567412,864691136361766370,1
864691136143665204,864691136370804616,6
864691136143875380,864691136335041715,1
864691136143964724,864691136371530120,1
864691136143965492,864691136334702003,1
864691136143965492,864691136362313442,1
864691136144334644,864691136370801800,1
864691136144369460,864691136362222306,1
864691136144441908,864691136334734259,1
864691136144521268,864691136362492642,1
864691136144525108,864691136334860979,1
864691136144525108,864691136362464994,1
864691136144533300,864691136334850227,1
864691136144542260,864691136370815624,2
864691136144610100,864691136334702003,3
864691136144610100,864691136361501154,1
864691136144649780,864691136335711155,1
864691136144673588,864691136334738867,1
864691136144769844,864691136358599287,1
864691136145176628,864691136370997640,1
864691136145213335,864691136362464994,1
864691136145258804,864691136362762978,1
864691136145351476,864691136362328290,1
864691136145351476,864691136362464994,1
864691136147292311,864691136362328290,1
864691136147471697,864691136362579426,1
864691136174949638,864691136362492642,5
864691136174997510,864691136362304482,1
864691136175055110,864691136334810547,1
864691136175067142,864691136364286946,1
864691136175085830,864691136371530120,1
864691136175446534,864691136371455112,1
864691136175501062,864691136334846387,1
864691136175563526,864691136361900258,1
864691136175994374,864691136364342754,2
864691136176197126,864691136362762978,1
864691136176197126,864691136364411874,1
864691136176200198,864691136334738867,1
864691136176209414,864691136334715827,1
864691136176209414,864691136361506274,1
864691136176211206,864691136334860979,1
864691136176255494,864691136362418402,3
864691136176346630,864691136370801800,1
864691136176529670,864691136335711155,1
864691136176669446,864691136334860979,1
864691136176985094,864691136336303283,2
864691136177054470,864691136362763234,1
864691136177254406,864691136334850227,1
864691136177254406,864691136362432994,2
864691136177300998,864691136334850483,1
864691136177300998,864691136334860979,1
864691136177300998,864691136364411874,2
864691136177312518,864691136334810547,1
864691136177312518,864691136361506274,1
864691136177312518,864691136362492642,1
864691136177312518,864691136370815624,1
864691136177691910,864691136361766370,1
864691136177851654,864691136334860979,1
864691136194007254,864691136334819763,2
864691136194007254,864691136362418402,1
864691136194010582,864691136361774306,1
864691136194012118,864691136371530120,1
864691136194016214,864691136362351586,1
864691136194018006,864691136370997640,1
864691136194020054,864691136362418402,1
864691136194023126,864691136371559560,2
864691136194028502,864691136335078835,1
864691136194065622,864691136361775842,1
864691136194065622,864691136362351586,2
864691136194065622,864691136370843784,1
864691136194071766,864691136364286946,1
864691136194083286,864691136362351586,1
864691136194086614,864691136334734259,1
864691136194169576,864691136371174024,1
864691136194172392,864691136371216776,1
864691136194191592,864691136334850227,1
864691136194194408,864691136334734259,1
864691136194203624,864691136361766370,1
864691136194296908,864691136362686434,1
864691136194299980,864691136336368307,1
864691136194306892,864691136370820488,1
864691136194316264,864691136335041715,1
864691136194326348,864691136362660834,1
864691136194333516,864691136361775842,1
864691136194335820,864691136370815624,1
864691136194344524,864691136361775842,1
864691136194350156,864691136370804616,2
864691136194394856,864691136337641879,3
864691136194394856,864691136362579426,1
864691136194496744,864691136362230754,1
864691136194529868,864691136362579426,1
864691136194532584,864691136362313442,1
864691136194589516,864691136334841011,1
864691136194591446,864691136371216776,1
864691136194592470,864691136361775842,3
864691136194657512,864691136362351586,1
864691136194887400,864691136371437704,1
864691136194917334,864691136335711155,1
864691136194933718,864691136362464994,1
864691136194949608,864691136361900258,1
864691136195041356,864691136358599287,1
864691136195064278,864691136337641879,1
864691136195082472,864691136361508578,1
864691136195102184,864691136362492642,1
864691136195140172,864691136364286946,1
864691136195175126,864691136371607432,1
864691136195175500,864691136362412514,1
864691136195175500,864691136362686434,1
864691136195195724,864691136334814899,2
864691136195195724,864691136361770466,1
864691136195195724,864691136371216776,5
864691136195209686,864691136334850483,1
864691136195209686,864691136334860979,1
864691136195209686,864691136364411874,3
864691136195214668,864691136361847266,1
864691136195227980,864691136335689907,1
864691136195391208,864691136361766370,2
864691136195400150,864691136362660834,1
864691136195420904,864691136362929890,1
864691136195519464,864691136336368307,1
864691136195519464,864691136364417506,1
864691136195526120,864691136335689907,1
864691136195545320,864691136362432994,1
864691136195617494,864691136334810547,4
864691136195617494,864691136335078835,2
864691136195617494,864691136363372258,1
864691136195617494,864691136370842504,1
864691136195617494,864691136371455112,2
864691136195662294,864691136362470626,1
864691136195662824,864691136362418402,1
864691136195714518,864691136335711155,2
864691136195735116,864691136336177843,1
864691136195735116,864691136364411874,1
864691136195783912,864691136334715827,2
864691136195783912,864691136335078835,2
864691136195783912,864691136361506274,2
864691136195783912,864691136362811106,1
864691136195783912,864691136371455112,2
864691136195783912,864691136371580552,11
864691136195787240,864691136361736930,1
864691136195796182,864691136335689907,2
864691136195796182,864691136362929890,2
864691136195802344,864691136334715827,1
864691136195802344,864691136371580552,2
864691136195824204,864691136362343394,1
864691136195824204,864691136364411874,1
864691136195841750,864691136334860979,3
864691136196009960,864691136335711155,1
864691136196009960,864691136362579426,1
864691136196009960,864691136362686434,1
864691136196009960,864691136364342754,1
864691136196023116,864691136362492642,2
864691136196023116,864691136370815624,1
864691136196057576,864691136364411874,1
864691136196075340,864691136335041715,1
864691136196127208,864691136362473954,1
864691136196219980,864691136335711155,2
864691136196247272,864691136334850483,1
864691136196342604,864691136335711155,1
864691136196391894,864691136334850483,1
864691136196391894,864691136335711155,1
864691136196391894,864691136336177843,1
864691136196391894,864691136362686434,1
864691136196391894,864691136364342754,1
864691136196391894,864691136364417506,2
864691136196463948,864691136364286946,1
864691136196893004,864691136335041715,3
864691136201203646,864691136334814899,5
864691136201203646,864691136371216776,5
864691136202911678,864691136370804616,1
864691136205491390,864691136334850227,7
864691136205491390,864691136362313442,3
864691136205491390,864691136362473954,4
864691136206944958,864691136334850227,1
864691136206944958,864691136362033890,1
864691136208995772,864691136334850227,8
864691136208995772,864691136362313442,3
864691136208995772,864691136362473954,2
864691136208995772,864691136362493922,2
864691136209007548,864691136334841011,1
864691136209019068,864691136363372258,1
864691136209021372,864691136362304482,1
864691136209030844,864691136361900258,1
864691136209038780,864691136362464994,1
864691136209042364,864691136371530120,1
864691136209300924,864691136334860979,1
864691136209303740,864691136370795400,2
864691136209357500,864691136371216776,1
864691136209377468,864691136371455112,2
864691136209418940,864691136362762978,1
864691136209615804,864691136362492642,1
864691136209615804,864691136370842504,1
864691136210034108,864691136362763234,1
864691136210034620,864691136370804616,1
864691136210087356,864691136370804616,1
864691136210178748,864691136362418402,1
864691136210233788,864691136371580552,1
864691136210257852,864691136362492642,1
864691136210257852,864691136370997640,1
864691136210414524,864691136362739426,1
864691136210448572,864691136371530120,1
864691136210517692,864691136334850227,1
864691136210547900,864691136362660834,1
864691136210734012,864691136371607432,1
864691136210885820,864691136364026082,1
864691136210887356,864691136362660834,1
864691136210963644,864691136364342754,2
864691136211187900,864691136334715827,2
864691136211187900,864691136361506274,1
864691136211344572,864691136362763234,1
864691136211349692,864691136361766370,1
864691136211404988,864691136361900258,1
864691136211425724,864691136362579426,1
864691136211477436,864691136335711155,2
864691136219518142,864691136361775842,1
864691136226103486,864691136370804616,2
864691136226103486,864691136370810504,1
864691136226955601,864691136334810547,1
864691136226980689,864691136334738867,1
864691136226988369,864691136362464994,1
864691136227033937,864691136334702003,1
864691136227033937,864691136371216776,1
864691136227426641,864691136362033890,1
864691136227652945,864691136362492642,1
864691136227799633,864691136362464994,1
864691136227906129,864691136335041715,1
864691136227934801,864691136371559560,1
864691136227938385,864691136334850483,2
864691136227944785,864691136371278472,2
864691136228087889,864691136364342754,2
864691136228182865,864691136362686434,1
864691136228208721,864691136334850227,2
864691136228210001,864691136371530120,1
864691136228244561,864691136362351586,1
864691136228245329,864691136362464994,1
864691136228336721,864691136334834867,2
864691136228336721,864691136370842504,1
864691136228899153,864691136364286946,1
864691136228914001,864691136370843272,1
864691136228954449,864691136334819763,1
864691136229395793,864691136335041715,4
864691136229395793,864691136364286946,2
864691136229436497,864691136362351586,2
864691136231675838,864691136370804616,4
864691136236654863,864691136361774306,1
864691136236655887,864691136334860979,1
864691136236663311,864691136362351586,1
864691136236670735,864691136334841011,2
864691136236676367,864691136362579426,1
864691136236686863,864691136362492642,2
864691136236688655,864691136361775842,1
864691136236688655,864691136370810504,1
864691136236705551,864691136371530120,1
864691136236713743,864691136335689907,1
864691136236713999,864691136371580552,2
864691136236719119,864691136363372258,1
864691136236910351,864691136362033890,4
864691136236910351,864691136362304482,2
864691136236910351,864691136362313442,4
864691136237467196,864691136362763234,1
864691136237477180,864691136371559816,1
864691136237477948,864691136371607432,1
864691136237482511,864691136336189875,1
864691136237490236,864691136371607432,1
864691136237493052,864691136370804616,1
864691136237502735,864691136371499400,1
864691136237521212,864691136364026082,1
864691136237521980,864691136336368307,1
864691136237601084,864691136362579426,1
864691136237774095,864691136363372258,1
864691136237916988,864691136361775842,1
864691136237975567,864691136334702003,1
864691136238090767,864691136336177843,1
864691136238210364,864691136364417506,1
864691136238319420,864691136334819763,1
864691136238345788,864691136371580552,1
864691136238359823,864691136362579426,1
864691136238374204,864691136371216776,1
864691136238378556,864691136371607432,1
864691136238505276,864691136364417506,1
864691136238531132,864691136370988936,1
864691136238650684,864691136362313442,1
864691136238651964,864691136362492642,4
864691136238694460,864691136335711155,1
864691136238694460,864691136337641879,1
864691136238694460,864691136362579426,1
864691136238702095,864691136334860979,1
864691136238715151,864691136334810547,1
864691136238731791,864691136362418402,1
864691136238760207,864691136362379746,1
864691136238764860,864691136335041715,1
864691136238777871,864691136362379746,1
864691136238806031,864691136335689907,1
864691136238806031,864691136361847266,1
864691136238806031,864691136362492642,1
864691136238806031,864691136363372258,1
864691136238806031,864691136370997640,2
864691136238868284,864691136362492642,1
864691136239587644,864691136364411874,3
864691136239608636,864691136334702003,1
864691136239793212,864691136362418402,2
864691136239793212,864691136362470626,1
864691136239793212,864691136363060962,1
864691136239845436,864691136361847266,1
864691136239917884,864691136334860979,1
864691136239917884,864691136362686434,1
864691136239980860,864691136362470626,1
864691136240028220,864691136362686434,1
864691136240028220,864691136371149704,1
864691136240031292,864691136362660834,2
864691136240041532,864691136361847266,1
864691136240041532,864691136362418402,11
864691136240041532,864691136370843272,3
864691136240041532,864691136370997640,1
864691136240041532,864691136371437704,1
864691136240087100,864691136364417506,1
864691136243741118,864691136370804616,1
864691136262527972,864691136362579426,1
864691136266409972,864691136362418402,2
864691136266419956,864691136362313442,1
864691136266427124,864691136371530120,1
864691136266442996,864691136362492642,1
864691136266445812,864691136362351586,1
864691136266754292,864691136361508578,2
864691136266811892,864691136361501154,1
864691136266819572,864691136370810504,1
864691136266886644,864691136362492642,2
864691136267126260,864691136370795400,1
864691136267160052,864691136371455112,1
864691136267216628,864691136361774306,1
864691136267217908,864691136335041715,1
864691136267254772,864691136334702003,1
864691136267372532,864691136362432994,1
864691136267372532,864691136371455112,1
864691136267384308,864691136362222306,1
864691136267384308,864691136362762978,1
864691136267447796,864691136362492642,1
864691136267726068,864691136334715827,1
864691136267782644,864691136364417506,1
864691136267869940,864691136371600264,1
864691136268046836,864691136336177843,1
864691136268300788,864691136363372258,1
864691136268586484,864691136362579426,1
864691136268889588,864691136364417506,1
864691136272921534,864691136371499400,1
864691136272941246,864691136334834867,1
864691136272955838,864691136362493922,1
864691136272966590,864691136334848947,2
864691136272981182,864691136370843784,2
864691136272983486,864691136371607432,1
864691136273013694,864691136361775842,1
864691136273303742,864691136371216776,1
864691136273354686,864691136362304482,1
864691136273610509,864691136371216776,2
864691136273617677,864691136335711155,1
864691136273629453,864691136362464994,2
864691136273637389,864691136362470626,1
864691136273641229,864691136371530120,1
864691136273643789,864691136371607432,1
864691136273688589,864691136370997640,1
864691136273722302,864691136334715827,1
864691136273748158,864691136362492642,2
864691136273786302,864691136371607432,1
864691136273888190,864691136361775842,1
864691136273895102,864691136361860834,3
864691136273899966,864691136334715827,1
864691136273899966,864691136361506274,1
864691136273908158,864691136334702003,4
864691136273908158,864691136371216776,1
864691136273908158,864691136371607432,1
864691136273925645,864691136361774306,1
864691136273981453,864691136334848947,1
864691136273981453,864691136370804616,3
864691136273981453,864691136370810504,1
864691136273981709,864691136364286946,2
864691136274024461,864691136361775842,1
864691136274035469,864691136335041715,2
864691136274035469,864691136362418402,1
864691136274035469,864691136362762978,3
864691136274110989,864691136371543944,1
864691136274153997,864691136361508578,1
864691136274441229,864691136362432994,1
864691136274546622,864691136335078835,1
864691136274546622,864691136362492642,1
864691136274665997,864691136362432994,1
864691136274708414,864691136334819763,1
864691136274714046,864691136370988936,1
864691136274746381,864691136362432994,2
864691136274751934,864691136334860979,1
864691136274752013,864691136361775842,1
864691136274772237,864691136371607432,1
864691136274777869,864691136334860979,1
864691136274778893,864691136371607432,1
864691136274812685,864691136361847266,1
864691136274948877,864691136335078835,2
864691136275443134,864691136334702003,1
864691136275497406,864691136362929890,1
864691136276126221,864691136362343394,3
864691136276283149,864691136335689907,1
864691136276364045,864691136335041715,1
864691136276364045,864691136364286946,1
864691136276406541,864691136335711155,1
864691136286560963,864691136362811106,1
864691136286590403,864691136334848947,1
864691136286590403,864691136370804616,9
864691136286590403,864691136370810504,1
864691136286594243,864691136362230754,1
864691136286818755,864691136362811106,2
864691136286854851,864691136370795400,1
864691136286973635,864691136361775842,1
864691136287304387,864691136358599287,1
864691136287512771,864691136334814899,1
864691136287512771,864691136361772514,3
864691136287512771,864691136371216776,1
864691136287518147,864691136371455112,1
864691136287523011,864691136362739426,1
864691136287526083,864691136362492642,1
864691136287526083,864691136371600264,1
864691136287529411,864691136334702003,2
864691136287736259,864691136334702003,1
864691136287987651,864691136362739426,2
864691136287987651,864691136370997640,1
864691136288079043,864691136334702003,1
864691136288079043,864691136362492642,1
864691136288079043,864691136371437704,1
864691136288145347,864691136361894370,1
864691136288301507,864691136364417506,1
864691136288727747,864691136334860979,2
864691136288727747,864691136336368307,1
864691136288727747,864691136337641879,1
864691136288727747,864691136362579426,1
864691136288727747,864691136364286946,1
864691136288727747,864691136364411874,1
864691136288807619,864691136336368307,1
864691136289134231,864691136362660834,1
864691136291317399,864691136334860979,1
864691136292031885,864691136334819763,1
864691136296644635,864691136358599287,1
864691136296650779,864691136336303283,1
864691136296650779,864691136370801800,2
864691136296652315,864691136361508578,1
864691136296652315,864691136361775842,1
864691136296655387,864691136370820488,1
864691136296673307,864691136334715827,2
864691136296673307,864691136371580552,1
864691136296689435,864691136371607432,1
864691136296694043,864691136362343394,1
864691136296720155,864691136362464994,3
864691136296723995,864691136364286946,1
864691136296747803,864691136361772514,2
864691136296819483,864691136371455112,1
864691136296971291,864691136336189875,2
864691136297012507,864691136334850483,1
864691136297320219,864691136371499400,4
864691136297525787,864691136371543944,1
864691136297561627,864691136334738867,1
864691136297619227,864691136362464994,1
864691136297701147,864691136362464994,1
864691136297711899,864691136362418402,1
864691136297782811,864691136334814899,2
864691136297784859,864691136362230754,1
864691136297937435,864691136371580552,3
864691136298045979,864691136370842504,1
864691136298115099,864691136334702003,1
864691136298115099,864691136362304482,1
864691136298115099,864691136371216776,1
864691136298466587,864691136370997640,1
864691136298670875,864691136371149704,1
864691136298896155,864691136334810547,1
864691136298896155,864691136364342754,1
864691136298913563,864691136337641879,1
864691136298913563,864691136362579426,8
864691136298913563,864691136362660834,3
864691136298973979,864691136362304482,1
864691136298997275,864691136334860979,1
864691136299136795,864691136336177843,1
864691136299136795,864691136336368307,1
864691136299136795,864691136364411874,1
864691136299163419,864691136362492642,7
864691136300280461,864691136334734259,1
864691136307143063,864691136362343394,1
864691136309625690,864691136371149704,3
864691136309627482,864691136362231010,1
864691136309640794,864691136361766370,1
864691136309647962,864691136370801800,1
864691136309647962,864691136370997640,1
864691136309669722,864691136362033890,1
864691136309682522,864691136362492642,2
864691136309698394,864691136335711155,1
864691136309871706,864691136362033890,1
864691136309871706,864691136362304482,1
864691136309871706,864691136371607432,1
864691136309889114,864691136335711155,1
864691136309895002,864691136362418402,1
864691136309904986,864691136362464994,2
864691136310264410,864691136371559816,1
864691136310283866,864691136334702003,1
864691136310494298,864691136334738867,1
864691136310512986,864691136334846387,2
864691136310551642,864691136370842504,1
864691136310564954,864691136335078835,1
864691136310623322,864691136362418402,1
864691136310666842,864691136362464994,2
864691136310680666,864691136370801800,1
864691136310685786,864691136361772514,1
864691136310685786,864691136370810504,2
864691136310723930,864691136362660834,1
864691136310864218,864691136362313442,1
864691136310917466,864691136334810547,1
864691136310917466,864691136362492642,1
864691136311098970,864691136361766370,2
864691136311098970,864691136362811106,3
864691136311098970,864691136371499400,2
864691136311148378,864691136362418402,1
864691136311213914,864691136362379746,1
864691136311213914,864691136362929890,1
864691136311330906,864691136362418402,2
864691136311330906,864691136362470626,2
864691136311343706,864691136363372258,1
864691136311539546,864691136362579426,1
864691136311539546,864691136362660834,1
864691136311756605,864691136336189875,1
864691136311756605,864691136371437704,1
864691136311765309,864691136336368307,1
864691136311772477,864691136362033890,1
864691136311774269,864691136361508578,1
864691136311778621,864691136371580552,1
864691136311780954,864691136370842504,1
864691136311791421,864691136361775842,1
864691136311832893,864691136361774306,1
864691136311929149,864691136362811106,1
864691136312057178,864691136364417506,6
864691136312057178,864691136371499400,1
864691136312131389,864691136371149704,1
864691136312214618,864691136362343394,1
864691136312231485,864691136362412514,1
864691136312284250,864691136335041715,4
864691136312284250,864691136362686434,1
864691136312284250,864691136364286946,1
864691136312445786,864691136335711155,1
864691136312445786,864691136362579426,5
864691136312445786,864691136362660834,2
864691136312466010,864691136362418402,1
864691136312475994,864691136362379746,1
864691136312475994,864691136363372258,2
864691136312528474,864691136362579426,2
864691136312528474,864691136364411874,1
864691136312547901,864691136361772514,2
864691136312554586,864691136335041715,1
864691136312554586,864691136362343394,2
864691136312802877,864691136361775842,1
864691136312841277,864691136370804616,3
864691136312852541,864691136364417506,2
864691136312916797,864691136362660834,1
864691136312992061,864691136362304482,1
864691136313165207,864691136364026082,1
864691136313481789,864691136370988936,1
864691136313833021,864691136362418402,2
864691136313833021,864691136362492642,2
864691136313833021,864691136370997640,1
864691136313833021,864691136371455112,1
864691136313847869,864691136361900258,1
864691136313847869,864691136362686434,1
864691136314078013,864691136335711155,1
864691136314078013,864691136336303283,1
864691136314114621,864691136364342754,1
864691136314120765,864691136361900258,1
864691136314120765,864691136362579426,2
864691136314278205,864691136361501154,1
864691136314282301,864691136335041715,1
864691136314289213,864691136362762978,1
864691136314516797,864691136364342754,1
864691136314548285,864691136362811106,1
864691136314549309,864691136362762978,1
864691136314561341,864691136370843272,1
864691136314593341,864691136361900258,2
864691136314593341,864691136362343394,1
864691136318306014,864691136362230754,1
864691136320836247,864691136362328290,1
864691136321830295,864691136362328290,1
864691136328902378,864691136334819763,1
864691136328904170,864691136361774306,2
864691136328908778,864691136361508578,1
864691136329067498,864691136370804616,1
864691136329067498,864691136371607432,1
864691136329083626,864691136364286946,4
864691136329703402,864691136361860834,1
864691136329708778,864691136334841011,1
864691136329714410,864691136335041715,2
864691136329805546,864691136336303283,1
864691136329904106,864691136362328290,1
864691136329908458,864691136362313442,2
864691136330107882,864691136362579426,1
864691136330218474,864691136335041715,3
864691136330218474,864691136364286946,1
864691136330234346,864691136334819763,1
864691136330234346,864691136335041715,1
864691136330500586,864691136361847266,1
864691136330882026,864691136334860979,1
864691136330882026,864691136335711155,1
864691136331215850,864691136337641879,1
864691136331215850,864691136362929890,1
864691136331327210,864691136334860979,1
864691136331512298,864691136334860979,1
864691136331512298,864691136336177843,2
864691136331512298,864691136336368307,1
864691136331512298,864691136364342754,2
864691136331512298,864691136364411874,2
864691136331512298,864691136364417506,1
864691136331519466,864691136335041715,1
864691136331537130,864691136337641879,1
864691136331610346,864691136371437704,1
864691136333753011,864691136371580552,1
864691136333822131,864691136362379746,1
864691136333826995,864691136370997640,1
864691136333842654,864691136361774306,1
864691136333865395,864691136361775842,1
864691136334101427,864691136362763234,1
864691136334185139,864691136370997640,1
864691136334213299,864691136335041715,2
864691136334226611,864691136362418402,2
864691136334318003,864691136334810547,1
864691136334418611,864691136361775842,1
864691136334418611,864691136371607432,1
864691136334528691,864691136334734259,2
864691136334665139,864691136362762978,1
864691136334702003,864691136334702003,27
864691136334734259,864691136334734259,4
864691136334738867,864691136334738867,10
864691136334810547,864691136334810547,22
864691136334819763,864691136334819763,24
864691136334834867,864691136334834867,12
864691136334848179,864691136362762978,1
864691136334848947,864691136334848947,7
864691136334849203,864691136371607432,1
864691136334850227,864691136334850227,6
864691136334850483,864691136334850483,9
864691136334852787,864691136334850227,3
864691136334858163,864691136334810547,1
864691136334860979,864691136334860979,13
864691136334864307,864691136370997640,1
864691136335027635,864691136334702003,1
864691136335041715,864691136335041715,19
864691136335041715,864691136361900258,3
864691136335041715,864691136362343394,1
864691136335041715,864691136362412514,1
864691136335208883,864691136371149704,1
864691136335276211,864691136336177843,1
864691136335276211,864691136364342754,1
864691136335548339,864691136362762978,1
864691136335597235,864691136370988936,1
864691136335633587,864691136334819763,1
864691136335689907,864691136335689907,3
864691136335689907,864691136336303283,1
864691136335711155,864691136335711155,6
864691136335728307,864691136364411874,1
864691136335899059,864691136362493922,1
864691136335964083,864691136334860979,1
864691136336019891,864691136335041715,1
864691136336021171,864691136371149704,2
864691136336189875,864691136336189875,9
864691136336193715,864691136335041715,1
864691136336252339,864691136335711155,1
864691136336252339,864691136362579426,4
864691136336252339,864691136364411874,1
864691136336252339,864691136364417506,1
864691136336274867,864691136371437704,1
864691136336368307,864691136336368307,7
864691136337641879,864691136337641879,2
864691136361485282,864691136362762978,2
864691136361501154,864691136361501154,9
864691136361508578,864691136361508578,13
864691136361515234,864691136361508578,1
864691136361638626,864691136334850227,1
864691136361757410,864691136362493922,1
864691136361766370,864691136361766370,5
864691136361770466,864691136361770466,4
864691136361772514,864691136361772514,9
864691136361774306,864691136361774306,19
864691136361775842,864691136361775842,10
864691136361856994,864691136361900258,1
864691136361860834,864691136361860834,14
864691136361891554,864691136361891554,4
864691136361894370,864691136361894370,8
864691136361896674,864691136371607432,1
864691136361900258,864691136361900258,10
864691136362033890,864691136362033890,9
864691136362033890,864691136362313442,1
864691136362230754,864691136362230754,7
864691136362279394,864691136361508578,1
864691136362304482,864691136362304482,13
864691136362313442,864691136362313442,4
864691136362328290,864691136362328290,6
864691136362328546,864691136362313442,1
864691136362343394,864691136362343394,3
864691136362351586,864691136362351586,8
864691136362377954,864691136371607432,1
864691136362379746,864691136362379746,4
864691136362412514,864691136362412514,2
864691136362432994,864691136362432994,12
864691136362464994,864691136362464994,9
864691136362473954,864691136362473954,6
864691136362480610,864691136362464994,2
864691136362485218,864691136362473954,1
864691136362492642,864691136362492642,37
864691136362493922,864691136362493922,7
864691136362494434,864691136362762978,2
864691136362579426,864691136362579426,14
864691136362585570,864691136362811106,1
864691136362660834,864691136362660834,2
864691136362686434,864691136362686434,8
864691136362763234,864691136362763234,14
864691136363059938,864691136370795400,1
864691136363207394,864691136362762978,1
864691136363207394,864691136364342754,2
864691136363393506,864691136362222306,1
864691136363769826,864691136362418402,1
864691136363769826,864691136362470626,9
864691136363769826,864691136363372258,1
864691136364008674,864691136362579426,1
864691136364026082,864691136361900258,1
864691136364026082,864691136364026082,8
864691136364166370,864691136364026082,1
864691136364286946,864691136364286946,7
864691136364411874,864691136336177843,1
864691136364411874,864691136364411874,16
864691136370791816,864691136334819763,1
864691136370795400,864691136370795400,9
864691136370799240,864691136363372258,1
864691136370804616,864691136370804616,15
864691136370805384,864691136334734259,1
864691136370820488,864691136370820488,7
864691136370838408,864691136370838408,4
864691136370842504,864691136370842504,10
864691136370842504,864691136371455112,1
864691136370843784,864691136370843784,11
864691136370988936,864691136370988936,8
864691136371108232,864691136371108232,3
864691136371149704,864691136371149704,6
864691136371203976,864691136334810547,2
864691136371203976,864691136361775842,1
864691136371203976,864691136370843784,1
864691136371203976,864691136371607432,5
864691136371216776,864691136371216776,12
864691136371278472,864691136371278472,2
864691136371314824,864691136362313442,1
864691136371320712,864691136336189875,1
864691136371340424,864691136361775842,1
864691136371437704,864691136371437704,11
864691136371455112,864691136371455112,11
864691136371472264,864691136334810547,1
864691136371472264,864691136362492642,1
864691136371499400,864691136371499400,8
864691136371510920,864691136361772514,7
864691136371510920,864691136371216776,2
864691136371530120,864691136371530120,18
864691136371559048,864691136371559048,4
864691136371602824,864691136334810547,1
864691136371607432,864691136371607432,23
864691136371690376,864691136334810547,1
864691136371765896,864691136362492642,1
864691136372061064,864691136364417506,1
864691136372513160,864691136334860979,1
864691136372537224,864691136371174024,1
864691136373149064,864691136364286946,3
864691136378740181,864691136361900258,1
864691136378740181,864691136364026082,1
864691136378759637,864691136335078835,1
864691136378760661,864691136334819763,1
864691136378769621,864691136371600264,1
864691136378770133,864691136361775842,1
864691136378770389,864691136362313442,1
864691136378773205,864691136371437704,1
864691136378774485,864691136334841011,1
864691136378780629,864691136361775842,1
864691136378786261,864691136361772514,1
864691136378787029,864691136370810504,1
864691136378793173,864691136371607432,1
864691136379228117,864691136371530120,1
864691136379235285,864691136371559816,1
864691136379798997,864691136362464994,1
864691136379811797,864691136334715827,3
864691136379971541,864691136362418402,1
864691136380062165,864691136334850227,1
864691136380102613,864691136362313442,1
864691136380103125,864691136363372258,1
864691136380314069,864691136334860979,1
864691136380314069,864691136361894370,2
864691136380773077,864691136362230754,1
864691136380915669,864691136334810547,1
864691136380916949,864691136335041715,1
864691136381243349,864691136362379746,1
864691136381243349,864691136363372258,1
864691136381324501,864691136336177843,4
864691136381324501,864691136336189875,1
864691136381325781,864691136334860979,1
864691136381325781,864691136371437704,1
864691136381434325,864691136334819763,2
864691136381454549,864691136363372258,3
864691136388258167,864691136334810547,1
864691136388268151,864691136361847266,1
864691136388271479,864691136370815624,1
864691136388569463,864691136362412514,1
864691136388571767,864691136335041715,2
864691136388571767,864691136361900258,1
864691136388577552,864691136371149704,1
864691136388585079,864691136362660834,1
864691136388591888,864691136362412514,1
864691136388601360,864691136361894370,1
864691136388668535,864691136370815624,1
864691136388956688,864691136370804616,1
864691136388961552,864691136364286946,1
864691136388999287,864691136361508578,1
864691136389010704,864691136370843272,1
864691136389050487,864691136335041715,2
864691136389086327,864691136362351586,1
864691136389170295,864691136362579426,1
864691136389173111,864691136370843784,1
864691136389239159,864691136370795400,2
864691136389290871,864691136362492642,1
864691136389463312,864691136361894370,1
864691136389571856,864691136370804616,3
864691136389648400,864691136334702003,1
864691136389673488,864691136334734259,1
864691136389683984,864691136370997640,1
864691136389700624,864691136335041715,2
864691136389712656,864691136362418402,1
864691136389780240,864691136361506274,1
864691136389825296,864691136361772514,1
864691136389887504,864691136361900258,1
864691136389887504,864691136364026082,1
864691136390136592,864691136370988936,1
864691136390261520,864691136336189875,2
864691136390364031,864691136335041715,3
864691136390367615,864691136362660834,1
864691136390391423,864691136362304482,1
864691136390392191,864691136335078835,1
864691136390399359,864691136362230754,1
864691136390416767,864691136362313442,1
864691136390420863,864691136362762978,2
864691136390423935,864691136334738867,1
864691136390427007,864691136361860834,1
864691136390430591,864691136370997640,1
864691136390484599,864691136335078835,1
864691136390495103,864691136336189875,1
864691136390515583,864691136334702003,2
864691136390593143,864691136364026082,1
864691136390676343,864691136334860979,1
864691136390676343,864691136335711155,1
864691136390676343,864691136362763234,1
864691136390676343,864691136364342754,3
864691136390677264,864691136362418402,1
864691136390706559,864691136334860979,1
864691136390718736,864691136335711155,2
864691136390718736,864691136336368307,1
864691136390718736,864691136337641879,1
864691136390718736,864691136361900258,1
864691136390718736,864691136364411874,1
864691136390749047,864691136362492642,1
864691136390769791,864691136371530120,1
864691136390920976,864691136362343394,2
864691136391012624,864691136335041715,1
864691136391012624,864691136364286946,1
864691136391023120,864691136337641879,1
864691136391023120,864691136362929890,1
864691136391023120,864691136371499400,2
864691136391039607,864691136362762978,1
864691136391042167,864691136362492642,2
864691136391042167,864691136364417506,1
864691136391072784,864691136362493922,1
864691136391119231,864691136361894370,1
864691136391161983,864691136364026082,1
864691136391165200,864691136362762978,1
864691136391165200,864691136362763234,1
864691136391182608,864691136370842504,1
864691136391212663,864691136362418402,2
864691136391213695,864691136361775842,1
864691136391242512,864691136362686434,1
864691136391242512,864691136364286946,2
864691136391242512,864691136364417506,1
864691136391383423,864691136334810547,4
864691136391399039,864691136335711155,1
864691136391399039,864691136362686434,1
864691136391508095,864691136371530120,1
864691136391572095,864691136334860979,3
864691136391628927,864691136334841011,1
864691136391628927,864691136334850227,3
864691136391746431,864691136334738867,2
864691136391783295,864691136370801800,1
864691136391832447,864691136334846387,1
864691136391867007,864691136362231010,1
864691136391867007,864691136362811106,1
864691136391921279,864691136334850483,1
864691136391921279,864691136364417506,1
864691136392179839,864691136361894370,1
864691136392381311,864691136335041715,1
864691136392381311,864691136364286946,1
864691136392461695,864691136361772514,11
864691136392461695,864691136361775842,1
864691136392933503,864691136337641879,1
864691136418633111,864691136362470626,1
864691136418636695,864691136371530120,1
864691136418655127,864691136370804616,1
864691136418701719,864691136361894370,1
864691136418851991,864691136362492642,2
864691136418890647,864691136361894370,1
864691136418925719,864691136371216776,1
864691136419081111,864691136334810547,1
864691136419351959,864691136362811106,1
864691136419409559,864691136364342754,1
864691136419428247,864691136362222306,1
864691136419447447,864691136362660834,1
864691136419478935,864691136370843272,1
864691136419485847,864691136371600264,1
864691136419491479,864691136370842504,1
864691136419534999,864691136370810504,1
864691136419535511,864691136334715827,1
864691136419546775,864691136362222306,1
864691136419554199,864691136362579426,1
864691136419741591,864691136362492642,2
864691136420734103,864691136334860979,2
864691136420774551,864691136362418402,2
864691136420790167,864691136362304482,1
864691136421122199,864691136363372258,2
864691136421230487,864691136362412514,1
864691136421240983,864691136371149704,1
864691136421242775,864691136334860979,1
864691136421242775,864691136336368307,1
864691136421308311,864691136362492642,1
864691136421342103,864691136362762978,1
864691136421359255,864691136362739426,1
864691136422819887,864691136362343394,1
864691136422825775,864691136362739426,2
864691136422825775,864691136371600264,1
864691136422833967,864691136371607432,1
864691136422834735,864691136364342754,1
864691136422835247,864691136362492642,1
864691136422841135,864691136364417506,1
864691136422968879,864691136370801800,1
864691136423051311,864691136362473954,1
864691136423065135,864691136334860979,1
864691136423111471,864691136362222306,1
864691136423138351,864691136334846387,2
864691136423138351,864691136362222306,2
864691136423138351,864691136362762978,1
864691136423138351,864691136362763234,1
864691136423172911,864691136334850227,1
864691136423490607,864691136370804616,1
864691136423518767,864691136334860979,1
864691136423518767,864691136362762978,1
864691136423521839,864691136361506274,1
864691136423565615,864691136371455112,1
864691136423611951,864691136334738867,1
864691136423648559,864691136371149704,1
864691136423671855,864691136371437704,1
864691136423676463,864691136336368307,1
864691136423695919,864691136364417506,2
864691136423709487,864691136334860979,1
864691136423894319,864691136362739426,1
864691136424289839,864691136362470626,1
864691136424305711,864691136334850483,4
864691136424305711,864691136336177843,2
864691136424305711,864691136364411874,1
864691136424305711,864691136371499400,2
864691136424309295,864691136370843272,1
864691136424437551,864691136362579426,1
864691136424516399,864691136335689907,1
864691136424525615,864691136334850483,1
864691136424830255,864691136334819763,1
864691136424895791,864691136335041715,3
864691136424990255,864691136361501154,2
864691136424990255,864691136362763234,1
864691136425394479,864691136361900258,1
864691136425623343,864691136334715827,1
864691136425671983,864691136334734259,1
864691136425671983,864691136362230754,4
864691136425708591,864691136362418402,1
864691136425751087,864691136362343394,1
864691136425758767,864691136362418402,1
864691136425761327,864691136363372258,1
864691136425782575,864691136334860979,1
864691136425782575,864691136371149704,1
864691136425793071,864691136334819763,1
864691136436365214,864691136362464994,1
864691136436378782,864691136371437704,2
864691136436421534,864691136334819763,1
864691136436421534,864691136362418402,4
864691136436737694,864691136362432994,1
864691136436737694,864691136371455112,1
864691136436788382,864691136362579426,1
864691136436879262,864691136334841011,1
864691136437225886,864691136334841011,1
864691136437317278,864691136370795400,1
864691136437409438,864691136362230754,1
864691136437413278,864691136361774306,1
864691136437413278,864691136362464994,1
864691136437415070,864691136364286946,1
864691136437633950,864691136362660834,1
864691136437633950,864691136362762978,1
864691136437706142,864691136370843272,2
864691136437724062,864691136334810547,1
864691136437724062,864691136370842504,1
864691136437788574,864691136371499400,2
864691136437788574,864691136371559816,1
864691136437912222,864691136370843272,1
864691136438443422,864691136335041715,1
864691136438462622,864691136336177843,1
864691136438462622,864691136364411874,1
864691136438584478,864691136334810547,7
864691136438584478,864691136362492642,1
864691136438584478,864691136370815624,3
864691136438584478,864691136370997640,2
864691136438584478,864691136371455112,6
864691136438585502,864691136336177843,1
864691136438585502,864691136362492642,1
864691136438820254,864691136364411874,4
864691136438882974,864691136336189875,1
864691136443732867,864691136371559816,1
864691136443733635,864691136370842504,1
864691136443734403,864691136362492642,1
864691136443737731,864691136370810504,1
864691136443740035,864691136370810504,1
864691136443740291,864691136370815624,1
864691136443909251,864691136334810547,1
864691136443909251,864691136370842504,1
864691136444042627,864691136362304482,1
864691136444042627,864691136370838408,1
864691136444087683,864691136371607432,1
864691136444090243,864691136334834867,1
864691136444660355,864691136335041715,1
864691136444749187,864691136361775842,1
864691136445245571,864691136362762978,1
864691136445464963,864691136336177843,1
864691136445464963,864691136336189875,1
864691136445946755,864691136362763234,1
864691136445967747,864691136361900258,1
864691136451079679,864691136371499400,1
864691136451084799,864691136334810547,1
864691136451084799,864691136361847266,1
864691136451113471,864691136371543944,1
864691136451400959,864691136371580552,13
864691136451414015,864691136364026082,1
864691136451496959,864691136362762978,1
864691136451713791,864691136371455112,1
864691136451879423,864691136362432994,2
864691136451992575,864691136364286946,1
864691136451994111,864691136371607432,1
864691136451997439,864691136371530120,2
864691136451999743,864691136362492642,1
864691136452225535,864691136362222306,1
864691136452313087,864691136370804616,1
864691136452408319,864691136362929890,1
864691136452459007,864691136370801800,1
864691136452459007,864691136371559816,1
864691136452840447,864691136361894370,1
864691136452920319,864691136364417506,1
864691136453032703,864691136362762978,1
864691136453085695,864691136334715827,1
864691136453085695,864691136371455112,2
864691136453186559,864691136362418402,1
864691136453384959,864691136361736930,1
864691136453395455,864691136336189875,1
864691136453395455,864691136336368307,1
864691136453395455,864691136362763234,1
864691136453395455,864691136370842504,1
864691136453523455,864691136362418402,1
864691136453565951,864691136362379746,1
864691136463786631,864691136335689907,1
864691136482859308,864691136362351586,1
864691136482859308,864691136370804616,1
864691136482884908,864691136371278472,1
864691136482885420,864691136362313442,1
864691136482900012,864691136370795400,1
864691136483845932,864691136362418402,1
864691136483858988,864691136362470626,1
864691136483920940,864691136362811106,2
864691136484525100,864691136336368307,1
864691136484525100,864691136362763234,1
864691136484824108,864691136334702003,1
864691136484849196,864691136361900258,1
864691136485029676,864691136370997640,1
864691136485065772,864691136334834867,1
864691136485065772,864691136362432994,2
864691136485065772,864691136370795400,1
864691136485076780,864691136336177843,1
864691136485076780,864691136364342754,2
864691136485076780,864691136364411874,2
864691136485089068,864691136335711155,1
864691136485089068,864691136362464994,1
864691136485145900,864691136336189875,1
864691136485145900,864691136362579426,1
864691136485145900,864691136371499400,1
864691136485237036,864691136362929890,1
864691136486747410,864691136371216776,1
864691136486757394,864691136370810504,2
864691136486761234,864691136371530120,1
864691136486786066,864691136335041715,1
864691136486928658,864691136334841011,1
864691136486928658,864691136358599287,1
864691136486928658,864691136370820488,1
864691136487134738,864691136335689907,1
864691136487134738,864691136371455112,1
864691136487186450,864691136362351586,2
864691136487282038,864691136362432994,1
864691136487874322,864691136371530120,1
864691136487952658,864691136361900258,1
864691136488002578,864691136335078835,2
864691136488002578,864691136370801800,1
864691136488002834,864691136361775842,1
864691136488009234,864691136371607432,1
864691136488029202,864691136362739426,1
864691136488327954,864691136334860979,3
864691136488439570,864691136361736930,2
864691136488446226,864691136362579426,1
864691136488700946,864691136334810547,1
864691136489055762,864691136335078835,1
864691136489154834,864691136334819763,2
864691136489154834,864691136371149704,1
864691136489259282,864691136334819763,1
864691136489270802,864691136361774306,1
864691136489452050,864691136361766370,2
864691136489452050,864691136362811106,1
864691136489452050,864691136371437704,2
864691136489452050,864691136371499400,1
864691136489549842,864691136362739426,1
864691136489661714,864691136362811106,1
864691136489712914,864691136335689907,6
864691136489712914,864691136361766370,1
864691136489712914,864691136362811106,1
864691136489712914,864691136364417506,1
864691136489712914,864691136371437704,1
864691136489757458,864691136361506274,2
864691136489775378,864691136336303283,1
864691136489874194,864691136334810547,1
864691136489874194,864691136362418402,1
864691136489874194,864691136362811106,1
864691136489874194,864691136363372258,1
864691136489874194,864691136370997640,1
864691136489880594,864691136336177843,4
864691136489880594,864691136362579426,1
864691136489880594,864691136364411874,1
864691136521560465,864691136364342754,1
864691136521565841,864691136371530120,1
864691136521566097,864691136334846387,1
864691136521567121,864691136334860979,1
864691136521567889,864691136362762978,1
864691136521597073,864691136334850227,4
864691136521597073,864691136362313442,1
864691136521597073,864691136362473954,1
864691136521601681,864691136334810547,1
864691136521601937,864691136362492642,2
864691136521856401,864691136335041715,1
864691136521872785,864691136361772514,1
864691136522074769,864691136370815624,1
864691136522389137,864691136362739426,1
864691136522414737,864691136370804616,1
864691136522564241,864691136336177843,1
864691136522571921,864691136361772514,2
864691136522576529,864691136334834867,1
864691136522579089,864691136371607432,2
864691136522845329,864691136371600264,1
864691136523084945,864691136335711155,1
864691136523889553,864691136335711155,1
864691136523889553,864691136362343394,1
864691136523889553,864691136362929890,1
864691136523971473,864691136336177843,1
864691136523971473,864691136362412514,1
864691136523971473,864691136362579426,1
864691136523971473,864691136364026082,1
864691136523974289,864691136362686434,1
864691136523974289,864691136371149704,1
864691136524017297,864691136334860979,1
864691136524177809,864691136337641879,1
864691136524258449,864691136364411874,1
864691136524372625,864691136363372258,1
864691136524441489,864691136362686434,1
864691136524445329,864691136362464994,1
864691136534274466,864691136371607432,3
864691136534303906,864691136371216776,1
864691136534303906,864691136371607432,1
864691136534762402,864691136371607432,1
864691136534964898,864691136361860834,3
864691136534972834,864691136334738867,1
864691136535063202,864691136334738867,1
864691136535118498,864691136334715827,1
864691136535185058,864691136371607432,1
864691136535222178,864691136371607432,1
864691136536121506,864691136371607432,1
864691136536183202,864691136334715827,1
864691136537349282,864691136362492642,1
864691136539258530,864691136371607432,1
864691136540364962,864691136334850227,3
864691136540364962,864691136362473954,3
864691136541636514,864691136361501154,1
864691136543315362,864691136334715827,2
864691136546496418,864691136361775842,2
864691136546496418,864691136362351586,8
864691136546496418,864691136370804616,1
864691136546496418,864691136370843784,2
864691136548027554,864691136371216776,1
864691136548041122,864691136362492642,2
864691136550154402,864691136362304482,1
864691136553125026,864691136370795400,1
864691136553930146,864691136361508578,1
864691136553930146,864691136361860834,1
864691136554277282,864691136361775842,1
864691136554277282,864691136371607432,1
864691136558078370,864691136334738867,1
864691136558078370,864691136334850227,4
864691136558078370,864691136361501154,1
864691136558078370,864691136362473954,2
864691136559058082,864691136334702003,1
864691136561325730,864691136362492642,5
864691136561501602,864691136371607432,1
864691136562153469,864691136361770466,1
864691136565449378,864691136362304482,1
864691136566535074,864691136371607432,1
864691136577479188,864691136370842504,1
864691136577480468,864691136334850227,1
864691136577480724,864691136362464994,1
864691136577527060,864691136362351586,1
864691136577816852,864691136371530120,2
864691136577821460,864691136334850227,1
864691136577940500,864691136370843784,1
864691136577965844,864691136371559560,1
864691136577965844,864691136371580552,1
864691136577971732,864691136362492642,1
864691136577999636,864691136370795400,1
864691136578234388,864691136364026082,1
864691136578295316,864691136371499400,1
864691136578304276,864691136334819763,1
864691136578396948,864691136370804616,1
864691136578433442,864691136362432994,1
864691136578499604,864691136362418402,2
864691136578499604,864691136371607432,1
864691136578506772,864691136361774306,1
864691136578526996,864691136362464994,1
864691136578527252,864691136362492642,7
864691136578560020,864691136362492642,1
864691136578560532,864691136362328290,1
864691136578560532,864691136362464994,1
864691136579063828,864691136362313442,1
864691136579193108,864691136364342754,1
864691136579325204,864691136334860979,1
864691136579327650,864691136334702003,1
864691136579327650,864691136361501154,1
864691136579327650,864691136361775842,1
864691136579327650,864691136371216776,1
864691136579984916,864691136371149704,1
864691136580009236,864691136362379746,1
864691136580583842,864691136370820488,1
864691136587818614,864691136335078835,1
864691136590394530,864691136362432994,4
864691136590474724,864691136335711155,1
864691136593436066,864691136370810504,2
864691136593436066,864691136370843784,1
864691136593436066,864691136371607432,1
864691136594486690,864691136334814899,1
864691136594496674,864691136358599287,1
864691136594500514,864691136361736930,1
864691136594501026,864691136334819763,2
864691136594510498,864691136334702003,2
864691136594741653,864691136371580552,1
864691136594874274,864691136362313442,1
864691136594933922,864691136361736930,1
864691136595485346,864691136364286946,1
864691136595492258,864691136371600264,1
864691136595565218,864691136334860979,1
864691136595999650,864691136334715827,2
864691136595999650,864691136362811106,1
864691136595999650,864691136363372258,1
864691136595999650,864691136370997640,6
864691136595999650,864691136371455112,5
864691136596060322,864691136362762978,1
864691136596378530,864691136371607432,1
864691136596801954,864691136362473954,1
864691136596814754,864691136362492642,1
864691136597003170,864691136334860979,1
864691136597020066,864691136371607432,1
864691136597043106,864691136334860979,1
864691136597043106,864691136337641879,2
864691136597043106,864691136361900258,5
864691136597043106,864691136362579426,5
864691136597043106,864691136362660834,1
864691136597043106,864691136362686434,2
864691136597043106,864691136364026082,1
864691136601579473,864691136361501154,1
864691136601586129,864691136361775842,1
864691136601594833,864691136370838408,1
864691136601728977,864691136362492642,1
864691136601796049,864691136371530120,2
864691136601810385,864691136361900258,1
864691136601875409,864691136362432994,1
864691136601960657,864691136371437704,1
864691136601960657,864691136371455112,1
864691136602085841,864691136371607432,1
864691136602225105,864691136362230754,2
864691136602230225,864691136362328290,1
864691136602780369,864691136334810547,1
864691136602781393,864691136370801800,1
864691136602804177,864691136361501154,5
864691136603007953,864691136371559560,1
864691136603171281,864691136334810547,1
864691136603462353,864691136334860979,1
864691136604006353,864691136362686434,2
864691136604113361,864691136362470626,2
864691136604119249,864691136362418402,1
864691136604219857,864691136334846387,2
864691136604219857,864691136361894370,1
864691136604219857,864691136362762978,2
864691136604242385,864691136364411874,1
864691136617403611,864691136362222306,1
864691136617444571,864691136362492642,1
864691136617666011,864691136362222306,1
864691136617699803,864691136334860979,1
864691136617707739,864691136361900258,2
864691136618028763,864691136362351586,1
864691136618047963,864691136362231010,1
864691136618231515,864691136334819763,1
864691136618390925,864691136335041715,1
864691136618392205,864691136362351586,1
864691136618400397,864691136335041715,1
864691136618400909,864691136371600264,1
864691136618405261,864691136334715827,1
864691136618440845,864691136334848947,1
864691136618444941,864691136335078835,1
864691136618444941,864691136371580552,1
864691136618465421,864691136362222306,1
864691136618469261,864691136334734259,1
864691136618479067,864691136362763234,1
864691136618479067,864691136371149704,1
864691136618484109,864691136363372258,1
864691136618560475,864691136335041715,2
864691136618560475,864691136362763234,1
864691136618560475,864691136364286946,2
864691136618808717,864691136358599287,1
864691136619027419,864691136336368307,1
864691136619119835,864691136335041715,1
864691136619119835,864691136364286946,1
864691136619172493,864691136364411874,1
864691136619354765,864691136337641879,1
864691136619354765,864691136362579426,2
864691136619354765,864691136364026082,2
864691136619455373,864691136362763234,2
864691136619538139,864691136371149704,1
864691136619592845,864691136370997640,1
864691136619605467,864691136336368307,1
864691136619625947,864691136362432994,1
864691136619729371,864691136371437704,1
864691136619750619,864691136362686434,2
864691136619750619,864691136364342754,1
864691136619852429,864691136371530120,1
864691136619939213,864691136361736930,2
864691136620192653,864691136334860979,1
864691136620192653,864691136362660834,2
864691136620192653,864691136364026082,1
864691136620192653,864691136364417506,1
864691136620486029,864691136335711155,1
864691136620535693,864691136362418402,1
864691136620576397,864691136364342754,1
864691136620894093,864691136361900258,2
864691136621082253,864691136362328290,1
864691136621082253,864691136362763234,1
864691136621082253,864691136364342754,1
864691136621099149,864691136361501154,1
864691136621099149,864691136362379746,1
864691136621099149,864691136363372258,3
864691136621099149,864691136370997640,7
864691136621099149,864691136371607432,1
864691136621108877,864691136364342754,1
864691136641487990,864691136334810547,1
864691136651013373,864691136362351586,1
864691136652016893,864691136334848947,1
864691136652239869,864691136361772514,2
864691136652239869,864691136371216776,1
864691136652781821,864691136370804616,1
864691136661868150,864691136362811106,1
864691136662219230,864691136334860979,1
864691136662363901,864691136371216776,1
864691136662437598,864691136362230754,2
864691136662440670,864691136334702003,1
864691136662440670,864691136361501154,1
864691136662440670,864691136371216776,1
864691136662587870,864691136362222306,1
864691136662623710,864691136362231010,1
864691136662879454,864691136370801800,1
864691136663199710,864691136371607432,1
864691136663201246,864691136371607432,1
864691136663215326,864691136361775842,1
864691136663215326,864691136370804616,1
864691136663348958,864691136362763234,1
864691136663515102,864691136362492642,1
864691136663528670,864691136371607432,1
864691136663603934,864691136370842504,1
864691136663666685,864691136370810504,2
864691136663749342,864691136335041715,1
864691136664072701,864691136334814899,2
864691136664127454,864691136334702003,1
864691136664127454,864691136364417506,1
864691136664609789,864691136371530120,1
864691136664648158,864691136362464994,3
864691136665155294,864691136335711155,1
864691136665155294,864691136362763234,1
864691136665155294,864691136364417506,1
864691136665210846,864691136362343394,1
864691136665220062,864691136362418402,1
864691136667909373,864691136370804616,1
864691136667909373,864691136370810504,1
864691136671433981,864691136370804616,2
864691136672628103,864691136364286946,1
864691136672630151,864691136371174024,1
864691136672638343,864691136370801800,1
864691136672647559,864691136371580552,2
864691136672653447,864691136362464994,1
864691136672655239,864691136362492642,1
864691136672672391,864691136361772514,2
864691136672673671,864691136362579426,1
864691136672688263,864691136334814899,1
864691136672689031,864691136371530120,1
864691136673086855,864691136371216776,1
864691136673098631,864691136334848947,2
864691136673098631,864691136370804616,1
864691136673171591,864691136362470626,2
864691136673250183,864691136370838408,1
864691136673297799,864691136371607432,1
864691136673531271,864691136362464994,3
864691136673650311,864691136335041715,1
864691136673651079,864691136362379746,1
864691136673747079,864691136370804616,1
864691136673972615,864691136334850227,1
864691136674028423,864691136364411874,1
864691136674065543,864691136336368307,1
864691136674363783,864691136362492642,1
864691136674643591,864691136335041715,2
864691136674643591,864691136361736930,1
864691136674907783,864691136364286946,1
864691136675020935,864691136335041715,1
864691136675020935,864691136337641879,1
864691136675020935,864691136361900258,1
864691136675020935,864691136362418402,1
864691136675020935,864691136362579426,1
864691136675028359,864691136364411874,1
864691136675125639,864691136334860979,1
864691136675151751,864691136361900258,2
864691136675151751,864691136362579426,2
864691136675170695,864691136362762978,1
864691136675197575,864691136362418402,4
864691136675476359,864691136362470626,1
864691136675476359,864691136362492642,1
864691136675476359,864691136370842504,1
864691136675476359,864691136370997640,3
864691136675573127,864691136334850483,1
864691136675573127,864691136334860979,1
864691136675573127,864691136336368307,3
864691136675573127,864691136364411874,1
864691136675813511,864691136362492642,1
864691136675813511,864691136370842504,1
864691136675813511,864691136370997640,1
864691136675875719,864691136364417506,1
864691136675909767,864691136362660834,1
864691136675921799,864691136362579426,1
864691136681300590,864691136362328290,1
864691136681300590,864691136362464994,2
864691136685329149,864691136334702003,2
864691136685329149,864691136371216776,3
864691136685801078,864691136371580552,1
864691136691955054,864691136362464994,1
864691136695243517,864691136334702003,1
864691136698263150,864691136361900258,1
864691136700433782,864691136361847266,1
864691136705731837,864691136370804616,1
864691136708261494,864691136361766370,1
864691136708261494,864691136362811106,1
864691136708510318,864691136364411874,1
864691136716180334,864691136362328290,1
864691136716771694,864691136362222306,2
864691136722736494,864691136361774306,1
864691136723302141,864691136334860979,2
864691136723307005,864691136362418402,2
864691136723327485,864691136334814899,1
864691136723327485,864691136334819763,1
864691136723327485,864691136370804616,1
864691136723348989,864691136370820488,1
864691136723350269,864691136361508578,1
864691136723357437,864691136334846387,1
864691136723371261,864691136362579426,1
864691136723386365,864691136362418402,2
864691136723386365,864691136362470626,1
864691136723388925,864691136334702003,3
864691136723388925,864691136362313442,1
864691136723388925,864691136371607432,1
864691136723395325,864691136334738867,1
864691136723405821,864691136371530120,1
864691136723426301,864691136334848947,1
864691136723429885,864691136361775842,1
864691136723429885,864691136371216776,1
864691136723444477,864691136362464994,1
864691136723452669,864691136335041715,1
864691136723453693,864691136364286946,1
864691136723462397,864691136334841011,1
864691136723476221,864691136371499400,1
864691136723499261,864691136371530120,1
864691136723503613,864691136361894370,1
864691136723509245,864691136362328290,1
864691136723513341,864691136334702003,1
864691136723518461,864691136370804616,2
864691136723521277,864691136334850483,1
864691136723521277,864691136362579426,1
864691136723561981,864691136364286946,1
864691136723585277,864691136370843784,1
864691136724327165,864691136361900258,1
864691136724412925,864691136335041715,1
864691136724448765,864691136371559816,1
864691136724511485,864691136362379746,1
864691136725292285,864691136336368307,2
864691136725391357,864691136361900258,1
864691136725455357,864691136334715827,3
864691136725817341,864691136364342754,1
864691136727645550,864691136335041715,1
864691136731992686,864691136362222306,1
864691136731992686,864691136362762978,1
864691136731992686,864691136371559560,1
864691136736141422,864691136371607432,1
864691136740102766,864691136361775842,2
864691136740403804,864691136362762978,1
864691136740417116,864691136335041715,1
864691136740424284,864691136363060962,1
864691136740435292,864691136334841011,1
864691136740438620,864691136334702003,2
864691136740637020,864691136362418402,1
864691136740719452,864691136364411874,1
864691136740742492,864691136371580552,1
864691136740752476,864691136361501154,1
864691136740755036,864691136361860834,2
864691136740755804,864691136362492642,1
864691136740790876,864691136362418402,2
864691136740804188,864691136362379746,1
864691136740814940,864691136370997640,1
864691136740841564,864691136334702003,1
864691136740841564,864691136371216776,1
864691136740890972,864691136334841011,1
864691136741290588,864691136334819763,1
864691136741305180,864691136362351586,1
864691136741344604,864691136371607432,1
864691136741435740,864691136362033890,1
864691136741452398,864691136334850227,1
864691136741455196,864691136370843784,1
864691136741497692,864691136371607432,1
864691136741503580,864691136334715827,1
864691136741513820,864691136371607432,1
864691136741583214,864691136336303283,1
864691136741774684,864691136336189875,1
864691136741803868,864691136334860979,1
864691136741866332,864691136362470626,2
864691136742071900,864691136371600264,1
864691136742457948,864691136364286946,1
864691136742730350,864691136371530120,1
864691136742990428,864691136371499400,1
864691136743319132,864691136361772514,1
864691136743319132,864691136371530120,1
864691136743358300,864691136362418402,1
864691136743358300,864691136362492642,1
864691136743457884,864691136362313442,3
864691136743457884,864691136362473954,1
864691136743483484,864691136334860979,1
864691136743826798,864691136370997640,1
864691136743930230,864691136361506274,1
864691136746028516,864691136362328290,1
864691136752821870,864691136334850227,1
864691136754050414,864691136362313442,2
864691136758199406,864691136362418402,1
864691136763884142,864691136334850227,1
864691136763884142,864691136362313442,2
864691136763884142,864691136362473954,5
864691136766683758,864691136334702003,6
864691136766683758,864691136362313442,1
864691136766683758,864691136370810504,3
864691136766683758,864691136371216776,4
864691136776466798,864691136364286946,2
864691136776832622,864691136362762978,1
864691136799636078,864691136334850227,1
864691136808459492,864691136362328290,1
864691136809746030,864691136334846387,2
864691136809746030,864691136334850483,2
864691136811814771,864691136371607432,1
864691136811830387,864691136371216776,1
864691136811836275,864691136362492642,1
864691136811884659,864691136370988936,1
864691136811954035,864691136362492642,1
864691136811982707,864691136362762978,1
864691136811982707,864691136362763234,2
864691136812081779,864691136371607432,1
864691136812091507,864691136362811106,1
864691136812224115,864691136370810504,1
864691136812308595,864691136362033890,1
864691136812308595,864691136370838408,1
864691136812406643,864691136371278472,2
864691136812696179,864691136361736930,1
864691136812811635,864691136362432994,2
864691136812890483,864691136371607432,1
864691136812938611,864691136362492642,1
864691136812942963,864691136334810547,1
864691136813124979,864691136370997640,1
864691136813312627,864691136371580552,1
864691136813708142,864691136362222306,1
864691136813807475,864691136335711155,1
864691136813807475,864691136336368307,2
864691136813807475,864691136364342754,1
864691136813807475,864691136371499400,2
864691136813844339,864691136371499400,1
864691136814315123,864691136371437704,1
864691136814586995,864691136362418402,1
864691136814606958,864691136362464994,2
864691136814635123,864691136361900258,1
864691136814698099,864691136362379746,2
864691136814703987,864691136362579426,1
864691136814703987,864691136362660834,1
864691136814703987,864691136364411874,1
864691136814761075,864691136371437704,1
864691136815484782,864691136362762978,1
864691136818701166,864691136370997640,1
864691136819432558,864691136362464994,2
864691136819672942,864691136362579426,4
864691136821399918,864691136361894370,1
864691136824042468,864691136362328290,1
864691136840277102,864691136370843272,1
864691136854136686,864691136361774306,1
864691136873790574,864691136362739426,6
864691136873790574,864691136371600264,1
864691136881094766,864691136362492642,1
864691136881903726,864691136370988936,1
864691136881978734,864691136371559560,1
864691136896840302,864691136335078835,1
864691136897149294,864691136370843272,1
864691136897149294,864691136370988936,1
864691136900804206,864691136335078835,2
864691136903003314,864691136336177843,1
864691136903006898,864691136361847266,1
864691136903016882,864691136371149704,1
864691136903020210,864691136370997640,12
864691136903046578,864691136361508578,1
864691136903051442,864691136363060962,1
864691136903051442,864691136370843272,1
864691136903144370,864691136362762978,1
864691136903172530,864691136362763234,1
864691136903192498,864691136370988936,1
864691136903240114,864691136334702003,1
864691136903487410,864691136370997640,1
864691136903916210,864691136336177843,1
864691136904013490,864691136362492642,1
864691136904042674,864691136335041715,1
864691136904061874,864691136362492642,3
864691136904082866,864691136334860979,3
864691136904082866,864691136364342754,1
864691136904083378,864691136370843784,1
864691136904293298,864691136362579426,1
864691136904346290,864691136336368307,1
864691136904656818,864691136334850483,1
864691136904656818,864691136362660834,1
864691136904855986,864691136335711155,1
864691136905147314,864691136336177843,1
864691136905147314,864691136364342754,1
864691136905170610,864691136364286946,1
864691136905197490,864691136370801800,1
864691136906113714,864691136362418402,1
864691136906180274,864691136364411874,1
864691136906189234,864691136336368307,1
864691136906559086,864691136334810547,2
864691136906696558,864691136362033890,1
864691136906761838,864691136335078835,2
864691136906761838,864691136370997640,1
864691136906761838,864691136371499400,1
864691136906761838,864691136371580552,1
864691136907330926,864691136370801800,1
864691136907591534,864691136361501154,1
864691136907591534,864691136370815624,2
864691136907704942,864691136362492642,1
864691136907860078,864691136371580552,1
864691136908080238,864691136370815624,1
864691136909396846,864691136334819763,1
864691136909396846,864691136362379746,1
864691136910393454,864691136371455112,3
864691136910393454,864691136371580552,1
864691136911321966,864691136362470626,1
864691136911644657,864691136370815624,1
864691136911644913,864691136370795400,2
864691136911650289,864691136371607432,3
864691136911656945,864691136370997640,1
864691136911664625,864691136361775842,1
864691136911821041,864691136371149704,1
864691136911864561,864691136334702003,2
864691136911864561,864691136362304482,1
864691136911864561,864691136371216776,1
864691136911879022,864691136362470626,1
864691136911879022,864691136370997640,2
864691136911953393,864691136370997640,2
864691136912010225,864691136362379746,1
864691136912054257,864691136362470626,1
864691136912126193,864691136371600264,1
864691136912153841,864691136362660834,1
864691136912231409,864691136364342754,1
864691136912436465,864691136371437704,1
864691136912642545,864691136361860834,2
864691136912667633,864691136362432994,1
864691136912674545,864691136364286946,1
864691136912690417,864691136362313442,1
864691136912698865,864691136361891554,1
864691136912964081,864691136362579426,1
864691136913689073,864691136362230754,1
864691136913993713,864691136337641879,1
864691136913993713,864691136362379746,1
864691136913993713,864691136364411874,1
864691136914081521,864691136334702003,6
864691136914081521,864691136371216776,3
864691136914089713,864691136361894370,1
864691136914235889,864691136336177843,2
864691136914235889,864691136362579426,1
864691136914235889,864691136362811106,1
864691136914398449,864691136362762978,1
864691136914555121,864691136362222306,1
864691136914590449,864691136371559816,2
864691136914940270,864691136370801800,1
864691136922713828,864691136371454088,1
864691136922722532,864691136370815624,1
864691136922728932,864691136370820488,1
864691136922729188,864691136336368307,1
864691136922754788,864691136334734259,2
864691136922756580,864691136370820488,1
864691136922765284,864691136362412514,1
864691136922767076,864691136361501154,1
864691136922767076,864691136371530120,1
864691136922769380,864691136334819763,1
864691136922974692,864691136370843272,1
864691136923572196,864691136358599287,1
864691136923682532,864691136361775842,1
864691136923703780,864691136335711155,1
864691136923750628,864691136362473954,1
864691136923775972,864691136362313442,1
864691136923780836,864691136334860979,1
864691136923783652,864691136362660834,1
864691136923785700,864691136334810547,1
864691136923788004,864691136358599287,1
864691136923936228,864691136334846387,1
864691136924138468,864691136334715827,1
864691136924138468,864691136371455112,1
864691136924297956,864691136362418402,2
864691136924407780,864691136370842504,1
864691136924407780,864691136371455112,2
864691136924636900,864691136370842504,2
864691136924736740,864691136362492642,3
864691136924736740,864691136370997640,1
864691136924736740,864691136371600264,1
864691136924862948,864691136362762978,2
864691136925014756,864691136334860979,1
864691136925014756,864691136364411874,1
864691136925033956,864691136334702003,3
864691136925033956,864691136371530120,1
864691136925033956,864691136371607432,3
864691136925089508,864691136364286946,2
864691136925111012,864691136335711155,1
864691136925111012,864691136337641879,1
864691136925111012,864691136364286946,1
864691136925111012,864691136364417506,1
864691136925330506,864691136362418402,1
864691136925344330,864691136364286946,1
864691136925373258,864691136362762978,1
864691136925376330,864691136361774306,1
864691136925378122,864691136362763234,1
864691136925379914,864691136363060962,1
864691136925381450,864691136362739426,1
864691136925437514,864691136361894370,1
864691136925437514,864691136362762978,1
864691136925565258,864691136335041715,1
864691136925565258,864691136362686434,1
864691136925659722,864691136362328290,3
864691136925727306,864691136364411874,1
864691136925777226,864691136371530120,1
864691136925785162,864691136334734259,1
864691136925813322,864691136370843784,2
864691136925981258,864691136362351586,1
864691136926256458,864691136364286946,1
864691136926277194,864691136335041715,1
864691136926277194,864691136364286946,1
864691136926331210,864691136361772514,1
864691136926414410,864691136371530120,1
864691136926414666,864691136362033890,2
864691136926414666,864691136362304482,1
864691136926414666,864691136362313442,2
864691136926414666,864691136370838408,2
864691136926789962,864691136334834867,2
864691136926789962,864691136362492642,1
864691136926789962,864691136370988936,1
864691136927187786,864691136335041715,1
864691136927187786,864691136364411874,3
864691136927431754,864691136362579426,1
864691136927491146,864691136362379746,4
864691136927491146,864691136362470626,2
864691136927491146,864691136363372258,3
864691136933206751,864691136362351586,1
864691136933206751,864691136370843784,1
864691136939694559,864691136370804616,1
864691136940632543,864691136362351586,1
864691136940632543,864691136370804616,1
864691136942705887,864691136371530120,1
864691136945612511,864691136370804616,1
864691136945628639,864691136362493922,2
864691136945632479,864691136334814899,1
864691136945632479,864691136361772514,1
864691136945632479,864691136370804616,1
864691136945632479,864691136370810504,1
864691136945634783,864691136370804616,2
864691136945691359,864691136371216776,1
864691136945752799,864691136361772514,1
864691136945752799,864691136362351586,1
864691136945752799,864691136370810504,1
864691136945925087,864691136370804616,3
864691136946977503,864691136370843784,1
864691136951201503,864691136371530120,1
864691136951558879,864691136361775842,1
864691136951560927,864691136335041715,1
864691136951560927,864691136337641879,1
864691136951566047,864691136362464994,1
864691136951583967,864691136370801800,1
864691136951613663,864691136362579426,1
864691136951616991,864691136362762978,1
864691136951622879,864691136364417506,1
864691136951636703,864691136370843784,1
864691136951639519,864691136362230754,2
864691136951652063,864691136371499400,1
864691136951711199,864691136334702003,1
864691136951754975,864691136334715827,3
864691136951754975,864691136362432994,1
864691136952139487,864691136335078835,1
864691136952235231,864691136370842504,1
864691136952237791,864691136371278472,1
864691136952276191,864691136362351586,1
864691136952276191,864691136370810504,1
864691136952281567,864691136371455112,1
864691136952298207,864691136334738867,1
864691136952743647,864691136361894370,1
864691136952881375,864691136334734259,1
864691136952914655,864691136371580552,1
864691136952940767,864691136370997640,1
864691136953134047,864691136371278472,1
864691136953486303,864691136362579426,1
864691136953719007,864691136334846387,1
864691136953719007,864691136371499400,1
864691136954023903,864691136362579426,1
864691136954028511,864691136361766370,2
864691136954050527,864691136364286946,1
864691136954050527,864691136371149704,1
864691136954077151,864691136334860979,3
864691136954129375,864691136371149704,1
864691136965760462,864691136364286946,1
864691136965761742,864691136362222306,1
864691136965761742,864691136362762978,1
864691136965769934,864691136361775842,1
864691136965779406,864691136362033890,1
864691136965830862,864691136361894370,1
864691136965834190,864691136334834867,1
864691136965836750,864691136362351586,1
864691136965849550,864691136362811106,1
864691136965986254,864691136334702003,2
864691136965986254,864691136362313442,4
864691136965986254,864691136370820488,1
864691136965986254,864691136371216776,1
864691136965988558,864691136370843272,1
864691136966011854,864691136361894370,1
864691136966133454,864691136361775842,1
864691136966133454,864691136362351586,1
864691136966389966,864691136362492642,2
864691136966424526,864691136362343394,1
864691136966495182,864691136334841011,2
864691136966552014,864691136361506274,1
864691136966591694,864691136364026082,1
864691136966591694,864691136364286946,1
864691136966630094,864691136334819763,1
864691136966673870,864691136334715827,3
864691136966673870,864691136334810547,1
864691136966673870,864691136371455112,1
864691136966678222,864691136371607432,1
864691136966694094,864691136362418402,1
864691136966714830,864691136362739426,1
864691136966932942,864691136362579426,2
864691136966951886,864691136335041715,2
864691136966951886,864691136361900258,1
864691136966995662,864691136336368307,1
864691136966995662,864691136364411874,1
864691136967336910,864691136362660834,1
864691136967634382,864691136336368307,1
864691136967765454,864691136362432994,1
864691136967765966,864691136362328290,2
864691136967789006,864691136361766370,1
864691136967789006,864691136371437704,1
864691136968040398,864691136336177843,1
864691136968040398,864691136361894370,2
864691136968050638,864691136334715827,1
864691136968099022,864691136362579426,2
864691136968568014,864691136362343394,7
864691136968654286,864691136336368307,1
864691136968654286,864691136364411874,1
864691136968656078,864691136336177843,3
864691136968656078,864691136336189875,1
864691136968656078,864691136364411874,1
864691136968656078,864691136371499400,2
864691136968918478,864691136334860979,1
864691136968930254,864691136337641879,1
864691136968930254,864691136371278472,1
864691136973679132,864691136361736930,1
864691136973683740,864691136361508578,1
864691136973696284,864691136371530120,1
864691136973707036,864691136361774306,1
864691136974289692,864691136334734259,1
864691136974395932,864691136362313442,2
864691136974542620,864691136371607432,1
864691136974550044,864691136361772514,1
864691136974556444,864691136334850227,1
864691136974572316,864691136362660834,1
864691136974572316,864691136363060962,1
864691136974573340,864691136362464994,1
864691136974841884,864691136371216776,2
864691136974876956,864691136361775842,1
864691136974876956,864691136370842504,1
864691136974983196,864691136362304482,1
864691136975076636,864691136337641879,1
864691136975332380,864691136362579426,1
864691136976145948,864691136362579426,2
864691136976145948,864691136364411874,1
864691136976146716,864691136362579426,3
864691136989933205,864691136361775842,1
864691136989934741,864691136364417506,1
864691136989946261,864691136370815624,1
864691136989954709,864691136370820488,1
864691136989960597,864691136334850227,1
864691136989960597,864691136362313442,4
864691136989960597,864691136362473954,2
864691136989999509,864691136371455112,1
864691136990234261,864691136334810547,1
864691136990295701,864691136370820488,1
864691136990364565,864691136371216776,1
864691136990374037,864691136334715827,1
864691136990374037,864691136334810547,1
864691136990378133,864691136361775842,1
864691136990378133,864691136370804616,1
864691136990378133,864691136371530120,1
864691136990378133,864691136371607432,1
864691136990381461,864691136362739426,1
864691136990688149,864691136364286946,1
864691136990699413,864691136336177843,1
864691136990765205,864691136361774306,1
864691136990889365,864691136371580552,1
864691136990936213,864691136364417506,1
864691136990940821,864691136361847266,1
864691136991202453,864691136362762978,2
864691136991213461,864691136361894370,1
864691136991213461,864691136362762978,3
864691136991213461,864691136371559816,1
864691136991400341,864691136362762978,1
864691136991400341,864691136371149704,1
864691136991445909,864691136334860979,1
864691136991445909,864691136362464994,1
864691136991606421,864691136371580552,1
864691136991908501,864691136362762978,1
864691136991986581,864691136362343394,1
864691136992004501,864691136362412514,1
864691136992004501,864691136362660834,1
864691136992004501,864691136364026082,4
864691136992007317,864691136334702003,5
864691136992007317,864691136334738867,1
864691136992007317,864691136362033890,1
864691136992007317,864691136362313442,8
864691136992081557,864691136371278472,1
864691136992208021,864691136358599287,1
864691136992294549,864691136334860979,1
864691136992294549,864691136335041715,1
864691136992294549,864691136335711155,1
864691136992383637,864691136370988936,1
864691136992383637,864691136371149704,1
864691136992514197,864691136364411874,1
864691136992612757,864691136334702003,4
864691136992612757,864691136334738867,1
864691136992612757,864691136362313442,1
864691136992612757,864691136370815624,1
864691136992612757,864691136371607432,1
864691137016657262,864691136361772514,1
864691137016657262,864691136361775842,1
864691137016657262,864691136370810504,1
864691137019552110,864691136361847266,1
864691137019552110,864691136362739426,1
864691137019552110,864691136370843272,1
864691137019552110,864691136371559816,1
864691137019564910,864691136362492642,1
864691137019571822,864691136370804616,1
864691137019578222,864691136362418402,1
864691137019822702,864691136370842504,1
864691137019839854,864691136370820488,1
864691137020085870,864691136361894370,1
864691137020453230,864691136361508578,1
864691137020478062,864691136336368307,1
864691137020487022,864691136361900258,1
864691137020663406,864691136334850227,1
864691137020663406,864691136362313442,1
864691137020671342,864691136334702003,1
864691137020671342,864691136362473954,1
864691137020883054,864691136370815624,1
864691137020972910,864691136371600264,2
864691137021166702,864691136363372258,3
864691137021682030,864691136362328290,1
864691137021866862,864691136336177843,1
864691137021910126,864691136362492642,1
864691137021910126,864691136370997640,2
864691137021929326,864691136362418402,1
864691137021929326,864691136363372258,1
864691137022129262,864691136334819763,1
864691137022180974,864691136334850483,3
864691137022180974,864691136336368307,3
864691137022180974,864691136362763234,2
864691137022180974,864691136364342754,1
864691137022200430,864691136364026082,1
864691137022215534,864691136335041715,1
864691137022224750,864691136334738867,1
864691137022244206,864691136334860979,3
864691137022244206,864691136362579426,2
864691137022244206,864691136362660834,1
864691137022244206,864691136364411874,1
864691137022278254,864691136336177843,3
864691137022278254,864691136336189875,1
864691137022287470,864691136364411874,1
864691137053641078,864691136361894370,2
864691137053644918,864691136335041715,2
864691137053656694,864691136362762978,1
864691137053664118,864691136361775842,1
864691137053668214,864691136337641879,1
864691137054008694,864691136362304482,2
864691137054008694,864691136370815624,1
864691137054125430,864691136362464994,1
864691137054658422,864691136335078835,1
864691137054670454,864691136362492642,1
864691137054674806,864691136364342754,1
864691137054824054,864691136336177843,1
864691137054824054,864691136336368307,1
864691137054824054,864691136364411874,1
864691137055571574,864691136362328290,1
864691137055571574,864691136362464994,2
864691137055668086,864691136334715827,3
864691137055668086,864691136334810547,2
864691137055668086,864691136334834867,1
864691137055668086,864691136335078835,1
864691137055668086,864691136362811106,1
864691137055668086,864691136370815624,2
864691137055668086,864691136370842504,1
864691137055668086,864691136371455112,1
864691137055668086,864691136371580552,2
864691137055855478,864691136361894370,1
864691137055911542,864691136370843272,3
864691137056031094,864691136362763234,1
864691137056053366,864691136335711155,1
864691137056053366,864691136362579426,2
864691137056098166,864691136363372258,1
864691137056230006,864691136362686434,1
864691137056421238,864691136362579426,6
864691137056421238,864691136364417506,1
864691137196892737,864691136334810547,1
864691137196910401,864691136370801800,1
864691137196910401,864691136371559816,1
864691137196912193,864691136361775842,1
864691137196912193,864691136370810504,1
864691137196912193,864691136370843784,3
864691137196912193,864691136371530120,1
864691137196912193,864691136371607432,1
864691137196914753,864691136362473954,1
864691137196933953,864691136362579426,1
864691137196968769,864691136334860979,1
864691137197169217,864691136364286946,1
864691137197169473,864691136334810547,2
864691137197239617,864691136334834867,2
864691137197239617,864691136361736930,1
864691137197239617,864691136362762978,1
864691137197239617,864691136370842504,1
864691137197257793,864691136335711155,1
864691137197275457,864691136362328290,1
864691137197339457,864691136361774306,1
864691137197706049,864691136334841011,1
864691137197706049,864691136358599287,1
864691137197875521,864691136334702003,1
864691137197931073,864691136362464994,1
864691137197958977,864691136371607432,1
864691137197959745,864691136335041715,1
864691137198227521,864691136334814899,1
864691137198630209,864691136334846387,1
864691137198690881,864691136371559816,1
864691137199359553,864691136336189875,2
864691137199359553,864691136362579426,1
864691137199522625,864691136362763234,1
864691137199772993,864691136334860979,1
864691137199772993,864691136362579426,1
864691137199800385,864691136335711155,1
864691137199800385,864691136362686434,1
864691137199800385,864691136364342754,1
864691137199800385,864691136364417506,2
864691137199914561,864691136362579426,2
864691137199973441,864691136336189875,1
864691137199973441,864691136363060962,1
864691137199973441,864691136363372258,1
864691137199973441,864691136364026082,2
