pre_pt_root_id,post_pt_root_id,n
864691134784325628,864691134784325628,5
864691134807855033,864691134807855033,3
864691134884740346,864691134884740346,1
864691134884754426,864691134919289610,1
864691134884782586,864691134884782586,5
864691134884855290,864691134885481722,3
864691134884855290,864691134939996003,1
864691134885122810,864691134885122810,13
864691134885137402,864691134885137402,14
864691134885139962,864691134918120458,1
864691134885140218,864691134885140218,17
864691134885142778,864691134886930170,1
864691134885142778,864691134918893066,1
864691134885145594,864691134885481722,1
864691134885160442,864691134885160442,11
864691134885460218,864691134885460218,17
864691134885481722,864691134885481722,31
864691134885481722,864691134918141962,1
864691134885483770,864691134885483770,8
864691134885485562,864691134885485562,11
864691134885550330,864691134885550330,8
864691134885552122,864691134885552122,5
864691134885567738,864691134885567738,8
864691134885575930,864691134885575930,16
864691134885593594,864691134918178314,1
864691134885618682,864691134917945866,1
864691134885639674,864691134885639674,5
864691134885653242,864691134918279946,1
864691134885672442,864691134886580474,1
864691134885675514,864691134918403850,1
864691134885687802,864691134885687802,10
864691134885702394,864691134885702394,9
864691134885717498,864691134885717498,9
864691134885720314,864691134918141962,1
864691134885735418,864691134885735418,8
864691134885735674,864691134885735674,6
864691134885761018,864691134939992931,1
864691134885782778,864691134885782778,16
864691134885803258,864691134885803258,3
864691134885803258,864691134918524938,1
864691134885956858,864691134885956858,4
864691134885983482,864691134885983482,8
864691134886037498,864691134885460218,2
864691134886037498,864691134885567738,2
864691134886037498,864691134918413066,2
864691134886058746,864691134886930170,2
864691134886285306,864691134886285306,18
864691134886288890,864691134886751994,3
864691134886336506,864691134886336506,6
864691134886364922,864691134886364922,12
864691134886444794,864691134886444794,51
864691134886580474,864691134886580474,8
864691134886751994,864691134886751994,39
864691134886768890,864691134886444794,1
864691134886791162,864691134886886906,1
864691134886808314,864691134886808314,25
864691134886828794,864691134886828794,11
864691134886886906,864691134886886906,17
864691134886930170,864691134886930170,15
864691134886997498,864691134917669642,1
864691134887158266,864691134887158266,10
864691134887458810,864691134887576314,1
864691134887460346,864691134886444794,1
864691134887460346,864691134918141962,1
864691134887571450,864691134918332682,1
864691134887576314,864691134887576314,6
864691134887581434,864691134918893066,1
864691134887615226,864691134918177546,1
864691134917392394,864691134917392394,6
864691134917408266,864691134918385930,2
864691134917669642,864691134917669642,22
864691134917675530,864691134917675530,10
864691134917786634,864691134885140218,1
864691134917794314,864691134918947338,1
864691134917794314,864691134940485219,1
864691134917858314,864691134917858314,11
864691134917881098,864691134917881098,10
864691134917945866,864691134917945866,18
864691134917947914,864691134917947914,6
864691134917958922,864691134917958922,3
864691134918113546,864691134918113546,11
864691134918120458,864691134918120458,15
864691134918126346,864691134918126346,14
864691134918141450,864691134918141450,7
864691134918141450,864691134918840586,1
864691134918141962,864691134918141962,6
864691134918177546,864691134918177546,19
864691134918178314,864691134918178314,10
864691134918233610,864691134918233610,7
864691134918239498,864691134918239498,21
864691134918249738,864691134918249738,8
864691134918278922,864691134918278922,5
864691134918279946,864691134918279946,36
864691134918300682,864691134918300682,9
864691134918307594,864691134918120458,1
864691134918307594,864691134918126346,1
864691134918310154,864691134918310154,12
864691134918315786,864691134918315786,5
864691134918318602,864691134885735418,1
864691134918318602,864691134917675530,1
864691134918332682,864691134918332682,7
864691134918370826,864691134918370826,8
864691134918371850,864691134885983482,1
864691134918384650,864691134918684170,1
864691134918385930,864691134918385930,20
864691134918393098,864691134918393098,8
864691134918396938,864691134918396938,11
864691134918400522,864691134918400522,8
864691134918403850,864691134918403850,9
864691134918409482,864691134918409482,9
864691134918413066,864691134918413066,24
864691134918524938,864691134918524938,15
864691134918596106,864691134918596106,15
864691134918614794,864691134918300682,1
864691134918626314,864691134918626314,6
864691134918684170,864691134918684170,3
864691134918754058,864691134885735418,2
864691134918754058,864691134918409482,3
864691134918754058,864691134920045834,4
864691134918754058,864691134939988067,1
864691134918840586,864691134918840586,6
864691134918893066,864691134918893066,9
864691134918947338,864691134918947338,17
864691134919182635,864691134919182635,4
864691134919225354,864691134885140218,1
864691134919289610,864691134919289610,31
864691134919748362,864691134885140218,1
864691134919748362,864691134886751994,2
864691134919748362,864691134886930170,1
864691134919927050,864691134920107018,1
864691134919927050,864691134940709475,1
864691134920009482,864691134885735418,1
864691134920035082,864691134920035082,17
864691134920045834,864691134920045834,5
864691134920072202,864691134940709475,1
864691134920077322,864691134886751994,4
864691134920077322,864691134918177546,1
864691134920082954,864691134885485562,1
864691134920107018,864691134920107018,12
864691134939972195,864691134885481722,1
864691134939986275,864691134885803258,1
864691134939988067,864691134939988067,5
864691134939992931,864691134939992931,15
864691134939996003,864691134939996003,13
864691134940025955,864691134940483171,2
864691134940060771,864691134940060771,12
864691134940105315,864691134940105315,4
864691134940213347,864691134940213347,6
864691134940243299,864691134940243299,4
864691134940245859,864691134940245859,5
864691134940252003,864691134940252003,10
864691134940380259,864691134940380259,9
864691134940387683,864691134940387683,6
864691134940483171,864691134940483171,3
864691134940485219,864691134940485219,5
864691134940504419,864691134940715619,1
864691134940652643,864691134940652643,6
864691134940687459,864691134940687459,12
864691134940709475,864691134940709475,8
864691134940715619,864691134940715619,5
864691134940718179,864691134940718179,3
864691134940739171,864691134918249738,1
864691134940778595,864691134885552122,1
864691134940835939,864691134918315786,1
864691134940906339,864691134917945866,1
864691134940932451,864691134919289610,2
864691134940933475,864691134885460218,2
864691134940933475,864691134918684170,1
864691134940947299,864691134885782778,1
864691134940963939,864691134885782778,1
864691134940965219,864691134886444794,1
864691134940967267,864691134918393098,1
864691134941126755,864691134920035082,1
864691134941164899,864691134918300682,1
864691134941168227,864691134918370826,1
864691134941328739,864691134940485219,1
864691134941490787,864691134885803258,1
864691134941714275,864691134885782778,1
864691134941714275,864691134919289610,1
864691134941903203,864691134886285306,1
864691134941906787,864691134887158266,1
864691134942077795,864691134886751994,1
864691134942221411,864691134918393098,1
864691134942250339,864691134939992931,1
864691134942386275,864691134885481722,1
864691134942498147,864691134885782778,1
864691134942498147,864691134940380259,8
864691134942544483,864691134886580474,2
864691134942544483,864691134920035082,4
864691134942562403,864691134887576314,1
864691134942595939,864691134886930170,2
864691134942595939,864691134918524938,2
864691134942659427,864691134887576314,1
864691134942699107,864691134885460218,1
864691134942699107,864691134918332682,1
864691134942722403,864691134940709475,1
864691134947385852,864691134885485562,1
864691134947392764,864691134918233610,1
864691134947444220,864691134939996003,1
864691134947463164,864691134886444794,1
864691134947847932,864691134886886906,1
864691134947858940,864691134886364922,1
864691134948203260,864691134886930170,1
864691134948239356,864691134918403850,1
864691134948286972,864691134940380259,1
864691134948335868,864691134917675530,1
864691134948335868,864691134918393098,1
864691134948377340,864691134885481722,1
864691134948430844,864691134885639674,1
864691134948450812,864691134920045834,1
864691134948599292,864691134886751994,2
864691134948605180,864691134917958922,1
864691134948605180,864691134918385930,4
864691134948605180,864691134918393098,1
864691134948659708,864691134940060771,1
864691134949150460,864691134885782778,1
864691134949248508,864691134918332682,1
864691134949248508,864691134918524938,1
864691134949410300,864691134884782586,2
864691134949410300,864691134885567738,1
864691134949410300,864691134918141962,2
864691134949410300,864691134918385930,2
864691134949410300,864691134940485219,1
864691134949568764,864691134885782778,2
864691134949568764,864691134886580474,1
864691134949628412,864691134885552122,1
864691134949690108,864691134885567738,1
864691134949690108,864691134886336506,1
864691134949806844,864691134885735418,1
864691134949806844,864691134939988067,1
864691134949882876,864691134885639674,1
864691134950149116,864691134885140218,2
864691134950149116,864691134886364922,2
864691134950149116,864691134886751994,2
864691134950149116,864691134917669642,1
864691134950149116,864691134917947914,1
864691134950149116,864691134918332682,6
864691134950149116,864691134940105315,15
864691134950156796,864691134918332682,1
864691134950228988,864691134918409482,1
864691134950228988,864691134920045834,2
864691134950228988,864691134939988067,2
864691134950228988,864691134940485219,2
864691134950289660,864691134886930170,1
864691134950301180,864691134885782778,1
864691134950315772,864691134885735418,1
864691134950317308,864691134918141962,2
864691134950317308,864691134918385930,1
864691134950395132,864691134886930170,1
864691134964418079,864691134885140218,2
864691134964418079,864691134886751994,2
864691134964469535,864691134886444794,1
864691134964469535,864691134918409482,1
864691134964690207,864691134918400522,1
864691134964835359,864691134918840586,1
864691134965134879,864691134918120458,1
864691134965213983,864691134886751994,1
864691134965260575,864691134918893066,1
864691134965306655,864691134918370826,1
864691134965402143,864691134918279946,1
864691134965414943,864691134885575930,1
864691134965421343,864691134885460218,1
864691134965429023,864691134884782586,1
864691134965429023,864691134940245859,3
864691134965429023,864691134940483171,3
864691134965440799,864691134918403850,3
864691134965447711,864691134918310154,1
864691134965447967,864691134886751994,2
864691134965718303,864691134918141962,1
864691134965848351,864691134939996003,1
864691134965885983,864691134918626314,1
864691134966047263,864691134886751994,2
864691134966063135,864691134886336506,1
864691134966063135,864691134887576314,1
864691134966290975,864691134886751994,2
864691134966297119,864691134885137402,1
864691134966297119,864691134918524938,3
864691134966301983,864691134887576314,1
864691134966306591,864691134885481722,1
864691134966306591,864691134918596106,1
864691134966306847,864691134885460218,1
864691134966306847,864691134918413066,1
864691134966306847,864691134940483171,1
864691134966413087,864691134885983482,1
864691134966413087,864691134918947338,1
864691134966413087,864691134920045834,1
864691134966651679,864691134885140218,1
864691134966710559,864691134918524938,1
864691134966759711,864691134886751994,1
864691134966759711,864691134940243299,1
864691134966811167,864691134886285306,1
864691134988382330,864691134917392394,1
864691134988437370,864691134885137402,1
864691134988596858,864691134918141962,1
864691134988596858,864691134918385930,2
864691134988596858,864691134940245859,1
864691134988881274,864691134918385930,1
864691134988893562,864691134885481722,1
864691134988922746,864691134885122810,1
864691134988958586,864691134918396938,1
864691134988966010,864691134885687802,1
864691134989163130,864691134940380259,2
864691134989215098,864691134939996003,1
864691134989283450,864691134917958922,1
864691134989425786,864691134918126346,1
864691134989461882,864691134918413066,2
864691134989463418,864691134885122810,1
864691134989463418,864691134918400522,1
864691134989471098,864691134917958922,2
864691134989471098,864691134918393098,5
864691134989483642,864691134918239498,1
864691134989485690,864691134885639674,2
864691134989505658,864691134940245859,1
864691134989578106,864691134886751994,2
864691134989629562,864691134886285306,1
864691134989629562,864691134886751994,1
864691134989761658,864691134920045834,1
864691134989854586,864691134918626314,1
864691134989909114,864691134918370826,1
864691134990334586,864691134885485562,2
864691134990334586,864691134920107018,1
864691134990466170,864691134886444794,1
864691134990548090,864691134918393098,1
864691134990596474,864691134886285306,1
864691134990596474,864691134886808314,1
864691134990596474,864691134918177546,1
864691134990631546,864691134886444794,1
864691134990847098,864691134885735418,1
864691134991040378,864691134887576314,2
864691134991040378,864691134918370826,1
864691134991100794,864691134917669642,1
864691134991193210,864691134887576314,1
864691135012362998,864691134885550330,1
864691135012376822,864691134940245859,1
864691135012458742,864691134886580474,1
864691135012483062,864691134885483770,2
864691135012550390,864691134917669642,1
864691135012857494,864691134918524938,1
864691135012868758,864691134919289610,1
864691135012878230,864691134884782586,1
864691135012883094,864691134918947338,1
864691135012884886,864691134918370826,1
864691135012895894,864691134885160442,2
864691135012895894,864691134918409482,1
864691135012896150,864691134885122810,1
864691135012995318,864691134940483171,1
864691135013093878,864691134886886906,2
864691135013260438,864691134885122810,2
864691135013295254,864691134886751994,2
864691135013300470,864691134918239498,1
864691135013310198,864691134886364922,1
864691135013325718,864691134918120458,1
864691135013325718,864691134918279946,4
864691135013336726,864691134940709475,1
864691135013374102,864691134885160442,1
864691135013377430,864691134885567738,2
864691135013421718,864691134918403850,1
864691135013503222,864691134885782778,1
864691135013522422,864691134886444794,1
864691135013522934,864691134886751994,3
864691135013528566,864691134885567738,1
864691135013538294,864691134918300682,2
864691135013546742,864691134885567738,1
864691135013554166,864691134918233610,1
864691135013596822,864691134918120458,1
864691135013637782,864691134920045834,1
864691135013677814,864691134886444794,1
864691135013677814,864691134918396938,1
864691135013694358,864691134885137402,5
864691135013699734,864691134918279946,1
864691135013727126,864691134885782778,1
864691135013747606,864691134885122810,2
864691135013781398,864691134885639674,1
864691135013799318,864691134885481722,2
864691135013838742,864691134917947914,1
864691135013881494,864691134918385930,1
864691135013890038,864691134918393098,2
864691135013908886,864691134885567738,1
864691135013908886,864691134918370826,4
864691135013908886,864691134939992931,1
864691135013909398,864691134885550330,1
864691135013909398,864691134885639674,2
864691135013909398,864691134917675530,1
864691135013909398,864691134918239498,2
864691135013909398,864691134918403850,8
864691135013909398,864691134920045834,1
864691135013909398,864691134940715619,1
864691135013919126,864691134885983482,1
864691135013919638,864691134940687459,8
864691135013925270,864691134918177546,1
864691135013931414,864691134885137402,1
864691135013958390,864691134885567738,1
864691135013958390,864691134885983482,1
864691135013958390,864691134918413066,3
864691135013965974,864691134886444794,1
864691135014099446,864691134918947338,1
864691135014184182,864691134886336506,1
864691135014209942,864691134940252003,1
864691135014258070,864691134885983482,2
864691135014258070,864691134886444794,8
864691135014276342,864691134885481722,1
864691135014285462,864691134918300682,1
864691135014359446,864691134885639674,1
864691135014383254,864691134885483770,2
864691135014442486,864691134884782586,5
864691135014442486,864691134918141962,7
864691135014442486,864691134918385930,4
864691135014442486,864691134940245859,3
864691135014606998,864691134885803258,1
864691135014672630,864691134939996003,1
864691135014681590,864691134886886906,1
864691135014696182,864691134885687802,1
864691135014751734,864691134886364922,1
864691135014751734,864691134918332682,7
864691135014759926,864691134886444794,1
864691135014759926,864691134920107018,1
864691135014868214,864691134918626314,2
864691135014975894,864691134886444794,1
864691135015011734,864691134918409482,1
864691135015096822,864691134918893066,1
864691135015153142,864691134918893066,1
864691135015322614,864691134886751994,2
864691135015322614,864691134918370826,1
864691135015324406,864691134918524938,1
864691135015346838,864691134918177546,1
864691135015350422,864691134886751994,2
864691135015364854,864691134918177546,1
864691135015437462,864691134887158266,1
864691135015437462,864691134918332682,1
864691135015437462,864691134940243299,4
864691135015440534,864691134940485219,4
864691135015605910,864691134886444794,2
864691135015605910,864691134886751994,1
864691135015632534,864691134885983482,1
864691135015632534,864691134918385930,1
864691135015655574,864691134918947338,3
864691135015755670,864691134885140218,1
864691135015755670,864691134886751994,1
864691135015755670,864691134886930170,1
864691135015755670,864691134917669642,2
864691135015792534,864691134918370826,1
864691135015792534,864691134918947338,1
864691135015792534,864691134920045834,1
864691135015800470,864691134886444794,1
864691135015822742,864691134885735418,1
864691135015822742,864691134918385930,1
864691135015822742,864691134939988067,2
864691135015849366,864691134917947914,1
864691135015849366,864691134918177546,1
864691135058539675,864691134887576314,1
864691135058548379,864691134918120458,2
864691135058583963,864691134885639674,1
864691135058885275,864691134940485219,1
864691135058889115,864691134918385930,4
864691135059143323,864691134885639674,2
864691135059358875,864691134885782778,1
864691135059484059,864691134918279946,1
864691135059484059,864691134940380259,1
864691135059522971,864691134940380259,1
864691135059539099,864691134885122810,2
864691135059539099,864691134918400522,1
864691135059540635,864691134885735418,1
864691135059548315,864691134886751994,1
864691135059558299,864691134918249738,1
864691135059558811,864691134918233610,1
864691135059558811,864691134940483171,2
864691135059768475,864691134918396938,1
864691135060103067,864691134918393098,1
864691135060651419,864691134918409482,2
864691135060740507,864691134885481722,1
864691135060772763,864691134887158266,1
864691135060772763,864691134918947338,1
864691135060842395,864691134886808314,1
864691135060842395,864691134918177546,1
864691135060887707,864691134886285306,3
864691135060906907,864691134885460218,1
864691135060968091,864691134885735418,2
864691135060968091,864691134918947338,5
864691135060968859,864691134886930170,1
864691135060975003,864691134886751994,1
864691135060992155,864691134887576314,1
864691135060992155,864691134920035082,2
864691135064999748,864691134939992931,1
864691135065090372,864691134885481722,1
864691135065128260,864691134885137402,1
864691135065128260,864691134885481722,1
864691135065128260,864691134885639674,1
864691135065334340,864691134918310154,1
864691135065351492,864691134886444794,1
864691135065740100,864691134887576314,1
864691135065762628,864691134918393098,1
864691135065824836,864691134885687802,1
864691135065930052,864691134885137402,1
864691135065957188,864691134920035082,1
864691135065986884,864691134884782586,1
864691135065994564,864691134917858314,1
864691135066013508,864691134885782778,1
864691135066013508,864691134920035082,1
864691135066014788,864691134940483171,1
864691135066349124,864691134886930170,1
864691135066349124,864691134917669642,2
864691135066403908,864691134886886906,2
864691135066403908,864691134918120458,1
864691135066403908,864691134920107018,1
864691135066403908,864691134940060771,1
864691135066507076,864691134918403850,1
864691135066596676,864691134885137402,1
864691135066794820,864691134886336506,1
864691135066818116,864691134885567738,1
864691135066892868,864691134918233610,1
864691135066945348,864691134885782778,1
864691135067053124,864691134885160442,1
864691135067053124,864691134918141962,5
864691135067053124,864691134918300682,1
864691135067053124,864691134918385930,9
864691135067053124,864691134939988067,1
864691135067053124,864691134940245859,1
864691135067066948,864691134918332682,1
864691135067149636,864691134939996003,1
864691135067192900,864691134918893066,1
864691135067476548,864691134885803258,4
864691135067476548,864691134917958922,1
864691135067476548,864691134940715619,1
864691135067516484,864691134918393098,1
864691135067516484,864691134918524938,1
864691135067531588,864691134886930170,1
864691135067645764,864691134886285306,1
864691135067645764,864691134886751994,15
864691135067645764,864691134918332682,2
864691135067961668,864691134920107018,1
864691135067979332,864691134885735418,1
864691135067979332,864691134885803258,12
864691135067979332,864691134887576314,1
864691135067979332,864691134917958922,3
864691135067979332,864691134918249738,1
864691135067979332,864691134918409482,8
864691135067979332,864691134920045834,5
864691135067979332,864691134939988067,4
864691135067979332,864691134940485219,2
864691135067979332,864691134940715619,1
864691135081624823,864691134918113546,2
864691135081640439,864691134885687802,1
864691135081648887,864691134918393098,1
864691135081648887,864691134939988067,1
864691135081732087,864691134885983482,1
864691135082003959,864691134885460218,2
864691135082007287,864691134940245859,2
864691135082259703,864691134940105315,2
864691135082420215,864691134885460218,1
864691135082420215,864691134940245859,1
864691135082467319,864691134918300682,1
864691135082469879,864691134918120458,1
864691135082510583,864691134918409482,1
864691135082525943,864691134940380259,3
864691135082636023,864691134918300682,1
864691135082697975,864691134917669642,1
864691135082714871,864691134885137402,1
864691135082722807,864691134918413066,1
864691135082724599,864691134885717498,1
864691135082724599,864691134885983482,1
864691135082729207,864691134917669642,1
864691135082735863,864691134918684170,1
864691135082740727,864691134918233610,1
864691135082818295,864691134885639674,1
864691135082882295,864691134886336506,1
864691135082891255,864691134917675530,1
864691135082891255,864691134918396938,1
864691135083033847,864691134885160442,1
864691135083549687,864691134885137402,1
864691135083549687,864691134918249738,1
864691135083549687,864691134918893066,1
864691135083577335,864691134917947914,1
864691135083595255,864691134917858314,4
864691135083595255,864691134918279946,1
864691135083595255,864691134940060771,1
864691135083629303,864691134885137402,1
864691135083629303,864691134886444794,2
864691135083812599,864691134885782778,1
864691135083812599,864691134920035082,1
864691135083846903,864691134886751994,1
864691135083846903,864691134917669642,4
864691135083846903,864691134918332682,2
864691135084038647,864691134886580474,1
864691135084038647,864691134918893066,1
864691135084073207,864691134885160442,1
864691135084148983,864691134917947914,3
864691135084148983,864691134918177546,1
864691135084148983,864691134918249738,1
864691135084156919,864691134885803258,1
864691135084196855,864691134886336506,2
864691135084196855,864691134886751994,1
864691135084196855,864691134918177546,2
864691135084196855,864691134940060771,1
864691135099855904,864691134917669642,1
864691135099864608,864691134885460218,1
864691135099864608,864691134886828794,1
864691135099874080,864691134940252003,1
864691135100140576,864691134885137402,1
864691135100140576,864691134885552122,1
864691135100140576,864691134917675530,1
864691135100233248,864691134918310154,1
864691135100276000,864691134918126346,1
864691135100758304,864691134885567738,1
864691135100785696,864691134918596106,1
864691135100919584,864691134918126346,1
864691135100926752,864691134919289610,1
864691135100933664,864691134885137402,1
864691135100935712,864691134918370826,1
864691135100935712,864691134939992931,1
864691135100940064,864691134918409482,1
864691135101096480,864691134918413066,1
864691135101235488,864691134885803258,1
864691135101595680,864691134886444794,1
864691135101595680,864691134886580474,1
864691135101595680,864691134886751994,2
864691135101640736,864691134885485562,2
864691135101640736,864691134918840586,1
864691135101921568,864691134885460218,1
864691135101921568,864691134885567738,1
864691135102167072,864691134885983482,1
864691135102192160,864691134920107018,2
864691135102241312,864691134886751994,1
864691135102241312,864691134917669642,1
864691135102356000,864691134885956858,1
864691135102381856,864691134918893066,1
864691135102385696,864691134885782778,2
864691135102385696,864691134886580474,1
864691135102513952,864691134918177546,1
864691135102527520,864691134885735418,1
864691135102527520,864691134939988067,1
864691135102580256,864691134886751994,1
864691135102580256,864691134918893066,2
864691135103985741,864691134940483171,1
864691135103986509,864691134885567738,1
864691135103991117,864691134918385930,1
864691135104309325,864691134940105315,1
864691135104867661,864691134919289610,1
864691135104874317,864691134940715619,1
864691135104891981,864691134918310154,1
864691135104903501,864691134940483171,1
864691135104926285,864691134885575930,1
864691135104945997,864691134885550330,1
864691135104951629,864691134885481722,1
864691135105044301,864691134917669642,1
864691135105046349,864691134885639674,1
864691135105048397,864691134917858314,1
864691135105049165,864691134917945866,1
864691135105050189,864691134885687802,1
864691135105051213,864691134918178314,1
864691135105051213,864691134918233610,1
864691135105052749,864691134885567738,3
864691135105052749,864691134885983482,2
864691135105068109,864691134885122810,1
864691135105524557,864691134918393098,1
864691135106189901,864691134886336506,2
864691135106189901,864691134886930170,1
864691135106189901,864691134920107018,4
864691135106309709,864691134886285306,2
864691135106468685,864691134918332682,1
864691135106519117,864691134886444794,1
864691135106558797,864691134886808314,1
864691135106716493,864691134885735418,1
864691135106716493,864691134918893066,1
864691135113142425,864691134886444794,1
864691135113142425,864691134918413066,1
864691135113360025,864691134886808314,2
864691135113360025,864691134920107018,1
864691135113529753,864691134886336506,1
864691135113530265,864691134918396938,1
864691135113588377,864691134918626314,1
864691135113620889,864691134885140218,1
864691135113620889,864691134886364922,1
864691135113632409,864691134885717498,1
864691135113638297,864691134940105315,2
864691135113649561,864691134918141450,1
864691135113649561,864691134940213347,1
864691135113649561,864691134940380259,1
864691135113686937,864691134918409482,1
864691135113712537,864691134885460218,1
864691135113733529,864691134885550330,1
864691135113916569,864691134940715619,2
864691135114000281,864691134886444794,1
864691135114003609,864691134885481722,1
864691135114006169,864691134885567738,2
864691135114006169,864691134885983482,1
864691135114060185,864691134886751994,1
864691135114149529,864691134886444794,1
864691135114153113,864691134920035082,1
864691135114169753,864691134885550330,1
864691135114169753,864691134918300682,1
864691135114169753,864691134940715619,1
864691135114175129,864691134917675530,1
864691135114295961,864691134918393098,1
864691135114458521,864691134886886906,1
864691135114499481,864691134886580474,1
864691135115049881,864691134918300682,1
864691135115058329,864691134885782778,3
864691135115145625,864691134940060771,1
864691135115225753,864691134885687802,1
864691135115225753,864691134886751994,2
864691135115282329,864691134885567738,1
864691135115282329,864691134885983482,1
864691135115282329,864691134918370826,1
864691135115282329,864691134918947338,2
864691135115282329,864691134939992931,1
864691135115393433,864691134886285306,1
864691135115393433,864691134918177546,2
864691135115400857,864691134917669642,1
864691135115424665,864691134885639674,2
864691135117801437,864691134885803258,1
864691135117818077,864691134918178314,2
864691135117837789,864691134885552122,1
864691135118137309,864691134918385930,1
864691135118197469,864691134885481722,1
864691135118210269,864691134886364922,1
864691135118298333,864691134886444794,1
864691135118298333,864691134918370826,1
864691135118298845,864691134918393098,2
864691135118531037,864691134885983482,1
864691135118668765,864691134918233610,1
864691135118668765,864691134939996003,1
864691135118706909,864691134918126346,1
864691135118706909,864691134918279946,1
864691135118741725,864691134918300682,1
864691135118748125,864691134885137402,1
864691135118756317,864691134885483770,1
864691135118902749,864691134885983482,1
864691135118902749,864691134917945866,1
864691135118918109,864691134919289610,5
864691135119048157,864691134917675530,1
864691135119436765,864691134886285306,1
864691135119506909,864691134885137402,1
864691135119506909,864691134885567738,1
864691135119506909,864691134885983482,3
864691135119506909,864691134918370826,1
864691135119506909,864691134918947338,1
864691135119800285,864691134885803258,1
864691135119800797,864691134885782778,5
864691135119800797,864691134886930170,2
864691135119800797,864691134887158266,1
864691135119825885,864691134885137402,1
864691135119839453,864691134920035082,1
864691135119866845,864691134885552122,2
864691135119866845,864691134885803258,2
864691135119866845,864691134885983482,2
864691135119866845,864691134917675530,1
864691135119866845,864691134918370826,1
864691135119866845,864691134918403850,10
864691135119866845,864691134939988067,1
864691135119866845,864691134940485219,5
864691135119866845,864691134940715619,1
864691135119891165,864691134918947338,1
864691135119912413,864691134885140218,1
864691135119912413,864691134886751994,1
864691135119923677,864691134886930170,3
864691135119923677,864691134917947914,1
864691135119924445,864691134886751994,1
864691135119938781,864691134886364922,1
864691135122315815,864691134885481722,5
864691135122329127,864691134885702394,2
864691135122417959,864691134885481722,2
864691135122771239,864691134917947914,1
864691135122791207,864691134917675530,1
864691135122791207,864691134940387683,1
864691135122791207,864691134940715619,3
864691135123112999,864691134920045834,1
864691135123161639,864691134918393098,1
864691135123178023,864691134918315786,1
864691135123316519,864691134885122810,2
864691135123330087,864691134919289610,5
864691135123334183,864691134885717498,1
864691135123334695,864691134886751994,1
864691135123335463,864691134940687459,4
864691135123576103,864691134885803258,1
864691135123576103,864691134885983482,2
864691135123576103,864691134917675530,1
864691135123605799,864691134940715619,1
864691135123805735,864691134918393098,2
864691135123807271,864691134918300682,3
864691135123807271,864691134918403850,2
864691135123833127,864691134887576314,1
864691135123962407,864691134885983482,1
864691135123962407,864691134918370826,1
864691135123962407,864691134940485219,2
864691135124199463,864691134886751994,1
864691135124213543,864691134885460218,1
864691135124213543,864691134885735418,1
864691135124213543,864691134918141962,4
864691135124547111,864691134885481722,1
864691135124547111,864691134918524938,1
864691135124571943,864691134885137402,1
864691135124571943,864691134886444794,2
864691135124690471,864691134918893066,2
864691135124713767,864691134887158266,1
864691135124761383,864691134885137402,3
864691135124761383,864691134887576314,2
864691135124761383,864691134920035082,1
864691135124801319,864691134885550330,1
864691135124801319,864691134918403850,1
864691135124803111,864691134887576314,1
864691135124803111,864691134918524938,1
864691135124803111,864691134918893066,6
864691135132653472,864691134918178314,1
864691135132887456,864691134940243299,2
864691135132958112,864691134917881098,1
864691135133039008,864691134917958922,1
864691135133039008,864691134918393098,1
864691135133065120,864691134940483171,1
864691135133146272,864691134885702394,1
864691135133308064,864691134885481722,1
864691135133367968,864691134885140218,1
864691135133381792,864691134918141962,1
864691135133556128,864691134939996003,1
864691135133558432,864691134886828794,1
864691135133580960,864691134887158266,1
864691135133593248,864691134885639674,1
864691135133598624,864691134886751994,2
864691135133683104,864691134886444794,1
864691135133884320,864691134918233610,1
864691135133921184,864691134918178314,1
864691135134201248,864691134917669642,1
864691135134565280,864691134885137402,1
864691135134565280,864691134918393098,1
864691135134565280,864691134918524938,5
864691135134690073,864691134885460218,1
864691135134690329,864691134885481722,2
864691135134695328,864691134885481722,1
864691135134701081,864691134940380259,1
864691135134715417,864691134885567738,1
864691135134715417,864691134885983482,1
864691135134846880,864691134885803258,1
864691135134846880,864691134918249738,4
864691135134846880,864691134918524938,1
864691135134852256,864691134918249738,1
864691135134873504,864691134918893066,1
864691135134874784,864691134886930170,1
864691135134921888,864691134920107018,1
864691135134945184,864691134886444794,2
864691135134957472,864691134886285306,2
864691135134957472,864691134886751994,15
864691135135026336,864691134885735418,1
864691135135044512,864691134939992931,1
864691135135053728,864691134886930170,4
864691135135053728,864691134918249738,2
864691135135053728,864691134918893066,4
864691135135053728,864691134920035082,2
864691135135075744,864691134885137402,1
864691135135075744,864691134886580474,1
864691135135075744,864691134918300682,1
864691135135079449,864691134885552122,1
864691135135085728,864691134885782778,1
864691135135085728,864691134917858314,1
864691135135085728,864691134919289610,4
864691135135085728,864691134940380259,1
864691135135132576,864691134885160442,1
864691135135145632,864691134886444794,1
864691135135163552,864691134887576314,1
864691135135163552,864691134918893066,1
864691135135411993,864691134885137402,1
864691135135411993,864691134885639674,1
864691135135485209,864691134886580474,3
864691135135519513,864691134940380259,1
864691135135546649,864691134918279946,2
864691135135616793,864691134918332682,1
864691135135622425,864691134918249738,1
864691135135653913,864691134918120458,1
864691135135661849,864691134885567738,1
864691135135661849,864691134885983482,1
864691135135661849,864691134918370826,2
864691135135669273,864691134918300682,2
864691135135675417,864691134885575930,1
864691135135700249,864691134886886906,1
864691135135781913,864691134885137402,1
864691135135816473,864691134885550330,1
864691135136105241,864691134920107018,1
864691135136300057,864691134920045834,2
864691135136300057,864691134939988067,3
864691135136320025,864691134886828794,5
864691135136445209,864691134886580474,1
864691135136525337,864691134885782778,2
864691135136564505,864691134886444794,1
864691135136564505,864691134918524938,1
864691135136596761,864691134918413066,1
864691135136889369,864691134918409482,2
864691135136889369,864691134918524938,1
864691135136893209,864691134918385930,1
864691135136893209,864691134940245859,1
864691135137105177,864691134887158266,1
864691135137105177,864691134939992931,1
864691135137299225,864691134918893066,2
864691135137299481,864691134886930170,1
864691135137357081,864691134885735418,2
864691135137357081,864691134918249738,2
864691135137357081,864691134918524938,6
864691135137427993,864691134919289610,3
864691135137446681,864691134918249738,5
864691135137446681,864691134918893066,1
864691135137446681,864691134939988067,2
864691135155502692,864691134885782778,1
864691135155505252,864691134919289610,1
864691135155543140,864691134885717498,1
864691135155566692,864691134918332682,1
864691135155902820,864691134885803258,1
864691135155908452,864691134918300682,1
864691135156126052,864691134940387683,1
864691135156284004,864691134886336506,1
864691135156312164,864691134918126346,1
864691135156312164,864691134940060771,1
864691135156360036,864691134885803258,1
864691135156367716,864691134918120458,1
864691135156381284,864691134918393098,1
864691135156487780,864691134917858314,1
864691135156563300,864691134885481722,1
864691135156588132,864691134885639674,1
864691135156603236,864691134918524938,1
864691135156763748,864691134885481722,1
864691135156880996,864691134918385930,1
864691135156904804,864691134886751994,1
864691135157194596,864691134886751994,2
864691135157194596,864691134917669642,1
864691135157210468,864691134886444794,1
864691135157312612,864691134918300682,1
864691135157332068,864691134920107018,1
864691135157342308,864691134885803258,1
864691135157560676,864691134917669642,1
864691135157652068,864691134918141450,1
864691135157784932,864691134918332682,1
864691135158055012,864691134885140218,1
864691135158055012,864691134886364922,1
864691135162629677,864691134885567738,1
864691135162904621,864691134918300682,1
864691135162909229,864691134887158266,1
864691135163136813,864691134917392394,2
864691135163195437,864691134885122810,1
864691135163286061,864691134885122810,1
864691135163342125,864691134885575930,1
864691135163346221,864691134886751994,1
864691135163348781,864691134918178314,1
864691135163356717,864691134918400522,1
864691135163356717,864691134940483171,1
864691135163359789,864691134886751994,1
864691135163372333,864691134885460218,1
864691135163379245,864691134918141962,2
864691135163379245,864691134918385930,2
864691135163382573,864691134885481722,1
864691135163734317,864691134885687802,1
864691135163912237,864691134885803258,3
864691135163912237,864691134939988067,1
864691135163912237,864691134940485219,3
864691135163946029,864691134885140218,1
864691135164160557,864691134918233610,1
864691135164186413,864691134918393098,1
864691135164312877,864691134918120458,1
864691135164408365,864691134885550330,1
864691135164408365,864691134918393098,1
864691135164408365,864691134940715619,1
864691135164408621,864691134885567738,1
864691135164567085,864691134885137402,1
864691135164567085,864691134918177546,1
864691135164567085,864691134918947338,7
864691135164662829,864691134940105315,1
864691135164703277,864691134885735418,6
864691135164703277,864691134918524938,1
864691135164804909,864691134886930170,1
864691135164857133,864691134920035082,2
864691135164857133,864691134939992931,1
864691135165011245,864691134885735418,1
864691135165011245,864691134940213347,1
864691135165012781,864691134885782778,1
864691135165035821,864691134918840586,1
864691135165036077,864691134885782778,1
864691135165106477,864691134918332682,1
864691135165106477,864691134940105315,2
864691135181755650,864691134918684170,1
864691135181768962,864691134918239498,1
864691135181773314,864691134918233610,1
864691135181773314,864691134940245859,1
864691135181773314,864691134940483171,5
864691135181804802,864691134918400522,2
864691135182195970,864691134885735418,1
864691135182201346,864691134886444794,2
864691135182226946,864691134918393098,1
864691135182377986,864691134886444794,1
864691135182539778,864691134886285306,1
864691135182624002,864691134886336506,1
864691135182713602,864691134918141962,1
864691135182713602,864691134918403850,3
864691135182803970,864691134885122810,1
864691135182812418,864691134886886906,1
864691135182816770,864691134917669642,1
864691135182824450,864691134885550330,1
864691135182824450,864691134940715619,1
864691135182829826,864691134886886906,1
864691135182829826,864691134917858314,1
864691135183025154,864691134887158266,2
864691135183507970,864691134917858314,1
864691135183507970,864691134918279946,1
864691135183789314,864691134918239498,1
864691135183789314,864691134918400522,1
864691135183968514,864691134887576314,1
864691135183999490,864691134917669642,1
864691135184087554,864691134885137402,1
864691135184087554,864691134885803258,8
864691135184087554,864691134917958922,3
864691135184087554,864691134918393098,3
864691135184087554,864691134918403850,1
864691135184087554,864691134918409482,4
864691135184087554,864691134918524938,1
864691135184104194,864691134918893066,1
864691135184119810,864691134886751994,1
864691135184160002,864691134918332682,4
864691135184279042,864691134885735418,1
864691135184279042,864691134918524938,3
864691135184279042,864691134918893066,2
864691135184279042,864691134940709475,1
864691135194395434,864691134885702394,1
864691135194413354,864691134918413066,1
864691135194713642,864691134885481722,1
864691135194877738,864691134885552122,1
864691135194949674,864691134918233610,1
864691135194970154,864691134918385930,1
864691135194978602,864691134885983482,1
864691135195139626,864691134884782586,2
864691135195139626,864691134918385930,1
864691135195321642,864691134886808314,1
864691135195424810,864691134885550330,1
864691135195424810,864691134918233610,1
864691135195424810,864691134940715619,1
864691135195460394,864691134918300682,1
864691135195468586,864691134886886906,1
864691135195468586,864691134918279946,5
864691135195468586,864691134920107018,1
864691135195469354,864691134918393098,1
864691135195469354,864691134918409482,1
864691135195469354,864691134918626314,1
864691135195486506,864691134886444794,1
864691135195486506,864691134918370826,1
864691135195556906,864691134885485562,1
864691135195558698,864691134939992931,3
864691135195825450,864691134918370826,1
864691135196201514,864691134885483770,1
864691135196201514,864691134918310154,1
864691135196385578,864691134885687802,1
864691135196632106,864691134920035082,1
864691135196752170,864691134885735418,1
864691135196752170,864691134918947338,1
864691135207716217,864691134885782778,1
864691135207761017,864691134885483770,1
864691135207762297,864691134917675530,1
864691135207775097,864691134918279946,1
864691135208051833,864691134940105315,1
864691135208060793,864691134920107018,1
864691135208060793,864691134940060771,1
864691135208099961,864691134885481722,1
864691135208409209,864691134917945866,1
864691135208441465,864691134917669642,2
864691135208514169,864691134885137402,1
864691135208514169,864691134885639674,1
864691135208515705,864691134885687802,1
864691135208519801,864691134940060771,1
864691135208674681,864691134918524938,2
864691135208678521,864691134886285306,1
864691135208685433,864691134886751994,1
864691135208687225,864691134885639674,1
864691135208688761,864691134886886906,1
864691135208689529,864691134885782778,1
864691135208692089,864691134940380259,1
864691135208707193,864691134917669642,1
864691135208711289,864691134918385930,1
864691135208711289,864691134940245859,1
864691135208723577,864691134917945866,1
864691135209080697,864691134885483770,4
864691135209080697,864691134918400522,2
864691135209080697,864691134940483171,4
864691135209194617,864691134918393098,1
864691135209280633,864691134918524938,1
864691135209280633,864691134918947338,1
864691135209280633,864691134939988067,2
864691135209292921,864691134918413066,2
864691135209292921,864691134918626314,2
864691135209378681,864691134886364922,1
864691135209525113,864691134940105315,1
864691135209739385,864691134918332682,1
864691135209739385,864691134940105315,11
864691135209929593,864691134885803258,1
864691135209929593,864691134917958922,1
864691135209929593,864691134939988067,1
864691135209947769,864691134885782778,1
864691135210027200,864691134940483171,1
864691135210040512,864691134885550330,1
864691135210040512,864691134940387683,1
864691135210048448,864691134917858314,1
864691135210066368,864691134918524938,1
864691135210074048,864691134917958922,16
864691135210074048,864691134918385930,1
864691135210178169,864691134886930170,4
864691135210178169,864691134918893066,2
864691135210261113,864691134886444794,2
864691135210363001,864691134918141962,1
864691135210363001,864691134918300682,1
864691135210400960,864691134885140218,2
864691135210446457,864691134885803258,6
864691135210446457,864691134918249738,5
864691135210446457,864691134918393098,4
864691135210446457,864691134918409482,5
864691135210446457,864691134918524938,1
864691135210446457,864691134920045834,1
864691135210446457,864691134939988067,2
864691135210447481,864691134885803258,3
864691135210447481,864691134918393098,1
864691135210447481,864691134918947338,2
864691135210447481,864691134920045834,1
864691135210785472,864691134918626314,1
864691135210792384,864691134886444794,1
864691135210800320,864691134885639674,1
864691135210817216,864691134886285306,1
864691135210834368,864691134918370826,1
864691135210864064,864691134886886906,1
864691135210968768,864691134885639674,1
864691135211016896,864691134917958922,1
864691135211058880,864691134918178314,1
864691135211065024,864691134885575930,1
864691135211106752,864691134940687459,1
864691135211205312,864691134886751994,1
864691135211205824,864691134885137402,2
864691135211266496,864691134918141962,1
864691135211266496,864691134918385930,1
864691135211306176,864691134920035082,1
864691135211401408,864691134918113546,1
864691135211423680,864691134918370826,1
864691135211488960,864691134886751994,2
864691135211591360,864691134885639674,1
864691135211708352,864691134885803258,1
864691135211724224,864691134918120458,1
864691135211755456,864691134887158266,1
864691135211755456,864691134939992931,3
864691135212143040,864691134886828794,3
864691135212143040,864691134918413066,1
864691135212307136,864691134918409482,1
864691135212363712,864691134885735418,1
864691135212363712,864691134940709475,1
864691135212411328,864691134917669642,1
864691135212508096,864691134885735418,5
864691135212508096,864691134918524938,1
864691135212508096,864691134939988067,1
864691135212576960,864691134940245859,1
864691135212607168,864691134918370826,1
864691135212619136,864691134917881098,1
864691135212699776,864691134885122810,1
864691135212731264,864691134940387683,1
864691135212863360,864691134885160442,1
864691135212863360,864691134885735418,1
864691135212863360,864691134940483171,1
864691135212950656,864691134918393098,1
864691135213001784,864691134886580474,1
864691135213048632,864691134918413066,1
864691135213049144,864691134885550330,2
864691135213077304,864691134886364922,4
864691135213077304,864691134918332682,1
864691135213207680,864691134918141962,1
864691135213207680,864691134918385930,1
864691135213207680,864691134940245859,1
864691135213255296,864691134917945866,1
864691135213508920,864691134885983482,1
864691135213537848,864691134885782778,2
864691135213562752,864691134918396938,1
864691135213581696,864691134886808314,2
864691135213621632,864691134940380259,1
864691135213643648,864691134885550330,1
864691135213664384,864691134885485562,1
864691135213703808,864691134918126346,1
864691135213708928,864691134886828794,2
864691135213715584,864691134917675530,4
864691135213715584,864691134918403850,1
864691135213715584,864691134940387683,1
864691135213715584,864691134940715619,1
864691135213726848,864691134918385930,1
864691135213726848,864691134940245859,1
864691135213726848,864691134940483171,1
864691135213727616,864691134886336506,1
864691135213801344,864691134885575930,1
864691135213804344,864691134885481722,2
864691135214003584,864691134885485562,1
864691135214003584,864691134886751994,2
864691135214029880,864691134885803258,2
864691135214032440,864691134917858314,1
864691135214032440,864691134918315786,1
864691135214034744,864691134885717498,1
864691135214044984,864691134885460218,2
864691135214044984,864691134918596106,1
864691135214125368,864691134886751994,2
864691135214158648,864691134918120458,1
864691135214163768,864691134885485562,1
864691135214246528,864691134886930170,1
864691135214260280,864691134885550330,1
864691135214377016,864691134917947914,1
864691135214381440,864691134885803258,1
864691135214381440,864691134917958922,2
864691135214381440,864691134918393098,8
864691135214381440,864691134940485219,4
864691135214381440,864691134940715619,1
864691135214442368,864691134886285306,1
864691135214459264,864691134886751994,1
864691135214467640,864691134886285306,2
864691135214467640,864691134886886906,7
864691135214467640,864691134917669642,1
864691135214568504,864691134885137402,1
864691135214568504,864691134917675530,1
864691135214568504,864691134918300682,1
864691135214568504,864691134918393098,1
864691135214568504,864691134918524938,1
864691135214643256,864691134887576314,2
864691135214653240,864691134886444794,1
864691135214823552,864691134918893066,1
864691135214966656,864691134918249738,2
864691135214966656,864691134918393098,1
864691135214970752,864691134917947914,1
864691135214970752,864691134918947338,2
864691135214970752,864691134940709475,1
864691135215108736,864691134885735418,2
864691135215108736,864691134918300682,1
864691135215108736,864691134918409482,1
864691135215108736,864691134920045834,2
864691135215108736,864691134940709475,1
864691135215108736,864691134940715619,1
864691135215120184,864691134918684170,2
864691135215142528,864691134920107018,1
864691135215148088,864691134885803258,1
864691135215148088,864691134917958922,3
864691135215148088,864691134918141962,1
864691135215148088,864691134918393098,1
864691135215148088,864691134918403850,4
864691135215148088,864691134939988067,2
864691135215170360,864691134885481722,5
864691135215175040,864691134918893066,1
864691135215217280,864691134917669642,1
864691135215217280,864691134918332682,1
864691135215218488,864691134917669642,1
864691135215236920,864691134886364922,1
864691135215254584,864691134886751994,2
864691135215254584,864691134886930170,1
864691135215281464,864691134885160442,3
864691135215281464,864691134918393098,1
864691135215313464,864691134886808314,1
864691135215320376,864691134885735418,2
864691135215320376,864691134918409482,1
864691135215320376,864691134920045834,1
864691135215331896,864691134885803258,1
864691135215331896,864691134887576314,1
864691135215331896,864691134918409482,1
864691135215331896,864691134918524938,1
864691135215403320,864691134886444794,1
864691135215434552,864691134918396938,1
864691135215450936,864691134886886906,2
864691135215459640,864691134940715619,1
864691135233109849,864691134886364922,1
864691135233117017,864691134885552122,1
864691135233128537,864691134918239498,1
864691135233242713,864691134885639674,1
864691135233563481,864691134886828794,1
864691135233568857,864691134885956858,3
864691135233568857,864691134887158266,2
864691135233647705,864691134917675530,2
864691135233822041,864691134917958922,1
864691135233866585,864691134939988067,1
864691135233929561,864691134917881098,2
864691135234068313,864691134885639674,1
864691135234074713,864691134918249738,1
864691135234193753,864691134918332682,2
864691135234277977,864691134885983482,2
864691135234402137,864691134918893066,1
864691135234404441,864691134918370826,1
864691135234633049,864691134885782778,5
864691135234998617,864691134884740346,1
864691135234998617,864691134918332682,5
864691135235060313,864691134886285306,1
864691135235196249,864691134940105315,1
864691135235206489,864691134918947338,1
864691135235344985,864691134885481722,2
864691135235344985,864691134918684170,1
864691135235363417,864691134886285306,1
864691135235363417,864691134886751994,1
864691135235363417,864691134917669642,3
864691135235386713,864691134885782778,4
864691135235386713,864691134920035082,1
864691135235389017,864691134918370826,1
864691135235389017,864691134918385930,1
864691135235389017,864691134939992931,1
864691135235389017,864691134940485219,1
864691135235389017,864691134940709475,1
864691135235389017,864691134940715619,2
864691135235437913,864691134886930170,1
864691135235437913,864691134918249738,1
864691135235437913,864691134918893066,1
864691135235459417,864691134886930170,1
864691135235496025,864691134918385930,1
864691135235506009,864691134917669642,3
864691135235527513,864691134886751994,2
864691135235527513,864691134887576314,1
864691135235527513,864691134917947914,1
864691135256138415,864691134918524938,1
864691135256546479,864691134918300682,2
864691135256933039,864691134886751994,1
864691135256941231,864691134918178314,1
864691135257056175,864691134885122810,1
864691135257083823,864691134885717498,1
864691135257139887,864691134886886906,1
864691135257174959,864691134917881098,1
864691135257241007,864691134886751994,1
864691135257404079,864691134940718179,1
864691135257511599,864691134918393098,1
864691135257589679,864691134884782586,2
864691135257589679,864691134918400522,1
864691135257589679,864691134940483171,2
864691135257669039,864691134940245859,1
864691135257674415,864691134918120458,1
864691135258137263,864691134917669642,1
864691135258169775,864691134887158266,2
864691135258489519,864691134886285306,1
864691135258489519,864691134886751994,1
864691135258489519,864691134886930170,1
864691135258490287,864691134918524938,1
864691135258508207,864691134918393098,2
864691135258554031,864691134886751994,1
864691135258554031,864691134917669642,1
864691135258635183,864691134918249738,1
864691135258655151,864691134886364922,1
864691135258655151,864691134940105315,16
864691135258681007,864691134885803258,2
864691135258681007,864691134918409482,4
864691135258681007,864691134939988067,1
864691135258773679,864691134886336506,1
864691135258774191,864691134885552122,1
864691135258774191,864691134885717498,1
864691135258774191,864691134917675530,1
864691135258774191,864691134917947914,4
864691135269685413,864691134886444794,1
864691135269697957,864691134917881098,1
864691135269818277,864691134886336506,1
864691135270063013,864691134885567738,1
864691135270154405,864691134885550330,1
864691135270345125,864691134940105315,2
864691135270378149,864691134886444794,1
864691135270505893,864691134885567738,1
864691135270538917,864691134918626314,1
864691135270550437,864691134918409482,1
864691135270558629,864691134885481722,1
864691135270560933,864691134885639674,1
864691135270580133,864691134918233610,1
864691135270580389,864691134885481722,1
864691135270584741,864691134918626314,1
864691135270590373,864691134918141962,1
864691135270626725,864691134917669642,1
864691135270769573,864691134918524938,1
864691135270847397,864691134885983482,3
864691135271112613,864691134917675530,1
864691135271112613,864691134918403850,1
864691135271112613,864691134940709475,1
864691135271195301,864691134886886906,1
864691135271394469,864691134886580474,4
864691135271627173,864691134886285306,1
864691135271730597,864691134885567738,1
864691135271730597,864691134939992931,1
864691135271915173,864691134886751994,1
864691135271915173,864691134920107018,1
864691135271970725,864691134885735418,1
864691135271970725,864691134886336506,1
864691135271970725,864691134918332682,2
864691135271970725,864691134920045834,5
864691135272105125,864691134886886906,1
864691135272105125,864691134918126346,1
864691135272105125,864691134920107018,1
864691135272105125,864691134940652643,1
864691135272160677,864691134886751994,1
864691135272218021,864691134884782586,1
864691135272218021,864691134885550330,1
864691135272218021,864691134918385930,2
864691135272218021,864691134940483171,1
864691135272220581,864691134918249738,1
864691135272252837,864691134886930170,2
864691135272252837,864691134918893066,6
864691135272285093,864691134886930170,1
864691135272567825,864691134885140218,1
864691135272598289,864691134885160442,1
864691135272792593,864691134885552122,1
864691135272821009,864691134885550330,1
864691135272843537,864691134918385930,1
864691135272924689,864691134918385930,1
864691135272971025,864691134918370826,1
864691135273059089,864691134940687459,1
864691135273079057,864691134918126346,2
864691135273080337,864691134920035082,1
864691135273134353,864691134940380259,1
864691135273149457,864691134939996003,1
864691135273177105,864691134918300682,1
864691135273221393,864691134885803258,1
864691135273221393,864691134917958922,8
864691135273221393,864691134918393098,2
864691135273221393,864691134940485219,2
864691135273234961,864691134885550330,1
864691135273260305,864691134885735674,1
864691135273287441,864691134940213347,1
864691135273375249,864691134885481722,1
864691135273509649,864691134918177546,1
864691135273544465,864691134918300682,2
864691135273568273,864691134886444794,1
864691135273652753,864691134885639674,1
864691135274090469,864691134917958922,1
864691135274090981,864691134918385930,1
864691135274101477,864691134918332682,1
864691135274109925,864691134884782586,1
864691135274123237,864691134885122810,1
864691135274511333,864691134918385930,1
864691135274512357,864691134917958922,2
864691135274512357,864691134918393098,1
864691135274525413,864691134886364922,1
864691135274525413,864691134887158266,1
864691135274525413,864691134918332682,1
864691135274525413,864691134940243299,1
864691135274546961,864691134885735674,1
864691135274573541,864691134940105315,1
864691135274590481,864691134920035082,1
864691135274599653,864691134918393098,1
864691135274708753,864691134885735418,6
864691135274708753,864691134886930170,1
864691135274708753,864691134918332682,1
864691135274738193,864691134885782778,1
864691135274738193,864691134940380259,1
864691135274830353,864691134885567738,1
864691135274944997,864691134918393098,1
864691135274965477,864691134918400522,1
864691135274981093,864691134886444794,1
864691135275003153,864691134886751994,1
864691135275032549,864691134885481722,1
864691135275172069,864691134917945866,1
864691135275177189,864691134918396938,1
864691135275190501,864691134918370826,1
864691135275193829,864691134918249738,1
864691135275194341,864691134886886906,1
864691135275365349,864691134917675530,1
864691135275365349,864691134940709475,3
864691135275586021,864691134918409482,1
864691135275983589,864691134918409482,4
864691135275983589,864691134939988067,3
864691135276234469,864691134885137402,1
864691135276413157,864691134886364922,1
864691135276532709,864691134918524938,1
864691135276862693,864691134886808314,1
864691135276917733,864691134884782586,9
864691135276917733,864691134918141962,1
864691135276917733,864691134918385930,5
864691135276917733,864691134940245859,7
864691135276917733,864691134940483171,3
864691135276975333,864691134885137402,1
864691135276975333,864691134917958922,1
864691135276975333,864691134918141962,1
864691135277328613,864691134885803258,11
864691135277328613,864691134917958922,1
864691135277328613,864691134918249738,6
864691135277328613,864691134918409482,4
864691135277328613,864691134918524938,1
864691135277328613,864691134939988067,3
864691135277337061,864691134886580474,5
864691135277466597,864691134885782778,1
864691135277466597,864691134920107018,1
864691135277481445,864691134885485562,1
864691135277481445,864691134885552122,1
864691135277481445,864691134886808314,2
864691135277481445,864691134918126346,3
864691135277481445,864691134940709475,2
864691135277506533,864691134885140218,1
864691135277506533,864691134886751994,1
864691135277615589,864691134886285306,2
864691135277645029,864691134886751994,1
864691135277645029,864691134918524938,1
864691135277713893,864691134918370826,1
864691135277713893,864691134920045834,2
864691135278229409,864691134885122810,3
864691135278229409,864691134885483770,2
864691135278637473,864691134940485219,1
864691135278648737,864691134918278922,1
864691135278906273,864691134918524938,1
864691135278931361,864691134939992931,1
864691135278936225,864691134886336506,1
864691135278987169,864691134918684170,1
864691135279101345,864691134918126346,1
864691135279121825,864691134885735674,1
864691135279128225,864691134918113546,1
864691135279131041,864691134940485219,1
864691135279132833,864691134885702394,3
864691135279138465,864691134884782586,1
864691135279429025,864691134918249738,1
864691135279453345,864691134885687802,1
864691135279454113,864691134886444794,1
864691135279620001,864691134917947914,2
864691135279730337,864691134918393098,1
864691135279852449,864691134920107018,1
864691135280481697,864691134886444794,1
864691135280496289,864691134886751994,1
864691135280865697,864691134918370826,3
864691135280865697,864691134920035082,1
864691135280879009,864691134918141962,1
864691135280879009,864691134918403850,1
864691135280879009,864691134918626314,1
864691135280880545,864691134885735418,1
864691135280880545,864691134885803258,2
864691135280880545,864691134920045834,1
864691135280880545,864691134939988067,7
864691135280944033,864691134886364922,1
864691135280944033,864691134886930170,1
864691135280970657,864691134918385930,1
864691135281027233,864691134886580474,1
864691135281027233,864691134887158266,1
864691135281027233,864691134940243299,1
864691135281078689,864691134885137402,3
864691135281078689,864691134885639674,1
864691135281078689,864691134885803258,3
864691135281078689,864691134886444794,1
864691135281078689,864691134918409482,1
864691135281078689,864691134920045834,1
864691135281078689,864691134940485219,1
864691135281078689,864691134940715619,1
864691135281185697,864691134918893066,1
864691135281200289,864691134887576314,2
864691135281200289,864691134918332682,1
864691135281200289,864691134918409482,1
864691135281200289,864691134939988067,1
864691135281208481,864691134886751994,1
864691135281218977,864691134887158266,2
864691135281227425,864691134939988067,1
864691135291757238,864691134886364922,1
864691135292254902,864691134917881098,1
864691135292312758,864691134939992931,1
864691135292313270,864691134917947914,1
864691135292610486,864691134885122810,1
864691135292635830,864691134939988067,1
864691135292725174,864691134918178314,1
864691135292792246,864691134885550330,1
864691135292792246,864691134918141962,1
864691135292822454,864691134885552122,1
864691135292892342,864691134918370826,1
864691135292900278,864691134917958922,1
864691135292915126,864691134885735418,1
864691135292983478,864691134885137402,1
864691135293044492,864691134885702394,1
864691135293058572,864691134885803258,4
864691135293058572,864691134917958922,1
864691135293058572,864691134918409482,1
864691135293063948,864691134886336506,1
864691135293096118,864691134886580474,1
864691135293096118,864691134920035082,1
864691135293240076,864691134918315786,1
864691135293250316,864691134918141450,1
864691135293250316,864691134940380259,1
864691135293311158,864691134918393098,1
864691135293449484,864691134918393098,1
864691135293456140,864691134885803258,2
864691135293486604,864691134918141962,1
864691135293586956,864691134917958922,1
864691135293605558,864691134887576314,1
864691135293605558,864691134918370826,1
864691135293618358,864691134885803258,1
864691135293678006,864691134885782778,1
864691135293678006,864691134886580474,2
864691135293953292,864691134920035082,1
864691135293993740,864691134885481722,1
864691135294045964,864691134940718179,1
864691135294109964,864691134918370826,1
864691135294115596,864691134919289610,1
864691135294135820,864691134940709475,1
864691135294149900,864691134919289610,1
864691135294155020,864691134885782778,1
864691135294164236,864691134918684170,1
864691135294164236,864691134939996003,1
864691135294286774,864691134886930170,4
864691135294322956,864691134918249738,1
864691135294335244,864691134918403850,1
864691135294360844,864691134885481722,1
864691135294361782,864691134886580474,1
864691135294398988,864691134885567738,1
864691135294399244,864691134885481722,1
864691135294418700,864691134886580474,1
864691135294442678,864691134885735418,1
864691135294480310,864691134917947914,1
864691135294539702,864691134885803258,7
864691135294539702,864691134917958922,3
864691135294539702,864691134918393098,2
864691135294573324,864691134918120458,1
864691135294633654,864691134887158266,5
864691135294633654,864691134918332682,4
864691135294633654,864691134939992931,2
864691135294633654,864691134940243299,1
864691135294667020,864691134886751994,5
864691135294667020,864691134886930170,2
864691135294667020,864691134918893066,5
864691135294695350,864691134885702394,1
864691135294695350,864691134940213347,1
864691135294695350,864691134940380259,4
864691135294706188,864691134918370826,1
864691135294719158,864691134885803258,1
864691135294719158,864691134886444794,1
864691135294719158,864691134887576314,2
864691135294719158,864691134918249738,2
864691135294719158,864691134918409482,5
864691135294719158,864691134918524938,3
864691135294719158,864691134920045834,2
864691135294719158,864691134939988067,3
864691135294914486,864691134885735418,3
864691135294914486,864691134939988067,1
864691135294950838,864691134918141450,2
864691135294950838,864691134940380259,3
864691135295058700,864691134886930170,1
864691135295058700,864691134918332682,2
864691135295125004,864691134886364922,1
864691135295125004,864691134886751994,2
864691135295191564,864691134886930170,1
864691135295330828,864691134886580474,2
864691135295389708,864691134886285306,3
864691135295389708,864691134886886906,2
864691135295423244,864691134917958922,1
864691135303202215,864691134917669642,1
864691135303202215,864691134918332682,1
864691135303717543,864691134918249738,1
864691135303893671,864691134940715619,1
864691135304003239,864691134940715619,1
864691135304074919,864691134940252003,1
864691135304150183,864691134918385930,3
864691135304158887,864691134918126346,1
864691135304163495,864691134885639674,1
864691135304165287,864691134918385930,1
864691135304181927,864691134940483171,1
864691135304184231,864691134918120458,1
864691135304184231,864691134918126346,2
864691135304235687,864691134918370826,1
864691135304251559,864691134887576314,2
864691135304251559,864691134918393098,1
864691135304431271,864691134886364922,1
864691135304431271,864691134940105315,1
864691135304509607,864691134918524938,1
864691135304550823,864691134885803258,1
864691135304550823,864691134918403850,1
864691135304557991,864691134918403850,2
864691135304949927,864691134885782778,1
864691135305066407,864691134885735418,3
864691135305066407,864691134918249738,1
864691135305066407,864691134920045834,3
864691135305313191,864691134940105315,1
864691135305314471,864691134885137402,1
864691135305314471,864691134885956858,1
864691135305314471,864691134940485219,1
864691135305437863,864691134886886906,1
864691135305488551,864691134885803258,6
864691135305488551,864691134917958922,3
864691135305488551,864691134918370826,1
864691135305488551,864691134918409482,2
864691135305488551,864691134939988067,2
864691135305585063,864691134886580474,6
864691135305585063,864691134920035082,1
864691135305585063,864691134920107018,1
864691135305596583,864691134885575930,3
864691135305596583,864691134918233610,1
864691135305730471,864691134918893066,5
864691135305730471,864691134920035082,1
864691135307105862,864691134918239498,1
864691135307117126,864691134940105315,1
864691135307456070,864691134918385930,1
864691135307491654,864691134940105315,1
864691135307555142,864691134917945866,1
864691135307684422,864691134885639674,1
864691135307769158,864691134918596106,1
864691135307840838,864691134940105315,1
864691135307855942,864691134940483171,2
864691135307870534,864691134886751994,1
864691135307919942,864691134886751994,1
864691135307929926,864691134918315786,1
864691135307931462,864691134885483770,1
864691135307931462,864691134918233610,1
864691135308076614,864691134885483770,1
864691135308086854,864691134885639674,2
864691135308087878,864691134918233610,1
864691135308087878,864691134918409482,1
864691135308087878,864691134939988067,1
864691135308284998,864691134885782778,1
864691135308284998,864691134886580474,1
864691135308319046,864691134886580474,1
864691135308393030,864691134885639674,1
864691135308553030,864691134886444794,1
864691135308647494,864691134885137402,3
864691135308647494,864691134918370826,2
864691135308653638,864691134885639674,1
864691135309325638,864691134918947338,2
864691135309486662,864691134886930170,2
864691135309486662,864691134887576314,3
864691135309486662,864691134918370826,4
864691135309722950,864691134918893066,1
864691135309786950,864691134886580474,1
864691135309834054,864691134885782778,2
864691135309834054,864691134886580474,1
864691135309840454,864691134885137402,1
864691135309840454,864691134918393098,2
864691135309907014,864691134886285306,1
864691135309907014,864691134940060771,1
864691135322960796,864691134885122810,2
864691135322960796,864691134918239498,1
864691135323181212,864691134918947338,2
864691135323220636,864691134885160442,1
864691135323246236,864691134918524938,1
864691135323324572,864691134940380259,1
864691135323624092,864691134939996003,1
864691135323646620,864691134917958922,1
864691135323710876,864691134885137402,1
864691135323731612,864691134886444794,1
864691135323801756,864691134918385930,1
864691135323813532,864691134886751994,1
864691135323951516,864691134939996003,1
864691135323973276,864691134885483770,3
864691135323986076,864691134918332682,1
864691135323986588,864691134886444794,1
864691135323991452,864691134918393098,1
864691135324207772,864691134884782586,1
864691135324427164,864691134885983482,2
864691135324437916,864691134886580474,1
864691135324725404,864691134939992931,1
864691135324876444,864691134920035082,1
864691135324902812,864691134917669642,1
864691135324926620,864691134918332682,1
864691135325267356,864691134886444794,7
864691135325382556,864691134886444794,1
864691135325408156,864691134920035082,1
864691135325432988,864691134920035082,2
864691135325432988,864691134939992931,1
864691135325551004,864691134886364922,1
864691135325584796,864691134885735418,1
864691135325584796,864691134918249738,3
864691135325584796,864691134918409482,4
864691135325584796,864691134939988067,2
864691135334821865,864691134886828794,1
864691135334821865,864691134918141962,2
864691135334821865,864691134918413066,3
864691135335214313,864691134917675530,1
864691135335374313,864691134917669642,1
864691135335382249,864691134918370826,1
864691135335399145,864691134920107018,1
864691135335601641,864691134917858314,2
864691135335601641,864691134940652643,1
864691135335744745,864691134885483770,2
864691135335746281,864691134885483770,1
864691135335803881,864691134939988067,1
864691135335855337,864691134886930170,1
864691135335965929,864691134885803258,1
864691135335965929,864691134917947914,1
864691135335965929,864691134918393098,1
864691135336055529,864691134940380259,1
864691135336113129,864691134886930170,1
864691135336599785,864691134885983482,1
864691135336616937,864691134886930170,5
864691135336752361,864691134918393098,1
864691135336814569,864691134885550330,1
864691135336814569,864691134918403850,2
864691135337004009,864691134886285306,3
864691135337004009,864691134886886906,1
864691135337004777,864691134886336506,1
864691135337039337,864691134886364922,2
864691135337039337,864691134940105315,9
864691135337047529,864691134886285306,1
864691135337047529,864691134917947914,1
864691135337047529,864691134940060771,1
864691135338120678,864691134886930170,1
864691135338153958,864691134886751994,1
864691135338268646,864691134917958922,1
864691135338570726,864691134886751994,1
864691135338639078,864691134886828794,2
864691135338679014,864691134939996003,1
864691135338680038,864691134885481722,1
864691135338689510,864691134917881098,1
864691135338694630,864691134885983482,1
864691135338704358,864691134918279946,1
864691135338737638,864691134886580474,1
864691135338798054,864691134884782586,1
864691135338802150,864691134918300682,1
864691135338803686,864691134885122810,5
864691135338803686,864691134918400522,3
864691135338808294,864691134885735418,1
864691135338808806,864691134918393098,1
864691135338816742,864691134885735674,1
864691135339003622,864691134918300682,1
864691135339003622,864691134940483171,2
864691135339014886,864691134918300682,1
864691135339401702,864691134917675530,1
864691135339423974,864691134885567738,4
864691135339423974,864691134885983482,7
864691135339675878,864691134917675530,1
864691135339675878,864691134917947914,2
864691135339675878,864691134920107018,1
864691135339675878,864691134940709475,3
864691135339686374,864691134885639674,1
864691135339826150,864691134886930170,1
864691135339921126,864691134885735418,1
864691135339982310,864691134886580474,1
864691135340141542,864691134918177546,2
864691135340141542,864691134940060771,1
864691135340160230,864691134886930170,1
864691135340169446,864691134886886906,2
864691135340203238,864691134886751994,2
864691135340203238,864691134917669642,1
864691135340236774,864691134940709475,1
864691135340961221,864691134918413066,1
864691135340983749,864691134918141962,1
864691135340983749,864691134918385930,3
864691135341123525,864691134884782586,2
864691135341123525,864691134918141962,3
864691135341123525,864691134918178314,1
864691135341123525,864691134918385930,3
864691135341123525,864691134940245859,1
864691135341123525,864691134940483171,1
864691135341123525,864691134940715619,1
864691135341368517,864691134885483770,1
864691135341368517,864691134918385930,1
864691135341368517,864691134940245859,1
864691135341505221,864691134885702394,1
864691135341516741,864691134885803258,1
864691135341516741,864691134918403850,1
864691135341516741,864691134920045834,5
864691135341533105,864691134917669642,1
864691135341654961,864691134885575930,1
864691135341742789,864691134918524938,1
864691135341758917,864691134917669642,1
864691135341790661,864691134918403850,1
864691135341887173,864691134918413066,1
864691135341974193,864691134885481722,1
864691135342006981,864691134885481722,1
864691135342034117,864691134918300682,1
864691135342037701,864691134885702394,1
864691135342037701,864691134885782778,1
864691135342038725,864691134885803258,1
864691135342038725,864691134918409482,1
864691135342038981,864691134939996003,1
864691135342054597,864691134885550330,1
864691135342106289,864691134885782778,1
864691135342140101,864691134940245859,1
864691135342156977,864691134885717498,1
864691135342188465,864691134885639674,1
864691135342189745,864691134918249738,1
864691135342198961,864691134885485562,1
864691135342202053,864691134918300682,1
864691135342226353,864691134886930170,1
864691135342233285,864691134918141450,1
864691135342233285,864691134919289610,1
864691135342233285,864691134940380259,9
864691135342343601,864691134918393098,1
864691135342369713,864691134918385930,1
864691135342389957,864691134884782586,1
864691135342389957,864691134885160442,2
864691135342389957,864691134918385930,2
864691135342389957,864691134940483171,1
864691135342523057,864691134886444794,1
864691135342567877,864691134885550330,1
864691135342588081,864691134918396938,1
864691135342721989,864691134885639674,1
864691135342721989,864691134886886906,1
864691135342721989,864691134918370826,1
864691135342822833,864691134939992931,1
864691135342823877,864691134886580474,1
864691135342830533,864691134886751994,1
864691135342876081,864691134885735418,1
864691135342876081,864691134885803258,1
864691135342876081,864691134918409482,1
864691135342876081,864691134918524938,1
864691135342876081,864691134918893066,1
864691135342876081,864691134918947338,1
864691135342876081,864691134920045834,1
864691135342876081,864691134939988067,2
864691135342910661,864691134885735418,4
864691135342958789,864691134920035082,1
864691135342995377,864691134885702394,1
864691135342995377,864691134885735674,1
864691135342995377,864691134940380259,1
864691135343033265,864691134885639674,1
864691135343071941,864691134918626314,1
864691135343356849,864691134886444794,1
864691135343460529,864691134885567738,3
864691135343460529,864691134885983482,3
864691135343460529,864691134918596106,1
864691135343460529,864691134918947338,1
864691135343460529,864691134939992931,6
864691135343506885,864691134920035082,1
864691135343506885,864691134940243299,1
864691135343509701,864691134886751994,1
864691135343509701,864691134917669642,3
864691135343509701,864691134917947914,1
864691135343569585,864691134918310154,2
864691135343569585,864691134918400522,4
864691135343588549,864691134886580474,1
864691135343588549,864691134940380259,2
864691135343601093,864691134886930170,5
864691135343601093,864691134918893066,2
864691135343606449,864691134886444794,1
864691135343616453,864691134885735418,1
864691135343616453,864691134885803258,1
864691135343616453,864691134918409482,1
864691135343618501,864691134885687802,4
864691135343618501,864691134886285306,2
864691135343618501,864691134886751994,1
864691135343618501,864691134886808314,1
864691135343618501,864691134886886906,2
864691135343618501,864691134917669642,3
864691135343618501,864691134918279946,1
864691135343625905,864691134885550330,4
864691135343625905,864691134917675530,2
864691135343625905,864691134918141962,1
864691135343625905,864691134918403850,1
864691135343625905,864691134940245859,1
864691135343685573,864691134885140218,1
864691135343698865,864691134939992931,1
864691135343706565,864691134887158266,1
864691135343706565,864691134918947338,1
864691135343752901,864691134918385930,1
864691135343784625,864691134886285306,1
864691135343840945,864691134886751994,1
864691135343840945,864691134920035082,1
864691135343952049,864691134885782778,1
864691135343952049,864691134918893066,1
864691135343967153,864691134939992931,2
864691135343974577,864691134885782778,1
864691135343974577,864691134940213347,2
864691135343999153,864691134885735418,2
864691135343999153,864691134918893066,1
864691135344006577,864691134886930170,1
864691135344038321,864691134886580474,1
864691135344188593,864691134886751994,1
864691135344188593,864691134917669642,1
864691135345100703,864691134886751994,2
864691135345145503,864691134885122810,1
864691135345174431,864691134917958922,1
864691135345174431,864691134918370826,1
864691135345174431,864691134940485219,1
864691135345180063,864691134918684170,1
864691135345232287,864691134885575930,1
864691135345232287,864691134918300682,1
864691135345235103,864691134918300682,1
864691135345542303,864691134885782778,1
864691135345567391,864691134917958922,1
864691135345581983,864691134917945866,1
864691135345638303,864691134885160442,1
864691135345660575,864691134918893066,1
864691135345673375,864691134918684170,1
864691135345900959,864691134886886906,1
864691135346043551,864691134918626314,1
864691135346169759,864691134885550330,2
864691135346175391,864691134886580474,1
864691135346175391,864691134920035082,1
864691135346302879,864691134918239498,1
864691135346571423,864691134917958922,1
864691135346603423,864691134918141962,1
864691135346603423,864691134918684170,2
864691135346604447,864691134939988067,3
864691135346692767,864691134918385930,11
864691135346692767,864691134940245859,2
864691135346748063,864691134920045834,1
864691135346801055,864691134940245859,1
864691135346877087,864691134885137402,1
864691135346877087,864691134918370826,4
864691135346954143,864691134887576314,1
864691135346954143,864691134918893066,3
864691135346954143,864691134920035082,1
864691135346962335,864691134885702394,1
864691135346962335,864691134887158266,1
864691135347018911,864691134917958922,1
864691135347018911,864691134918393098,1
864691135347018911,864691134918409482,1
864691135347018911,864691134939988067,6
864691135347027615,864691134918403850,1
864691135347123103,864691134886930170,1
864691135347269535,864691134918893066,1
864691135347319455,864691134886336506,1
864691135347713183,864691134885137402,1
864691135347713183,864691134885639674,1
864691135348254167,864691134884782586,1
864691135348298967,864691134885160442,1
864691135348298967,864691134885483770,1
864691135348298967,864691134918300682,1
864691135348298967,864691134918400522,2
864691135348298967,864691134940483171,1
864691135348849623,864691134918393098,1
864691135349011442,864691134917669642,1
864691135349080535,864691134917881098,2
864691135349083095,864691134886444794,3
864691135349284055,864691134886580474,1
864691135349294295,864691134918310154,3
864691135349294551,864691134885803258,5
864691135349302487,864691134940245859,1
864691135349311191,864691134917392394,2
864691135349434583,864691134885137402,1
864691135349720535,864691134885550330,1
864691135349871575,864691134918385930,2
864691135350271959,864691134918385930,1
864691135350542039,864691134885460218,1
864691135350542039,864691134918385930,1
864691135350948055,864691134886751994,1
864691135350976727,864691134918893066,1
864691135350977751,864691134885735418,1
864691135351096279,864691134918947338,1
864691135351291351,864691134886751994,1
864691135351291351,864691134886930170,2
864691135351291607,864691134918249738,1
864691135354899919,864691134885481722,2
864691135354899919,864691134939996003,2
864691135354905295,864691134885782778,2
864691135355256783,864691134939996003,2
864691135355340751,864691134885567738,1
864691135355607247,864691134940483171,1
864691135355920335,864691134918370826,1
864691135356011983,864691134918840586,1
864691135356163279,864691134918596106,1
864691135356234959,864691134885983482,2
864691135356400847,864691134886751994,2
864691135356400847,864691134940060771,1
864691135356765903,864691134918385930,1
864691135356765903,864691134940245859,2
864691135356861903,864691134885735418,1
864691135356861903,864691134918947338,7
864691135356861903,864691134920045834,1
864691135356861903,864691134940485219,3
864691135357078479,864691134886285306,1
864691135357084111,864691134886364922,1
864691135357173199,864691134886580474,1
864691135357283791,864691134886285306,1
864691135357328591,864691134886444794,1
864691135357380815,864691134886444794,1
864691135357385679,864691134886930170,4
864691135357385679,864691134918893066,5
864691135357411791,864691134886930170,1
864691135357411791,864691134918893066,1
864691135357422543,864691134885137402,1
864691135357422543,864691134886751994,2
864691135357422543,864691134917675530,1
864691135357429199,864691134887576314,2
864691135357429199,864691134918893066,2
864691135358839128,864691134885122810,2
864691135359161432,864691134885735674,1
864691135359161432,864691134885782778,1
864691135359161432,864691134919289610,1
864691135359161432,864691134940380259,5
864691135359539032,864691134939988067,1
864691135359604312,864691134918126346,1
864691135359604312,864691134920107018,1
864691135359650392,864691134917881098,2
864691135359653720,864691134886580474,1
864691135359710040,864691134918596106,1
864691135359810904,864691134918249738,1
864691135359945816,864691134918393098,1
864691135359945816,864691134918403850,1
864691135359945816,864691134918409482,2
864691135359945816,864691134918524938,2
864691135359945816,864691134939988067,1
864691135360007512,864691134917669642,5
864691135360113223,864691134885552122,1
864691135360113223,864691134886444794,1
864691135360143175,864691134885575930,1
864691135360300632,864691134886444794,1
864691135360300632,864691134918403850,1
864691135360346200,864691134886336506,1
864691135360352583,864691134918370826,1
864691135360434247,864691134885481722,1
864691135360454983,864691134886828794,1
864691135360548440,864691134886930170,1
864691135360737112,864691134885140218,1
864691135360737112,864691134886364922,2
864691135360737112,864691134940105315,7
864691135360809560,864691134886930170,1
864691135360809560,864691134887576314,1
864691135360810567,864691134885481722,1
864691135360840792,864691134886751994,1
864691135360859207,864691134886444794,1
864691135360859207,864691134918370826,1
864691135360887879,864691134918370826,1
864691135360976455,864691134886886906,1
864691135361052999,864691134885639674,1
864691135361075288,864691134886930170,1
864691135361090375,864691134918947338,1
864691135361105223,864691134917669642,1
864691135361107527,864691134919289610,1
864691135361109831,864691134918393098,1
864691135361111367,864691134918403850,1
864691135361112135,864691134918393098,1
864691135361183576,864691134886580474,1
864691135361199192,864691134918332682,1
864691135361199192,864691134940213347,1
864691135361216088,864691134887158266,1
864691135361234776,864691134887576314,1
864691135361238616,864691134940245859,1
864691135361247815,864691134885481722,1
864691135361250392,864691134917669642,1
864691135361250392,864691134918893066,1
864691135361259608,864691134886336506,1
864691135361291591,864691134918524938,1
864691135361291591,864691134920045834,1
864691135361332295,864691134885550330,1
864691135361332295,864691134917958922,2
864691135361332295,864691134918403850,1
864691135361430087,864691134918177546,1
864691135361532999,864691134940060771,1
864691135361548615,864691134917947914,1
864691135361680967,864691134886364922,1
864691135361778503,864691134886364922,1
864691135361837127,864691134886930170,1
864691135361963847,864691134886886906,1
864691135362052679,864691134885639674,1
864691135362423623,864691134885803258,1
864691135362423623,864691134886580474,1
864691135362423623,864691134917947914,2
864691135362423623,864691134918385930,1
864691135362423623,864691134918409482,2
864691135362423623,864691134939988067,2
864691135362432583,864691134917669642,1
864691135362458183,864691134940715619,1
864691135362485319,864691134885983482,1
864691135362485319,864691134918370826,1
864691135362485319,864691134940060771,1
864691135362513991,864691134885485562,1
864691135362517831,864691134885782778,1
864691135362528583,864691134886930170,1
864691135362569543,864691134886930170,1
864691135362570823,864691134885137402,1
864691135366936825,864691134918524938,1
864691135366936825,864691134940485219,1
864691135366936825,864691134940709475,1
864691135367015929,864691134940718179,1
864691135367033849,864691134885160442,1
864691135367180281,864691134886444794,1
864691135367372025,864691134885687802,1
864691135367436537,864691134885481722,3
864691135367592185,864691134885160442,1
864691135367610361,864691134918524938,1
864691135367631097,864691134918300682,1
864691135367820793,864691134886886906,1
864691135367836409,864691134918396938,1
864691135367890425,864691134918315786,1
864691135367945977,864691134885481722,1
864691135368061177,864691134918413066,1
864691135368086521,864691134886444794,1
864691135368102137,864691134918178314,1
864691135368111353,864691134885782778,1
864691135368257529,864691134885803258,5
864691135368257529,864691134920045834,1
864691135368345081,864691134940485219,1
864691135368401145,864691134918596106,1
864691135368579065,864691134886828794,1
864691135368655609,864691134918893066,1
864691135368742393,864691134917675530,1
864691135368742393,864691134918393098,1
864691135368860409,864691134885140218,6
864691135368860409,864691134886751994,2
864691135368860409,864691134886930170,2
864691135368860409,864691134918332682,1
864691135368950521,864691134886930170,1
864691135368954361,864691134918249738,3
864691135369084409,864691134918177546,1
864691135369227001,864691134918370826,1
864691135369327097,864691134918393098,1
864691135369327097,864691134940485219,1
864691135369438201,864691134920035082,1
864691135369497337,864691134885735418,1
864691135369616377,864691134885702394,1
864691135369616377,864691134885735674,1
864691135369668089,864691134886930170,4
864691135369668089,864691134918893066,1
864691135369713913,864691134886580474,2
864691135369764601,864691134918893066,1
864691135373370056,864691134918177546,2
864691135373373384,864691134920035082,1
864691135373387976,864691134885983482,1
864691135373601736,864691134886336506,2
864691135373601736,864691134918279946,1
864691135373601736,864691134940060771,1
864691135373680328,864691134887576314,1
864691135373692233,864691134918400522,1
864691135373732681,864691134917858314,1
864691135373753417,864691134885122810,1
864691135373756104,864691134886751994,1
864691135373776584,864691134918400522,1
864691135373820104,864691134885137402,1
864691135373820104,864691134885717498,2
864691135373820104,864691134940387683,1
864691135373829832,864691134918279946,1
864691135373856200,864691134885483770,2
864691135373858248,864691134885782778,1
864691135373963849,864691134940715619,1
864691135373995720,864691134918141962,2
864691135373995720,864691134918385930,2
864691135374121545,864691134885687802,1
864691135374210760,864691134885687802,1
864691135374213961,864691134885550330,1
864691135374225864,864691134917947914,1
864691135374267592,864691134918893066,1
864691135374283464,864691134918626314,1
864691135374296776,864691134918279946,3
864691135374325960,864691134885485562,1
864691135374343880,864691134918126346,2
864691135374384457,864691134918396938,1
864691135374389065,864691134918413066,1
864691135374398537,864691134917947914,2
864691135374455496,864691134885140218,1
864691135374456008,864691134885735418,2
864691135374457288,864691134885481722,1
864691135374461896,864691134917881098,1
864691135374462408,864691134918300682,1
864691135374462920,864691134886751994,1
864691135374469193,864691134917675530,1
864691135374493257,864691134939992931,1
864691135374569289,864691134918626314,1
864691135374650953,864691134918393098,1
864691135374698057,864691134886580474,1
864691135374711113,864691134885481722,1
864691135374806728,864691134918393098,3
864691135374806728,864691134918524938,2
864691135374907977,864691134885575930,1
864691135374907977,864691134917881098,1
864691135374907977,864691134918233610,4
864691135374917193,864691134918626314,1
864691135375135561,864691134886285306,1
864691135375179593,864691134918840586,1
864691135375225417,864691134939992931,1
864691135375430985,864691134885782778,2
864691135375430985,864691134886580474,2
864691135375473993,864691134918385930,3
864691135375484489,864691134886751994,1
864691135375498952,864691134918393098,1
864691135375555528,864691134885160442,1
864691135375555528,864691134885550330,1
864691135375617609,864691134886580474,3
864691135375659593,864691134885735418,1
864691135375681353,864691134886336506,1
864691135375749961,864691134886751994,4
864691135375757256,864691134885639674,1
864691135375757256,864691134886444794,3
864691135375767369,864691134886580474,1
864691135375822665,864691134886580474,1
864691135375822665,864691134920107018,1
864691135375840968,864691134920107018,1
864691135375898568,864691134918249738,1
864691135375941832,864691134885956858,1
864691135375941832,864691134885983482,1
864691135375941832,864691134918370826,3
864691135375941832,864691134918947338,1
864691135375941832,864691134920035082,2
864691135375941832,864691134939992931,1
864691135375947720,864691134886751994,2
864691135375956424,864691134886930170,1
864691135376028104,864691134885137402,1
864691135376028104,864691134885803258,2
864691135376028104,864691134918409482,1
864691135376028104,864691134939988067,1
864691135376028104,864691134940485219,3
864691135376031432,864691134885803258,2
864691135376057032,864691134885782778,2
864691135376096329,864691134885687802,1
864691135376111689,864691134885803258,6
864691135376111689,864691134887576314,2
864691135376111689,864691134918249738,8
864691135376111689,864691134918393098,2
864691135376111689,864691134918409482,6
864691135376111689,864691134920045834,2
864691135376111689,864691134939988067,1
864691135376111689,864691134940709475,1
864691135376357193,864691134887576314,1
864691135376399689,864691134886751994,1
864691135376399689,864691134918332682,7
864691135376453193,864691134886930170,1
864691135376459337,864691134918893066,1
864691135376459337,864691134918947338,1
864691135376459337,864691134939992931,1
864691135376522313,864691134939992931,1
864691135376567369,864691134885140218,1
864691135376567369,864691134918332682,1
864691135379650034,864691134885140218,1
864691135379650034,864691134886751994,2
864691135379650034,864691134886930170,1
864691135379650034,864691134917669642,1
864691135382480346,864691134918239498,1
864691135382590938,864691134918947338,1
864691135382866394,864691134917945866,1
864691135382920154,864691134886336506,1
864691135382922219,864691134885803258,1
864691135382942682,864691134918141962,2
864691135382942682,864691134918300682,1
864691135382942682,864691134918385930,2
864691135382976218,864691134918524938,1
864691135382976218,864691134940709475,1
864691135382985195,864691134918524938,1
864691135383191514,864691134918233610,1
864691135383192555,864691134940105315,3
864691135383288282,864691134918141962,1
864691135383293914,864691134885983482,1
864691135383418074,864691134940718179,1
864691135383422170,864691134885481722,1
864691135383490778,864691134886444794,1
864691135383507418,864691134918524938,1
864691135383634906,864691134918413066,1
864691135383666667,864691134918947338,3
864691135383833306,864691134885639674,3
864691135383848666,864691134886336506,1
864691135383852011,864691134918249738,2
864691135383936730,864691134886751994,1
864691135383936730,864691134886930170,1
864691135383963866,864691134885782778,1
864691135383963866,864691134917669642,1
864691135383994074,864691134917669642,1
864691135384133355,864691134885481722,1
864691135384180203,864691134885803258,2
864691135384180203,864691134917675530,1
864691135384180203,864691134917958922,4
864691135384180203,864691134918393098,5
864691135384180203,864691134918409482,4
864691135384180203,864691134920045834,2
864691135384180203,864691134939988067,3
864691135384290010,864691134917669642,1
864691135384300762,864691134917669642,1
864691135384308459,864691134885983482,2
864691135384450522,864691134940380259,2
864691135384465138,864691134885956858,1
864691135384526554,864691134886751994,1
864691135384526554,864691134940105315,2
864691135384716762,864691134886580474,3
864691135384716762,864691134918893066,1
864691135384724442,864691134920035082,1
864691135384773850,864691134918893066,1
864691135384782298,864691134885782778,1
864691135384843738,864691134886285306,1
864691135384843738,864691134886808314,1
864691135384926426,864691134886930170,1
864691135384926426,864691134918524938,1
864691135384980954,864691134886580474,1
864691135384980954,864691134920035082,2
864691135385000666,864691134918893066,1
864691135385011674,864691134886580474,1
864691135385013978,864691134885735418,4
864691135385013978,864691134885803258,1
864691135385013978,864691134887576314,1
864691135385013978,864691134918409482,1
864691135385013978,864691134918947338,1
864691135385013978,864691134920045834,1
864691135385013978,864691134939988067,3
864691135385020122,864691134918332682,2
864691135385020122,864691134918893066,1
864691135385020122,864691134939992931,1
864691135385126379,864691134885782778,1
864691135385133035,864691134886444794,2
864691135385133035,864691134917675530,1
864691135385133035,864691134918332682,1
864691135385133035,864691134940715619,1
864691135385148139,864691134917669642,1
864691135385184341,864691134920035082,1
864691135385185365,864691134920045834,3
864691135385310443,864691134886751994,2
864691135385310443,864691134918385930,1
864691135385346539,864691134885782778,1
864691135385346539,864691134920035082,1
864691135385346539,864691134940380259,3
864691135385364459,864691134887158266,1
864691135385422677,864691134885639674,1
864691135385683285,864691134917669642,1
864691135386127189,864691134940483171,1
864691135386132053,864691134917669642,1
864691135386219605,864691134918178314,1
864691135386232405,864691134919289610,1
864691135386374741,864691134886886906,1
864691135386383189,864691134885567738,1
864691135386383189,864691134885983482,3
864691135386383189,864691134917958922,1
864691135386385493,864691134917958922,1
864691135386385493,864691134918403850,1
864691135386388309,864691134918370826,1
864691135386626133,864691134918141450,1
864691135386637397,864691134917669642,1
864691135386757973,864691134918385930,1
864691135386792577,864691134885639674,1
864691135386807381,864691134918370826,1
864691135386872449,864691134940105315,1
864691135387039317,864691134917958922,2
864691135387039317,864691134918141962,2
864691135387039317,864691134918403850,1
864691135387039317,864691134920045834,1
864691135387039317,864691134939988067,1
864691135387039317,864691134940485219,9
864691135387073409,864691134886444794,1
864691135387105365,864691134918177546,1
864691135387154517,864691134917675530,1
864691135387154517,864691134917945866,1
864691135387274581,864691134918370826,1
864691135387327361,864691134940243299,1
864691135387329665,864691134886285306,1
864691135387410049,864691134917881098,1
864691135387492993,864691134918524938,1
864691135387529301,864691134918893066,2
864691135387551061,864691134885735418,8
864691135387551061,864691134887576314,2
864691135387551061,864691134918332682,3
864691135387551061,864691134939992931,1
864691135387557973,864691134887158266,4
864691135387557973,864691134940243299,1
864691135387603841,864691134885552122,1
864691135387632257,864691134918279946,1
864691135387632257,864691134918315786,1
864691135387639681,864691134885481722,1
864691135387732353,864691134918393098,1
864691135387736193,864691134918947338,5
864691135387736961,864691134918332682,1
864691135387866965,864691134886580474,1
864691135387866965,864691134940213347,1
864691135387893077,864691134886580474,1
864691135387915861,864691134918524938,1
864691135387916629,864691134917669642,2
864691135388007765,864691134886751994,4
864691135388368001,864691134918893066,1
864691135388396161,864691134918279946,1
864691135388396161,864691134919289610,1
864691135388646017,864691134885639674,1
864691135388984961,864691134918524938,1
864691135389004929,864691134886751994,2
864691135389027457,864691134917669642,1
864691135389122689,864691134885687802,1
864691135389231233,864691134885140218,1
864691135389231233,864691134918893066,2
864691135389296769,864691134885782778,2
864691135389296769,864691134886580474,3
864691135389296769,864691134886886906,2
864691135389328769,864691134920035082,1
864691135392223218,864691134918840586,1
864691135393982965,864691134940483171,2
864691135394208245,864691134939992931,1
864691135394653941,864691134886751994,1
864691135394659061,864691134918370826,1
864691135394677749,864691134886444794,1
864691135394721525,864691134918279946,1
864691135394728949,864691134885137402,1
864691135394734325,864691134918393098,1
864691135394804469,864691134940483171,1
864691135394906101,864691134886886906,1
864691135394910965,864691134886751994,2
864691135394958581,864691134885575930,4
864691135394966005,864691134919289610,1
864691135394972405,864691134885639674,1
864691135394972405,864691134918403850,1
864691135394972405,864691134918626314,1
864691135394982133,864691134885550330,1
864691135394982133,864691134939996003,1
864691135394982133,864691134940252003,1
864691135395206389,864691134918596106,1
864691135395258101,864691134918947338,1
864691135395395829,864691134885803258,5
864691135395395829,864691134918249738,3
864691135395410677,864691134885782778,1
864691135395410677,864691134886886906,1
864691135395465461,864691134885639674,3
864691135395465461,864691134917945866,3
864691135395510005,864691134918233610,1
864691135395577845,864691134886751994,4
864691135395705077,864691134885639674,1
864691135395740405,864691134886364922,1
864691135395957493,864691134886751994,3
864691135395957493,864691134918141450,1
864691135395977973,864691134918396938,1
864691135396115445,864691134918524938,2
864691135396175861,864691134885956858,1
864691135396251381,864691134886808314,1
864691135396290549,864691134920107018,1
864691135396342517,864691134884782586,2
864691135396342517,864691134885160442,1
864691135396342517,864691134885639674,1
864691135396342517,864691134918403850,1
864691135396342517,864691134940245859,1
864691135396371445,864691134918840586,1
864691135396485877,864691134886336506,1
864691135396533493,864691134920035082,1
864691135396741921,864691134918310154,1
864691135396759585,864691134918396938,2
864691135396821281,864691134918409482,1
864691135396833781,864691134886751994,1
864691135397023777,864691134886444794,1
864691135397140001,864691134918385930,1
864691135397145377,864691134885460218,1
864691135397232417,864691134885140218,3
864691135397234209,864691134917945866,1
864691135397379361,864691134885137402,2
864691135397419041,864691134885137402,1
864691135397419041,864691134886444794,1
864691135397444129,864691134885803258,1
864691135397464097,864691134885137402,1
864691135397625889,864691134886751994,1
864691135397778209,864691134920107018,1
864691135397985569,864691134885460218,1
864691135397985569,864691134886828794,1
864691135398159393,864691134919289610,1
864691135398393889,864691134918120458,1
864691135398517025,864691134918524938,1
864691135398560801,864691134886336506,1
864691135398560801,864691134886444794,1
864691135398717217,864691134885639674,3
864691135398717217,864691134940485219,1
864691135398893345,864691134887576314,1
864691135398987297,864691134885140218,1
864691135398987297,864691134886285306,1
864691135398987297,864691134886364922,3
864691135398987297,864691134886930170,1
864691135398987297,864691134940105315,1
864691135399071009,864691134918893066,1
864691135404037358,864691134885122810,1
864691135404051950,864691134885485562,1
864691135404051950,864691134885687802,1
864691135404115182,864691134885140218,1
864691135404207854,864691134918396938,1
864691135404217070,864691134885460218,1
864691135404496110,864691134885639674,1
864691135404564462,864691134887158266,1
864691135404579566,864691134885481722,1
864691135404596206,864691134885122810,1
864691135404630510,864691134918120458,1
864691135404765166,864691134886285306,2
864691135404765166,864691134886751994,2
864691135404765166,864691134918332682,1
864691135405071086,864691134885137402,3
864691135405071086,864691134885639674,1
864691135405071086,864691134918393098,2
864691135405071086,864691134940715619,1
864691135405224174,864691134885160442,1
864691135405224174,864691134918393098,1
864691135405325806,864691134918126346,1
864691135405337326,864691134918141962,1
864691135405337326,864691134918596106,1
864691135405606126,864691134885735418,1
864691135405691118,864691134885782778,2
864691135405748974,864691134886336506,1
864691135405820910,864691134885956858,1
864691135405859566,864691134885956858,7
864691135405859566,864691134887158266,3
864691135405859566,864691134918370826,1
864691135405859566,864691134939992931,2
864691135406896114,864691134918315786,1
864691135407608265,864691134918413066,1
864691135407641545,864691134918141962,2
864691135407641545,864691134918385930,1
864691135407641545,864691134940245859,1
864691135407641545,864691134940483171,1
864691135407663305,864691134885550330,1
864691135407755977,864691134885481722,1
864691135408015305,864691134885687802,1
864691135408016585,864691134886444794,1
864691135408025801,864691134918233610,1
864691135408073929,864691134918370826,1
864691135408109001,864691134886444794,1
864691135408117961,864691134885122810,2
864691135408137673,864691134885140218,1
864691135408151753,864691134885140218,1
864691135408151753,864691134886751994,1
864691135408164553,864691134940715619,1
864691135408169161,864691134886285306,1
864691135408169161,864691134917947914,1
864691135408203465,864691134918403850,1
864691135408213193,864691134917947914,7
864691135408213193,864691134940709475,1
864691135408430793,864691134886828794,1
864691135408560329,864691134918300682,1
864691135408641737,864691134885567738,1
864691135408807881,864691134886444794,1
864691135408807881,864691134917675530,4
864691135408807881,864691134918385930,2
864691135408983241,864691134940709475,1
864691135409069257,864691134917669642,1
864691135409139913,864691134939992931,1
864691135409449161,864691134918177546,1
864691135409504457,864691134886285306,1
864691135409523401,864691134886336506,2
864691135409523401,864691134886580474,1
864691135409554121,864691134885567738,2
864691135409554121,864691134920045834,1
864691135409554121,864691134940485219,1
864691135409775817,864691134885137402,1
864691135409856713,864691134918332682,2
864691135409856713,864691134918947338,1
864691135409937097,864691134887158266,1
864691135409951689,864691134886751994,1
864691135410077897,864691134884782586,1
864691135410077897,864691134918141962,6
864691135410077897,864691134918385930,2
864691135410077897,864691134918409482,1
864691135410077897,864691134920045834,1
864691135410077897,864691134940245859,1
864691135410077897,864691134940485219,1
864691135410116041,864691134885567738,2
864691135410116041,864691134886444794,1
864691135410140361,864691134886886906,1
864691135410185417,864691134885735418,1
864691135415498426,864691134918370826,1
864691135415498682,864691134918893066,1
864691135415989178,864691134918178314,1
864691135416106938,864691134886751994,1
864691135416173498,864691134887576314,1
864691135416344250,864691134918626314,1
864691135416372666,864691134885575930,1
864691135416372666,864691134918400522,1
864691135416478394,864691134886444794,1
864691135416504506,864691134919289610,1
864691135416556474,864691134885140218,1
864691135416650170,864691134918113546,1
864691135416650170,864691134918400522,1
864691135416703674,864691134885639674,1
864691135416805306,864691134885983482,1
864691135416808378,864691134885717498,1
864691135416864954,864691134918393098,1
864691135416953074,864691134917858314,1
864691135416973242,864691134917947914,1
864691135417004474,864691134886444794,1
864691135417069754,864691134918413066,3
864691135417069754,864691134940485219,1
864691135417253306,864691134885687802,2
864691135417253306,864691134886751994,2
864691135417253306,864691134886930170,6
864691135417253306,864691134917669642,1
864691135417564346,864691134940483171,1
864691135417818866,864691134886751994,1
864691135417819322,864691134885735418,1
864691135417819322,864691134920045834,1
864691135417820346,864691134920035082,1
864691135418002874,864691134886828794,1
864691135418002874,864691134940245859,1
864691135418116538,864691134885803258,1
864691135418116538,864691134939988067,1
864691135418240698,864691134885702394,1
864691135418240698,864691134886751994,1
864691135418240698,864691134886930170,1
864691135418240698,864691134917669642,2
864691135418240698,864691134918332682,8
864691135418278586,864691134917947914,1
864691135418355130,864691134886930170,1
864691135418381498,864691134884782586,3
864691135428508208,864691134917675530,1
864691135428511792,864691134940380259,1
864691135428771632,864691134885702394,2
864691135428798256,864691134940380259,1
864691135428987952,864691134940105315,2
864691135429336880,864691134886364922,1
864691135429370928,864691134886751994,1
864691135429370928,864691134917669642,1
864691135429430576,864691134885782778,1
864691135429447472,864691134918126346,1
864691135429510192,864691134885481722,1
864691135429586992,864691134885782778,1
864691135429586992,864691134940213347,1
864691135429590320,864691134886886906,1
864691135429594672,864691134918141962,1
864691135429594672,864691134940715619,2
864691135429597232,864691134917958922,1
864691135429597232,864691134918385930,1
864691135429598512,864691134886886906,1
864691135429611056,864691134918300682,1
864691135429753904,864691134918400522,1
864691135429868080,864691134918684170,1
864691135429883696,864691134885481722,1
864691135429912112,864691134886751994,1
864691135429912112,864691134917669642,1
864691135429912112,864691134917947914,1
864691135429932848,864691134886751994,1
864691135430169648,864691134918332682,2
864691135430204720,864691134918141962,1
864691135430204720,864691134918300682,1
864691135430398000,864691134885782778,1
864691135430486576,864691134918409482,1
864691135430859056,864691134886886906,1
864691135430859056,864691134920035082,1
864691135431089200,864691134886444794,1
864691135431239216,864691134920107018,1
864691135431242288,864691134885550330,1
864691135431242288,864691134886751994,1
864691135431242288,864691134918385930,1
864691135431323184,864691134885956858,2
864691135431323184,864691134887158266,1
864691135431323184,864691134918947338,2
864691135431412272,864691134917675530,1
864691135431456816,864691134885803258,1
864691135431456816,864691134918524938,1
864691135431456816,864691134920045834,4
864691135431511088,864691134918893066,1
864691135431677744,864691134887158266,1
864691135431677744,864691134920035082,1
864691135431812656,864691134886751994,2
864691135431812656,864691134918403850,2
864691135431898416,864691134918947338,1
864691135431931184,864691134940213347,4
864691135431993904,864691134886364922,1
864691135431993904,864691134886751994,4
864691135431995696,864691134887576314,5
864691135431995696,864691134918249738,1
864691135431995696,864691134918409482,3
864691135431995696,864691134918893066,1
864691135432003120,864691134920045834,2
864691135435711218,864691134886886906,1
864691135437587954,864691134940380259,1
864691135440463176,864691134917675530,2
864691135440463176,864691134918300682,1
864691135440463176,864691134918385930,1
864691135440463176,864691134918396938,2
864691135440501064,864691134885140218,1
864691135440501064,864691134886751994,1
864691135440776776,864691134918177546,1
864691135441286728,864691134918178314,2
864691135441396808,864691134918113546,1
864691135441480776,864691134886930170,1
864691135441566024,864691134885782778,1
864691135441573960,864691134886285306,3
864691135441573960,864691134918177546,1
864691135441580616,864691134918393098,1
864691135441593672,864691134885983482,1
864691135441629768,864691134886580474,1
864691135441633608,864691134918413066,1
864691135441752136,864691134885983482,2
864691135441778504,864691134918332682,4
864691135441778504,864691134940243299,1
864691135441787208,864691134886285306,3
864691135441787208,864691134886751994,1
864691135441787208,864691134917947914,1
864691135441790024,864691134885803258,1
864691135441790024,864691134917958922,1
864691135441790024,864691134918409482,3
864691135441790024,864691134939988067,2
864691135441790024,864691134940485219,1
864691135442044744,864691134917675530,1
864691135442044744,864691134940715619,1
864691135442135112,864691134918249738,2
864691135442135112,864691134918385930,1
864691135442267976,864691134887158266,1
864691135442462024,864691134918840586,1
864691135442591048,864691134886751994,4
864691135442682696,864691134884782586,2
864691135442682696,864691134918141962,5
864691135442682696,864691134940245859,10
864691135442682696,864691134940483171,4
864691135442839112,864691134917947914,1
864691135442839112,864691134918524938,1
864691135442839112,864691134918893066,5
864691135443018824,864691134886336506,1
864691135443018824,864691134887576314,1
864691135443018824,864691134917947914,1
864691135443019848,864691134886285306,1
864691135443019848,864691134886751994,10
864691135443019848,864691134917669642,1
864691135443019848,864691134940060771,1
864691135443021128,864691134918370826,1
864691135443021128,864691134920035082,1
864691135443021128,864691134939992931,3
864691135443022152,864691134917669642,1
864691135445635730,864691134885702394,1
864691135445912978,864691134885122810,1
864691135445998226,864691134886751994,1
864691135446018706,864691134886751994,2
864691135446018706,864691134918332682,1
864691135446065810,864691134885460218,3
864691135446065810,864691134885639674,1
864691135446082706,864691134940387683,1
864691135446255250,864691134917945866,1
864691135446260370,864691134918626314,1
864691135446264722,864691134886751994,1
864691135446287250,864691134885137402,1
864691135446400146,864691134940483171,2
864691135446474386,864691134918370826,1
864691135446496402,864691134918178314,1
864691135446598740,864691134886886906,1
864691135446605652,864691134885983482,2
864691135446607188,864691134918596106,1
864691135446612564,864691134885567738,1
864691135446722962,864691134885160442,1
864691135446722962,864691134918141962,3
864691135446722962,864691134918385930,12
864691135446722962,864691134918403850,1
864691135446722962,864691134940245859,1
864691135446725266,864691134918400522,1
864691135446803602,864691134886444794,1
864691135446808722,864691134885639674,1
864691135446808722,864691134918300682,1
864691135446953556,864691134918239498,1
864691135446953556,864691134918310154,3
864691135447020946,864691134940213347,1
864691135447069780,864691134885460218,1
864691135447069780,864691134918684170,2
864691135447090004,864691134885160442,2
864691135447186772,864691134918393098,1
864691135447229074,864691134885983482,1
864691135447264852,864691134885575930,1
864691135447312274,864691134885567738,1
864691135447321490,864691134885567738,1
864691135447377298,864691134886444794,1
864691135447377298,864691134918370826,1
864691135447396948,864691134918141962,3
864691135447402068,864691134885122810,1
864691135447470420,864691134918310154,1
864691135447491668,864691134885140218,1
864691135447541746,864691134918947338,1
864691135447541746,864691134920045834,1
864691135447541746,864691134940715619,2
864691135447551634,864691134920107018,1
864691135447592532,864691134918393098,1
864691135447624082,864691134886444794,1
864691135447635346,864691134918413066,1
864691135447678354,864691134886444794,2
864691135447701332,864691134918947338,2
864691135447715924,864691134940380259,1
864691135447820946,864691134885483770,1
864691135447899122,864691134918279946,1
864691135447968084,864691134940380259,1
864691135447979922,864691134920045834,1
864691135447993746,864691134886930170,1
864691135448069106,864691134918120458,1
864691135448069106,864691134918315786,1
864691135448127572,864691134886444794,1
864691135448127572,864691134886808314,1
864691135448149588,864691134886751994,3
864691135448168020,864691134917947914,5
864691135448178834,864691134885782778,1
864691135448215698,864691134886751994,2
864691135448256146,864691134886751994,1
864691135448287890,864691134917947914,1
864691135448348244,864691134885983482,1
864691135448348244,864691134918300682,1
864691135448348244,864691134918413066,1
864691135448350354,864691134886751994,1
864691135448385426,864691134885735418,1
864691135448385426,864691134940105315,3
864691135448520276,864691134886285306,1
864691135448520276,864691134886751994,1
864691135448581460,864691134918177546,1
864691135448672852,864691134885956858,6
864691135448672852,864691134920035082,1
864691135448758612,864691134886886906,1
864691135448821844,864691134885735418,1
864691135448821844,864691134885803258,5
864691135448821844,864691134887576314,4
864691135448821844,864691134917958922,3
864691135448821844,864691134918393098,1
864691135448821844,864691134918409482,3
864691135448821844,864691134940485219,2
864691135451556804,864691134885481722,1
864691135454051178,864691134919289610,1
864691135454056042,864691134939992931,1
864691135454061674,864691134939992931,1
864691135454393706,864691134918370826,1
864691135454482794,864691134940387683,1
864691135454507114,864691134885550330,1
864691135454507114,864691134918396938,1
864691135454773866,864691134918178314,1
864691135454829674,864691134918684170,1
864691135454973034,864691134918840586,1
864691135454983530,864691134885140218,1
864691135455053162,864691134917958922,1
864691135455195498,864691134940485219,1
864691135455196778,864691134918370826,1
864691135455196778,864691134939992931,1
864691135455689578,864691134919289610,2
864691135455689578,864691134940380259,4
864691135455698026,864691134886444794,1
864691135455819114,864691134918370826,1
864691135455819114,864691134918893066,1
864691135455977578,864691134885687802,1
864691135456095082,864691134886751994,1
864691135456095082,864691134917669642,1
864691135456216426,864691134886444794,1
864691135456432746,864691134886580474,1
864691135456535658,864691134886580474,1
864691135456535658,864691134918249738,2
864691135456535658,864691134918893066,8
864691135456714090,864691134885140218,1
864691135456783722,864691134885567738,1
864691135456783722,864691134918370826,1
864691135456783722,864691134939988067,1
864691135456842858,864691134886285306,1
864691135456842858,864691134918840586,1
864691135459719108,864691134885481722,2
864691135459719108,864691134918684170,4
864691135462250141,864691134940380259,1
864691135462406813,864691134918141962,3
864691135462406813,864691134918385930,1
864691135462406813,864691134940245859,5
864691135462406813,864691134940715619,1
864691135462696254,864691134917669642,1
864691135462716317,864691134885481722,2
864691135462749246,864691134885803258,1
864691135462749246,864691134917958922,5
864691135462749246,864691134918393098,1
864691135462749246,864691134918403850,1
864691135462749246,864691134920045834,1
864691135462749246,864691134940485219,1
864691135462779966,864691134917675530,1
864691135462779966,864691134918524938,1
864691135462779966,864691134940709475,1
864691135462786366,864691134940687459,1
864691135462810013,864691134885567738,1
864691135462885694,864691134918141962,2
864691135462903197,864691134918177546,1
864691135462903197,864691134940715619,2
864691135462943389,864691134918310154,1
864691135463088541,864691134885639674,1
864691135463094846,864691134939996003,1
864691135463128477,864691134918279946,1
864691135463137086,864691134885550330,1
864691135463137086,864691134918300682,1
864691135463141533,864691134920107018,1
864691135463242909,864691134917958922,5
864691135463242909,864691134918403850,1
864691135463242909,864691134940485219,2
864691135463285405,864691134885782778,1
864691135463427997,864691134885481722,2
864691135463453758,864691134918385930,1
864691135463496093,864691134885803258,1
864691135463496093,864691134918409482,1
864691135463504702,864691134885782778,1
864691135463504702,864691134918120458,1
864691135463506077,864691134885137402,1
864691135463535941,864691134918315786,1
864691135463548734,864691134885639674,1
864691135463551294,864691134940483171,1
864691135463559742,864691134885160442,1
864691135463589182,864691134885122810,1
864691135463639870,864691134918278922,2
864691135463682110,864691134885550330,1
864691135463683229,864691134885160442,4
864691135463696958,864691134917958922,7
864691135463696958,864691134918409482,2
864691135463699518,864691134918385930,1
864691135463704126,864691134918403850,1
864691135463704126,864691134940715619,1
864691135463752254,864691134886444794,3
864691135463768382,864691134918393098,1
864691135463769757,864691134918310154,2
864691135463824709,864691134918178314,1
864691135463936830,864691134885137402,10
864691135463936830,864691134885567738,2
864691135463936830,864691134886444794,2
864691135463982149,864691134917947914,1
864691135463999294,864691134885782778,1
864691135464036926,864691134917669642,1
864691135464076701,864691134885567738,2
864691135464076701,864691134918413066,1
864691135464162366,864691134886580474,1
864691135464170653,864691134917947914,1
864691135464175685,864691134918393098,2
864691135464236350,864691134918409482,1
864691135464273982,864691134918413066,11
864691135464282437,864691134918239498,1
864691135464325701,864691134885552122,1
864691135464454469,864691134918596106,1
864691135464461125,864691134920035082,1
864691135464471965,864691134918332682,1
864691135464474181,864691134885140218,1
864691135464474181,864691134886751994,1
864691135464482629,864691134918239498,1
864691135464497053,864691134885137402,1
864691135464590237,864691134918396938,1
864691135464593470,864691134885702394,1
864691135464595518,864691134886285306,1
864691135464595518,864691134887576314,1
864691135464595518,864691134917947914,2
864691135464595518,864691134918524938,2
864691135464678206,864691134886285306,2
864691135464678206,864691134918947338,1
864691135464711493,864691134918393098,1
864691135464726941,864691134918947338,1
864691135464739902,864691134920035082,1
864691135464787525,864691134918300682,1
864691135464806718,864691134918332682,1
864691135464828317,864691134885702394,1
864691135464828317,864691134940380259,1
864691135464921406,864691134918249738,3
864691135464921406,864691134918409482,1
864691135464921406,864691134918524938,2
864691135464921406,864691134939988067,3
864691135464941469,864691134886336506,1
864691135464948381,864691134917669642,1
864691135464969790,864691134917947914,1
864691135464995134,864691134886751994,1
864691135465001373,864691134885782778,1
864691135465036350,864691134886285306,12
864691135465036350,864691134917669642,1
864691135465036350,864691134917947914,2
864691135465047870,864691134886930170,1
864691135465064510,864691134918370826,2
864691135465098141,864691134940243299,1
864691135465098653,864691134886751994,1
864691135465138077,864691134886751994,1
864691135465142429,864691134886751994,1
864691135465142429,864691134917947914,2
864691135465142429,864691134918177546,1
864691135465144133,864691134918249738,1
864691135465174334,864691134885735418,1
864691135465174846,864691134940243299,8
864691135465178430,864691134885140218,1
864691135465178430,864691134886444794,1
864691135465186110,864691134917669642,1
864691135465197981,864691134885687802,1
864691135465281349,864691134885137402,1
864691135465304477,864691134886751994,2
864691135465304477,864691134886930170,2
864691135465476933,864691134918840586,1
864691135465795653,864691134886285306,2
864691135465795653,864691134917947914,13
864691135466025285,864691134920107018,1
864691135466236229,864691134886751994,1
864691135466236229,864691134918893066,1
864691135466283333,864691134918524938,1
864691135466333509,864691134887576314,1
864691135466333509,864691134918893066,7
864691135466346565,864691134887576314,1
864691135466405957,864691134940213347,3
864691135466420037,864691134940105315,2
864691135466471237,864691134885137402,1
864691135466471237,864691134918893066,1
864691135467941004,864691134885122810,1
864691135468028556,864691134918310154,1
864691135468308364,864691134886364922,1
864691135468308364,864691134886751994,1
864691135468328844,864691134918393098,1
864691135468377228,864691134940060771,1
864691135468400722,864691134885983482,2
864691135468400978,864691134884782586,1
864691135468408402,864691134886828794,1
864691135468408914,864691134918300682,1
864691135468412498,864691134918626314,1
864691135468425868,864691134939988067,1
864691135468434828,864691134918524938,1
864691135468464524,864691134885552122,1
864691135468519564,864691134917675530,1
864691135468527244,864691134886886906,1
864691135468544652,864691134917392394,1
864691135468553868,864691134885122810,2
864691135468706700,864691134885567738,2
864691135468706700,864691134918370826,2
864691135468706700,864691134939992931,11
864691135468757586,864691134940652643,1
864691135468854156,864691134886828794,1
864691135468926546,864691134918141962,1
864691135468948364,864691134918524938,1
864691135468948364,864691134940715619,1
864691135469076818,864691134886444794,1
864691135469088082,864691134939992931,1
864691135469088594,864691134885803258,1
864691135469234060,864691134886886906,1
864691135469257042,864691134940715619,1
864691135469292940,864691134885550330,1
864691135469311628,864691134886930170,1
864691135469311628,864691134920107018,4
864691135469329804,864691134886285306,1
864691135469473164,864691134918370826,6
864691135469473164,864691134918947338,1
864691135469473164,864691134939992931,2
864691135469490514,864691134918596106,3
864691135469527122,864691134917669642,2
864691135469588306,864691134885137402,2
864691135469698956,864691134918524938,1
864691135469733772,864691134887576314,3
864691135469802124,864691134886580474,1
864691135469806732,864691134940709475,2
864691135469894796,864691134885782778,1
864691135469894796,864691134940213347,1
864691135469895308,864691134885735418,1
864691135469895308,864691134886285306,2
864691135469895308,864691134886751994,1
864691135469895308,864691134918332682,1
864691135469981778,864691134885782778,1
864691135470061394,864691134918403850,1
864691135470061394,864691134918626314,1
864691135470127698,864691134885485562,1
864691135470246738,864691134918249738,9
864691135470404690,864691134886444794,1
864691135470556242,864691134887158266,1
864691135470556242,864691134940213347,1
864691135470705490,864691134940213347,1
864691135470768978,864691134885137402,1
864691135470768978,864691134885552122,1
864691135470768978,864691134885717498,3
864691135470768978,864691134886444794,3
864691135470776146,864691134920107018,2
864691135470820946,864691134885550330,2
864691135470820946,864691134885552122,1
864691135470820946,864691134886444794,1
864691135470820946,864691134940715619,4
864691135470886738,864691134886444794,1
864691135470886738,864691134918524938,1
864691135470895186,864691134885460218,1
864691135470895186,864691134885552122,1
864691135470897234,864691134920035082,1
864691135470966354,864691134885137402,1
864691135471233732,864691134940252003,2
864691135472338482,864691134918233610,1
864691135472446770,864691134918947338,1
864691135472457010,864691134918409482,3
864691135472749618,864691134885983482,1
864691135472763442,864691134885137402,1
864691135472770610,864691134918413066,1
864691135472772146,864691134918300682,1
864691135472811570,864691134918393098,1
864691135472952114,864691134918126346,1
864691135472961074,864691134940105315,1
864691135472963890,864691134918947338,1
864691135472963890,864691134940709475,1
864691135472970034,864691134940245859,1
864691135472982066,864691134918249738,1
864691135472982066,864691134940709475,1
864691135472982578,864691134918141450,1
864691135472999986,864691134918233610,1
864691135473001522,864691134885481722,1
864691135473216050,864691134885956858,3
864691135473301298,864691134918120458,1
864691135473578802,864691134918332682,1
864691135473739314,864691134886751994,1
864691135473744946,864691134885140218,1
864691135473859122,864691134887576314,1
864691135473914674,864691134886751994,2
864691135473914674,864691134886930170,1
864691135474086450,864691134886444794,5
864691135474086450,864691134918403850,1
864691135474179378,864691134886285306,3
864691135474219058,864691134886444794,1
864691135474312754,864691134886364922,1
864691135474312754,864691134918332682,3
864691135474481458,864691134885782778,2
864691135474481458,864691134886580474,1
864691135474490930,864691134920035082,2
864691135474606400,864691134917858314,1
864691135474609984,864691134885782778,1
864691135474609984,864691134917392394,1
864691135474615616,864691134940709475,1
864691135474687040,864691134940243299,1
864691135474760768,864691134885485562,1
864691135475004992,864691134940105315,1
864691135475057472,864691134939988067,1
864691135475139392,864691134886751994,1
864691135475440704,864691134885481722,1
864691135475490368,864691134918626314,1
864691135475617344,864691134917669642,1
864691135475622464,864691134918893066,1
864691135475682112,864691134918385930,1
864691135475683392,864691134886930170,1
864691135475685440,864691134920035082,1
864691135475712576,864691134886751994,2
864691135475713344,864691134920035082,1
864691135475713856,864691134917958922,6
864691135475753024,864691134939988067,1
864691135475785792,864691134886444794,2
864691135475797568,864691134918141962,1
864691135475809856,864691134885956858,1
864691135475914304,864691134886828794,1
864691135475914560,864691134939992931,1
864691135475995968,864691134884782586,2
864691135475995968,864691134885160442,3
864691135475995968,864691134918141962,3
864691135475995968,864691134918385930,5
864691135475995968,864691134940245859,2
864691135475995968,864691134940483171,1
864691135476120488,864691134886444794,2
864691135476164520,864691134885550330,6
864691135476164520,864691134918141962,1
864691135476164520,864691134918403850,2
864691135476166568,864691134886444794,1
864691135476234304,864691134885460218,2
864691135476311616,864691134885956858,2
864691135476335016,864691134918385930,1
864691135476431680,864691134885702394,3
864691135476489640,864691134917858314,1
864691135476561320,864691134918332682,1
864691135476566696,864691134884782586,1
864691135476566696,864691134940245859,1
864691135476770216,864691134885137402,1
864691135476841384,864691134886336506,1
864691135476902208,864691134886444794,1
864691135476968000,864691134918249738,8
864691135476968000,864691134918409482,4
864691135476968000,864691134918524938,7
864691135476968000,864691134939988067,4
864691135476982440,864691134918126346,1
864691135476982440,864691134918279946,5
864691135476987304,864691134885481722,1
864691135477013056,864691134885140218,1
864691135477013928,864691134885782778,2
864691135477022632,864691134918370826,1
864691135477034920,864691134918141962,1
864691135477034920,864691134940245859,2
864691135477034920,864691134940483171,6
864691135477037736,864691134917958922,1
864691135477040808,864691134885137402,1
864691135477040808,864691134886444794,1
864691135477096256,864691134886751994,1
864691135477107520,864691134886751994,2
864691135477167016,864691134918626314,1
864691135477177000,864691134886751994,1
864691135477240640,864691134920107018,1
864691135477356968,864691134885137402,1
864691135477356968,864691134885803258,5
864691135477375808,864691134885735418,1
864691135477375808,864691134917669642,1
864691135477413288,864691134886751994,1
864691135477460544,864691134917958922,2
864691135477469352,864691134886751994,1
864691135477469864,864691134886444794,1
864691135477474624,864691134886751994,1
864691135477477952,864691134917669642,1
864691135477615784,864691134885983482,1
864691135477734056,864691134886580474,1
864691135477734056,864691134887158266,1
864691135477734056,864691134920035082,7
864691135477826472,864691134918279946,1
864691135477910440,864691134885567738,3
864691135477910440,864691134885983482,1
864691135477910440,864691134918413066,2
864691135478095016,864691134918893066,1
864691135478171048,864691134918332682,4
864691135478171048,864691134940105315,1
864691135478175656,864691134885735418,3
864691135478175656,864691134918947338,7
864691135478175656,864691134920045834,1
864691135478267590,864691134885575930,1
864691135478267590,864691134918239498,1
864691135478268840,864691134885137402,1
864691135478268840,864691134887576314,1
864691135478268840,864691134918249738,1
864691135478283718,864691134918177546,1
864691135478299560,864691134885803258,1
864691135478316200,864691134918413066,1
864691135478334888,864691134886285306,1
864691135478334888,864691134886751994,1
864691135478334888,864691134917669642,6
864691135478338728,864691134885735418,5
864691135478338728,864691134918947338,2
864691135478383528,864691134918409482,1
864691135478404520,864691134886580474,3
864691135478492840,864691134885137402,1
864691135478573736,864691134886751994,1
864691135478581446,864691134885702394,1
864691135478625448,864691134886751994,1
864691135478730694,864691134918393098,1
864691135479031238,864691134885460218,1
864691135479068358,864691134918385930,1
864691135479223238,864691134885782778,1
864691135479248582,864691134918178314,1
864691135479253190,864691134885481722,1
864691135479258054,864691134885481722,1
864691135479258054,864691134918684170,5
864691135479380166,864691134918233610,1
864691135479396550,864691134886751994,1
864691135479404230,864691134885782778,2
864691135479404742,864691134919289610,1
864691135479440070,864691134940245859,2
864691135479440070,864691134940483171,4
864691135479549894,864691134885460218,1
864691135479833030,864691134918893066,2
864691135480031430,864691134920045834,2
864691135480182982,864691134918177546,1
864691135480407494,864691134886336506,1
864691135480537542,864691134920107018,1
864691135480553414,864691134885575930,1
864691135480553414,864691134918385930,4
864691135480553414,864691134940245859,3
864691135480592838,864691134918947338,6
864691135480652998,864691134917947914,1
864691135480763846,864691134940709475,1
864691135480892614,864691134885735418,1
864691135480930502,864691134918947338,1
864691135480964038,864691134917675530,1
864691135481078982,864691134886364922,1
864691135481078982,864691134886930170,1
864691135481144518,864691134918385930,2
864691135481148614,864691134918332682,1
864691135481994180,864691134939996003,1
864691135484320452,864691134885481722,1
864691135488223290,864691134919289610,3
864691135488261946,864691134918893066,1
864691135488549434,864691134918893066,1
864691135488712762,864691134885803258,1
864691135488719674,864691134886886906,1
864691135488762682,864691134885567738,1
864691135488893754,864691134885140218,1
864691135488936762,864691134885575930,1
864691135488981818,864691134885481722,1
864691135489114938,864691134918249738,1
864691135489178938,864691134918385930,1
864691135489182522,864691134885481722,1
864691135489186362,864691134886751994,1
864691135489186362,864691134918385930,1
864691135489467194,864691134918524938,4
864691135489467194,864691134939988067,2
864691135489486650,864691134886444794,1
864691135489525818,864691134917958922,1
864691135489943354,864691134886444794,1
864691135490054202,864691134886886906,2
864691135490054202,864691134917858314,1
864691135490054202,864691134918279946,6
864691135490101818,864691134918332682,8
864691135490110266,864691134885122810,1
864691135490110266,864691134918141962,1
864691135490110266,864691134940483171,2
864691135490262887,864691134918400522,1
864691135490279226,864691134918385930,1
864691135490279226,864691134940483171,2
864691135490381415,864691134940060771,1
864691135490416698,864691134885567738,5
864691135490416698,864691134885983482,1
864691135490416698,864691134918370826,2
864691135490416698,864691134918413066,1
864691135490461754,864691134886751994,4
864691135490461754,864691134918893066,1
864691135490470503,864691134918393098,1
864691135490492218,864691134918947338,1
864691135490492218,864691134920045834,1
864691135490552378,864691134920035082,2
864691135490588986,864691134886751994,3
864691135490588986,864691134886930170,2
864691135490588986,864691134917669642,1
864691135490588986,864691134918332682,1
864691135490589799,864691134885483770,1
864691135490596071,864691134918126346,1
864691135490596583,864691134917958922,1
864691135490596583,864691134918393098,1
864691135490596583,864691134918413066,1
864691135490597607,864691134918239498,1
864691135490603066,864691134886751994,1
864691135490607463,864691134885567738,4
864691135490607463,864691134918385930,8
864691135490607463,864691134940485219,1
864691135490636090,864691134886930170,2
864691135490636090,864691134918893066,1
864691135490821095,864691134886444794,2
864691135490825319,864691134918233610,1
864691135490958951,864691134885983482,1
864691135491006439,864691134885717498,1
864691135491041767,864691134940483171,1
864691135491043047,864691134918239498,1
864691135491123303,864691134940380259,1
864691135491125991,864691134886886906,1
864691135491138663,864691134918393098,2
864691135491211359,864691134886751994,1
864691135491211359,864691134886930170,1
864691135491239007,864691134887158266,1
864691135491257063,864691134885552122,1
864691135491353063,864691134886808314,1
864691135491369191,864691134939988067,1
864691135491508327,864691134886751994,1
864691135491522023,864691134918126346,1
864691135491522023,864691134940060771,1
864691135491547367,864691134920107018,1
864691135491566055,864691134940715619,1
864691135491568615,864691134885460218,1
864691135491568615,864691134886828794,1
864691135491571943,864691134884782586,1
864691135491571943,864691134885550330,1
864691135491571943,864691134918141962,8
864691135491571943,864691134918403850,1
864691135491571943,864691134940245859,2
864691135491572455,864691134918120458,1
864691135491572455,864691134940380259,1
864691135491575271,864691134917958922,1
864691135491580903,864691134885550330,1
864691135491584999,864691134886444794,1
864691135491585767,864691134885567738,1
864691135491585767,864691134918596106,1
864691135491587047,864691134885567738,1
864691135491634271,864691134939996003,1
864691135491665639,864691134918403850,1
864691135491697759,864691134886751994,1
864691135491729759,864691134918239498,1
864691135491744863,864691134918300682,3
864691135492050663,864691134885122810,1
864691135492070495,864691134885485562,3
864691135492074079,864691134918370826,1
864691135492177255,864691134886444794,1
864691135492219879,864691134885983482,1
864691135492219879,864691134939992931,1
864691135492224351,864691134918120458,1
864691135492224351,864691134918126346,1
864691135492308327,864691134886751994,1
864691135492309599,864691134918233610,1
864691135492309599,864691134918239498,1
864691135492341599,864691134886886906,1
864691135492348255,864691134918279946,1
864691135492359007,864691134885803258,3
864691135492360287,864691134918393098,1
864691135492364639,864691134939992931,1
864691135492398055,864691134918413066,1
864691135492398055,864691134920045834,1
864691135492405607,864691134885567738,6
864691135492405607,864691134885983482,2
864691135492405607,864691134918596106,1
864691135492405863,864691134918385930,2
864691135492405863,864691134920045834,1
864691135492423143,864691134918840586,2
864691135492431719,864691134885122810,1
864691135492431719,864691134885483770,4
864691135492431719,864691134918239498,1
864691135492438879,864691134918385930,1
864691135492537703,864691134918893066,1
864691135492568551,864691134887158266,1
864691135492600167,864691134886336506,1
864691135492600167,864691134886444794,3
864691135492600167,864691134886751994,3
864691135492600167,864691134918409482,1
864691135492602215,864691134920107018,1
864691135492602215,864691134940060771,1
864691135492623591,864691134884782586,2
864691135492623591,864691134885550330,1
864691135492623591,864691134918141962,3
864691135492623591,864691134918300682,1
864691135492623591,864691134918403850,1
864691135492623591,864691134940245859,2
864691135492623591,864691134940483171,1
864691135492640607,864691134886444794,4
864691135492665959,864691134885735418,1
864691135492665959,864691134918947338,1
864691135492749415,864691134917947914,1
864691135492768863,864691134885687802,1
864691135492768863,864691134886751994,1
864691135492776031,864691134918524938,1
864691135492835175,864691134885567738,1
864691135492835175,864691134918596106,1
864691135492864103,864691134886751994,1
864691135492879463,864691134886364922,4
864691135492879463,864691134886751994,9
864691135492879463,864691134940105315,1
864691135492991839,864691134886808314,3
864691135493183207,864691134918396938,1
864691135493191911,864691134886808314,1
864691135493217511,864691134886930170,1
864691135493222375,864691134886930170,1
864691135493222375,864691134918893066,1
864691135493250023,864691134886336506,3
864691135493250023,864691134886580474,1
864691135493250023,864691134887158266,1
864691135493250023,864691134920035082,3
864691135493316191,864691134918947338,11
864691135493451871,864691134917947914,1
864691135493577823,864691134918370826,1
864691135493616991,864691134918370826,1
864691135493665631,864691134918385930,2
864691135493665631,864691134918409482,1
864691135493686111,864691134917669642,1
864691135493699935,864691134885782778,1
864691135493699935,864691134886444794,2
864691135493952912,864691134886285306,1
864691135493959312,864691134940380259,1
864691135493960080,864691134886580474,1
864691135494000528,864691134940715619,1
864691135494067344,864691134885160442,1
864691135494067344,864691134940245859,1
864691135494520208,864691134918626314,1
864691135494981264,864691134940252003,1
864691135495004048,864691134918393098,1
864691135495024784,864691134918413066,1
864691135495025296,864691134917947914,1
864691135495069328,864691134886751994,1
864691135495102352,864691134918524938,1
864691135495137680,864691134918300682,1
864691135495139472,864691134917675530,1
864691135495141520,864691134918141450,1
864691135495146640,864691134886751994,1
864691135495156112,864691134918393098,1
864691135495159696,864691134917858314,1
864691135495165584,864691134940715619,1
864691135495167632,864691134885782778,1
864691135495171472,864691134918141962,1
864691135495183504,864691134918524938,2
864691135495184016,864691134885137402,1
864691135495339664,864691134917675530,1
864691135495342224,864691134917669642,1
864691135495347600,864691134886444794,1
864691135495511184,864691134886751994,1
864691135495515536,864691134886444794,1
864691135495542672,864691134885687802,1
864691135495542672,864691134885717498,2
864691135495542672,864691134886285306,2
864691135495542672,864691134886886906,1
864691135495542672,864691134917947914,2
864691135495542672,864691134918279946,1
864691135495542672,864691134920107018,1
864691135495796880,864691134885782778,2
864691135495796880,864691134886580474,1
864691135495908752,864691134885803258,1
864691135496111248,864691134886285306,2
864691135496262032,864691134918332682,2
864691135496262032,864691134940243299,1
864691135496343696,864691134918393098,1
864691135496384400,864691134886751994,1
864691135496498320,864691134886751994,2
864691135496498320,864691134887576314,1
864691135496498320,864691134918409482,1
864691135496498320,864691134918524938,2
864691135496521616,864691134886336506,1
864691135496521616,864691134920107018,1
864691135496578448,864691134885735418,4
864691135496578448,864691134887576314,2
864691135496578448,864691134917675530,1
864691135496578448,864691134918524938,1
864691135496578448,864691134918947338,3
864691135496578448,864691134939988067,1
864691135496578448,864691134940715619,1
864691135496602256,864691134885137402,1
864691135497612051,864691134940105315,1
864691135497666323,864691134920045834,1
864691135497743635,864691134885460218,1
864691135497962003,864691134886828794,1
864691135498067731,864691134918279946,1
864691135498141203,864691134940483171,1
864691135498391315,864691134918239498,1
864691135498442515,864691134917881098,1
864691135498449427,864691134917945866,1
864691135498605843,864691134886828794,1
864691135498688019,864691134885803258,1
864691135498747155,864691134917947914,1
864691135498997267,864691134885735674,1
864691135499139091,864691134920045834,1
864691135499204883,864691134918332682,1
864691135499385107,864691134918178314,1
864691135499385107,864691134918233610,2
864691135499385107,864691134918300682,1
864691135499490579,864691134885550330,2
864691135499616019,864691134887576314,1
864691135499616019,864691134920035082,1
864691135499707667,864691134918893066,1
864691135499765267,864691134886751994,5
864691135499765267,864691134918332682,1
864691135499777811,864691134885481722,1
864691135499821331,864691134918249738,1
864691135499821331,864691134918370826,1
864691135499964947,864691134886930170,1
864691135499967251,864691134885782778,1
864691135500020755,864691134885140218,2
864691135500020755,864691134886751994,1
864691135500020755,864691134918332682,1
864691135500020755,864691134940105315,1
864691135500022291,864691134920035082,1
864691135501538114,864691134918120458,1
864691135501553730,864691134885550330,1
864691135501555010,864691134940387683,1
864691135501569858,864691134917947914,1
864691135501569858,864691134918403850,1
864691135501577202,864691134885550330,1
864691135501826653,864691134917675530,1
864691135501836893,864691134917858314,1
864691135501918706,864691134918396938,1
864691135501971037,864691134885137402,1
864691135501971037,864691134885481722,2
864691135501992514,864691134885160442,1
864691135502135362,864691134917958922,1
864691135502150210,864691134885137402,1
864691135502156610,864691134885137402,1
864691135502266717,864691134940483171,1
864691135502289474,864691134918403850,2
864691135502324573,864691134940060771,1
864691135502339650,864691134885460218,1
864691135502429250,864691134920107018,1
864691135502456386,864691134884782586,1
864691135502470978,864691134918370826,1
864691135502515037,864691134886444794,1
864691135502515037,864691134918370826,1
864691135502528834,864691134886886906,1
864691135502558530,864691134886444794,1
864691135502601794,864691134885122810,1
864691135502604098,864691134885782778,1
864691135502610242,864691134886828794,1
864691135502613085,864691134885137402,1
864691135502619202,864691134918413066,1
864691135502619229,864691134886751994,1
864691135502634845,864691134918413066,1
864691135502660445,864691134940380259,1
864691135502663005,864691134918126346,1
864691135502722397,864691134885140218,1
864691135502744386,864691134920107018,3
864691135502748482,864691134886285306,1
864691135502748482,864691134917669642,1
864691135502766941,864691134920107018,1
864691135502772061,864691134885782778,1
864691135502774109,864691134918370826,1
864691135502841437,864691134918249738,1
864691135502841437,864691134918524938,1
864691135502842205,864691134920035082,1
864691135502855093,864691134918239498,1
864691135502873666,864691134886930170,1
864691135502901941,864691134940060771,1
864691135502902338,864691134885639674,1
864691135502902338,864691134886444794,1
864691135502902338,864691134917958922,1
864691135502998965,864691134919289610,1
864691135502998965,864691134940718179,1
864691135503001525,864691134918396938,1
864691135503006389,864691134918400522,1
864691135503008693,864691134885140218,1
864691135503012533,864691134885803258,1
864691135503116213,864691134918385930,1
864691135503163202,864691134885460218,1
864691135503163202,864691134918385930,1
864691135503231925,864691134885137402,1
864691135503231925,864691134917675530,1
864691135503246773,864691134885639674,1
864691135503246773,864691134918403850,1
864691135503287618,864691134918893066,1
864691135503353525,864691134885717498,1
864691135503367517,864691134917947914,1
864691135503455810,864691134940380259,1
864691135503501749,864691134885460218,1
864691135503501749,864691134918385930,1
864691135503501749,864691134940483171,1
864691135503512898,864691134918279946,1
864691135503539381,864691134886444794,1
864691135503554485,864691134918300682,1
864691135503554485,864691134918403850,1
864691135503584693,864691134918385930,1
864691135503593026,864691134917669642,2
864691135503610461,864691134918403850,1
864691135503644226,864691134918141450,1
864691135503681717,864691134918141962,4
864691135503681717,864691134918385930,2
864691135503681717,864691134940485219,3
864691135503724354,864691134887576314,1
864691135503724354,864691134918249738,1
864691135503782210,864691134886886906,1
864691135503782210,864691134918177546,1
864691135503782210,864691134940709475,1
864691135503810244,864691134918126346,1
864691135503946306,864691134940245859,1
864691135503979842,864691134885137402,1
864691135503979842,864691134918385930,1
864691135503982517,864691134885137402,1
864691135503982517,864691134918141962,1
864691135503982517,864691134918385930,1
864691135503982517,864691134918393098,1
864691135504020034,864691134918893066,3
864691135504073141,864691134885735418,1
864691135504073141,864691134886444794,1
864691135504081474,864691134885137402,1
864691135504081474,864691134886444794,1
864691135504081474,864691134918370826,4
864691135504081474,864691134920035082,1
864691135504081474,864691134939992931,2
864691135504092226,864691134886930170,1
864691135504148290,864691134918524938,1
864691135504199261,864691134887158266,1
864691135504199261,864691134918332682,1
864691135504199261,864691134940243299,2
864691135504204381,864691134885687802,1
864691135504204381,864691134917669642,1
864691135504230837,864691134920035082,1
864691135504247133,864691134887576314,1
864691135504247133,864691134918249738,1
864691135504247133,864691134918409482,1
864691135504247133,864691134939988067,2
864691135504269149,864691134918249738,1
864691135504269149,864691134918524938,1
864691135504279901,864691134918177546,1
864691135504285621,864691134918370826,2
864691135504301661,864691134918249738,1
864691135504411573,864691134886930170,2
864691135508696585,864691134886444794,1
864691135508863497,864691134918947338,1
864691135508863497,864691134939992931,1
864691135509002249,864691134918141962,1
864691135509128713,864691134885567738,1
864691135509169417,864691134886751994,1
864691135509434633,864691134885122810,3
864691135509474825,864691134940387683,1
864691135509547017,864691134918385930,1
864691135509647625,864691134917881098,1
864691135509651209,864691134918141450,2
864691135509662473,864691134940380259,1
864691135509682953,864691134886444794,1
864691135509686281,864691134919289610,1
864691135509711369,864691134885160442,1
864691135510161673,864691134917669642,1
864691135510161673,864691134919289610,1
864691135510347785,864691134885137402,1
864691135510436304,864691134917675530,1
864691135510455817,864691134886444794,1
864691135510506448,864691134940252003,1
864691135510551049,864691134918249738,1
864691135510596873,864691134918370826,1
864691135510600457,864691134885137402,1
864691135510600457,864691134886444794,1
864691135510607369,864691134885782778,1
864691135510607369,864691134918141450,1
864691135510607369,864691134940380259,1
864691135510638032,864691134886886906,1
864691135510691593,864691134918947338,1
864691135510728713,864691134885567738,1
864691135510728713,864691134918370826,2
864691135510728713,864691134940485219,1
864691135510788560,864691134918396938,1
864691135510846217,864691134885735674,1
864691135510858738,864691134885550330,1
864691135510903504,864691134917675530,1
864691135510959824,864691134885782778,1
864691135510959824,864691134886886906,1
864691135510959824,864691134918840586,1
864691135511043024,864691134918403850,1
864691135511060676,864691134886751994,2
864691135511199753,864691134940380259,2
864691135511256585,864691134886580474,2
864691135511273225,864691134918524938,1
864691135511316745,864691134886751994,1
864691135511417097,864691134886930170,1
864691135511421449,864691134886364922,2
864691135511421449,864691134886751994,1
864691135511421449,864691134918332682,1
864691135511422729,864691134918141450,1
864691135511439625,864691134885137402,2
864691135511439625,864691134917958922,1
864691135511439625,864691134918393098,4
864691135511455952,864691134886285306,1
864691135511482633,864691134887576314,1
864691135511487952,864691134939992931,1
864691135511505360,864691134885782778,1
864691135511545808,864691134885137402,1
864691135511621385,864691134917958922,1
864691135511621385,864691134918403850,2
864691135511621385,864691134918413066,1
864691135511621385,864691134918626314,1
864691135511621385,864691134918947338,1
864691135511664080,864691134917669642,1
864691135511729104,864691134885717498,1
864691135511804368,864691134919289610,1
864691135511861968,864691134917669642,1
864691135512170448,864691134886285306,1
864691135512170448,864691134886751994,1
864691135512232656,864691134885550330,1
864691135512232656,864691134885717498,1
864691135512275152,864691134886444794,1
864691135512275152,864691134918409482,1
864691135512275152,864691134920045834,1
864691135512275152,864691134939988067,2
864691135512346064,864691134918393098,6
864691135512631760,864691134940380259,2
864691135515306226,864691134918409482,1
864691135516358867,864691134920045834,1
864691135516359123,864691134885460218,1
864691135516372435,864691134885137402,1
864691135516717267,864691134885160442,1
864691135516879827,864691134885483770,1
864691135516879827,864691134918400522,1
864691135516880339,864691134918126346,1
864691135516909779,864691134884782586,1
864691135516909779,864691134918385930,1
864691135516909779,864691134940245859,1
864691135516909779,864691134940483171,1
864691135516975315,864691134886444794,1
864691135517281235,864691134918596106,1
864691135517285075,864691134918524938,1
864691135517315795,864691134885803258,2
864691135517413331,864691134885550330,1
864691135517475539,864691134885550330,1
864691135517678730,864691134885140218,1
864691135517678730,864691134886751994,1
864691135517732490,864691134918413066,1
864691135517773706,864691134886285306,1
864691135517773706,864691134886930170,1
864691135517818250,864691134885481722,1
864691135517936339,864691134939992931,1
864691135518029267,864691134918396938,1
864691135518177930,864691134886751994,1
864691135518220682,864691134917945866,1
864691135518283475,864691134886751994,2
864691135518303370,864691134886285306,1
864691135518305747,864691134885735418,2
864691135518305747,864691134885803258,1
864691135518305747,864691134918249738,1
864691135518305747,864691134918409482,1
864691135518305747,864691134918893066,1
864691135518305747,864691134920045834,1
864691135518363018,864691134939992931,1
864691135518368394,864691134885803258,1
864691135518368394,864691134918300682,1
864691135518375123,864691134917958922,1
864691135518375123,864691134939988067,2
864691135518375123,864691134939992931,1
864691135518377427,864691134918141962,1
864691135518377427,864691134918409482,1
864691135518377427,864691134939988067,6
864691135518386314,864691134885983482,1
864691135518393482,864691134886444794,1
864691135518393482,864691134918393098,1
864691135518444243,864691134886285306,1
864691135518444243,864691134917947914,1
864691135518495699,864691134885735418,1
864691135518495699,864691134918524938,1
864691135518495699,864691134918893066,2
864691135518791818,864691134917947914,2
864691135518792842,864691134887576314,1
864691135518792842,864691134918947338,8
864691135518792842,864691134920045834,2
864691135518890122,864691134918684170,1
864691135518954634,864691134885552122,1
864691135518989962,864691134886751994,1
864691135518989962,864691134918947338,1
864691135519404682,864691134885550330,1
864691135519404682,864691134918249738,2
864691135519404682,864691134940715619,1
864691135519632266,864691134885483770,1
864691135519632266,864691134918684170,1
864691135519783562,864691134918370826,1
864691135519783562,864691134918413066,2
864691135519783562,864691134940485219,4
864691135520077450,864691134887576314,1
864691135520092810,864691134918332682,1
864691135520154250,864691134885137402,1
864691135520154250,864691134917947914,1
864691135520237450,864691134917669642,1
864691135520237450,864691134918332682,1
864691135526065755,864691134918393098,2
864691135526073435,864691134918278922,1
864691135526104411,864691134885483770,2
864691135526296667,864691134918310154,1
864691135526309211,864691134918279946,1
864691135526309211,864691134940060771,2
864691135526333787,864691134918684170,1
864691135526405723,864691134885481722,3
864691135526405723,864691134918684170,1
864691135526672731,864691134885639674,1
864691135526672731,864691134917958922,1
864691135526740315,864691134940387683,1
864691135526751067,864691134885639674,1
864691135526838107,864691134886930170,1
864691135526897755,864691134918239498,1
864691135526899547,864691134940483171,2
864691135526903643,864691134885717498,1
864691135526903643,864691134886444794,1
864691135526906203,864691134885140218,1
864691135526907739,864691134886808314,1
864691135527181403,864691134918177546,2
864691135527454555,864691134886808314,1
864691135527555163,864691134886930170,1
864691135527713115,864691134886751994,1
864691135527771739,864691134918626314,1
864691135528016987,864691134917947914,1
864691135528046939,864691134885735418,1
864691135528046939,864691134918249738,1
864691135528046939,864691134918409482,3
864691135528046939,864691134939988067,1
864691135528085851,864691134886886906,1
864691135528085851,864691134920035082,2
864691135528170075,864691134917675530,1
864691135528193883,864691134918893066,2
864691135528204379,864691134885782778,1
864691135528204379,864691134917669642,1
864691135528204379,864691134918141450,2
864691135528204379,864691134940380259,1
864691135528255940,864691134885140218,1
864691135528255940,864691134886364922,2
864691135528255940,864691134886751994,2
864691135537424114,864691134885483770,2
864691135538066546,864691134917945866,1
864691135538090354,864691134918596106,1
864691135538105458,864691134885140218,1
864691135538107506,864691134919289610,1
864691135538114034,864691134885137402,1
864691135538114034,864691134886336506,1
864691135538129266,864691134885137402,1
864691135538134386,864691134917858314,1
864691135538145394,864691134917675530,1
864691135538146418,864691134918393098,1
864691135538572914,864691134918249738,1
864691135538594162,864691134886364922,1
864691135538615410,864691134885481722,1
864691135538639986,864691134885803258,1
864691135538639986,864691134917675530,1
864691135538639986,864691134917958922,3
864691135538639986,864691134918249738,1
864691135538639986,864691134918393098,1
864691135538639986,864691134918409482,4
864691135538639986,864691134939988067,1
864691135538639986,864691134940485219,1
864691135538697586,864691134886364922,1
864691135538905970,864691134918403850,1
864691135538906994,864691134940245859,1
864691135538961266,864691134885481722,1
864691135538961266,864691134886828794,1
864691135538998898,864691134918315786,2
864691135539002738,864691134917881098,1
864691135539102322,864691134886444794,1
864691135539118194,864691134885460218,2
864691135539491442,864691134885803258,2
864691135539634290,864691134918177546,1
864691135539669618,864691134917675530,1
864691135539684722,864691134886751994,2
864691135539775858,864691134886580474,1
864691135540002930,864691134885702394,2
864691135540002930,864691134940380259,3
864691135540028274,864691134886364922,1
864691135540028274,864691134886751994,1
864691135540028530,864691134886364922,2
864691135540028530,864691134917669642,1
864691135540028530,864691134918332682,3
864691135540034674,864691134886444794,1
864691135540034674,864691134917947914,1
864691135540068466,864691134917669642,1
864691135540088178,864691134885137402,3
864691135540088178,864691134885550330,1
864691135540088178,864691134918393098,1
864691135540488818,864691134886930170,8
864691135540488818,864691134918893066,4
864691135540508018,864691134917947914,1
864691135540519538,864691134885735418,1
864691135540519538,864691134885803258,1
864691135540519538,864691134918141962,1
864691135540519538,864691134918385930,1
864691135540519538,864691134918409482,1
864691135540519538,864691134939988067,1
864691135540519538,864691134940709475,1
864691135540520050,864691134886336506,1
864691135540837106,864691134940245859,1
864691135541476804,864691134886751994,1
864691135541476804,864691134917669642,1
864691135544369960,864691134940709475,1
864691135544396072,864691134885460218,1
864691135544396072,864691134918684170,1
864691135544396072,864691134940483171,1
864691135544403752,864691134918403850,1
864691135544411432,864691134918370826,3
864691135544411432,864691134939992931,5
864691135544771112,864691134885782778,1
864691135544771112,864691134887158266,1
864691135544771112,864691134918332682,1
864691135544900392,864691134885481722,1
864691135545115688,864691134885122810,7
864691135545137960,864691134918141450,1
864691135545239336,864691134917881098,1
864691135545242152,864691134885567738,1
864691135545264936,864691134886364922,1
864691135545266216,864691134885550330,1
864691135545274664,864691134918141962,1
864691135545310760,864691134886444794,1
864691135545320232,864691134886285306,1
864691135545362216,864691134918233610,1
864691135545391656,864691134884782586,1
864691135545392424,864691134885140218,1
864691135545398824,864691134917392394,3
864691135545405992,864691134885702394,8
864691135545405992,864691134918120458,2
864691135545405992,864691134919289610,1
864691135545408296,864691134886364922,1
864691135545409576,864691134886444794,1
864691135545412392,864691134918596106,2
864691135545417256,864691134918310154,1
864691135545421352,864691134940387683,1
864691135545971752,864691134918413066,2
864691135546004008,864691134918684170,1
864691135546008616,864691134919289610,2
864691135546142504,864691134886336506,2
864691135546234664,864691134886285306,1
864691135546427176,864691134885782778,1
864691135546466344,864691134885567738,1
864691135546466344,864691134885983482,9
864691135546466344,864691134918370826,5
864691135546466344,864691134918947338,1
864691135546661828,864691134886886906,1
864691135546661828,864691134918279946,8
864691135546938920,864691134917669642,1
864691135547063592,864691134918120458,1
864691135547063592,864691134918279946,1
864691135547063592,864691134918840586,1
864691135549842372,864691134886930170,1
864691135560846817,864691134917945866,1
864691135560846817,864691134918396938,1
864691135560857057,864691134918113546,7
864691135560863969,864691134918393098,2
864691135560938209,864691134940687459,2
864691135560973537,864691134885782778,1
864691135561048033,864691134885803258,1
864691135561060833,864691134885550330,1
864691135561060833,864691134918233610,1
864691135561072865,864691134918233610,2
864691135561243617,864691134918279946,2
864691135561358817,864691134940245859,1
864691135561391073,864691134917858314,1
864691135561463009,864691134918126346,1
864691135561652193,864691134918300682,1
864691135561657057,864691134886751994,1
864691135561678049,864691134886444794,1
864691135561685217,864691134886751994,1
864691135561699041,864691134918332682,1
864691135561699041,864691134940213347,1
864691135561792481,864691134918385930,1
864691135561792481,864691134918393098,1
864691135561792481,864691134918413066,1
864691135561792481,864691134940715619,1
864691135561852641,864691134885137402,3
864691135561852641,864691134886444794,1
864691135561898465,864691134885639674,1
864691135562001633,864691134918332682,1
864691135562004193,864691134917947914,1
864691135562048225,864691134886808314,1
864691135562431201,864691134885782778,1
864691135562431201,864691134917858314,2
864691135562436065,864691134885803258,1
864691135562798817,864691134885735418,1
864691135562842337,864691134885460218,1
864691135562842337,864691134886285306,1
864691135563021281,864691134920107018,4
864691135563024097,864691134885782778,3
864691135563024097,864691134886580474,6
864691135563031265,864691134884782586,1
864691135563031265,864691134918141962,1
864691135563031265,864691134918385930,2
864691135563031265,864691134918413066,1
864691135563052513,864691134918385930,1
864691135563095009,864691134885735418,1
864691135564529175,864691134886751994,1
864691135564554519,864691134940380259,1
864691135564558103,864691134940213347,1
864691135564631383,864691134886808314,1
864691135564691287,864691134940652643,1
864691135564734039,864691134885460218,3
864691135564734039,864691134885481722,1
864691135564734039,864691134918684170,1
864691135564862231,864691134885575930,1
864691135565109527,864691134885481722,1
864691135565272599,864691134885137402,1
864691135565296407,864691134884782586,2
864691135565342999,864691134886444794,1
864691135565343831,864691134918300682,1
864691135565343831,864691134940245859,1
864691135565347607,864691134940709475,1
864691135565348375,864691134885782778,1
864691135565354583,864691134886444794,2
864691135565361175,864691134885481722,1
864691135565361175,864691134918413066,1
864691135565407319,864691134919289610,1
864691135565433367,864691134885483770,2
864691135565441879,864691134918126346,1
864691135565442647,864691134917945866,1
864691135565472343,864691134885782778,1
864691135565521751,864691134918403850,1
864691135565536023,864691134917669642,1
864691135565543191,864691134918393098,1
864691135565543191,864691134918524938,1
864691135565544727,864691134886828794,1
864691135565546007,864691134886444794,1
864691135565552151,864691134917675530,1
864691135565555735,864691134918409482,1
864691135565565975,864691134885782778,2
864691135565565975,864691134919289610,1
864691135565580055,864691134918310154,1
864691135565589015,864691134919289610,2
864691135565592151,864691134940483171,1
864691135565602839,864691134920035082,1
864691135565622615,864691134918126346,1
864691135565664791,864691134885160442,1
864691135565664791,864691134918300682,1
864691135565664791,864691134918385930,3
864691135565854551,864691134885956858,1
864691135565854551,864691134886444794,2
864691135565889879,864691134920107018,1
864691135565972247,864691134885140218,1
864691135566023511,864691134885639674,1
864691135566023511,864691134918403850,1
864691135566140759,864691134885485562,1
864691135566293527,864691134918300682,7
864691135566305623,864691134885137402,1
864691135566499415,864691134886886906,1
864691135566499415,864691134918120458,2
864691135566523159,864691134940105315,1
864691135566705943,864691134885140218,1
864691135566705943,864691134917669642,2
864691135566825495,864691134886751994,2
864691135566825495,864691134917669642,1
864691135566855191,864691134886930170,1
864691135566945559,864691134917669642,1
864691135566979927,864691134918332682,1
864691135567096919,864691134886336506,1
864691135567137111,864691134885782778,1
864691135567185495,864691134885735418,1
864691135567206743,864691134886580474,1
864691135567206743,864691134920035082,1
864691135567726828,864691134885485562,1
864691135567950828,864691134885483770,1
864691135567950828,864691134918385930,3
864691135567950828,864691134918400522,1
864691135567950828,864691134940245859,2
864691135567950828,864691134940483171,1
864691135568146156,864691134918684170,1
864691135568224492,864691134886751994,1
864691135568589804,864691134885485562,1
864691135568594924,864691134939996003,1
864691135568720876,864691134918279946,1
864691135568759532,864691134920035082,1
864691135568785132,864691134917669642,1
864691135568833004,864691134885782778,1
864691135568834284,864691134918300682,1
864691135568888454,864691134919289610,1
864691135568897926,864691134918413066,1
864691135568929670,864691134885122810,5
864691135568964332,864691134939988067,1
864691135568966278,864691134918233610,2
864691135569044204,864691134918141450,1
864691135569140716,864691134885137402,1
864691135569300972,864691134917669642,1
864691135569300972,864691134918840586,1
864691135569333894,864691134885639674,2
864691135569333894,864691134940483171,1
864691135569355654,864691134918413066,1
864691135569436140,864691134885550330,1
864691135569519494,864691134885803258,1
864691135569519494,864691134917675530,1
864691135569519494,864691134918249738,1
864691135569519494,864691134939988067,2
864691135569520518,864691134918413066,1
864691135569524716,864691134885137402,1
864691135569535724,864691134940709475,1
864691135569541100,864691134940709475,8
864691135569670124,864691134918596106,1
864691135569690092,864691134886751994,1
864691135569760134,864691134885481722,1
864691135569831814,864691134885140218,1
864691135569854956,864691134917858314,1
864691135569885164,864691134886886906,1
864691135569964422,864691134918126346,1
864691135569985772,864691134940243299,1
864691135570019206,864691134886751994,2
864691135570024326,864691134885140218,1
864691135570024326,864691134886751994,1
864691135570026118,864691134885983482,1
864691135570037126,864691134885550330,1
864691135570223852,864691134887576314,2
864691135570223852,864691134918893066,1
864691135570223852,864691134940709475,2
864691135570270956,864691134940709475,2
864691135570320620,864691134886285306,3
864691135570320620,864691134886751994,9
864691135570320620,864691134886930170,1
864691135570320620,864691134917669642,9
864691135570320620,864691134918332682,4
864691135570502790,864691134918141450,3
864691135570502790,864691134940380259,1
864691135570670573,864691134918396938,1
864691135570693357,864691134885639674,1
864691135570703597,864691134918249738,5
864691135570703597,864691134918524938,2
864691135570722797,864691134917669642,2
864691135570730886,864691134918393098,1
864691135570740205,864691134918239498,1
864691135570791558,864691134885803258,1
864691135570791558,864691134918385930,1
864691135570791558,864691134918403850,1
864691135570791558,864691134940709475,1
864691135570814445,864691134885460218,2
864691135570814445,864691134918413066,4
864691135571108742,864691134885803258,1
864691135571108742,864691134918249738,1
864691135571108742,864691134918409482,4
864691135571108742,864691134918524938,1
864691135571108742,864691134939988067,4
864691135571138438,864691134918396938,1
864691135571188205,864691134918393098,1
864691135571193478,864691134886364922,1
864691135571193478,864691134886751994,3
864691135571193478,864691134918332682,2
864691135571193478,864691134940105315,3
864691135571248421,864691134885122810,3
864691135571262245,864691134885122810,1
864691135571262245,864691134918239498,2
864691135571274221,864691134940387683,1
864691135571293421,864691134918524938,3
864691135571356038,864691134887158266,1
864691135571356038,864691134918893066,2
864691135571367917,864691134885803258,1
864691135571403654,864691134920045834,1
864691135571440006,864691134887158266,1
864691135571440006,864691134940243299,7
864691135571490341,864691134885485562,1
864691135571490341,864691134886751994,5
864691135571490341,864691134917669642,5
864691135571490341,864691134919289610,6
864691135571515270,864691134886751994,1
864691135571524486,864691134886751994,2
864691135571524486,864691134918332682,2
864691135571528326,864691134918409482,1
864691135571541285,864691134917958922,1
864691135571603749,864691134885485562,1
864691135571628325,864691134918413066,1
864691135571632518,864691134886751994,1
864691135571632518,864691134917669642,1
864691135571672813,864691134885140218,1
864691135571676453,864691134917669642,1
864691135571702821,864691134885550330,5
864691135571702821,864691134917675530,4
864691135571702821,864691134918403850,1
864691135571702821,864691134918626314,1
864691135571758573,864691134918126346,1
864691135571801069,864691134918233610,1
864691135571806445,864691134918141962,1
864691135571806445,864691134918385930,1
864691135571820013,864691134886751994,1
864691135571820013,864691134917669642,1
864691135571820525,864691134885575930,1
864691135571820525,864691134918233610,3
864691135571821549,864691134918385930,1
864691135572077549,864691134917669642,1
864691135572092965,864691134918409482,1
864691135572155373,864691134886828794,1
864691135572155373,864691134918400522,1
864691135572179493,864691134940060771,1
864691135572201965,864691134886444794,1
864691135572276773,864691134885782778,1
864691135572276773,864691134918120458,2
864691135572281637,864691134939992931,1
864691135572283373,864691134918126346,1
864691135572373229,864691134918141450,1
864691135572373229,864691134919289610,1
864691135572373229,864691134940213347,1
864691135572373229,864691134940380259,4
864691135572385061,864691134918300682,1
864691135572405741,864691134918177546,1
864691135572423205,864691134918385930,1
864691135572434925,864691134940709475,2
864691135572435237,864691134885639674,1
864691135572510957,864691134885137402,1
864691135572510957,864691134886444794,1
864691135572535845,864691134885782778,1
864691135572535845,864691134886580474,3
864691135572547109,864691134917669642,1
864691135572634149,864691134918684170,1
864691135572680941,864691134917392394,1
864691135572772077,864691134918141962,1
864691135573086245,864691134940243299,1
864691135573098477,864691134886444794,1
864691135573098477,864691134886751994,1
864691135573150245,864691134918249738,1
864691135573239021,864691134886336506,1
864691135573273637,864691134918524938,1
864691135573276197,864691134917675530,1
864691135573288685,864691134917947914,1
864691135573296677,864691134886930170,1
864691135573326317,864691134885803258,1
864691135573326317,864691134917675530,1
864691135573326317,864691134917958922,1
864691135573326317,864691134918249738,1
864691135573326317,864691134918403850,3
864691135573326317,864691134918409482,1
864691135573336557,864691134885803258,3
864691135573336557,864691134917958922,1
864691135573336557,864691134918249738,4
864691135573336557,864691134918409482,5
864691135573336557,864691134939988067,1
864691135573345829,864691134886930170,1
864691135573378797,864691134885803258,1
864691135573378797,864691134918249738,1
864691135573378797,864691134918409482,2
864691135573378797,864691134939988067,4
864691135573407269,864691134918300682,1
864691135573407269,864691134918403850,1
864691135573421861,864691134886580474,1
864691135573421861,864691134887158266,1
864691135573421861,864691134918893066,1
864691135573434093,864691134886364922,4
864691135573434093,864691134940213347,1
864691135573450789,864691134917669642,1
864691135573452781,864691134885137402,1
864691135573452781,864691134918141962,1
864691135573452781,864691134918385930,1
864691135573475565,864691134940213347,1
864691135573516581,864691134887158266,1
864691135573516581,864691134918893066,1
864691135575106846,864691134918684170,1
864691135575130398,864691134918947338,1
864691135575207108,864691134885782778,1
864691135575207108,864691134886886906,2
864691135575207108,864691134918120458,2
864691135575207108,864691134918126346,1
864691135575386654,864691134886930170,1
864691135575594014,864691134918840586,1
864691135575613214,864691134886828794,1
864691135575613214,864691134940483171,3
864691135575687710,864691134918385930,1
864691135575709214,864691134918120458,1
864691135575709214,864691134918126346,1
864691135575743262,864691134885137402,1
864691135575851294,864691134886444794,1
864691135575894302,864691134918396938,1
864691135575915294,864691134885140218,2
864691135575940126,864691134885639674,1
864691135575953438,864691134918300682,1
864691135576022814,864691134886751994,1
864691135576140830,864691134885481722,2
864691135576140830,864691134885550330,2
864691135576140830,864691134918403850,1
864691135576145438,864691134918370826,1
864691135576166942,864691134886930170,1
864691135576171038,864691134886828794,1
864691135576179230,864691134940213347,1
864691135576182046,864691134918393098,1
864691135576204830,864691134918524938,1
864691135576320030,864691134886930170,1
864691135576331550,864691134918409482,1
864691135576436510,864691134918409482,1
864691135576991518,864691134918393098,1
864691135577043486,864691134886930170,2
864691135577221406,864691134885782778,1
864691135577240350,864691134885702394,3
864691135577240350,864691134940380259,8
864691135577269765,864691134886751994,1
864691135577269765,864691134917669642,1
864691135577349150,864691134885956858,1
864691135577559070,864691134885735418,3
864691135577559070,864691134918409482,3
864691135577559070,864691134918893066,1
864691135577559070,864691134920045834,5
864691135577559070,864691134939988067,4
864691135577592606,864691134886580474,1
864691135577592606,864691134918893066,1
864691135577592606,864691134920035082,1
864691135577607198,864691134940380259,1
864691135577617694,864691134940243299,1
864691135577653253,864691134885567738,1
864691135577681694,864691134886336506,1
864691135577788933,864691134917675530,1
864691135577793054,864691134885567738,1
864691135577793054,864691134885803258,1
864691135577793054,864691134887576314,5
864691135577793054,864691134918370826,1
864691135577793054,864691134918409482,3
864691135577793054,864691134940485219,1
864691135577855006,864691134885782778,11
864691135577864709,864691134884782586,1
864691135577868805,864691134939996003,1
864691135577907486,864691134885803258,4
864691135577907486,864691134918249738,7
864691135577907486,864691134918409482,1
864691135577907486,864691134939988067,1
864691135577919006,864691134885481722,2
864691135577985285,864691134885460218,4
864691135578098949,864691134885137402,1
864691135578098949,864691134885735418,2
864691135578146565,864691134885639674,1
864691135578234373,864691134886751994,1
864691135578600965,864691134886930170,1
864691135578600965,864691134917669642,1
864691135578745861,864691134940709475,1
864691135578866693,864691134917669642,1
864691135579052805,864691134886751994,1
864691135579170821,864691134918524938,1
864691135579218949,864691134918370826,1
864691135579307269,864691134918840586,1
864691135579315205,864691134887576314,1
864691135579346437,864691134918332682,1
864691135579407877,864691134887576314,1
864691135579407877,864691134918249738,1
864691135579466245,864691134886828794,2
864691135580230084,864691134918120458,2
864691135581551725,864691134918332682,1
864691135581601133,864691134940718179,1
864691135581715565,864691134886364922,1
864691135581715565,864691134886751994,1
864691135581715565,864691134940105315,1
864691135581798765,864691134886285306,1
864691135581798765,864691134886751994,8
864691135581798765,864691134917669642,4
864691135581903725,864691134887158266,1
864691135581915245,864691134886444794,1
864691135581943661,864691134885639674,1
864691135581982573,864691134918120458,1
864691135581993581,864691134885552122,1
864691135582051181,864691134918947338,1
864691135582496365,864691134886444794,1
864691135582496365,864691134918524938,1
864691135582513517,864691134885481722,1
864691135582515821,864691134918524938,2
864691135582615149,864691134917669642,1
864691135582626925,864691134918300682,1
864691135582629997,864691134940252003,1
864691135582629997,864691134940387683,1
864691135582633325,864691134918141962,1
864691135582634349,864691134918239498,1
864691135582634349,864691134940483171,1
864691135582655597,864691134918370826,1
864691135582967661,864691134918396938,1
864691135582973549,864691134887576314,1
864691135582973549,864691134939992931,1
864691135582975597,864691134885803258,1
864691135582975597,864691134918300682,2
864691135582975597,864691134918393098,2
864691135583033197,864691134918233610,1
864691135583059821,864691134917675530,1
864691135583059821,864691134918403850,1
864691135583062980,864691134885485562,2
864691135583091053,864691134918893066,1
864691135583130989,864691134885803258,1
864691135583223405,864691134918332682,2
864691135583342403,864691134939992931,1
864691135583343725,864691134918393098,1
864691135583718386,864691134885550330,1
864691135583907693,864691134886285306,2
864691135583928696,864691134918370826,1
864691135583988722,864691134917958922,2
864691135583988722,864691134918393098,1
864691135583988722,864691134939988067,1
864691135584019053,864691134886580474,1
864691135584019053,864691134918409482,1
864691135584019053,864691134920045834,2
864691135584068717,864691134887576314,1
864691135584146162,864691134885717498,1
864691135584266093,864691134918385930,3
864691135584316781,864691134885956858,1
864691135584316781,864691134887158266,1
864691135584316781,864691134918332682,1
864691135584316781,864691134918947338,1
864691135584316781,864691134940243299,1
864691135584335090,864691134918370826,2
864691135584335090,864691134918393098,1
864691135584335090,864691134940485219,1
864691135584396274,864691134884782586,1
864691135584396274,864691134885160442,1
864691135584519533,864691134886364922,1
864691135584519533,864691134940105315,3
864691135584534392,864691134886828794,1
864691135584548973,864691134886930170,1
864691135584548973,864691134917669642,1
864691135584548973,864691134917947914,1
864691135584548973,864691134940105315,1
864691135584643960,864691134918400522,1
864691135584738669,864691134885782778,1
864691135584771181,864691134940380259,1
864691135584778861,864691134885140218,2
864691135584801912,864691134886886906,1
864691135584811128,864691134886930170,1
864691135584818552,864691134917392394,1
864691135584818808,864691134918233610,1
864691135584829048,864691134886751994,2
864691135584908408,864691134918403850,1
864691135585106044,864691134885687802,1
864691135585130108,864691134917958922,1
864691135585130108,864691134918524938,1
864691135585304131,864691134885735418,1
864691135585317752,864691134885803258,1
864691135585548668,864691134918279946,1
864691135585676412,864691134885639674,1
864691135585746300,864691134919289610,1
864691135585750652,864691134940652643,1
864691135585753155,864691134918947338,2
864691135585753155,864691134920045834,1
864691135585765500,864691134885782778,1
864691135585765500,864691134918120458,1
864691135585803900,864691134885485562,1
864691135585831804,864691134886580474,1
864691135585923196,864691134885702394,1
864691135585953400,864691134918332682,1
864691135586012024,864691134886444794,2
864691135586040956,864691134918279946,1
864691135586052476,864691134886444794,1
864691135586080636,864691134885575930,2
864691135586080636,864691134918178314,1
864691135586080636,864691134939996003,1
864691135586083452,864691134918370826,1
864691135586087804,864691134920035082,1
864691135586090876,864691134918120458,1
864691135586097020,864691134918413066,5
864691135586099068,864691134885567738,1
864691135586127992,864691134885639674,1
864691135586127992,864691134886444794,1
864691135586176892,864691134886751994,1
864691135586202232,864691134886828794,3
864691135586219132,864691134940483171,1
864691135586224504,864691134885803258,4
864691135586224504,864691134917675530,1
864691135586224504,864691134917958922,1
864691135586224504,864691134918409482,2
864691135586224504,864691134918524938,1
864691135586224504,864691134920045834,4
864691135586224504,864691134939988067,5
864691135586269048,864691134885735418,1
864691135586269048,864691134918947338,1
864691135586283644,864691134918385930,1
864691135586283644,864691134918409482,1
864691135586320252,864691134940709475,1
864691135586392440,864691134887576314,2
864691135586487932,864691134886828794,1
864691135586491260,864691134884782586,3
864691135586491260,864691134918385930,1
864691135586491260,864691134940245859,2
864691135586774908,864691134918524938,2
864691135586876028,864691134918947338,2
864691135586876028,864691134939992931,2
864691135587126002,864691134885803258,2
864691135587126002,864691134918141962,1
864691135587126002,864691134918249738,1
864691135587126002,864691134918409482,1
864691135587126002,864691134939988067,1
864691135587472252,864691134885803258,1
864691135587472252,864691134918409482,5
864691135587472252,864691134939988067,3
864691135587503740,864691134886751994,1
864691135587532924,864691134885639674,1
864691135587668348,864691134920035082,1
864691135587668348,864691134939992931,2
864691135587668348,864691134940105315,1
864691135587743612,864691134886580474,1
864691135587743612,864691134886930170,1
864691135587743612,864691134887576314,1
864691135587743612,864691134918370826,1
864691135587753970,864691134885137402,1
864691135587758716,864691134918385930,1
864691135587779964,864691134886751994,3
864691135587828348,864691134885137402,1
864691135587862652,864691134886930170,2
864691135587862652,864691134918893066,2
864691135587863932,864691134886580474,1
864691135587863932,864691134920035082,1
864691135587867004,864691134885782778,3
864691135587867004,864691134886580474,2
864691135587867004,864691134920035082,1
864691135587882620,864691134918596106,1
864691135587904124,864691134885160442,2
864691135587904124,864691134918947338,1
864691135587904124,864691134920045834,2
864691135587904124,864691134940715619,1
864691135590387723,864691134885137402,1
864691135590435339,864691134885122810,5
864691135590435339,864691134918400522,1
864691135590435595,864691134940060771,1
864691135590479883,864691134885122810,1
864691135590479883,864691134918400522,1
864691135590551051,864691134918249738,1
864691135590697227,864691134940387683,1
864691135590856715,864691134918684170,1
864691135590879755,864691134918947338,1
864691135590960139,864691134885481722,1
864691135590970635,864691134919289610,1
864691135590977035,864691134917675530,1
864691135590983435,864691134918310154,1
864691135590984459,864691134918524938,1
864691135590989323,864691134886336506,1
864691135590998027,864691134918178314,1
864691135590998027,864691134918300682,1
864691135590998027,864691134918403850,1
864691135590998027,864691134940483171,1
864691135591443979,864691134887576314,1
864691135591552267,864691134886580474,1
864691135591822347,864691134885735674,1
864691135591854347,864691134885639674,1
864691135591854347,864691134918524938,1
864691135591886347,864691134885782778,1
864691135591959819,864691134886444794,1
864691135592059147,864691134919289610,2
864691135592063243,864691134886930170,1
864691135592380171,864691134885550330,1
864691135592380171,864691134885735418,1
864691135592380171,864691134885803258,1
864691135592380171,864691134918409482,2
864691135592380171,864691134939988067,7
864691135592380171,864691134940245859,1
864691135592575755,864691134940485219,2
864691135592837899,864691134886930170,2
864691135592837899,864691134918524938,1
864691135592837899,864691134920035082,3
864691135593030923,864691134885803258,2
864691135593030923,864691134917958922,3
864691135593030923,864691134918409482,4
864691135593030923,864691134918947338,1
864691135593030923,864691134920045834,2
864691135593030923,864691134939988067,2
864691135593030923,864691134940485219,2
864691135593040395,864691134940715619,1
864691135593093131,864691134885550330,1
864691135593093131,864691134918370826,1
864691135593093131,864691134918409482,1
864691135593093131,864691134918893066,6
864691135593109771,864691134918249738,3
864691135593109771,864691134918524938,6
864691135593109771,864691134939988067,1
864691135593133067,864691134887576314,1
864691135593200395,864691134886930170,1
864691135593200395,864691134887576314,3
864691135593200395,864691134918893066,3
864691135593659947,864691134886828794,1
864691135593829163,864691134885460218,1
864691135593978155,864691134918332682,1
864691135594065707,864691134920035082,1
864691135594101291,864691134885639674,1
864691135594101291,864691134918239498,1
864691135594101291,864691134918403850,1
864691135594233899,864691134886808314,1
864691135594262571,864691134917947914,1
864691135594285867,864691134885122810,1
864691135594434091,864691134885485562,1
864691135594448171,864691134885485562,1
864691135594450731,864691134886285306,1
864691135594467627,864691134939996003,1
864691135594470443,864691134885137402,2
864691135594492203,864691134885956858,1
864691135594606379,864691134918385930,1
864691135594896171,864691134920107018,1
864691135594943787,864691134886751994,1
864691135594982187,864691134885956858,1
864691135595025707,864691134884782586,1
864691135595025707,864691134918300682,1
864691135595025707,864691134940245859,1
864691135595040043,864691134918370826,1
864691135595105835,864691134918249738,1
864691135595105835,864691134918524938,2
864691135595105835,864691134939988067,2
864691135595712299,864691134887576314,5
864691135595712299,864691134918370826,1
864691135595712299,864691134918893066,1
864691135595712299,864691134918947338,1
864691135595712811,864691134886580474,10
864691135595712811,864691134920035082,1
864691135595810859,864691134886930170,1
864691135595810859,864691134918893066,12
864691135595834667,864691134940709475,1
864691135596133931,864691134885137402,1
864691135596133931,864691134886580474,1
864691135608326340,864691134918403850,2
864691135608326340,864691134940709475,1
864691135608326340,864691134940715619,1
864691135609430279,864691134918840586,1
864691135609718535,864691134918893066,1
864691135609803783,864691134886828794,1
864691135609943559,864691134918300682,1
864691135609998343,864691134887158266,1
864691135610014983,864691134885137402,1
864691135610034439,864691134918400522,1
864691135610217479,864691134918233610,1
864691135610233351,864691134920107018,1
864691135610303495,864691134886444794,1
864691135610308615,864691134940709475,1
864691135610310919,864691134886828794,1
864691135610342919,864691134939996003,1
864691135610411271,864691134920035082,1
864691135610490119,864691134885687802,1
864691135610492423,864691134920045834,1
864691135610581255,864691134885567738,1
864691135610744327,864691134886444794,6
864691135610866951,864691134886886906,1
864691135611126023,864691134886364922,1
864691135611174919,864691134918396938,1
864691135611331079,864691134885140218,1
864691135611337735,864691134918893066,1
864691135611361543,864691134885782778,1
864691135611506183,864691134918178314,1
864691135611592967,864691134886285306,1
864691135611702023,864691134885735418,3
864691135611702023,864691134918893066,1
864691135611702023,864691134940243299,1
864691135611715591,864691134918126346,1
864691135611789831,864691134885137402,1
864691135611789831,864691134885552122,1
864691135611789831,864691134885567738,1
864691135611789831,864691134885717498,2
864691135611789831,864691134885983482,1
864691135611789831,864691134918626314,3
864691135611789831,864691134940387683,1
864691135611938823,864691134918332682,1
864691135611938823,864691134940213347,2
864691135614143947,864691134885122810,1
864691135614143947,864691134885575930,1
864691135614143947,864691134940483171,1
864691135614161611,864691134885702394,1
864691135614362059,864691134917958922,1
864691135614429387,864691134885782778,1
864691135614439627,864691134885140218,1
864691135614525643,864691134885483770,3
864691135614525643,864691134918400522,1
864691135614682827,864691134917945866,1
864691135614799307,864691134885575930,1
864691135614862283,864691134918279946,3
864691135614997195,864691134885122810,1
864691135615027403,864691134885140218,2
864691135615037387,864691134885460218,1
864691135615057355,864691134885122810,1
864691135615057355,864691134918310154,1
864691135615073739,864691134885575930,2
864691135615073739,864691134918141962,1
864691135615089867,864691134886444794,1
864691135615103179,864691134886444794,1
864691135615107275,864691134918385930,1
864691135615112395,864691134886580474,1
864691135615114187,864691134918233610,1
864691135615271371,864691134886828794,2
864691135615421899,864691134885803258,1
864691135615421899,864691134917958922,2
864691135615421899,864691134918409482,1
864691135615421899,864691134940485219,2
864691135615438795,864691134884782586,3
864691135615438795,864691134918141962,3
864691135615438795,864691134918300682,1
864691135615438795,864691134918385930,4
864691135615438795,864691134918393098,1
864691135615438795,864691134940245859,6
864691135615438795,864691134940483171,2
864691135615486923,864691134940715619,1
864691135615803497,864691134918413066,3
864691135615924171,864691134885552122,1
864691135615924171,864691134918393098,1
864691135616070347,864691134886364922,1
864691135616070347,864691134940105315,2
864691135616168651,864691134887158266,1
864691135616227275,864691134918141450,1
864691135616227275,864691134940380259,3
864691135616292969,864691134886285306,1
864691135616305769,864691134886364922,1
864691135616332649,864691134918893066,1
864691135616353385,864691134940652643,1
864691135616391017,864691134918239498,3
864691135616417227,864691134918396938,1
864691135616466379,864691134885782778,1
864691135616466379,864691134917392394,1
864691135616500329,864691134885717498,1
864691135616533451,864691134920035082,1
864691135616546251,864691134885735418,1
864691135616546251,864691134918947338,1
864691135616546251,864691134920045834,3
864691135616546251,864691134939988067,1
864691135616563049,864691134940718179,1
864691135616565451,864691134886580474,1
864691135616568523,864691134885735418,1
864691135616568523,864691134886364922,9
864691135616568523,864691134886751994,8
864691135616568523,864691134917669642,4
864691135616575849,864691134918126346,1
864691135616576715,864691134886751994,2
864691135616576715,864691134887158266,1
864691135616576715,864691134917669642,3
864691135616576715,864691134917947914,1
864691135616588137,864691134886751994,1
864691135616591051,864691134885803258,1
864691135616591051,864691134918249738,3
864691135616591051,864691134918409482,3
864691135616639947,864691134940243299,1
864691135616654697,864691134885481722,1
864691135616723561,864691134918120458,1
864691135616816489,864691134940709475,1
864691135616867177,864691134884782586,1
864691135616871785,864691134886886906,1
864691135616879465,864691134886930170,1
864691135616894313,864691134885803258,1
864691135616896873,864691134885575930,1
864691135616896873,864691134918178314,4
864691135616907113,864691134886364922,1
864691135616928873,864691134885717498,1
864691135616931433,864691134886444794,1
864691135616960361,864691134940709475,1
864691135617056105,864691134918239498,1
864691135617440105,864691134885782778,1
864691135617440105,864691134886580474,1
864691135617440105,864691134917947914,1
864691135617470057,864691134920035082,1
864691135617724559,864691134917945866,1
864691135617740431,864691134918249738,1
864691135617749647,864691134918300682,2
864691135617793423,864691134918126346,1
864691135617802895,864691134885735674,1
864691135617802895,864691134918120458,1
864691135617819753,864691134886285306,1
864691135617974633,864691134918249738,1
864691135618011535,864691134886886906,1
864691135618011535,864691134917858314,1
864691135618011535,864691134918120458,1
864691135618011535,864691134918126346,2
864691135618011535,864691134918279946,4
864691135618011535,864691134918840586,1
864691135618185359,864691134918178314,1
864691135618188137,864691134918249738,1
864691135618210959,864691134920107018,1
864691135618227087,864691134886930170,1
864691135618237545,864691134918370826,3
864691135618266729,864691134885717498,1
864691135618301801,864691134885137402,2
864691135618301801,864691134885717498,1
864691135618301801,864691134918370826,1
864691135618332265,864691134885735418,1
864691135618332265,864691134886751994,4
864691135618332265,864691134918524938,2
864691135618375785,864691134886285306,2
864691135618375785,864691134886364922,1
864691135618375785,864691134886751994,3
864691135618375785,864691134918332682,6
864691135618443407,864691134885552122,1
864691135618448745,864691134918332682,1
864691135618448745,864691134940105315,1
864691135618461289,864691134939992931,1
864691135618493071,864691134885122810,1
864691135618500239,864691134885687802,1
864691135618500239,864691134886285306,2
864691135618501263,864691134919289610,1
864691135618523497,864691134886444794,1
864691135618557801,864691134885782778,1
864691135618558569,864691134885552122,2
864691135618558569,864691134885717498,3
864691135618558569,864691134917675530,1
864691135618558569,864691134918396938,1
864691135618558569,864691134918626314,1
864691135618612367,864691134886751994,1
864691135618629737,864691134918524938,1
864691135618694543,864691134885983482,1
864691135618694543,864691134917958922,1
864691135618694543,864691134940715619,1
864691135618695823,864691134917947914,1
864691135618695823,864691134940709475,1
864691135618708879,864691134940485219,1
864691135618713487,864691134939992931,1
864691135618718607,864691134918684170,1
864691135618720655,864691134885552122,1
864691135618893455,864691134918393098,1
864691135618907791,864691134885550330,1
864691135618925455,864691134918332682,1
864691135619030671,864691134885460218,1
864691135619030671,864691134885481722,1
864691135619055759,864691134918393098,1
864691135619175311,864691134885137402,1
864691135619186575,864691134918393098,1
864691135619186575,864691134918524938,1
864691135619463567,864691134920035082,1
864691135619463567,864691134920107018,1
864691135619557263,864691134887576314,3
864691135619557263,864691134918524938,1
864691135619557263,864691134939988067,1
864691135619638671,864691134918385930,2
864691135619834767,864691134886751994,3
864691135619844751,864691134917947914,1
864691135619871887,864691134885567738,1
864691135619871887,864691134885803258,1
864691135619871887,864691134885983482,2
864691135619871887,864691134917958922,1
864691135619871887,864691134918413066,2
864691135619976335,864691134917675530,1
864691135619976335,864691134918370826,1
864691135619976335,864691134918393098,1
864691135619976335,864691134918396938,1
864691135619976335,864691134918409482,1
864691135619976335,864691134920045834,2
864691135638560196,864691134886285306,2
864691135639249211,864691134940483171,1
864691135639441723,864691134886444794,1
864691135639442491,864691134918370826,1
864691135639442747,864691134918141962,1
864691135639443003,864691134885567738,1
864691135639620155,864691134886930170,1
864691135639707195,864691134918403850,1
864691135639728955,864691134886444794,1
864691135639775291,864691134918310154,1
864691135639793723,864691134885122810,1
864691135639860283,864691134918315786,1
864691135639869755,864691134885639674,1
864691135639874619,864691134886751994,1
864691135639874619,864691134886930170,1
864691135639894843,864691134886828794,4
864691135639910459,864691134886828794,2
864691135639910971,864691134885550330,1
864691135639914043,864691134885567738,1
864691135639943227,864691134885717498,1
864691135639943227,864691134886444794,2
864691135640067643,864691134884782586,1
864691135640087611,864691134918178314,1
864691135640087611,864691134918233610,2
864691135640125755,864691134918413066,1
864691135640398651,864691134886751994,1
864691135640398651,864691134918409482,1
864691135640482363,864691134940709475,1
864691135640519995,864691134917669642,1
864691135640519995,864691134920035082,1
864691135640528955,864691134918249738,1
864691135640544571,864691134886444794,1
864691135640641851,864691134918300682,1
864691135640874043,864691134885550330,1
864691135640883259,864691134886285306,1
864691135640883259,864691134886751994,2
864691135640985028,864691134885983482,2
864691135640985028,864691134918370826,6
864691135640985028,864691134939992931,1
864691135641123780,864691134886444794,1
864691135641196091,864691134918947338,3
864691135641196091,864691134940243299,1
864691135641352507,864691134887576314,2
864691135641402564,864691134885550330,1
864691135641460539,864691134885550330,1
864691135641474619,864691134918947338,1
864691135641487419,864691134940715619,3
864691135641491003,864691134886751994,1
864691135641505339,864691134886930170,1
864691135641518395,864691134885983482,1
864691135641518395,864691134918893066,1
864691135642437457,864691134886751994,1
864691135644589295,864691134939992931,2
864691135644659183,864691134940380259,1
864691135644690415,864691134886751994,1
864691135644700911,864691134885137402,2
864691135644700911,864691134918370826,3
864691135644700911,864691134918947338,2
864691135644804591,864691134885137402,3
864691135644804591,864691134885567738,1
864691135644911087,864691134918249738,20
864691135645023727,864691134917958922,1
864691135645080047,864691134940380259,1
864691135645143279,864691134885460218,1
864691135645165295,864691134918249738,1
864691135645350895,864691134886285306,1
864691135645367535,864691134918370826,1
864691135645407215,864691134885485562,1
864691135645435631,864691134885122810,1
864691135645531375,864691134886751994,1
864691135645531631,864691134939988067,1
864691135645533167,864691134885983482,1
864691135645538543,864691134885137402,1
864691135645587439,864691134885735418,1
864691135645751791,864691134885460218,1
864691135645751791,864691134885481722,2
864691135645861359,864691134940060771,1
864691135645900527,864691134885140218,1
864691135645926127,864691134886751994,1
864691135646147567,864691134885782778,1
864691135646481135,864691134887576314,1
864691135646697455,864691134918370826,2
864691135646705903,864691134885735418,1
864691135646705903,864691134918524938,1
864691135646705903,864691134920045834,2
864691135646796015,864691134940105315,1
864691135646928111,864691134885803258,1
864691135654159810,864691134885483770,1
864691135654159810,864691134918400522,4
864691135654159810,864691134940483171,3
864691135654354370,864691134918684170,1
864691135654586050,864691134918385930,1
864691135654591426,864691134940483171,1
864691135654628546,864691134919289610,1
864691135654661058,864691134918120458,1
864691135654676418,864691134885782778,2
864691135654884802,864691134918233610,1
864691135654888898,864691134918315786,2
864691135654938562,864691134885550330,1
864691135654948546,864691134886751994,2
864691135655005122,864691134885717498,1
864691135655013826,864691134918120458,1
864691135655013826,864691134918126346,2
864691135655069890,864691134886444794,2
864691135655135426,864691134918393098,1
864691135655139522,864691134918370826,1
864691135655168706,864691134918385930,2
864691135655173570,864691134940243299,1
864691135655197378,864691134885137402,1
864691135655360450,864691134920107018,1
864691135655687618,864691134886444794,12
864691135655769538,864691134940715619,1
864691135655779522,864691134939996003,6
864691135655779522,864691134940687459,5
864691135656073410,864691134918141450,1
864691135656073410,864691134919289610,3
864691135656073410,864691134940380259,3
864691135656147138,864691134918393098,1
864691135656147138,864691134918413066,1
864691135656147138,864691134920045834,1
864691135656253122,864691134885639674,1
864691135656453058,864691134918947338,1
864691135656579010,864691134918947338,1
864691135656617410,864691134885717498,3
864691135656617410,864691134917669642,2
864691135656628674,864691134885735418,4
864691135656631490,864691134918893066,1
864691135656664770,864691134885735674,1
864691135656778946,864691134885160442,11
864691135656778946,864691134918141962,1
864691135656778946,864691134918385930,1
864691135656778946,864691134940245859,2
864691135656800706,864691134940105315,1
864691135657951106,864691134885481722,1
864691135658266498,864691134885160442,1
864691135658302082,864691134940105315,1
864691135658302338,864691134940105315,1
864691135658343554,864691134885687802,1
864691135658343554,864691134918126346,1
864691135658590850,864691134939996003,1
864691135658703234,864691134918249738,1
864691135658818178,864691134918141450,1
864691135658873730,864691134918370826,1
864691135658876290,864691134918141962,1
864691135658879874,864691134885735418,1
864691135658886530,864691134917945866,1
864691135658890626,864691134885483770,2
864691135658896514,864691134886444794,1
864691135658904450,864691134920045834,1
864691135658974594,864691134885782778,1
864691135658999682,864691134885481722,2
864691135659105410,864691134885140218,1
864691135659207554,864691134885687802,1
864691135659207554,864691134886285306,3
864691135659207554,864691134886751994,1
864691135659207554,864691134917947914,4
864691135659207554,864691134918840586,1
864691135659207554,864691134920107018,1
864691135659219074,864691134887158266,2
864691135659355266,864691134918332682,1
864691135659465858,864691134886444794,1
864691135659498114,864691134918178314,1
864691135659498114,864691134940483171,1
864691135659540098,864691134885567738,3
864691135659540098,864691134885983482,1
864691135659637122,864691134918300682,1
864691135659869826,864691134885140218,2
864691135659869826,864691134886285306,1
864691135659869826,864691134940105315,1
864691135660029314,864691134886444794,2
864691135660046210,864691134920035082,1
864691135660049282,864691134920035082,1
864691135660108674,864691134917669642,1
864691135660167554,864691134885735418,1
864691135660167554,864691134886930170,1
864691135660167554,864691134918596106,2
864691135660483824,864691134918400522,1
864691135660487664,864691134917675530,1
864691135660497392,864691134885803258,1
864691135660520944,864691134884782586,1
864691135660772080,864691134887158266,2
864691135660772080,864691134918947338,1
864691135660772080,864691134940243299,3
864691135660829936,864691134918178314,1
864691135660842736,864691134918113546,2
864691135660882928,864691134885717498,1
864691135661173232,864691134885782778,1
864691135661211120,864691134885137402,1
864691135661224176,864691134918413066,1
864691135661288944,864691134886751994,4
864691135661349104,864691134885481722,3
864691135661349104,864691134918684170,1
864691135661349104,864691134939996003,1
864691135661379568,864691134917675530,1
864691135661408752,864691134886364922,1
864691135661415920,864691134917675530,1
864691135661415920,864691134918403850,1
864691135661421296,864691134885550330,1
864691135661441264,864691134886444794,1
864691135661448176,864691134918249738,1
864691135661454064,864691134886580474,1
864691135661494768,864691134886828794,1
864691135661641968,864691134886444794,1
864691135661653744,864691134917669642,1
864691135661656816,864691134885639674,1
864691135661656816,864691134886444794,1
864691135662000112,864691134886580474,3
864691135662008816,864691134886364922,1
864691135662008816,864691134886751994,2
864691135662008816,864691134917669642,4
864691135662059760,864691134918393098,1
864691135662059760,864691134918409482,1
864691135662070512,864691134887158266,1
864691135662070512,864691134918370826,2
864691135662169584,864691134886886906,1
864691135662175728,864691134939992931,1
864691135662312432,864691134918120458,1
864691135662352624,864691134886751994,2
864691135662448880,864691134884782586,1
864691135662448880,864691134885803258,1
864691135662448880,864691134917958922,1
864691135662448880,864691134918141962,1
864691135662448880,864691134918385930,1
864691135662448880,864691134940483171,1
864691135662448880,864691134940485219,1
864691135662588656,864691134917958922,2
864691135662588656,864691134918403850,1
864691135662588656,864691134939988067,1
864691135662669552,864691134885550330,1
864691135662669552,864691134886930170,1
864691135662673604,864691134918393098,1
864691135662673604,864691134918409482,1
864691135662673604,864691134920045834,1
864691135662673604,864691134939988067,2
864691135662785520,864691134886336506,1
864691135662825456,864691134920035082,1
864691135662881220,864691134918141962,1
864691135662882544,864691134918893066,1
864691135662886384,864691134886580474,2
864691135662886384,864691134918332682,1
864691135662886384,864691134918893066,2
864691135662911728,864691134918893066,1
864691135662972400,864691134885803258,7
864691135662972400,864691134918249738,6
864691135662972400,864691134918409482,4
864691135662972400,864691134918524938,1
864691135662972400,864691134920045834,2
864691135662972400,864691134939988067,2
864691135662978032,864691134886751994,1
864691135662978032,864691134886930170,4
864691135674382020,864691134940485219,1
864691135678315204,864691134917675530,1
864691135678315204,864691134940245859,4
864691135680743828,864691134885575930,1
864691135682294932,864691134886828794,3
864691135682294932,864691134918113546,3
864691135682618052,864691134885137402,1
864691135682618052,864691134918403850,1
864691135683161540,864691134918300682,1
864691135683223026,864691134887576314,1
864691135683237618,864691134886828794,1
864691135683671794,864691134940105315,1
864691135683681522,864691134885140218,1
864691135683681522,864691134940105315,1
864691135683729906,864691134920045834,1
864691135683757554,864691134939992931,1
864691135683777266,864691134918310154,2
864691135683946935,864691134885483770,1
864691135683946935,864691134918400522,4
864691135683946935,864691134940245859,4
864691135683957943,864691134918409482,1
864691135683968695,864691134885122810,1
864691135684095730,864691134885567738,1
864691135684136178,864691134886444794,1
864691135684176114,864691134918413066,1
864691135684189682,864691134940105315,1
864691135684206322,864691134918370826,1
864691135684216050,864691134885122810,1
864691135684248306,864691134918315786,1
864691135684255218,864691134918403850,1
864691135684284914,864691134918126346,1
864691135684307698,864691134885717498,1
864691135684317682,864691134885575930,1
864691135684464823,864691134885575930,1
864691135684464823,864691134940483171,1
864691135684503538,864691134886751994,1
864691135684573879,864691134918947338,1
864691135684574391,864691134885567738,1
864691135684574391,864691134918141962,2
864691135684574391,864691134918370826,1
864691135684645362,864691134884782586,2
864691135684747447,864691134918393098,1
864691135684892599,864691134918300682,1
864691135684895927,864691134885687802,1
864691135684921271,864691134886751994,1
864691135684934583,864691134885552122,2
864691135684988855,864691134940213347,1
864691135685086647,864691134919289610,1
864691135685086903,864691134940483171,1
864691135685090743,864691134918684170,2
864691135685093362,864691134885803258,3
864691135685093362,864691134885983482,2
864691135685093362,864691134918300682,1
864691135685093362,864691134918393098,1
864691135685093362,864691134920045834,2
864691135685095095,864691134886751994,1
864691135685095863,864691134885567738,1
864691135685098423,864691134886444794,2
864691135685100215,864691134918177546,1
864691135685122231,864691134885782778,1
864691135685161143,864691134885639674,1
864691135685283314,864691134918393098,2
864691135685334455,864691134918177546,2
864691135685357810,864691134886285306,1
864691135685357810,864691134918177546,1
864691135685373938,864691134885717498,1
864691135685373938,864691134885803258,1
864691135685373938,864691134887576314,2
864691135685373938,864691134918370826,2
864691135685373938,864691134939988067,1
864691135685373938,864691134940485219,1
864691135685373938,864691134940715619,1
864691135685394674,864691134886751994,13
864691135685394674,864691134918524938,1
864691135685396151,864691134918370826,1
864691135685396151,864691134920035082,2
864691135685396151,864691134939992931,1
864691135685458162,864691134885983482,1
864691135685465783,864691134886751994,1
864691135685510130,864691134886580474,1
864691135685510130,864691134917669642,1
864691135685529236,864691134886828794,1
864691135685529236,864691134918385930,1
864691135685629170,864691134885735418,1
864691135685635058,864691134918370826,1
864691135685635058,864691134920035082,1
864691135685720050,864691134886580474,1
864691135685720050,864691134886930170,2
864691135685720050,864691134918332682,2
864691135685720050,864691134918893066,1
864691135685901495,864691134940715619,1
864691135686006711,864691134918177546,1
864691135686006711,864691134940715619,1
864691135686091447,864691134885567738,1
864691135686091447,864691134885956858,1
864691135686091447,864691134918947338,1
864691135686091447,864691134939992931,5
864691135686159031,864691134940243299,1
864691135686199700,864691134885481722,1
864691135686223287,864691134885137402,1
864691135686287543,864691134886751994,1
864691135686386615,864691134886751994,8
864691135686386615,864691134886930170,2
864691135686388407,864691134886751994,1
864691135686494647,864691134918596106,1
864691135686540471,864691134918893066,1
864691135686540471,864691134920035082,1
864691135686540471,864691134939992931,3
864691135686568119,864691134885140218,1
864691135686568119,864691134886364922,1
864691135686615223,864691134886444794,2
864691135686615223,864691134918370826,2
864691135686755511,864691134885735418,1
864691135686755511,864691134918249738,5
864691135686755511,864691134918893066,1
864691135686755511,864691134920045834,1
864691135686755511,864691134940709475,1
864691135686768055,864691134917858314,1
864691135686885856,864691134940243299,1
864691135686889440,864691134940652643,1
864691135686905824,864691134939996003,1
864691135686917600,864691134918310154,1
864691135686933216,864691134917392394,1
864691135687217632,864691134918300682,1
864691135687217632,864691134918393098,2
864691135687231968,864691134886444794,1
864691135687236576,864691134918300682,1
864691135687307744,864691134940105315,1
864691135687312608,864691134885687802,1
864691135687561952,864691134885137402,1
864691135687568608,864691134918396938,1
864691135687577824,864691134918684170,1
864691135687692000,864691134918315786,1
864691135687701472,864691134918113546,1
864691135687723232,864691134885717498,1
864691135687786208,864691134917945866,1
864691135687811552,864691134885140218,1
864691135687863264,864691134917675530,2
864691135687865312,864691134940245859,1
864691135687890912,864691134918403850,1
864691135688136160,864691134886930170,1
864691135688138464,864691134918684170,1
864691135688153056,864691134885122810,1
864691135688331744,864691134918332682,1
864691135688344544,864691134885485562,1
864691135688700384,864691134885639674,1
864691135688700384,864691134886444794,1
864691135688732384,864691134887576314,1
864691135688786400,864691134918120458,1
864691135688846048,864691134887576314,1
864691135688846048,864691134918947338,1
864691135688884192,864691134885137402,1
864691135688884192,864691134886444794,1
864691135688884192,864691134887576314,1
864691135688915168,864691134885485562,2
864691135688915168,864691134886285306,4
864691135688915168,864691134918177546,1
864691135688915168,864691134918840586,2
864691135688915168,864691134920107018,1
864691135688915168,864691134940060771,1
864691135688960736,864691134885140218,1
864691135688960736,864691134886364922,3
864691135688960736,864691134886751994,1
864691135689037280,864691134886336506,1
864691135689062880,864691134918385930,1
864691135689106912,864691134940715619,1
864691135689175008,864691134886930170,1
864691135689417440,864691134918893066,1
864691135689417440,864691134940715619,1
864691135689516256,864691134920035082,1
864691135689554400,864691134920107018,1
864691135689609952,864691134917675530,1
864691135689609952,864691134918947338,1
864691135689617376,864691134918524938,1
864691135689646304,864691134886285306,1
864691135689692384,864691134885803258,1
864691135689734624,864691134885460218,1
864691135689735904,864691134885567738,2
864691135689735904,864691134918370826,3
864691135689735904,864691134920045834,2
864691135689759200,864691134920107018,1
864691135689787360,864691134918893066,5
864691135692740287,864691134918684170,1
864691135692847764,864691134884782586,1
864691135692847764,864691134918141962,2
864691135692847764,864691134918385930,1
864691135692847764,864691134940245859,2
864691135692847764,864691134940483171,1
864691135693117119,864691134917858314,1
864691135693397951,864691134885639674,1
864691135693478079,864691134886444794,1
864691135693529279,864691134917881098,1
864691135693552063,864691134886444794,1
864691135693574591,864691134885567738,1
864691135693629119,864691134885550330,1
864691135693629119,864691134885575930,1
864691135693629119,864691134918178314,1
864691135693629119,864691134918233610,3
864691135693694399,864691134885639674,1
864691135693694399,864691134917675530,1
864691135693699519,864691134920035082,1
864691135693699519,864691134920107018,1
864691135693705407,864691134884782586,1
864691135693705407,864691134918141962,1
864691135693705407,864691134940483171,1
864691135693708991,864691134917675530,2
864691135693710271,864691134885481722,5
864691135693711039,864691134918177546,1
864691135693900479,864691134918524938,1
864691135694014911,864691134918385930,1
864691135694066367,864691134886930170,1
864691135694066367,864691134917947914,2
864691135694113215,864691134918385930,1
864691135694406335,864691134918893066,1
864691135694421439,864691134920107018,1
864691135695021247,864691134920035082,2
864691135695151039,864691134940105315,1
864691135695197375,864691134885140218,3
864691135695197375,864691134886364922,2
864691135695197375,864691134886930170,1
864691135695248831,864691134885803258,1
864691135695248831,864691134887576314,1
864691135695248831,864691134917675530,1
864691135695248831,864691134918370826,3
864691135695248831,864691134940485219,1
864691135696304538,864691134886751994,1
864691135696442010,864691134885687802,1
864691135696442010,864691134886751994,1
864691135696692890,864691134885140218,1
864691135696857242,864691134918113546,1
864691135696877210,864691134917669642,1
864691135696899482,864691134918279946,1
864691135696900506,864691134886886906,6
864691135696900506,864691134918279946,7
864691135696916122,864691134886336506,1
864691135696917146,864691134918233610,1
864691135696921754,864691134885702394,1
864691135696921754,864691134885735674,2
864691135696922778,864691134885160442,1
864691135696922778,864691134918385930,1
864691135696929178,864691134885782778,1
864691135696935066,864691134920107018,1
864691135696945562,864691134885567738,1
864691135696957082,864691134918409482,1
864691135697307290,864691134885137402,1
864691135697307290,864691134917947914,1
864691135697368341,864691134886751994,1
864691135697410325,864691134917958922,5
864691135697605530,864691134918947338,2
864691135697751317,864691134885550330,1
864691135697807002,864691134918596106,1
864691135697865882,864691134918113546,1
864691135697865882,864691134940483171,2
864691135697879061,864691134885575930,1
864691135697891349,864691134885983482,1
864691135697898005,864691134885567738,1
864691135698016410,864691134918249738,1
864691135698205461,864691134918120458,1
864691135698243994,864691134917675530,2
864691135698292245,864691134940652643,1
864691135698344981,864691134918126346,1
864691135698345237,864691134885460218,1
864691135698353562,864691134920107018,1
864691135698401045,864691134885782778,1
864691135698424341,864691134918113546,1
864691135698459546,864691134918403850,1
864691135698459546,864691134918626314,1
864691135698460826,864691134886580474,1
864691135698460826,864691134887576314,1
864691135698480026,864691134885485562,2
864691135698480026,864691134886285306,1
864691135698480026,864691134917669642,3
864691135698529178,864691134886751994,1
864691135698533274,864691134887158266,1
864691135698571797,864691134940483171,1
864691135698654485,864691134940709475,1
864691135698663189,864691134918177546,1
864691135698664469,864691134885460218,1
864691135698731541,864691134885481722,1
864691135698731541,864691134918233610,1
864691135698731541,864691134918596106,1
864691135698820373,864691134917947914,1
864691135698922005,864691134918409482,1
864691135699294754,864691134886751994,1
864691135699296021,864691134885137402,1
864691135699296021,864691134918524938,1
864691135699346965,864691134885687802,1
864691135699346965,864691134886751994,5
864691135699346965,864691134886930170,1
864691135699357461,864691134887158266,1
864691135699570210,864691134886364922,1
864691135699604258,864691134885567738,1
864691135699629077,864691134917945866,1
864691135699629077,864691134940387683,1
864691135699640853,864691134886751994,1
864691135699640853,864691134886930170,1
864691135699669781,864691134918947338,1
864691135699767317,864691134886751994,1
864691135699767317,864691134920107018,2
864691135699771925,864691134885140218,4
864691135699779861,864691134885160442,3
864691135699779861,864691134885735418,1
864691135699779861,864691134918249738,1
864691135699779861,864691134920045834,1
864691135699816469,864691134918332682,1
864691135699816469,864691134940709475,1
864691135699818005,864691134886751994,1
864691135699818005,864691134886930170,3
864691135699818005,864691134917669642,2
864691135699905557,864691134886580474,2
864691135699905557,864691134920035082,3
864691135699938082,864691134885803258,1
864691135699964962,864691134917669642,1
864691135700008994,864691134919289610,1
864691135700080674,864691134886751994,1
864691135700096802,864691134885122810,1
864691135700132130,864691134918947338,1
864691135700149794,864691134885140218,1
864691135700164386,864691134886444794,2
864691135700175906,864691134918393098,1
864691135700206626,864691134918249738,1
864691135700231803,864691134885687802,1
864691135700231803,864691134886751994,1
864691135700231803,864691134918893066,2
864691135700234875,864691134917392394,1
864691135700272162,864691134885460218,1
864691135700272162,864691134885481722,1
864691135700272162,864691134918684170,1
864691135700274555,864691134885735418,4
864691135700274555,864691134918947338,3
864691135700274555,864691134920045834,3
864691135700506914,864691134918233610,1
864691135700572539,864691134885782778,2
864691135700750114,864691134918947338,1
864691135700750971,864691134939996003,1
864691135700842530,864691134920107018,1
864691135700945275,864691134887576314,1
864691135701027451,864691134886444794,1
864691135701095547,864691134918332682,1
864691135701147170,864691134886930170,1
864691135701152891,864691134940380259,1
864691135701161506,864691134885550330,2
864691135701161506,864691134918393098,1
864691135701163643,864691134918947338,1
864691135701178235,864691134918370826,1
864691135701189499,864691134885567738,1
864691135701194274,864691134885735674,1
864691135701233531,864691134886444794,1
864691135701246843,864691134885702394,1
864691135701270139,864691134885735418,1
864691135701284130,864691134918524938,2
864691135701295483,864691134917669642,1
864691135701340194,864691134886751994,2
864691135701346683,864691134940687459,1
864691135701351458,864691134885137402,2
864691135701351458,864691134885567738,1
864691135701351458,864691134918370826,2
864691135701390882,864691134885639674,1
864691135701396859,864691134886444794,1
864691135701424507,864691134885782778,1
864691135701427579,864691134885137402,1
864691135701531003,864691134886930170,1
864691135701537659,864691134886364922,1
864691135701537659,864691134940105315,1
864691135701592699,864691134885575930,1
864691135701645346,864691134917669642,1
864691135701746978,864691134918893066,1
864691135701764898,864691134885735418,1
864691135701764898,864691134939988067,1
864691135701843835,864691134885717498,1
864691135701851426,864691134885137402,1
864691135701851426,864691134918524938,1
864691135701851426,864691134940060771,1
864691135701876514,864691134920035082,2
864691135701882402,864691134886751994,1
864691135701917563,864691134885803258,1
864691135702246523,864691134885702394,2
864691135702246523,864691134885735674,2
864691135702246523,864691134940380259,1
864691135702338171,864691134886285306,2
864691135702338171,864691134886751994,1
864691135702338171,864691134917947914,1
864691135702338171,864691134920107018,2
864691135702516091,864691134886886906,1
864691135702537851,864691134886336506,2
864691135702609275,864691134886751994,2
864691135702887291,864691134917669642,3
864691135703055995,864691134918332682,2
864691135703055995,864691134940105315,3
864691135703068539,864691134918370826,3
864691135703068539,864691134920045834,3
864691135703068539,864691134939992931,3
864691135703219067,864691134886930170,2
864691135703273851,864691134886580474,6
864691135703276155,864691134886886906,2
864691135703282043,864691134886580474,4
864691135703282043,864691134886751994,2
864691135703282043,864691134886930170,3
864691135703282043,864691134918840586,1
864691135703282043,864691134918893066,1
864691135703291771,864691134885735418,1
864691135703313275,864691134940243299,1
864691135704914580,864691134940245859,1
864691135705440404,864691134885481722,1
864691135711594388,864691134918385930,4
864691135715256980,864691134918141962,1
864691135715256980,864691134918300682,1
864691135715256980,864691134918385930,1
864691135715256980,864691134918403850,7
864691135715300500,864691134918300682,2
864691135715300500,864691134918385930,2
864691135715362330,864691134920107018,1
864691135715482138,864691134939996003,1
864691135715514650,864691134885137402,1
864691135715607322,864691134940715619,1
864691135715674138,864691134886285306,1
864691135716023578,864691134886828794,1
864691135716038938,864691134885782778,1
864691135716065306,864691134918393098,1
864691135716088858,864691134885782778,2
864691135716119322,864691134886886906,1
864691135716147482,864691134886886906,3
864691135716157722,864691134884782586,1
864691135716157722,864691134940483171,1
864691135716170522,864691134885481722,1
864691135716180506,864691134886751994,1
864691135716189466,864691134885639674,1
864691135716237594,864691134939996003,1
864691135716272666,864691134885137402,1
864691135716272666,864691134885639674,1
864691135716272666,864691134918947338,1
864691135716274458,864691134884782586,3
864691135716301338,864691134885782778,1
864691135716476954,864691134918524938,2
864691135716553876,864691134885575930,2
864691135716553876,864691134918233610,1
864691135716553876,864691134918239498,2
864691135716812314,864691134885803258,2
864691135716812314,864691134886444794,1
864691135716812314,864691134918393098,1
864691135716812314,864691134940715619,1
864691135716869658,864691134886751994,2
864691135716869658,864691134917669642,2
864691135716929562,864691134885803258,2
864691135716929562,864691134887576314,1
864691135716929562,864691134918393098,1
864691135716929562,864691134918409482,1
864691135716929562,864691134940715619,2
864691135716975130,864691134917947914,1
864691135716994586,864691134918249738,1
864691135716994586,864691134918893066,1
864691135716994586,864691134940709475,1
864691135717159194,864691134885702394,1
864691135717163290,864691134887576314,1
864691135717170714,864691134918409482,2
864691135717170714,864691134920045834,2
864691135717171226,864691134886336506,1
864691135717174810,864691134886751994,2
864691135717199386,864691134918249738,1
864691135717199386,864691134918524938,1
864691135717271834,864691134886364922,1
864691135717424154,864691134885782778,5
864691135717437466,864691134886580474,1
864691135717446170,864691134885735418,1
864691135717446170,864691134917947914,1
864691135717446170,864691134918249738,9
864691135717446170,864691134918409482,1
864691135717446170,864691134918524938,4
864691135717446170,864691134939988067,2
864691135717457178,864691134918893066,1
864691135717457946,864691134885803258,1
864691135717457946,864691134886751994,1
864691135717528346,864691134886364922,1
864691135717528346,864691134886751994,2
864691135717528346,864691134886930170,1
864691135717528346,864691134918332682,4
864691135717528346,864691134940105315,2
864691135717602330,864691134940380259,1
864691135717931924,864691134885481722,2
864691135718228372,864691134918141962,2
864691135718228372,864691134918300682,1
864691135718622001,864691134940483171,1
864691135718646577,864691134886751994,1
864691135718822193,864691134885567738,1
864691135719092273,864691134940105315,1
864691135719381553,864691134920045834,1
864691135719424817,864691134918403850,1
864691135719435313,864691134885122810,1
864691135719438641,864691134885552122,1
864691135719446833,864691134885483770,1
864691135719448212,864691134918239498,1
864691135719450161,864691134918310154,1
864691135719727921,864691134918524938,1
864691135719738929,864691134886751994,2
864691135719946289,864691134885782778,1
864691135719990833,864691134885687802,1
864691135719990833,864691134886285306,1
864691135719990833,864691134886751994,10
864691135719990833,864691134917669642,3
864691135720118065,864691134918279946,1
864691135720335665,864691134884782586,1
864691135720335665,864691134918141962,3
864691135720335665,864691134918385930,1
864691135720337201,864691134918947338,3
864691135720382001,864691134885735418,2
864691135720387121,864691134885983482,2
864691135720387121,864691134918409482,7
864691135720387121,864691134939992931,1
864691135720559921,864691134917669642,1
864691135720572977,864691134918332682,1
864691135720572977,864691134918893066,1
864691135720751153,864691134886930170,1
864691135720759345,864691134886580474,1
864691135720759345,864691134940380259,1
864691135720773937,864691134887158266,1
864691135720773937,864691134918524938,1
864691135720786993,864691134885137402,4
864691135720786993,864691134885735418,1
864691135720786993,864691134886444794,1
864691135720800049,864691134918249738,6
864691135720800049,864691134918524938,4
864691135722979220,864691134939996003,24
864691135724393131,864691134940387683,1
864691135724585131,864691134885735674,1
864691135724585131,864691134940213347,1
864691135724609707,864691134939992931,1
864691135724614059,864691134918396938,1
864691135724637355,864691134885160442,1
864691135724769451,864691134886751994,2
864691135724839339,864691134885639674,1
864691135725481387,864691134885460218,2
864691135725481387,864691134886828794,2
864691135725595199,864691134885140218,1
864691135725748139,864691134886580474,1
864691135725779883,864691134886336506,1
864691135725779883,864691134940687459,2
864691135725779883,864691134940709475,1
864691135725838763,864691134886808314,1
864691135725929279,864691134918332682,1
864691135725952319,864691134940243299,1
864691135726033727,864691134885575930,1
864691135726033727,864691134918233610,2
864691135726113451,864691134885735418,3
864691135726113451,864691134939988067,1
864691135726207551,864691134886444794,1
864691135726214571,864691134939992931,1
864691135726292287,864691134940715619,1
864691135726442155,864691134885567738,5
864691135726442155,864691134885983482,1
864691135726470975,864691134918233610,1
864691135726473279,864691134885567738,1
864691135726476607,864691134885735418,2
864691135726478911,864691134918120458,1
864691135726597803,864691134918249738,1
864691135726597803,864691134918524938,1
864691135726773419,864691134886580474,1
864691135726773419,864691134886751994,1
864691135726804139,864691134886444794,1
864691135726880063,864691134885639674,1
864691135726881195,864691134887576314,1
864691135726917291,864691134920035082,1
864691135726943551,864691134918393098,1
864691135726969259,864691134887158266,5
864691135726969259,864691134918332682,3
864691135726969259,864691134918947338,4
864691135726969259,864691134940243299,1
864691135727062847,864691134886808314,1
864691135727104063,864691134940252003,1
864691135727459903,864691134917945866,1
864691135727546943,864691134885983482,3
864691135727546943,864691134918370826,1
864691135727611199,864691134886444794,2
864691135727613503,864691134940715619,1
864691135727744831,864691134885137402,1
864691135727744831,864691134885803258,1
864691135727744831,864691134918370826,5
864691135727744831,864691134918409482,1
864691135727744831,864691134918947338,1
864691135727744831,864691134940485219,1
864691135727929663,864691134887158266,1
864691135727929663,864691134918947338,9
864691135728018751,864691134886580474,4
864691135728043839,864691134887576314,3
864691135728043839,864691134918524938,1
864691135728043839,864691134918893066,1
864691135728052799,864691134885735418,1
864691135728052799,864691134940060771,1
864691135728119103,864691134886364922,1
864691135728119103,864691134918332682,1
864691135728119103,864691134940105315,2
864691135730114233,864691134885485562,1
864691135730114233,864691134886751994,1
864691135730649785,864691134918396938,1
864691135730660281,864691134918403850,1
864691135730662073,864691134918141962,1
864691135730911161,864691134917945866,1
864691135730914745,864691134918141450,1
864691135730955449,864691134886751994,1
864691135730994617,864691134885983482,1
864691135731017145,864691134918233610,1
864691135731124665,864691134885735674,1
864691135731154617,864691134886444794,1
864691135731205817,864691134885122810,1
864691135731209145,864691134886828794,1
864691135731216569,864691134918178314,2
864691135731229625,864691134885481722,1
864691135731238073,864691134940483171,2
864691135731505081,864691134885460218,1
864691135731505081,864691134886828794,12
864691135731711417,864691134886580474,1
864691135731744185,864691134920107018,1
864691135731744185,864691134940060771,1
864691135731965076,864691134918413066,1
864691135732013497,864691134885956858,1
864691135732013497,864691134885983482,1
864691135732038329,864691134885137402,1
864691135732142521,864691134886751994,1
864691135732142521,864691134917669642,1
864691135732172692,864691134918141962,1
864691135732172692,864691134918370826,1
864691135732172692,864691134918385930,3
864691135732172692,864691134918393098,1
864691135732172692,864691134918403850,2
864691135732172692,864691134939988067,1
864691135732210873,864691134886751994,1
864691135732257721,864691134885137402,1
864691135732257721,864691134918524938,4
864691135732257721,864691134918893066,1
864691135732392889,864691134918332682,2
864691135732392889,864691134940213347,2
864691135732557241,864691134886930170,1
864691135732557241,864691134887576314,2
864691135732557241,864691134918893066,1
864691135732587449,864691134886751994,14
864691135732587449,864691134918332682,2
864691135732587449,864691134940105315,1
864691135732616377,864691134886580474,1
864691135732630969,864691134885983482,1
864691135732630969,864691134887576314,3
864691135732630969,864691134918249738,1
864691135732715961,864691134917947914,1
864691135732877972,864691134885460218,3
864691135732877972,864691134918596106,1
864691135734347924,864691134918596106,1
864691135735960724,864691134885639674,1
864691135736296084,864691134884782586,1
864691135736296084,864691134918141962,8
864691135736296084,864691134918385930,6
864691135736296084,864691134918403850,1
864691135736296084,864691134940245859,3
864691135736296084,864691134940483171,1
864691135736893572,864691134885782778,2
864691135736893572,864691134919289610,4
864691135736896388,864691134886336506,1
864691135737100676,864691134918596106,2
864691135737101700,864691134939996003,1
864691135737101700,864691134940687459,2
864691135737262468,864691134885639674,1
864691135737262468,864691134940715619,2
864691135737272196,864691134918120458,1
864691135737272196,864691134919289610,3
864691135737277060,864691134918300682,1
864691135737277060,864691134940105315,2
864691135737300612,864691134886444794,1
864691135737482628,864691134940483171,1
864691135737486961,864691134940715619,1
864691135737501844,864691134885550330,1
864691135737501844,864691134918141962,2
864691135737501844,864691134918385930,4
864691135737501844,864691134940245859,1
864691135737524356,864691134885550330,1
864691135737532292,864691134885639674,1
864691135737596804,864691134917945866,1
864691135737643924,864691134884782586,1
864691135737643924,864691134885639674,1
864691135737643924,864691134918141962,2
864691135737721732,864691134885803258,1
864691135737741444,864691134917958922,1
864691135737741444,864691134918393098,1
864691135737743473,864691134918300682,1
864691135737743473,864691134940715619,1
864691135737766276,864691134918413066,1
864691135737769348,864691134885782778,1
864691135737778052,864691134885639674,2
864691135737785220,864691134886751994,1
864691135737833092,864691134918177546,1
864691135737880452,864691134917958922,3
864691135737992817,864691134940715619,1
864691135738047620,864691134886444794,1
864691135738047620,864691134917947914,1
864691135738097556,864691134885567738,1
864691135738097556,864691134918141962,2
864691135738097556,864691134918393098,1
864691135738097556,864691134918413066,1
864691135738151812,864691134918370826,1
864691135738168708,864691134885140218,1
864691135738256532,864691134884782586,1
864691135738256532,864691134918141962,4
864691135738256532,864691134918385930,3
864691135738256532,864691134940245859,3
864691135738274948,864691134886444794,1
864691135738278513,864691134918393098,1
864691135738287985,864691134939992931,1
864691135738306417,864691134885983482,1
864691135738325140,864691134918385930,1
864691135738325140,864691134918400522,2
864691135738371441,864691134918279946,1
864691135738387076,864691134885160442,1
864691135738387076,864691134917675530,1
864691135738387076,864691134918396938,1
864691135738387076,864691134920045834,1
864691135738387076,864691134939988067,3
864691135738387076,864691134940715619,1
864691135738388868,864691134917669642,1
864691135738388868,864691134918893066,2
864691135738398833,864691134885702394,2
864691135738462065,864691134918684170,1
864691135738473841,864691134917947914,1
864691135738481009,864691134886886906,1
864691135738528900,864691134918626314,1
864691135738596209,864691134918370826,1
864691135738830468,864691134885639674,1
864691135738959217,864691134885485562,1
864691135738969220,864691134920107018,1
864691135738985364,864691134884782586,1
864691135738994033,864691134920107018,1
864691135739013745,864691134918524938,1
864691135739047812,864691134886930170,1
864691135739058564,864691134887576314,3
864691135739080068,864691134886580474,2
864691135739080580,864691134886930170,1
864691135739131780,864691134887576314,1
864691135739131780,864691134917947914,2
864691135739143812,864691134940243299,1
864691135739149169,864691134885140218,1
864691135739149169,864691134886751994,2
864691135739149956,864691134886285306,1
864691135739149956,864691134886751994,8
864691135739149956,864691134917669642,3
864691135739149956,864691134940105315,2
864691135739167364,864691134886580474,1
864691135739174788,864691134918141962,1
864691135739174788,864691134918300682,1
864691135739249540,864691134885687802,1
864691135739249796,864691134918141450,2
864691135739320945,864691134886580474,4
864691135739391345,864691134917947914,2
864691135739391345,864691134918893066,1
864691135739600276,864691134887576314,1
864691135739614577,864691134885137402,1
864691135739614577,864691134918947338,1
864691135739614577,864691134939992931,2
864691135739627156,864691134885481722,1
864691135739627156,864691134918684170,1
864691135739670129,864691134886285306,2
864691135739670129,864691134886751994,2
864691135739670129,864691134917669642,1
864691135739670129,864691134917947914,4
864691135739670129,864691134918403850,2
864691135739751793,864691134885735418,1
864691135739751793,864691134886751994,1
864691135739751793,864691134917947914,1
864691135739753073,864691134885735418,2
864691135739753073,864691134918409482,2
864691135739753073,864691134918893066,1
864691135739753073,864691134920045834,1
864691135740009108,864691134918279946,1
864691135740009620,864691134918113546,1
864691135740159892,864691134918684170,1
864691135740183915,864691134886444794,1
864691135740195179,864691134918141450,1
864691135740195179,864691134918840586,1
864691135740204651,864691134917958922,1
864691135740209259,864691134940387683,1
864691135740211819,864691134918141962,11
864691135740211819,864691134918385930,1
864691135740211819,864691134940245859,1
864691135740217707,864691134885122810,1
864691135740256363,864691134917392394,1
864691135740381076,864691134918239498,1
864691135740427156,864691134918120458,1
864691135740429972,864691134940380259,1
864691135740457876,864691134885481722,1
864691135740469908,864691134885140218,1
864691135740506260,864691134917945866,2
864691135740511380,864691134917958922,3
864691135740557204,864691134885639674,1
864691135740561044,864691134918840586,1
864691135740561044,864691134940380259,1
864691135740571499,864691134918120458,1
864691135740578452,864691134885481722,1
864691135740615019,864691134917881098,1
864691135740660587,864691134940687459,1
864691135740689044,864691134885137402,1
864691135740689044,864691134918370826,1
864691135740692843,864691134884782586,2
864691135740692843,864691134885550330,1
864691135740692843,864691134917675530,1
864691135740692843,864691134918403850,3
864691135740939115,864691134918233610,1
864691135741004139,864691134918370826,1
864691135741031787,864691134918279946,1
864691135741060203,864691134886285306,1
864691135741060203,864691134918840586,1
864691135741090196,864691134918249738,2
864691135741207403,864691134885687802,1
864691135741212011,864691134918403850,1
864691135741218196,864691134885567738,1
864691135741218196,864691134918370826,1
864691135741232788,864691134885567738,1
864691135741232788,864691134885717498,1
864691135741232788,864691134918413066,1
864691135741360235,864691134885575930,1
864691135741371755,864691134918385930,1
864691135741461396,864691134918409482,1
864691135741509012,864691134885140218,1
864691135741521044,864691134920107018,1
864691135741659499,864691134885639674,1
864691135741684075,864691134940483171,1
864691135741801364,864691134886336506,1
864691135741810580,864691134885140218,3
864691135741810580,864691134886364922,1
864691135741810580,864691134940105315,1
864691135741817236,864691134886751994,4
864691135741817236,864691134886930170,2
864691135741817236,864691134920035082,1
864691135741824148,864691134886444794,1
864691135741830804,864691134920035082,1
864691135741960340,864691134885687802,3
864691135741960340,864691134886285306,7
864691135741960340,864691134917947914,1
864691135741960340,864691134920107018,1
864691135741991828,864691134918409482,1
864691135741998484,864691134918893066,2
864691135742003860,864691134886285306,1
864691135742029419,864691134918893066,1
864691135742071403,864691134885137402,1
864691135742071403,864691134885567738,5
864691135742071403,864691134917958922,1
864691135742071403,864691134918393098,1
864691135742071403,864691134918409482,3
864691135742097044,864691134918409482,1
864691135742108779,864691134885687802,1
864691135742137492,864691134918893066,1
864691135742189460,864691134917669642,1
864691135742189460,864691134917947914,1
864691135742189460,864691134918332682,1
864691135742189460,864691134918893066,2
864691135742247787,864691134886580474,1
864691135742247787,864691134887576314,1
864691135742366827,864691134917675530,1
864691135742366827,864691134918141962,3
864691135742366827,864691134918385930,2
864691135742428523,864691134887576314,1
864691135742499435,864691134886930170,4
864691135742668395,864691134885735418,1
864691135742753387,864691134885803258,1
864691135742829931,864691134918893066,1
864691135742867307,864691134886285306,5
864691135742867307,864691134917947914,1
864691135742867307,864691134918177546,1
864691135742867307,864691134918840586,4
864691135742867307,864691134920107018,2
864691135742867307,864691134940060771,1
864691135742895723,864691134917669642,1
864691135742998379,864691134918177546,1
864691135743045739,864691134886444794,2
864691135743045739,864691134918370826,2
864691135743045739,864691134939992931,1
864691135743183723,864691134886751994,5
864691135743183723,864691134886930170,2
864691135743185771,864691134885717498,1
864691135743186027,864691134885956858,1
864691135743186027,864691134918947338,1
864691135743186027,864691134940243299,1
864691135743196523,864691134886930170,1
864691135743196523,864691134918524938,1
864691135743269739,864691134886364922,3
864691135743269739,864691134917669642,2
864691135746106760,864691134885567738,1
864691135747065736,864691134920045834,1
864691135748553769,864691134918300682,1
864691135748553769,864691134918403850,1
864691135748554281,864691134917958922,1
864691135748559145,864691134918396938,1
864691135748999721,864691134918279946,1
864691135749021225,864691134885481722,1
864691135749021225,864691134918684170,3
864691135749110825,864691134886444794,1
864691135749122857,864691134885137402,1
864691135749141801,864691134886444794,1
864691135749279017,864691134886364922,3
864691135749288489,864691134918178314,1
864691135749328169,864691134885122810,1
864691135749390377,864691134940709475,1
864691135749567017,864691134918370826,1
864691135749570345,864691134885782778,1
864691135749572137,864691134918177546,5
864691135749577257,864691134885639674,1
864691135749963305,864691134917958922,1
864691135749963305,864691134918393098,2
864691135749963305,864691134918403850,1
864691135749963305,864691134918409482,1
864691135749995049,864691134885639674,1
864691135750127657,864691134885717498,1
864691135750127657,864691134886444794,2
864691135750127657,864691134917945866,1
864691135750307881,864691134917947914,1
864691135750377257,864691134885140218,1
864691135750377257,864691134886364922,1
864691135750452777,864691134886886906,1
864691135750642473,864691134885567738,1
864691135750642473,864691134918370826,1
864691135750770985,864691134886580474,1
864691135750770985,864691134918893066,4
864691135750779433,864691134885702394,2
864691135750779433,864691134885735674,1
864691135750971177,864691134918310154,1
864691135751009577,864691134918403850,1
864691135751009577,864691134940245859,1
864691135751064873,864691134886751994,7
864691135751064873,864691134917669642,2
864691135751127081,864691134918947338,1
864691135751851656,864691134885567738,1
864691135753618893,864691134918684170,1
864691135753626061,864691134918370826,2
864691135754185933,864691134918385930,1
864691135754398413,864691134920035082,1
864691135754399949,864691134939996003,2
864691135754444237,864691134886285306,1
864691135754468813,864691134920107018,1
864691135754523085,864691134917945866,1
864691135754557906,864691134918310154,2
864691135754618573,864691134918233610,1
864691135754676941,864691134887158266,1
864691135754696141,864691134918524938,1
864691135754696397,864691134918113546,1
864691135754698701,864691134884782586,1
864691135754702285,864691134918239498,1
864691135754705357,864691134886364922,1
864691135754711245,864691134918385930,1
864691135754713805,864691134918893066,1
864691135754993869,864691134885639674,1
864691135755062994,864691134918385930,1
864691135755197133,864691134885639674,1
864691135755322829,864691134885481722,2
864691135755344082,864691134918279946,1
864691135755351250,864691134918239498,1
864691135755384269,864691134886580474,1
864691135755388621,864691134886886906,1
864691135755388621,864691134918120458,3
864691135755388621,864691134918840586,4
864691135755458514,864691134919289610,1
864691135755569618,864691134917945866,1
864691135755628242,864691134940060771,1
864691135755633106,864691134939992931,1
864691135755635922,864691134940105315,1
864691135755651538,864691134885550330,1
864691135755651538,864691134918403850,1
864691135755676365,864691134885567738,5
864691135755676365,864691134918413066,3
864691135755707597,864691134918409482,1
864691135755723474,864691134885567738,1
864691135755723474,864691134918370826,1
864691135755751885,864691134886336506,1
864691135755751885,864691134886444794,1
864691135755761618,864691134918385930,3
864691135755850957,864691134918332682,6
864691135755887058,864691134918239498,1
864691135755911890,864691134917675530,1
864691135755953362,864691134885550330,3
864691135755983314,864691134885735418,1
864691135755983314,864691134920045834,1
864691135755992018,864691134885782778,2
864691135755999698,864691134885137402,2
864691135756096717,864691134885687802,1
864691135756096717,864691134886336506,1
864691135756096717,864691134886751994,2
864691135756096717,864691134917947914,4
864691135756096717,864691134918524938,1
864691135756246989,864691134918413066,1
864691135756301010,864691134885687802,1
864691135756311245,864691134885782778,1
864691135756381389,864691134918126346,1
864691135756460754,864691134917675530,1
864691135756681170,864691134885460218,4
864691135756681170,864691134885481722,2
864691135756681170,864691134918684170,1
864691135756844242,864691134886751994,1
864691135756844242,864691134918332682,3
864691135757078994,864691134918947338,2
864691135757092306,864691134886751994,1
864691135757101010,864691134886751994,1
864691135757101010,864691134918332682,1
864691135757105362,864691134886444794,1
864691135757242066,864691134885550330,1
864691135757242066,864691134886580474,1
864691135757257426,864691134886930170,1
864691135758179773,864691134885122810,1
864691135758310589,864691134885481722,1
864691135758468686,864691134940387683,1
864691135758495054,864691134918596106,1
864691135758510926,864691134885481722,1
864691135758672206,864691134885735674,1
864691135758942030,864691134886808314,1
864691135758942030,864691134918177546,1
864691135758958781,864691134885481722,1
864691135759166798,864691134917669642,2
864691135759210574,864691134918310154,1
864691135759257934,864691134885140218,1
864691135759338830,864691134885567738,1
864691135759380046,864691134918524938,1
864691135759421774,864691134885639674,1
864691135759422798,864691134885639674,3
864691135759427918,864691134885567738,2
864691135759428430,864691134886751994,1
864691135759611982,864691134886444794,1
864691135759628733,864691134885122810,1
864691135759815758,864691134886751994,1
864691135759815758,864691134887158266,1
864691135759829181,864691134918400522,1
864691135759839566,864691134886444794,1
864691135760197966,864691134918370826,2
864691135760197966,864691134918947338,1
864691135760197966,864691134920045834,1
864691135760374862,864691134940709475,1
864691135760441277,864691134885122810,1
864691135760441277,864691134918310154,1
864691135760504910,864691134886444794,1
864691135760512078,864691134886285306,1
864691135760512078,864691134917947914,1
864691135760522574,864691134885735418,2
864691135760522574,864691134918249738,1
864691135760522574,864691134918893066,3
864691135760522574,864691134920045834,1
864691135760577870,864691134885160442,1
864691135760577870,864691134918947338,1
864691135760614222,864691134885460218,1
864691135760614222,864691134886828794,1
864691135760614222,864691134918413066,1
864691135760614222,864691134918596106,3
864691135760638909,864691134939996003,1
864691135760759374,864691134917958922,1
864691135761069902,864691134886930170,2
864691135761507382,864691134917945866,1
864691135761507382,864691134918396938,1
864691135761539638,864691134885481722,1
864691135762022198,864691134886444794,1
864691135762046518,864691134885550330,2
864691135762046518,864691134918403850,3
864691135762085430,864691134885550330,1
864691135762088758,864691134918524938,1
864691135762157110,864691134918279946,1
864691135762427958,864691134940245859,1
864691135762438710,864691134918370826,1
864691135762487862,864691134918840586,3
864691135762513974,864691134918279946,1
864691135762581558,864691134918413066,1
864691135762683190,864691134885567738,1
864691135762724918,864691134886444794,1
864691135762779446,864691134885575930,1
864691135762779958,864691134885803258,1
864691135762845238,864691134918233610,1
864691135763053622,864691134918300682,1
864691135763056694,864691134886444794,1
864691135763181878,864691134918403850,1
864691135763362102,864691134920045834,1
864691135763549238,864691134885983482,1
864691135763717686,864691134920035082,1
864691135763795510,864691134917958922,1
864691135763795510,864691134918393098,1
864691135763892278,864691134919289610,1
864691135763975990,864691134886580474,1
864691135763975990,864691134918893066,1
864691135764015926,864691134940709475,1
864691135764104758,864691134920107018,1
864691135764231478,864691134917675530,1
864691135764263222,864691134885567738,1
864691135764263222,864691134918385930,2
864691135764274742,864691134885460218,1
864691135764464438,864691134886751994,1
864691135764558902,864691134917669642,1
864691135764583990,864691134886336506,1
864691135764583990,864691134887158266,1
864691135764583990,864691134918332682,1
864691135764631862,864691134886444794,2
864691135764678198,864691134887158266,1
864691135764678198,864691134918947338,1
864691135765023542,864691134886580474,1
864691135765029942,864691134917947914,1
864691135765038390,864691134886580474,1
864691135765061942,864691134918893066,1
864691135771603451,864691134885483770,1
864691135771603451,864691134918239498,1
864691135771603451,864691134918400522,6
864691135771603451,864691134940483171,1
864691135771625467,864691134918400522,1
864691135771931979,864691134884782586,1
864691135772069707,864691134886886906,1
864691135772109819,864691134885803258,1
864691135772147195,864691134940483171,1
864691135772238411,864691134886808314,1
864691135772243787,864691134885983482,1
864691135772261115,864691134886751994,1
864691135772428619,864691134886930170,1
864691135772452859,864691134887576314,1
864691135772454651,864691134885137402,1
864691135772461899,864691134918332682,1
864691135772466939,864691134940243299,1
864691135772471547,864691134918249738,1
864691135772475467,864691134918396938,1
864691135772495867,864691134885550330,1
864691135772495867,864691134917958922,4
864691135772515403,864691134885983482,1
864691135772515403,864691134918413066,1
864691135772534091,864691134918596106,1
864691135772570107,864691134885481722,1
864691135772590331,864691134920107018,1
864691135772605259,864691134917947914,1
864691135772608843,864691134886580474,1
864691135772609099,864691134885552122,1
864691135772609531,864691134918300682,1
864691135772692555,864691134886444794,1
864691135772702795,864691134940380259,1
864691135772819019,864691134886828794,1
864691135772906571,864691134885567738,2
864691135772906571,864691134885983482,1
864691135772906571,864691134940485219,3
864691135772920651,864691134885639674,1
864691135773182283,864691134939988067,1
864691135773201739,864691134886580474,2
864691135773208651,864691134885137402,2
864691135773208651,864691134918409482,1
864691135773268731,864691134918840586,1
864691135773309259,864691134918396938,2
864691135773426251,864691134886444794,18
864691135773615867,864691134886285306,1
864691135773617995,864691134885550330,1
864691135773617995,864691134918396938,1
864691135773776459,864691134918393098,1
864691135773779275,864691134918370826,1
864691135773779275,864691134918409482,2
864691135773779275,864691134939988067,1
864691135773910603,864691134918332682,1
864691135774098763,864691134886930170,1
864691135774207483,864691134918370826,1
864691135774215163,864691134918524938,1
864691135774221643,864691134886580474,1
864691135774221643,864691134918893066,2
864691135774246731,864691134918893066,1
864691135774376443,864691134885137402,1
864691135774389755,864691134886444794,2
864691135774413307,864691134885782778,1
864691135774414843,864691134885735674,6
864691135774414843,864691134940380259,2
864691135774461179,864691134940105315,1
864691135774514507,864691134885735418,1
864691135774514507,864691134887576314,4
864691135774515531,864691134885803258,1
864691135774518523,864691134918524938,1
864691135774552651,864691134918947338,2
864691135774572619,864691134918626314,1
864691135774581835,864691134918300682,2
864691135774581835,864691134918893066,1
864691135775788205,864691134886285306,1
864691135775795629,864691134886886906,1
864691135776550496,864691134918249738,1
864691135776593504,864691134918947338,2
864691135776596832,864691134885481722,1
864691135776600160,864691134918239498,1
864691135776661856,864691134918239498,1
864691135776661856,864691134918385930,1
864691135776698541,864691134918126346,1
864691135776698541,864691134918279946,1
864691135776720813,864691134918239498,1
864691135776810669,864691134918370826,1
864691135776859309,864691134885485562,1
864691135776870317,864691134885956858,1
864691135776870317,864691134887158266,1
864691135776882093,864691134885481722,1
864691135776896429,864691134885137402,1
864691135776904800,864691134918120458,1
864691135776904800,864691134918126346,1
864691135776904800,864691134918840586,1
864691135776909485,864691134886444794,1
864691135776915117,864691134918113546,1
864691135776924333,864691134884782586,1
864691135776924333,864691134918403850,3
864691135776994656,864691134940105315,4
864691135777026221,864691134885983482,2
864691135777026221,864691134918413066,1
864691135777060525,864691134918385930,1
864691135777107645,864691134885550330,2
864691135777166176,864691134940245859,3
864691135777175213,864691134885803258,2
864691135777175213,864691134939988067,3
864691135777178557,864691134886444794,1
864691135777228717,864691134918300682,2
864691135777303981,864691134886444794,1
864691135777312941,864691134918300682,1
864691135777319853,864691134918893066,1
864691135777432237,864691134918385930,1
864691135777432237,864691134918413066,2
864691135777432237,864691134940485219,3
864691135777460909,864691134886751994,1
864691135777507168,864691134886285306,1
864691135777541728,864691134918393098,1
864691135777547104,864691134939988067,1
864691135777582176,864691134918120458,1
864691135777598048,864691134886444794,1
864691135777606240,864691134886751994,1
864691135777608800,864691134885983482,1
864691135777617069,864691134918396938,1
864691135777623648,864691134886364922,1
864691135777750957,864691134886285306,1
864691135777782973,864691134918300682,1
864691135777817021,864691134917669642,1
864691135777896125,864691134917881098,1
864691135777900221,864691134939996003,1
864691135777916861,864691134918626314,1
864691135777946813,864691134886444794,1
864691135777999200,864691134886886906,1
864691135778046909,864691134918370826,1
864691135778056893,864691134940380259,1
864691135778081981,864691134918393098,1
864691135778084285,864691134885481722,1
864691135778084285,864691134885717498,1
864691135778115517,864691134885550330,3
864691135778116013,864691134886930170,2
864691135778116013,864691134918332682,2
864691135778118589,864691134886285306,1
864691135778118589,864691134917669642,1
864691135778124733,864691134917958922,1
864691135778132576,864691134885137402,1
864691135778288573,864691134885550330,1
864691135778290109,864691134886285306,1
864691135778290109,864691134886886906,1
864691135778320061,864691134885803258,4
864691135778320061,864691134917958922,1
864691135778320061,864691134918393098,1
864691135778320061,864691134918409482,4
864691135778320061,864691134920045834,1
864691135778419901,864691134886930170,2
864691135778435501,864691134885803258,11
864691135778435501,864691134918141962,2
864691135778435501,864691134918393098,1
864691135778435501,864691134918409482,1
864691135778450861,864691134886444794,1
864691135778450861,864691134918113546,1
864691135778450861,864691134918393098,1
864691135778522541,864691134885803258,1
864691135778522541,864691134918393098,2
864691135778563261,864691134918310154,1
864691135778576557,864691134918840586,2
864691135778610365,864691134918239498,1
864691135778668973,864691134918385930,1
864691135778668973,864691134918400522,1
864691135778777952,864691134885735418,1
864691135778777952,864691134918249738,8
864691135778777952,864691134918524938,1
864691135778777952,864691134920045834,1
864691135778777952,864691134939988067,1
864691135778788285,864691134885122810,2
864691135778794336,864691134886886906,1
864691135778811325,864691134885460218,1
864691135778825133,864691134940105315,2
864691135778935229,864691134886336506,1
864691135778993597,864691134940709475,1
864691135779020221,864691134886336506,1
864691135779121504,864691134918120458,1
864691135779161440,864691134886580474,9
864691135779161440,864691134920035082,2
864691135779168352,864691134886336506,2
864691135779199584,864691134886930170,3
864691135779199584,864691134918141450,1
864691135779199584,864691134918332682,2
864691135779384253,864691134918126346,2
864691135779449533,864691134918385930,5
864691135779449533,864691134918400522,1
864691135779634621,864691134887158266,2
864691135779634621,864691134920035082,2
864691135779705021,864691134886751994,1
864691135779705021,864691134918893066,1
864691135779728573,864691134885137402,1
864691135779796669,864691134918249738,1
864691135780830800,864691134918178314,1
864691135781081680,864691134885160442,1
864691135781081680,864691134917958922,1
864691135781081680,864691134918141962,1
864691135781081680,864691134918385930,8
864691135781081680,864691134940245859,1
864691135781225552,864691134918393098,1
864691135781263696,864691134885122810,3
864691135781385552,864691134886444794,1
864691135781568592,864691134885137402,1
864691135781796944,864691134940105315,1
864691135781814352,864691134887158266,1
864691135781824080,864691134918370826,1
864691135781827408,864691134886444794,1
864691135781835344,864691134885140218,1
864691135781844048,864691134885983482,2
864691135781844304,864691134917669642,1
864691135782119760,864691134884782586,1
864691135782156368,864691134885639674,1
864691135782495568,864691134885160442,1
864691135782495568,864691134885803258,1
864691135782495568,864691134918409482,1
864691135782495568,864691134920045834,1
864691135782517328,864691134885803258,1
864691135782517328,864691134917675530,2
864691135782517328,864691134918249738,1
864691135782517328,864691134918370826,4
864691135782517328,864691134918385930,2
864691135782517328,864691134918393098,1
864691135782517328,864691134918403850,1
864691135782517328,864691134918409482,3
864691135782517328,864691134939988067,1
864691135782517328,864691134940709475,1
864691135782563408,864691134918300682,1
864691135782603088,864691134886364922,3
864691135782603088,864691134918332682,4
864691135782605619,864691134885137402,2
864691135782615632,864691134918385930,1
864691135782708304,864691134885782778,1
864691135782708304,864691134886580474,1
864691135782759731,864691134918310154,1
864691135782765107,864691134885160442,1
864691135782765107,864691134918113546,1
864691135782821456,864691134885702394,1
864691135782821456,864691134885735674,1
864691135782828595,864691134885550330,1
864691135782853456,864691134920035082,1
864691135782853712,864691134885567738,3
864691135782853712,864691134918385930,1
864691135782853712,864691134940485219,3
864691135782865459,864691134884782586,2
864691135782865459,864691134918385930,1
864691135782865459,864691134940245859,3
864691135782865459,864691134940483171,1
864691135782882099,864691134886580474,1
864691135782943312,864691134885160442,1
864691135782951219,864691134940483171,1
864691135783115344,864691134885803258,1
864691135783115344,864691134920045834,1
864691135783140915,864691134918113546,1
864691135783163443,864691134886930170,1
864691135783215667,864691134885481722,2
864691135783247923,864691134918840586,1
864691135783252019,864691134886444794,2
864691135783272272,864691134886285306,1
864691135783276851,864691134939992931,1
864691135783339571,864691134918279946,1
864691135783364659,864691134940485219,1
864691135783365427,864691134885483770,1
864691135783373363,864691134885550330,1
864691135783400016,864691134885137402,2
864691135783764019,864691134886364922,1
864691135783781427,864691134918403850,1
864691135783906611,864691134885460218,1
864691135784179763,864691134918393098,1
864691135784179763,864691134918524938,1
864691135784179763,864691134920045834,4
864691135784179763,864691134939988067,6
864691135784179763,864691134940485219,1
864691135784278067,864691134918524938,1
864691135784320307,864691134886580474,1
864691135784326195,864691134918141450,1
864691135784326195,864691134940718179,1
864691135784359475,864691134886751994,9
864691135784662323,864691134886580474,1
864691135784685619,864691134886828794,2
864691135784685619,864691134918413066,1
864691135784685619,864691134918684170,1
864691135784914483,864691134885735418,1
864691135784914483,864691134918332682,1
864691135785029939,864691134918947338,2
864691135785040691,864691134886930170,3
864691135785040691,864691134918893066,3
864691135785096499,864691134885735418,1
864691135785096499,864691134885803258,2
864691135785096499,864691134887576314,1
864691135785096499,864691134918524938,1
864691135785096499,864691134920045834,4
864691135785233092,864691134918840586,1
864691135785240004,864691134886285306,1
864691135785245636,864691134885550330,1
864691135785483716,864691134918300682,1
864691135785718724,864691134885567738,1
864691135785718724,864691134885983482,1
864691135785718724,864691134939992931,2
864691135785734340,864691134918332682,1
864691135785774788,864691134886444794,2
864691135785774788,864691134917675530,1
864691135785791940,864691134940483171,1
864691135785793220,864691134917945866,1
864691135786144964,864691134885137402,1
864691135786161860,864691134885122810,1
864691135786216388,864691134885140218,1
864691135786315204,864691134886886906,1
864691135786357700,864691134940483171,1
864691135786938820,864691134885137402,2
864691135786970564,864691134885803258,1
864691135786981316,864691134885803258,2
864691135786981316,864691134918393098,2
864691135786981316,864691134939988067,2
864691135787000516,864691134886751994,1
864691135787226564,864691134886751994,1
864691135787226564,864691134886930170,1
864691135787290308,864691134886751994,1
864691135787327428,864691134885803258,1
864691135787363012,864691134885735674,1
864691135787684292,864691134885137402,3
864691135787684292,864691134885782778,1
864691135800428898,864691134920045834,1
864691135800431458,864691134885735674,1
864691135800527202,864691134918278922,1
864691135800602466,864691134919289610,1
864691135800625762,864691134919289610,3
864691135800636258,864691134885460218,1
864691135800639586,864691134885567738,1
864691135800644706,864691134917392394,1
864691135800644962,864691134885137402,1
864691135800644962,864691134918393098,1
864691135800680802,864691134917392394,1
864691135800684642,864691134919289610,1
864691135800706402,864691134885983482,1
864691135800708450,864691134885702394,1
864691135800708450,864691134918126346,2
864691135800709218,864691134886751994,1
864691135800714082,864691134886751994,1
864691135800738658,864691134886930170,1
864691135800747362,864691134940213347,1
864691135800896610,864691134885983482,1
864691135800918882,864691134918403850,1
864691135800920418,864691134886336506,1
864691135801069154,864691134885803258,1
864691135801088610,864691134885803258,1
864691135801088610,864691134917958922,1
864691135801088610,864691134918393098,3
864691135801112930,864691134885481722,1
864691135801133666,864691134886828794,1
864691135801463650,864691134920035082,1
864691135801537378,864691134886808314,1
864691135801537378,864691134918177546,1
864691135801537378,864691134940709475,1
864691135802000994,864691134886444794,1
864691135802105954,864691134886751994,1
864691135802105954,864691134917947914,2
864691135802313826,864691134885803258,1
864691135802313826,864691134917958922,1
864691135802313826,864691134918393098,3
864691135802341986,864691134918947338,2
864691135802389858,864691134885735418,4
864691135802389858,864691134887158266,1
864691135802389858,864691134918893066,3
864691135802389858,864691134918947338,1
864691135802453858,864691134885735418,1
864691135802482274,864691134885735418,1
864691135802482274,864691134920045834,1
864691135802578530,864691134885735418,2
864691135802666082,864691134887158266,1
864691135802782050,864691134885160442,1
864691135802798434,864691134885782778,1
864691135802815586,864691134885460218,1
864691135802815586,864691134887576314,1
864691135807191069,864691134918409482,10
864691135807191069,864691134939988067,3
864691135807233565,864691134918310154,1
864691135807248413,864691134885639674,1
864691135807267613,864691134885140218,1
864691135807285789,864691134885702394,1
864691135807285789,864691134885735674,1
864691135807330077,864691134885140218,1
864691135807332893,864691134885702394,1
864691135807487005,864691134885735674,2
864691135807495453,864691134886444794,1
864691135807579933,864691134918385930,1
864691135807813149,864691134886751994,1
864691135808197661,864691134940387683,2
864691135808217373,864691134918239498,1
864691135808313629,864691134886886906,1
864691135808367645,864691134884782586,1
864691135808367645,864691134918141962,1
864691135808367645,864691134918385930,12
864691135808367645,864691134940245859,1
864691135808391965,864691134886444794,1
864691135808397085,864691134885481722,1
864691135808426525,864691134885137402,1
864691135808426525,864691134886444794,1
864691135808485405,864691134940245859,1
864691135808518941,864691134918393098,1
864691135808598045,864691134886828794,1
864691135808625181,864691134885735418,1
864691135808625181,864691134918947338,8
864691135808639773,864691134885717498,1
864691135808639773,864691134918413066,2
864691135808834333,864691134885803258,1
864691135808925981,864691134886886906,1
864691135808977181,864691134887576314,1
864691135809090077,864691134918409482,1
864691135809100829,864691134886285306,2
864691135809427916,864691134885782778,1
864691135809432524,864691134886828794,1
864691135809436620,864691134939996003,3
864691135809437644,864691134940252003,1
864691135809456669,864691134887158266,1
864691135809456669,864691134917669642,1
864691135809493452,864691134885481722,1
864691135809511628,864691134939988067,1
864691135809512140,864691134918300682,1
864691135809514188,864691134918403850,1
864691135809568029,864691134885137402,2
864691135809568029,864691134918370826,1
864691135809569821,864691134918393098,4
864691135809608652,864691134918113546,1
864691135809608652,864691134918233610,1
864691135809684765,864691134885137402,1
864691135809728541,864691134918413066,1
864691135809810892,864691134918120458,1
864691135809842973,864691134918393098,2
864691135809842973,864691134918524938,13
864691135809881804,864691134940105315,1
864691135809954589,864691134918840586,1
864691135810079517,864691134886751994,1
864691135810079517,864691134918332682,1
864691135810098717,864691134886336506,1
864691135810098717,864691134886751994,1
864691135810146764,864691134918396938,1
864691135810161612,864691134886444794,1
864691135810265885,864691134885137402,1
864691135810265885,864691134887576314,1
864691135810303948,864691134918370826,1
864691135810308125,864691134918947338,1
864691135810310092,864691134917881098,1
864691135810315805,864691134886751994,1
864691135810331084,864691134939996003,1
864691135810339532,864691134918141962,1
864691135810345164,864691134918233610,3
864691135810345164,864691134918403850,1
864691135810347468,864691134885782778,1
864691135810348236,864691134886930170,1
864691135810357452,864691134886444794,1
864691135810365388,864691134918396938,1
864691135810372556,864691134918178314,1
864691135810466333,864691134939992931,1
864691135810492189,864691134885735418,1
864691135810514205,864691134918524938,1
864691135810531357,864691134917669642,1
864691135810532556,864691134886444794,1
864691135810641181,864691134918947338,1
864691135810643485,864691134940243299,1
864691135810656029,864691134885140218,3
864691135810656029,864691134886364922,1
864691135810656029,864691134886751994,3
864691135810656029,864691134918332682,1
864691135810666525,864691134885687802,1
864691135810673949,864691134885782778,1
864691135810849740,864691134885983482,1
864691135810982860,864691134886751994,2
864691135810982860,864691134940243299,1
864691135810990540,864691134885137402,1
864691135811313100,864691134886930170,2
864691135811413196,864691134918393098,1
864691135811439308,864691134917947914,1
864691135811503564,864691134885735418,5
864691135811503564,864691134918249738,1
864691135811503564,864691134918409482,1
864691135811503564,864691134920045834,2
864691135811529420,864691134918393098,1
864691135811529420,864691134920045834,1
864691135811567052,864691134885782778,1
864691135811567052,864691134886580474,1
864691135811567052,864691134918141450,2
864691135811567052,864691134920107018,1
864691135811575244,864691134885137402,1
864691135811575244,864691134885803258,6
864691135811575244,864691134887576314,1
864691135811575244,864691134918393098,2
864691135811575244,864691134918409482,7
864691135811575244,864691134940485219,1
864691135811646924,864691134885140218,1
864691135811646924,864691134886285306,1
864691135811646924,864691134886364922,1
864691135811646924,864691134886751994,2
864691135811705292,864691134886336506,2
864691135811724748,864691134884782586,1
864691135811734220,864691134918300682,1
864691135811734220,864691134918403850,1
864691135811764940,864691134918524938,1
864691135811766220,864691134887576314,5
864691135811766220,864691134918524938,2
864691135811766220,864691134918893066,3
864691135811766220,864691134920035082,1
864691135815450447,864691134886886906,1
864691135815709519,864691134885735418,2
864691135815872335,864691134885140218,1
864691135815872335,864691134886751994,1
864691135815889231,864691134885983482,2
864691135815889231,864691134886444794,1
864691135815889231,864691134887576314,1
864691135816012367,864691134885160442,1
864691135816194639,864691134885483770,1
864691135816200271,864691134885122810,1
864691135816222799,864691134917858314,1
864691135816284751,864691134885481722,1
864691135816284751,864691134940245859,1
864691135816331087,864691134917669642,1
864691135816368975,864691134917947914,2
864691135816384591,864691134918385930,1
864691135816446287,864691134885137402,1
864691135816508751,864691134885460218,2
864691135816516687,864691134885483770,1
864691135816516687,864691134918239498,1
864691135816565839,864691134920045834,1
864691135816565839,864691134940105315,1
864691135816694351,864691134920035082,2
864691135816694351,864691134939992931,1
864691135816780111,864691134918393098,1
864691135817132879,864691134884782586,1
864691135817132879,864691134885483770,1
864691135817132879,864691134918141962,1
864691135817132879,864691134918400522,1
864691135817132879,864691134940483171,1
864691135817188431,864691134886930170,1
864691135817279055,864691134885567738,1
864691135817279055,864691134939992931,1
864691135817499471,864691134918120458,1
864691135817802371,864691134917669642,1
864691135817803599,864691134885735418,3
864691135817803599,864691134918332682,2
864691135817803599,864691134918893066,1
864691135817803599,864691134920045834,1
864691135817803599,864691134940709475,1
864691135817952079,864691134918893066,2
864691135817973839,864691134885550330,1
864691135818004559,864691134886751994,1
864691135837587603,864691134886828794,1
864691135837587603,864691134918385930,1
864691135837695123,864691134918332682,1
864691135837705875,864691134940715619,1
864691135837783187,864691134885550330,1
864691135837796499,864691134885735674,1
864691135838058899,864691134917669642,1
864691135838075283,864691134918310154,1
864691135838108819,864691134918396938,1
864691135838115219,864691134885702394,1
864691135838143635,864691134917881098,1
864691135838199699,864691134917958922,1
864691135838220435,864691134885575930,5
864691135838220947,864691134885140218,1
864691135838220947,864691134886364922,2
864691135838229395,864691134886444794,1
864691135838237075,864691134885481722,1
864691135838494867,864691134885735418,3
864691135838600339,864691134885460218,1
864691135838600339,864691134918400522,1
864691135838640275,864691134886285306,1
864691135838640275,864691134886751994,8
864691135838648467,864691134885735418,2
864691135838748563,864691134918239498,1
864691135838777747,864691134940715619,1
864691135839112339,864691134918370826,1
864691135839117203,864691134918393098,4
864691135839272851,864691134918370826,2
864691135839415187,864691134885782778,1
864691135839577235,864691134886580474,1
864691135839577235,864691134918893066,1
864691135839593363,864691134886751994,3
864691135839593363,864691134940105315,3
864691135839630227,864691134885803258,1
864691135839728019,864691134918409482,5
864691135839728019,864691134939988067,2
864691135839753363,864691134919289610,1
864691135840070291,864691134884782586,1
864691135840070291,864691134885735418,1
864691135840070291,864691134887576314,1
864691135840070291,864691134918249738,2
864691135840070291,864691134918393098,2
864691135840070291,864691134918409482,2
864691135840070291,864691134939988067,1
864691135840070291,864691134940709475,1
864691135840104851,864691134887158266,1
864691135840104851,864691134939992931,1
864691135840107923,864691134885782778,1
864691135840112019,864691134885639674,2
864691135840113811,864691134885983482,1
864691135840113811,864691134918370826,1
864691135840113811,864691134939992931,1
864691135840144019,864691134887576314,4
864691135841057251,864691134918403850,4
864691135841057251,864691134940709475,1
864691135841352163,864691134918403850,1
864691135841354979,864691134918120458,1
864691135841391331,864691134886886906,1
864691135841410787,864691134918385930,2
864691135841444323,864691134940245859,1
864691135841478627,864691134918403850,1
864691135841478627,864691134918409482,1
864691135841658851,864691134885639674,1
864691135841770979,864691134918370826,1
864691135841783523,864691134918177546,1
864691135841865955,864691134918310154,1
864691135841933795,864691134886336506,1
864691135842125027,864691134886285306,1
864691135842125027,864691134917669642,1
864691135842153187,864691134885702394,2
864691135842153187,864691134885735674,3
864691135842153187,864691134940380259,2
864691135842160611,864691134885481722,4
864691135842160611,864691134939996003,1
864691135842397411,864691134885639674,1
864691135842397411,864691134918403850,1
864691135842486243,864691134918332682,1
864691135842659299,864691134917669642,1
864691135842670819,864691134940380259,1
864691135842692835,864691134886808314,2
864691135842794979,864691134918840586,2
864691135842926819,864691134886444794,1
864691135842935523,864691134918393098,1
864691135843118051,864691134918300682,2
864691135843118051,864691134918403850,1
864691135843236323,864691134917669642,1
864691135843242211,864691134885803258,1
864691135847913822,864691134918403850,1
864691135847984478,864691134918178314,1
864691135847984478,864691134918233610,5
864691135848171358,864691134886444794,1
864691135848263006,864691134918385930,1
864691135848346718,864691134885122810,1
864691135848346718,864691134918239498,5
864691135848357982,864691134920045834,1
864691135848460894,864691134885140218,1
864691135848460894,864691134886751994,1
864691135848557918,864691134886444794,1
864691135848571486,864691134885122810,1
864691135848571486,864691134918239498,1
864691135848572510,864691134918396938,1
864691135848618334,864691134886285306,1
864691135848642910,864691134917675530,1
864691135848671582,864691134885122810,3
864691135848784734,864691134918400522,1
864691135848843102,864691134918840586,1
864691135848848734,864691134918279946,1
864691135848858206,864691134884782586,1
864691135848858206,864691134885483770,1
864691135848858206,864691134918141962,1
864691135848858206,864691134940483171,2
864691135848864094,864691134885137402,3
864691135848864094,864691134940387683,1
864691135848874846,864691134884782586,2
864691135848874846,864691134918141962,1
864691135849261662,864691134886751994,1
864691135849261662,864691134920107018,1
864691135849620062,864691134885160442,1
864691135849620062,864691134918524938,1
864691135849620062,864691134918947338,1
864691135849620062,864691134920045834,1
864691135849620062,864691134940709475,1
864691135849620062,864691134940715619,1
864691135849634142,864691134886285306,1
864691135849634142,864691134917947914,2
864691135849720670,864691134885575930,4
864691135849720670,864691134918233610,1
864691135849931358,864691134940709475,1
864691135850036830,864691134885687802,1
864691135850036830,864691134917947914,1
864691135850058078,864691134918249738,1
864691135850058078,864691134918393098,1
864691135850405319,864691134885717498,1
864691135850420423,864691134885137402,2
864691135850460871,864691134885140218,1
864691135850469063,864691134885481722,1
864691135850850247,864691134940380259,4
864691135850986183,864691134884782586,1
864691135850986183,864691134886828794,1
864691135850986183,864691134918141962,1
864691135850997447,864691134918300682,1
864691135851031495,864691134885460218,1
864691135851119047,864691134885639674,1
864691135851376071,864691134885735674,1
864691135851459271,864691134920045834,1
864691135851491783,864691134940687459,1
864691135851515591,864691134940380259,1
864691135851522247,864691134885983482,1
864691135851562439,864691134918396938,1
864691135851563975,864691134940380259,1
864691135851599303,864691134886285306,1
864691135851600327,864691134918396938,1
864691135851603655,864691134920035082,1
864691135851605447,864691134886444794,1
864691135851606471,864691134885137402,1
864691135851606983,864691134885639674,1
864691135851617223,864691134885639674,1
864691135851823815,864691134885803258,1
864691135852080071,864691134885803258,1
864691135852138183,864691134886828794,1
864691135852190919,864691134885160442,1
864691135852229319,864691134918393098,5
864691135852229319,864691134918596106,2
864691135852619719,864691134885639674,1
864691135852736711,864691134885137402,1
864691135852736711,864691134885567738,2
864691135852736711,864691134885803258,1
864691135852736711,864691134886444794,1
864691135852736711,864691134920045834,2
864691135852772295,864691134885567738,1
864691135852772295,864691134918370826,1
864691135852813511,864691134885782778,1
864691135852813511,864691134918524938,2
864691135852813511,864691134919289610,1
864691135853090503,864691134887576314,1
864691135853090503,864691134918893066,1
864691135853090503,864691134920045834,1
864691135853091015,864691134918893066,2
864691135853222087,864691134886930170,1
864691135853244359,864691134918332682,1
864691135853244359,864691134918947338,1
864691135853244359,864691134939992931,2
864691135853269959,864691134917947914,2
864691135853281223,864691134886751994,3
864691135853281223,864691134886930170,3
864691135853281223,864691134887576314,1
864691135853281223,864691134917947914,4
864691135853281223,864691134918893066,3
864691135853290439,864691134918524938,1
864691135853297863,864691134918893066,4
864691135855566894,864691134886285306,1
864691135855575342,864691134918239498,2
864691135855589166,864691134885481722,1
864691135855589166,864691134886828794,1
864691135855600430,864691134918310154,1
864691135855661102,864691134940105315,1
864691135855688750,864691134885687802,1
864691135855692590,864691134885575930,2
864691135855692590,864691134917881098,2
864691135855767342,864691134920035082,1
864691135855890478,864691134917669642,1
864691135855914798,864691134885782778,3
864691135856142382,864691134940485219,1
864691135856156974,864691134940105315,1
864691135856477742,864691134885735418,1
864691135856482350,864691134920107018,1
864691135856590638,864691134917675530,1
864691135856600110,864691134918120458,1
864691135856611374,864691134940380259,2
864691135856684334,864691134918315786,1
864691135856727342,864691134885122810,1
864691135856760366,864691134920045834,1
864691135856797230,864691134920035082,1
864691135857099310,864691134885639674,2
864691135857099310,864691134917958922,1
864691135857138734,864691134917669642,1
864691135857450030,864691134885481722,1
864691135857450030,864691134918300682,7
864691135857554734,864691134886285306,1
864691135857554734,864691134918840586,1
864691135857647406,864691134940213347,1
864691135857682478,864691134885140218,1
864691135857682478,864691134886751994,1
864691135857881390,864691134885735418,2
864691135857881390,864691134940715619,1
864691135857976366,864691134886828794,1
864691135857976366,864691134918413066,1
864691135857993774,864691134886751994,1
864691135858282030,864691134886580474,4
864691135858282030,864691134918893066,1
864691135858363694,864691134885735418,1
864691135858363694,864691134918947338,1
864691135858491438,864691134885550330,1
864691135858491438,864691134885552122,1
864691135858491438,864691134885687802,1
864691135858491438,864691134886285306,1
864691135858491438,864691134886808314,1
864691135858491438,864691134886930170,1
864691135858491438,864691134917669642,1
864691135858491438,864691134917675530,1
864691135858491438,864691134918141962,1
864691135858491438,864691134918393098,3
864691135858491438,864691134918396938,1
864691135858491438,864691134918524938,1
864691135858491438,864691134939988067,1
864691135858491438,864691134940060771,1
864691135858491438,864691134940687459,1
864691135858527534,864691134885735418,1
864691135858532142,864691134885803258,13
864691135858532142,864691134917958922,6
864691135858532142,864691134918393098,2
864691135858532142,864691134918409482,1
864691135858532142,864691134939988067,1
864691135858532142,864691134940485219,4
864691135858603822,864691134886751994,1
864691135858604846,864691134886285306,1
864691135858604846,864691134886751994,1
864691135858604846,864691134917669642,1
864691135858626606,864691134886930170,1
864691135858626606,864691134917669642,1
864691135858626606,864691134918893066,1
864691135858641454,864691134918332682,1
864691135859005288,864691134885160442,6
864691135859005288,864691134940483171,1
864691135859602792,864691134885140218,2
864691135859618664,864691134939996003,1
864691135859619944,864691134917945866,1
864691135859642472,864691134885803258,1
864691135859680104,864691134885550330,1
864691135859683176,864691134918239498,1
864691135859692392,864691134885481722,1
864691135859692904,864691134885782778,4
864691135859696488,864691134918239498,1
864691135859702120,864691134885567738,2
864691135859702120,864691134886444794,1
864691135859702120,864691134918370826,1
864691135859702120,864691134918413066,2
864691135859708776,864691134918249738,1
864691135859754600,864691134884782586,1
864691135859817320,864691134918385930,1
864691135859930728,864691134918393098,1
864691135860031080,864691134885803258,3
864691135860031080,864691134917958922,2
864691135860031080,864691134918300682,1
864691135860031080,864691134918370826,1
864691135860031080,864691134940485219,1
864691135860143720,864691134885735418,1
864691135860143720,864691134939988067,1
864691135860296296,864691134885782778,1
864691135860935272,864691134886444794,8
864691135860948072,864691134917947914,1
864691135860948072,864691134918332682,1
864691135860969064,864691134918409482,1
864691135860969064,864691134940715619,1
864691135860973416,864691134886285306,1
864691135861026408,864691134917669642,1
864691135861102952,864691134885137402,1
864691135861292904,864691134886930170,2
864691135861326440,864691134919289610,1
864691135861340264,864691134886580474,1
864691135861340264,864691134886930170,2
864691135861340264,864691134918893066,2
864691135861340264,864691134920035082,2
864691135864072318,864691134885782778,2
864691135864072318,864691134918120458,1
864691135864347518,864691134885575930,1
864691135864438910,864691134886444794,1
864691135864464510,864691134940105315,1
864691135864503166,864691134886751994,1
864691135864507006,864691134918385930,1
864691135864699612,864691134885122810,1
864691135864732380,864691134917858314,1
864691135864754652,864691134918947338,3
864691135864758748,864691134885137402,1
864691135864786046,864691134885460218,1
864691135864806782,864691134886336506,1
864691135864816092,864691134886444794,1
864691135864816092,864691134917675530,1
864691135864852350,864691134886580474,1
864691135864951678,864691134886828794,1
864691135864951678,864691134918233610,1
864691135864951678,864691134918413066,1
864691135864971134,864691134886580474,1
864691135864972414,864691134885983482,1
864691135864976510,864691134940245859,1
864691135864978814,864691134918300682,2
864691135865042652,864691134940715619,1
864691135865059710,864691134885481722,1
864691135865084798,864691134940715619,1
864691135865096924,864691134885717498,1
864691135865214590,864691134885782778,1
864691135865214590,864691134918126346,1
864691135865214590,864691134940652643,1
864691135865375196,864691134885782778,1
864691135865379804,864691134918279946,1
864691135865384924,864691134885485562,1
864691135865411804,864691134885481722,2
864691135865501916,864691134918233610,1
864691135865508316,864691134886751994,1
864691135865511388,864691134918120458,1
864691135865517276,864691134886285306,1
864691135865543557,864691134885460218,4
864691135865543557,864691134918413066,1
864691135865543557,864691134918596106,1
864691135865546460,864691134885481722,1
864691135865547909,864691134886364922,1
864691135865552005,864691134885639674,2
864691135865552005,864691134917958922,1
864691135865555845,864691134940718179,4
864691135865561733,864691134917669642,1
864691135865570949,864691134918413066,1
864691135865576069,864691134918310154,1
864691135865576581,864691134940245859,1
864691135865578716,864691134886444794,2
864691135865587077,864691134920035082,1
864691135865603205,864691134885735674,1
864691135865603205,864691134918126346,1
864691135865615749,864691134885122810,2
864691135865637340,864691134885983482,3
864691135865646812,864691134886751994,1
864691135865681116,864691134918141962,3
864691135865681116,864691134918385930,3
864691135865681116,864691134940245859,1
864691135865690076,864691134886930170,1
864691135865694940,864691134885782778,1
864691135865696476,864691134885160442,1
864691135865705436,864691134885122810,1
864691135865705436,864691134885483770,2
864691135865707228,864691134886828794,4
864691135865840510,864691134885687802,2
864691135865844862,864691134918393098,1
864691135865866110,864691134918141962,1
864691135865866110,864691134918385930,2
864691135865924734,864691134885140218,1
864691135865949061,864691134940485219,2
864691135865953157,864691134885803258,1
864691135865961861,864691134918396938,1
864691135865964158,864691134918403850,1
864691135865964158,864691134920045834,3
864691135865964158,864691134939988067,1
864691135866001884,864691134885567738,2
864691135866030044,864691134886336506,1
864691135866052572,864691134885137402,1
864691135866052572,864691134918393098,1
864691135866086021,864691134918385930,17
864691135866086021,864691134918400522,1
864691135866086021,864691134940245859,3
864691135866086021,864691134940483171,1
864691135866102910,864691134917669642,1
864691135866143964,864691134918300682,1
864691135866143964,864691134940483171,1
864691135866164357,864691134918893066,1
864691135866297726,864691134886886906,1
864691135866368389,864691134885460218,1
864691135866369814,864691134886886906,1
864691135866370326,864691134885702394,1
864691135866370326,864691134887158266,1
864691135866375702,864691134918300682,1
864691135866377238,864691134885687802,1
864691135866377494,864691134940709475,1
864691135866391004,864691134887576314,1
864691135866391004,864691134939988067,1
864691135866395414,864691134918596106,1
864691135866397718,864691134885481722,5
864691135866400022,864691134886364922,1
864691135866406782,864691134884782586,2
864691135866406782,864691134918385930,2
864691135866406782,864691134918400522,2
864691135866406782,864691134940245859,3
864691135866406782,864691134940483171,9
864691135866409494,864691134918249738,1
864691135866411542,864691134940380259,2
864691135866413701,864691134885639674,1
864691135866416150,864691134886828794,1
864691135866418710,864691134885803258,1
864691135866419990,864691134920035082,1
864691135866429462,864691134940718179,1
864691135866511493,864691134920045834,1
864691135866519004,864691134885460218,3
864691135866519004,864691134918413066,1
864691135866519004,864691134918596106,1
864691135866589829,864691134918370826,1
864691135866720476,864691134918840586,2
864691135866751196,864691134885735674,1
864691135866751196,864691134885782778,1
864691135866751870,864691134885782778,1
864691135866751870,864691134887158266,1
864691135866777989,864691134885481722,2
864691135866809052,864691134885782778,2
864691135866823301,864691134918684170,1
864691135866905110,864691134886580474,1
864691135866949142,864691134886751994,1
864691135866963478,864691134885122810,2
864691135866965886,864691134885140218,1
864691135866965886,864691134886751994,1
864691135866965886,864691134886930170,1
864691135866965886,864691134917669642,1
864691135866975708,864691134917675530,1
864691135866983900,864691134886285306,2
864691135866984668,864691134886751994,2
864691135866987646,864691134918893066,1
864691135866987646,864691134940105315,1
864691135866987740,864691134918332682,1
864691135867002750,864691134886285306,5
864691135867002750,864691134886930170,1
864691135867033726,864691134886364922,1
864691135867033726,864691134886580474,1
864691135867033726,864691134886751994,1
864691135867033726,864691134886930170,2
864691135867033982,864691134885140218,2
864691135867033982,864691134886285306,1
864691135867033982,864691134886751994,1
864691135867033982,864691134917669642,5
864691135867039452,864691134886336506,1
864691135867039452,864691134886444794,1
864691135867058140,864691134887576314,2
864691135867058140,864691134918409482,4
864691135867060246,864691134885639674,2
864691135867064958,864691134885567738,1
864691135867064958,864691134918370826,2
864691135867074012,864691134887576314,1
864691135867084677,864691134886580474,1
864691135867084677,864691134886886906,1
864691135867084677,864691134920035082,1
864691135867139205,864691134920045834,1
864691135867401494,864691134939992931,1
864691135867551365,864691134886751994,1
864691135867604613,864691134885983482,4
864691135867604613,864691134918370826,1
864691135867604613,864691134918947338,1
864691135867604613,864691134920045834,1
864691135867604613,864691134939992931,1
864691135867618070,864691134885137402,1
864691135867628310,864691134885460218,1
864691135867633430,864691134885552122,1
864691135867633942,864691134920045834,2
864691135867643158,864691134885782778,1
864691135867643158,864691134918126346,1
864691135867644805,864691134885567738,1
864691135867649046,864691134918400522,1
864691135867649046,864691134940483171,1
864691135867799318,864691134886580474,1
864691135867884310,864691134885481722,3
864691135868010518,864691134885552122,1
864691135868010518,864691134885717498,1
864691135868043397,864691134886751994,1
864691135868075141,864691134918893066,1
864691135868077957,864691134885460218,1
864691135868077957,864691134918413066,1
864691135868106373,864691134885803258,2
864691135868106373,864691134918393098,1
864691135868106373,864691134920045834,2
864691135868169349,864691134918893066,1
864691135868205701,864691134886751994,2
864691135868205701,864691134917669642,3
864691135868210454,864691134918300682,1
864691135868334870,864691134886930170,1
864691135868415766,864691134886336506,1
864691135868415766,864691134920107018,1
864691135868651542,864691134940380259,1
864691135868679446,864691134917669642,1
864691135868851990,864691134918177546,1
864691135868957462,864691134920107018,1
864691135869457430,864691134886285306,1
864691135869457430,864691134886751994,1
864691135869457430,864691134918524938,3
864691135869457430,864691134918893066,1
864691135869667606,864691134886336506,1
864691135873610382,864691134885137402,1
864691135873610382,864691134885983482,3
864691135873610382,864691134940485219,1
864691135873781902,864691134885137402,1
864691135873841038,864691134884782586,1
864691135873841038,864691134918403850,1
864691135873946510,864691134918385930,1
864691135873946510,864691134918400522,1
864691135874038926,864691134918409482,2
864691135874091662,864691134918403850,1
864691135874361998,864691134918249738,1
864691135874377102,864691134886930170,1
864691135874391694,864691134886751994,1
864691135874512014,864691134886444794,1
864691135874619534,864691134885481722,1
864691135874668942,864691134887158266,1
864691135874736782,864691134939996003,1
864691135874785422,864691134918684170,1
864691135874935182,864691134920035082,1
864691135875274638,864691134918126346,1
864691135875414414,864691134886751994,2
864691135875464334,864691134886580474,1
864691135875464334,864691134918332682,1
864691135875464334,864691134918893066,1
864691135875569550,864691134886751994,1
864691135875569550,864691134940105315,2
864691135875763086,864691134940243299,1
864691135875957331,864691134886444794,1
864691135875960403,864691134919289610,1
864691135875965838,864691134886444794,1
864691135875965838,864691134918409482,5
864691135875965838,864691134920045834,4
864691135875973971,864691134886364922,1
864691135875973971,864691134886751994,1
864691135875977043,864691134885782778,2
864691135875989134,864691134886364922,4
864691135875989134,864691134886751994,1
864691135876040078,864691134885140218,1
864691135876040078,864691134886751994,3
864691135876040078,864691134918396938,1
864691135876049806,864691134917669642,1
864691135876099726,864691134886580474,1
864691135876105614,864691134886751994,2
864691135876386643,864691134918332682,1
864691135876446803,864691134918300682,1
864691135876446803,864691134918393098,3
864691135876737875,864691134886930170,1
864691135876808531,864691134918315786,1
864691135876818771,864691134886751994,1
864691135876825427,864691134885550330,2
864691135876833363,864691134918233610,1
864691135876883283,864691134918300682,2
864691135876931923,864691134885639674,1
864691135876956243,864691134918947338,3
864691135876956499,864691134885782778,2
864691135877143123,864691134918249738,1
864691135877150803,864691134918249738,3
864691135877150803,864691134918409482,3
864691135877334867,864691134918524938,1
864691135877397587,864691134917669642,1
864691135877413971,864691134918113546,1
864691135877606483,864691134886930170,1
864691135878107987,864691134886336506,1
864691135878115667,864691134939992931,1
864691135878154067,864691134885782778,1
864691135878299475,864691134885717498,1
864691135878299475,864691134917947914,1
864691135878459219,864691134885717498,1
864691135878459219,864691134886336506,1
864691135878572627,864691134885137402,1
864691135878665811,864691134920035082,1
864691135878673491,864691134886751994,1
864691135878673491,864691134886930170,1
864691135878673491,864691134918893066,1
864691135878689363,864691134886930170,1
864691135878689363,864691134887576314,1
864691135878689363,864691134918409482,1
864691135878689363,864691134918524938,4
864691135878689363,864691134918893066,1
864691135878708307,864691134886336506,1
864691135878708307,864691134886751994,2
864691135878761555,864691134885687802,1
864691135878780499,864691134885782778,1
864691135878780499,864691134886580474,1
864691135878780499,864691134920107018,1
864691135878780499,864691134940380259,2
864691135883851120,864691134918279946,1
864691135883867248,864691134885983482,1
864691135883869808,864691134884782586,1
864691135883879280,864691134940245859,1
864691135883881840,864691134918626314,1
864691135883889008,864691134886808314,1
864691135883959664,864691134885687802,1
864691135883959664,864691134917669642,1
864691135884254064,864691134939988067,2
864691135884256624,864691134940105315,1
864691135884302704,864691134885639674,1
864691135884302704,864691134886444794,1
864691135884346480,864691134885140218,2
864691135884712048,864691134885983482,1
864691135884772976,864691134940380259,1
864691135884871280,864691134918409482,1
864691135884875888,864691134918332682,3
864691135884895344,864691134917945866,1
864691135884900976,864691134918177546,1
864691135885120368,864691134885782778,1
864691135885180272,864691134917958922,1
864691135885194352,864691134885481722,1
864691135885194352,864691134886444794,1
864691135885221488,864691134885460218,4
864691135885221488,864691134886828794,2
864691135885343856,864691134886930170,3
864691135885369456,864691134885137402,4
864691135885406064,864691134918893066,2
864691135885513584,864691134918249738,1
864691135885513584,864691134918393098,5
864691135885572208,864691134885803258,2
864691135885572208,864691134940485219,2
864691135885702512,864691134885137402,3
864691135885702512,864691134885567738,3
864691135885702512,864691134918393098,1
864691135885759344,864691134886336506,1
864691135885764464,864691134885140218,1
864691135885764464,864691134886364922,5
864691135885764464,864691134917669642,1
864691135885764464,864691134940105315,1
864691135885917808,864691134887576314,2
864691135885917808,864691134918893066,2
864691135886132080,864691134885782778,1
864691135886132080,864691134918893066,1
864691135886156912,864691134886751994,2
864691135886183024,864691134886285306,1
864691135886186608,864691134918370826,1
864691135886293872,864691134885782778,3
864691135886293872,864691134919289610,1
864691135886293872,864691134940380259,4
864691135886343280,864691134918413066,1
864691135886345072,864691134918177546,1
864691135886345072,864691134918524938,1
864691135886354032,864691134886930170,1
864691135886364784,864691134886751994,1
864691135888472457,864691134918126346,1
864691135888506761,864691134939996003,1
864691135888523145,864691134885639674,3
864691135888530313,864691134885140218,3
864691135889042825,864691134885639674,1
864691135889255305,864691134885782778,1
864691135889306249,864691134885803258,1
864691135889315977,864691134885483770,1
864691135889378953,864691134885983482,1
864691135889411721,864691134918626314,1
864691135889411721,864691134939996003,1
864691135889473161,864691134918840586,1
864691135889477769,864691134885567738,1
864691135889506953,864691134885485562,1
864691135889536905,864691134885137402,1
864691135889536905,864691134885552122,1
864691135889869449,864691134885639674,1
864691135890128009,864691134886285306,2
864691135890141321,864691134885481722,1
864691135890141321,864691134886751994,1
864691135890201993,864691134886444794,2
864691135890229129,864691134887158266,1
864691135890229129,864691134917945866,1
864691135890280585,864691134885803258,2
864691135890280585,864691134918393098,1
864691135890399881,864691134885803258,1
864691135890399881,864691134918409482,8
864691135890399881,864691134920045834,2
864691135890399881,864691134939988067,3
864691135890472073,864691134885137402,1
864691135890518153,864691134886444794,1
864691135890651529,864691134885639674,1
864691135890733193,864691134939992931,1
864691135890815881,864691134918393098,1
864691135890948233,864691134917669642,1
864691135890948233,864691134918332682,1
864691135891337609,864691134886336506,1
864691135891510153,864691134886364922,1
864691135891510153,864691134886751994,2
864691135891510153,864691134917669642,1
864691135891510153,864691134918332682,1
864691135891551369,864691134886886906,1
864691135891690121,864691134886930170,1
864691135891690121,864691134918893066,1
864691135891719305,864691134920035082,1
864691135891796617,864691134918332682,9
864691135891796617,864691134940213347,1
864691135891796617,864691134940243299,4
864691135891914121,864691134918393098,1
864691135891914121,864691134940485219,2
864691135891965577,864691134885983482,1
864691135891966345,864691134918370826,2
864691135892006537,864691134918396938,1
864691135892022409,864691134885956858,1
864691135892048777,864691134886930170,1
864691135892056457,864691134885735418,1
864691135892060809,864691134917947914,1
864691135892176009,864691134886336506,3
864691135892202633,864691134939988067,1
864691135892278665,864691134886930170,7
864691135892278665,864691134917947914,2
864691135892278665,864691134918893066,11
864691135892342921,864691134885567738,2
864691135892342921,864691134918413066,1
864691135892483721,864691134886580474,1
864691135892483721,864691134918893066,1
864691135899496072,864691134885803258,2
864691135899496072,864691134940485219,1
864691135909744809,864691134885782778,1
864691135909754537,864691134939996003,1
864691135909787049,864691134917392394,1
864691135909789353,864691134885803258,1
864691135909789353,864691134917958922,1
864691135909965225,864691134939996003,1
864691135910087849,864691134885485562,1
864691135910087849,864691134918840586,1
864691135910091689,864691134940105315,1
864691135910379177,864691134885735674,1
864691135910530985,864691134885481722,1
864691135910531753,864691134940715619,1
864691135910643625,864691134885735674,1
864691135910666665,864691134886886906,1
864691135910670249,864691134885782778,1
864691135910676137,864691134918385930,1
864691135910713257,864691134885639674,1
864691135910789545,864691134918385930,1
864691135910863273,864691134886364922,1
864691135910863273,864691134940709475,1
864691135911081641,864691134918300682,1
864691135911208105,864691134918409482,1
864691135911276969,864691134918300682,2
864691135911280809,864691134917945866,1
864691135911363753,864691134918396938,1
864691135911710121,864691134885735418,1
864691135911939497,864691134884782586,3
864691135911939497,864691134918141962,1
864691135911939497,864691134940245859,3
864691135911939497,864691134940483171,3
864691135912037033,864691134886336506,2
864691135912037033,864691134887576314,4
864691135912037033,864691134918177546,1
864691135912062121,864691134885160442,1
864691135912062121,864691134885803258,1
864691135912062121,864691134917958922,1
864691135912073897,864691134918249738,2
864691135912073897,864691134918409482,2
864691135912137641,864691134886444794,3
864691135912137641,864691134886751994,1
864691135912195497,864691134885735418,1
864691135912195497,864691134886580474,2
864691135912248233,864691134918141962,1
864691135912358569,864691134886930170,1
864691135912367785,864691134886364922,4
864691135912367785,864691134886751994,2
864691135912367785,864691134917669642,1
864691135912375465,864691134920035082,2
864691135912375465,864691134939992931,1
864691135915187046,864691134885983482,1
864691135915432806,864691134918403850,1
864691135915489638,864691134885575930,1
864691135915534694,864691134918840586,1
864691135915578214,864691134884782586,1
864691135915789414,864691134886444794,1
864691135915925862,864691134919289610,1
864691135916040550,864691134885481722,1
864691135916040550,864691134918684170,1
864691135916454502,864691134918393098,1
864691135916541542,864691134886285306,1
864691135916541542,864691134918409482,1
864691135916590694,864691134886751994,4
864691135916590694,864691134886930170,1
864691135916596326,864691134885552122,2
864691135916596326,864691134918396938,2
864691135916596326,864691134940709475,1
864691135916813414,864691134885481722,3
864691135916813414,864691134886444794,1
864691135916843366,864691134917675530,1
864691135917047910,864691134918177546,1
864691135917351782,864691134886886906,2
864691135917423206,864691134885485562,1
864691135917557862,864691134940105315,1
864691135917583462,864691134918596106,1
864691135917583462,864691134918684170,1
864691135917600102,864691134886930170,1
864691135917650534,864691134918332682,1
864691135918311344,864691134885137402,1
864691135918331056,864691134939996003,1
864691135918338480,864691134886751994,1
864691135918344112,864691134885140218,2
864691135918344112,864691134886364922,2
864691135918344112,864691134886751994,1
864691135918344112,864691134917669642,2
864691135918652336,864691134885481722,19
864691135918652336,864691134918684170,1
864691135918802096,864691134918113546,1
864691135918836656,864691134886336506,1
864691135919169968,864691134918239498,1
864691135919170736,864691134884782586,2
864691135919170736,864691134885550330,2
864691135919222704,864691134918385930,1
864691135919356592,864691134918300682,1
864691135919385008,864691134885803258,1
864691135919552176,864691134884782586,1
864691135919614384,864691134886444794,1
864691135919622320,864691134886751994,1
864691135919622832,864691134886751994,1
864691135919622832,864691134917669642,1
864691135919667632,864691134918385930,1
864691135919901616,864691134885550330,1
864691135919901616,864691134917958922,4
864691135919901616,864691134918300682,1
864691135919901616,864691134940485219,1
864691135919921328,864691134886751994,1
864691135919921328,864691134887576314,4
864691135919921328,864691134917947914,8
864691135919921328,864691134918409482,1
864691135919921328,864691134918524938,1
864691135919921328,864691134918893066,1
864691135919921328,864691134939988067,1
864691135919977904,864691134885140218,1
864691135920115632,864691134886808314,1
864691135920176560,864691134885956858,4
864691135920176560,864691134920035082,1
864691135920176560,864691134939992931,4
864691135920348592,864691134918840586,1
864691135920492976,864691134885803258,2
864691135920492976,864691134887576314,2
864691135920492976,864691134917675530,1
864691135920492976,864691134918409482,1
864691135920492976,864691134939988067,4
864691135920492976,864691134940485219,2
864691135920571056,864691134918893066,2
864691135920647600,864691134940105315,1
864691135920747440,864691134886751994,1
864691135920776624,864691134918893066,1
864691135920815280,864691134885803258,1
864691135920815280,864691134887576314,3
864691135920815280,864691134918370826,1
864691135920840880,864691134885140218,1
864691135920840880,864691134885687802,1
864691135920851376,864691134918947338,1
864691135920853168,864691134885140218,1
864691135920880304,864691134885140218,1
864691135920880304,864691134918332682,1
864691135920894128,864691134887158266,1
864691135920894128,864691134918332682,1
864691135920894128,864691134940243299,1
864691135920905136,864691134885735418,1
864691135920905136,864691134918249738,1
864691135920930224,864691134885735418,1
864691135920930224,864691134918409482,2
864691135920930224,864691134918947338,1
864691135920930224,864691134920045834,3
864691135920930224,864691134940715619,1
864691135925517070,864691134920107018,1
864691135925517838,864691134885140218,1
864691135925517838,864691134886751994,1
864691135925518606,864691134917947914,1
864691135925522702,864691134885735418,2
864691135925522702,864691134920045834,5
864691135925553678,864691134940380259,1
864691135925556494,864691134885702394,2
864691135926000142,864691134917669642,1
864691135926026510,864691134885639674,1
864691135926129166,864691134917669642,1
864691135926315988,864691134885552122,1
864691135926339284,864691134885702394,1
864691135926340820,864691134918393098,1
864691135926340820,864691134940715619,2
864691135926341332,864691134918626314,1
864691135926440148,864691134885782778,2
864691135926568206,864691134918310154,1
864691135926579726,864691134885137402,2
864691135926580238,864691134918684170,3
864691135926596110,864691134887576314,1
864691135926597134,864691134885575930,1
864691135926604046,864691134918396938,1
864691135926605582,864691134885639674,1
864691135926614798,864691134886580474,1
864691135926624724,864691134885702394,1
864691135926751444,864691134919289610,1
864691135926839054,864691134887576314,1
864691135926984404,864691134918596106,1
864691135927224846,864691134918413066,1
864691135927261652,864691134884782586,1
864691135927261652,864691134918300682,1
864691135927271124,864691134918239498,1
864691135927296468,864691134940380259,1
864691135927329236,864691134886580474,1
864691135927334868,864691134918403850,1
864691135927336148,864691134918332682,1
864691135927338964,864691134918393098,3
864691135927343374,864691134886444794,1
864691135927343374,864691134917675530,6
864691135927343374,864691134920107018,1
864691135927343374,864691134940709475,2
864691135927343374,864691134940715619,2
864691135927361236,864691134918385930,1
864691135927384846,864691134940715619,1
864691135927455700,864691134939988067,1
864691135927496718,864691134886886906,1
864691135927533070,864691134886285306,1
864691135927565012,864691134886444794,1
864691135927639764,864691134918370826,1
864691135927651540,864691134885552122,3
864691135927655124,864691134939988067,1
864691135927873492,864691134886580474,1
864691135927873492,864691134920035082,2
864691135927928532,864691134918524938,1
864691135928105940,864691134918409482,1
864691135928114132,864691134918393098,1
864691135928138243,864691134885460218,1
864691135928250894,864691134918409482,1
864691135928366292,864691134886930170,1
864691135928366292,864691134917669642,2
864691135928366292,864691134919289610,1
864691135928420622,864691134917947914,1
864691135928477966,864691134887158266,1
864691135928483796,864691134886336506,1
864691135928496398,864691134886285306,1
864691135928519892,864691134886751994,1
864691135928760276,864691134918385930,1
864691135928760276,864691134918393098,1
864691135929016276,864691134940715619,1
864691135929148884,864691134919289610,1
864691135929158612,864691134885702394,2
864691135929158612,864691134917669642,1
864691135929158612,864691134918840586,1
864691135929158612,864691134940380259,1
864691135929165012,864691134885735418,1
864691135929165012,864691134886751994,1
864691135929178836,864691134885735418,3
864691135929178836,864691134918332682,4
864691135929185492,864691134885160442,1
864691135929185492,864691134918385930,1
864691135929207508,864691134918893066,1
864691135929215188,864691134917958922,1
864691135929229780,864691134885460218,1
864691135936595971,864691134885122810,4
864691135937054979,864691134884782586,1
864691135937054979,864691134886828794,1
864691135937167364,864691134885140218,1
864691135937168900,864691134918279946,1
864691135937193220,864691134885483770,1
864691135937193220,864691134918400522,2
864691135937193220,864691134940245859,1
864691135937193220,864691134940483171,4
864691135937202948,864691134885460218,1
864691135937202948,864691134918684170,1
864691135937286404,864691134918178314,1
864691135937286404,864691134918385930,1
864691135937353525,864691134885575930,1
864691135937385269,864691134918120458,1
864691135937399093,864691134885782778,1
864691135937401141,864691134886364922,2
864691135937402884,864691134885137402,1
864691135937411381,864691134885160442,1
864691135937411381,864691134918385930,2
864691135937607684,864691134940245859,1
864691135937614596,864691134918120458,1
864691135937654276,864691134885137402,1
864691135937654276,864691134885803258,2
864691135937654276,864691134918141962,1
864691135937654276,864691134918385930,4
864691135937654276,864691134940485219,1
864691135937745668,864691134884782586,1
864691135937791029,864691134886364922,1
864691135937804803,864691134886828794,1
864691135937837109,864691134940709475,1
864691135937843204,864691134885550330,1
864691135937843204,864691134918403850,3
864691135937915396,864691134886444794,1
864691135938011908,864691134918413066,1
864691135938050357,864691134940483171,1
864691135938177284,864691134940387683,1
864691135938178308,864691134885481722,1
864691135938235140,864691134940245859,1
864691135938235140,864691134940483171,2
864691135938238980,864691134885483770,1
864691135938248501,864691134918370826,1
864691135938277380,864691134918370826,1
864691135938309173,864691134917958922,1
864691135938309173,864691134940485219,1
864691135938320693,864691134918332682,2
864691135938329860,864691134918524938,1
864691135938329860,864691134918893066,1
864691135938398468,864691134885122810,2
864691135938398468,864691134918400522,1
864691135938404356,864691134886886906,1
864691135938409220,864691134940105315,2
864691135938414645,864691134918396938,1
864691135938417205,864691134918178314,1
864691135938430980,864691134918385930,9
864691135938445109,864691134885140218,1
864691135938472757,864691134918239498,2
864691135938474037,864691134885460218,1
864691135938483253,864691134940709475,1
864691135938488885,864691134917675530,1
864691135938488885,864691134940485219,1
864691135938491445,864691134886930170,1
864691135938503684,864691134918409482,1
864691135938503684,864691134939988067,1
864691135938507573,864691134918141962,1
864691135938510133,864691134885137402,1
864691135938510133,864691134885639674,1
864691135938513717,864691134886580474,1
864691135938516533,864691134918332682,1
864691135938689540,864691134886285306,2
864691135938777092,864691134917669642,1
864691135938797316,864691134884782586,2
864691135938797316,864691134918141962,1
864691135938885124,864691134940709475,1
864691135938910261,864691134917675530,1
864691135938910261,864691134918403850,1
864691135939072004,864691134886886906,1
864691135939154436,864691134885717498,1
864691135939209988,864691134940715619,1
864691135939232260,864691134918947338,3
864691135939232260,864691134939988067,1
864691135939232821,864691134885803258,1
864691135939232821,864691134918409482,4
864691135939232821,864691134939988067,4
864691135939261441,864691134886751994,1
864691135939262721,864691134886930170,1
864691135939271425,864691134886444794,1
864691135939271425,864691134940715619,1
864691135939297537,864691134918310154,1
864691135939304961,864691134886751994,1
864691135939321857,864691134885483770,1
864691135939326465,864691134885122810,1
864691135939329025,864691134885567738,1
864691135939352577,864691134885481722,1
864691135939370805,864691134886285306,1
864691135939370805,864691134920107018,3
864691135939370805,864691134940060771,1
864691135939477508,864691134940243299,1
864691135939555585,864691134885460218,5
864691135939555585,864691134918413066,2
864691135939573761,864691134918409482,1
864691135939604533,864691134885702394,1
864691135939604533,864691134918120458,2
864691135939633318,864691134920107018,1
864691135939639718,864691134886751994,1
864691135939639718,864691134917669642,1
864691135939639718,864691134917947914,1
864691135939640324,864691134885735418,8
864691135939640324,864691134887576314,1
864691135939640324,864691134920045834,4
864691135939645444,864691134917958922,3
864691135939645444,864691134918141962,1
864691135939645444,864691134918393098,1
864691135939645444,864691134940245859,1
864691135939667110,864691134940380259,1
864691135939674534,864691134886886906,3
864691135939676164,864691134918524938,1
864691135939704580,864691134885140218,1
864691135939704580,864691134886364922,1
864691135939704580,864691134886751994,1
864691135939704580,864691134886930170,2
864691135939704580,864691134918332682,1
864691135939709444,864691134885803258,1
864691135939776309,864691134885735418,2
864691135939776309,864691134918332682,1
864691135939806724,864691134885803258,2
864691135939806724,864691134940485219,2
864691135939925813,864691134940060771,1
864691135939952038,864691134918126346,1
864691135939973633,864691134886444794,1
864691135939977269,864691134885140218,1
864691135939977269,864691134886751994,1
864691135939977269,864691134917669642,1
864691135940064001,864691134885481722,1
864691135940086325,864691134919289610,1
864691135940086325,864691134940213347,1
864691135940128934,864691134939996003,1
864691135940211969,864691134940060771,1
864691135940318118,864691134940245859,1
864691135940370854,864691134884782586,1
864691135940372225,864691134918141450,1
864691135940384515,864691134885122810,2
864691135940406273,864691134918370826,1
864691135940443393,864691134918279946,2
864691135940484609,864691134885140218,1
864691135940484609,864691134885687802,1
864691135940538022,864691134917947914,1
864691135940546982,864691134918239498,1
864691135940593921,864691134886444794,1
864691135940595878,864691134918385930,1
864691135940603814,864691134918141450,1
864691135940606630,864691134885550330,1
864691135940615078,864691134885460218,1
864691135940615078,864691134918385930,1
864691135940615078,864691134940245859,1
864691135940618662,864691134940687459,2
864691135940620966,864691134920045834,1
864691135940625062,864691134885735418,2
864691135940706561,864691134918249738,1
864691135940706561,864691134918300682,1
864691135940706561,864691134918393098,2
864691135940706561,864691134918524938,2
864691135940741542,864691134918370826,1
864691135940862465,864691134886444794,1
864691135940881830,864691134918947338,2
864691135940881830,864691134940243299,1
864691135940972454,864691134940245859,1
864691135941000614,864691134886751994,1
864691135941039361,864691134940245859,3
864691135941105012,864691134886285306,1
864691135941120001,864691134887158266,1
864691135941120001,864691134920035082,1
864691135941130662,864691134885137402,1
864691135941130662,864691134886444794,2
864691135941143924,864691134885122810,1
864691135941163636,864691134885702394,1
864691135941164801,864691134939992931,1
864691135941190054,864691134886444794,1
864691135941277044,864691134886751994,1
864691135941277044,864691134918233610,1
864691135941277044,864691134918385930,1
864691135941303462,864691134886751994,4
864691135941326964,864691134885485562,1
864691135941516801,864691134917958922,1
864691135941530996,864691134885160442,2
864691135941569140,864691134885122810,3
864691135941584756,864691134885122810,1
864691135941589876,864691134940105315,2
864691135941606516,864691134918403850,1
864691135941720065,864691134885735418,2
864691135941720065,864691134887576314,3
864691135941720065,864691134918893066,1
864691135941752180,864691134885550330,1
864691135941800449,864691134885137402,1
864691135941832614,864691134918403850,1
864691135941891956,864691134918393098,1
864691135941891956,864691134918403850,1
864691135941899777,864691134917958922,5
864691135941899777,864691134918141962,1
864691135941899777,864691134918409482,2
864691135941899777,864691134940485219,1
864691135941909364,864691134939992931,1
864691135941956865,864691134917947914,2
864691135941984116,864691134886444794,1
864691135942004993,864691134918524938,1
864691135942018164,864691134886444794,1
864691135942035110,864691134885782778,1
864691135942055590,864691134886285306,1
864691135942066342,864691134887576314,3
864691135942066342,864691134918249738,10
864691135942066342,864691134918409482,3
864691135942066342,864691134918524938,1
864691135942066342,864691134939988067,3
864691135942078886,864691134885735418,3
864691135942078886,864691134918249738,1
864691135942078886,864691134918409482,1
864691135942078886,864691134939988067,4
864691135942079233,864691134886336506,1
864691135942095476,864691134919289610,1
864691135942109441,864691134886580474,1
864691135942133108,864691134918141962,2
864691135942133108,864691134918385930,1
864691135942133108,864691134940245859,1
864691135942134900,864691134885567738,1
864691135942134900,864691134885639674,1
864691135942137204,864691134885137402,1
864691135942142068,864691134885782778,2
864691135942163201,864691134886444794,1
864691135942163201,864691134940060771,1
864691135942192244,864691134918385930,1
864691135942248705,864691134918403850,3
864691135942248705,864691134918409482,5
864691135942248705,864691134920045834,1
864691135942248705,864691134939988067,6
864691135942322433,864691134886580474,1
864691135942396020,864691134918596106,2
864691135942500980,864691134885567738,1
864691135942546548,864691134886444794,1
864691135942589812,864691134885803258,10
864691135942589812,864691134887576314,1
864691135942589812,864691134918393098,1
864691135942924148,864691134885160442,1
864691135942924148,864691134887576314,1
864691135942934132,864691134885567738,1
864691135942973300,864691134940105315,1
864691135943029620,864691134885735418,1
864691135943029620,864691134886930170,1
864691135943053172,864691134885575930,1
864691135943296372,864691134885639674,1
864691135943296372,864691134918393098,1
864691135943296372,864691134918403850,1
864691135943296372,864691134940485219,2
864691135943389556,864691134885735418,1
864691135943389556,864691134887158266,1
864691135943389556,864691134918332682,1
864691135943389556,864691134918947338,4
864691135943389556,864691134940243299,4
864691135943516788,864691134886444794,3
864691135943566964,864691134885803258,2
864691135943566964,864691134885983482,4
864691135943566964,864691134887576314,1
864691135943566964,864691134918370826,1
864691135943566964,864691134918409482,1
864691135943566964,864691134918413066,1
864691135943627124,864691134886444794,1
864691135943674228,864691134885983482,1
864691135943706228,864691134886930170,4
864691135943706228,864691134917947914,1
864691135943706228,864691134918893066,5
864691135943820148,864691134917669642,2
864691135943820916,864691134920035082,2
864691135943826548,864691134886751994,2
864691135943826548,864691134920107018,1
864691135943868532,864691134885782778,1
864691135943892340,864691134918893066,1
864691135943896692,864691134918524938,1
864691135943896692,864691134918893066,1
864691135943913332,864691134918332682,5
864691135944010356,864691134885782778,2
864691135944010356,864691134886930170,1
864691135944010356,864691134917669642,1
864691135945234378,864691134918385930,1
864691135945234378,864691134940245859,1
864691135945390628,864691134918393098,1
864691135945439268,864691134940387683,1
864691135945443620,864691134940387683,1
864691135945453860,864691134885460218,2
864691135945454116,864691134918400522,1
864691135945519140,864691134885702394,1
864691135945984036,864691134940483171,1
864691135946018852,864691134940687459,1
864691135946032420,864691134885140218,2
864691135946251556,864691134887576314,1
864691135946339876,864691134918141962,2
864691135946367012,864691134918370826,1
864691135946407460,864691134918239498,1
864691135946408740,864691134918684170,2
864691135946412580,864691134918126346,1
864691135946585380,864691134919289610,1
864691135946587940,864691134917958922,2
864691135946587940,864691134918403850,1
864691135946591780,864691134918178314,1
864691135946593060,864691134886444794,1
864691135946599460,864691134917958922,1
864691135946599460,864691134918403850,1
864691135946620452,864691134885485562,1
864691135946651489,864691134885481722,1
864691135946654049,864691134918239498,1
864691135946670177,864691134940252003,2
864691135946871754,864691134917675530,1
864691135946921764,864691134885552122,1
864691135946921764,864691134918626314,1
864691135946980193,864691134917669642,1
864691135946994785,864691134886285306,3
864691135946994785,864691134918177546,4
864691135946994785,864691134920107018,4
864691135947002465,864691134885140218,2
864691135947044388,864691134885687802,2
864691135947045473,864691134886751994,2
864691135947047777,864691134918393098,1
864691135947158308,864691134918385930,1
864691135947175265,864691134884782586,1
864691135947192612,864691134918393098,2
864691135947192612,864691134939988067,1
864691135947317540,864691134920107018,1
864691135947354465,864691134918126346,1
864691135947400228,864691134886285306,1
864691135947435361,864691134918396938,1
864691135947476833,864691134886285306,1
864691135947491620,864691134885550330,1
864691135947491620,864691134918403850,1
864691135947501665,864691134918315786,1
864691135947572321,864691134918178314,1
864691135947615073,864691134886364922,1
864691135947615841,864691134885122810,1
864691135947625569,864691134940709475,1
864691135947626081,864691134885735418,3
864691135947626081,864691134918947338,1
864691135947626593,864691134886444794,1
864691135947629348,864691134918893066,1
864691135947720996,864691134940105315,1
864691135947773281,864691134886930170,1
864691135947821153,864691134886828794,3
864691135947826529,864691134918177546,1
864691135947950628,864691134885735418,2
864691135947950628,864691134918409482,1
864691135947952164,864691134885567738,1
864691135947952164,864691134917958922,1
864691135947952164,864691134918370826,5
864691135947952164,864691134920045834,2
864691135947952164,864691134940485219,1
864691135948362532,864691134918893066,1
864691135948362532,864691134918947338,2
864691135948379684,864691134885137402,2
864691135948379684,864691134918893066,2
864691135948418596,864691134885567738,2
864691135948418596,864691134885983482,2
864691135948418596,864691134918370826,2
864691135948462433,864691134885550330,1
864691135948462433,864691134918233610,1
864691135948462433,864691134918385930,1
864691135948464420,864691134917947914,1
864691135948661089,864691134919289610,1
864691135948814433,864691134885140218,3
864691135948857697,864691134920035082,1
864691135948873825,864691134886930170,12
864691135948873825,864691134917947914,1
864691135948873825,864691134918893066,1
864691135948907617,864691134917675530,2
864691135948907617,864691134918403850,1
864691135948942433,864691134887576314,10
864691135948942433,864691134918893066,1
864691135948962401,864691134886580474,1
864691135949004897,864691134885782778,1
864691135949004897,864691134918120458,1
864691135949010017,864691134886580474,2
864691135949030753,864691134886751994,3
864691135949030753,864691134917669642,1
864691135949046113,864691134886808314,1
864691135949056353,864691134918332682,1
864691135949056353,864691134918524938,3
864691135949096801,864691134918893066,1
864691135949112417,864691134886580474,1
864691135949112417,864691134886930170,2
864691135949112417,864691134918893066,2
864691135951958819,864691134886580474,1
864691135951958819,864691134918120458,1
864691135952018211,864691134885140218,1
864691135952019491,864691134885485562,2
864691135952019491,864691134919289610,1
864691135952020259,864691134918393098,3
864691135952027683,864691134885702394,1
864691135952029987,864691134886364922,2
864691135952144163,864691134940709475,1
864691135952315939,864691134918233610,1
864691135952363811,864691134939988067,2
864691135952512291,864691134918300682,1
864691135952696099,864691134885782778,2
864691135952724515,864691134918370826,1
864691135952893731,864691134940652643,1
864691135952908067,864691134918249738,2
864691135952908067,864691134918409482,1
864691135952913443,864691134885485562,2
864691135952917283,864691134917675530,1
864691135952917283,864691134917958922,1
864691135952917539,864691134884782586,1
864691135952917539,864691134918385930,2
864691135952931619,864691134918409482,1
864691135952952355,864691134917958922,1
864691135952952355,864691134918393098,2
864691135952952355,864691134918403850,1
864691135952956451,864691134886285306,1
864691135953110819,864691134886285306,2
864691135953110819,864691134886336506,1
864691135953110819,864691134886886906,1
864691135953229347,864691134920035082,1
864691135953479459,864691134885460218,1
864691135953479459,864691134918413066,1
864691135953666339,864691134885122810,2
864691135953712419,864691134885485562,1
864691135953712419,864691134886285306,2
864691135953712419,864691134886751994,4
864691135953743112,864691134886336506,1
864691135953743368,864691134918947338,1
864691135953749256,864691134885702394,1
864691135953802275,864691134885782778,1
864691135953847587,864691134885137402,1
864691135953847587,864691134918524938,1
864691135954169891,864691134886930170,1
864691135954194952,864691134918393098,1
864691135954219784,864691134886364922,1
864691135954406691,864691134920107018,1
864691135954431779,864691134886336506,1
864691135954431779,864691134886444794,1
864691135954431779,864691134886930170,1
864691135954431779,864691134887158266,1
864691135954480163,864691134885735418,1
864691135954480163,864691134918893066,1
864691135954515976,864691134885567738,1
864691135954518792,864691134886364922,1
864691135954612232,864691134918126346,1
864691135954680867,864691134885735418,1
864691135954680867,864691134917947914,1
864691135954690568,864691134918684170,1
864691135954699299,864691134918370826,1
864691135954699299,864691134920035082,2
864691135954738184,864691134940652643,1
864691135954772771,864691134885567738,1
864691135954799112,864691134884782586,1
864691135954813448,864691134918178314,1
864691135954844963,864691134940380259,1
864691135954860808,864691134917669642,1
864691135954961928,864691134886444794,2
864691135955060232,864691134918177546,1
864691135955361800,864691134918141962,2
864691135955361800,864691134940245859,1
864691135955445256,864691134917947914,1
864691135955477512,864691134940060771,1
864691135955710984,864691134885550330,1
864691135955710984,864691134940715619,1
864691135955753992,864691134886751994,1
864691135955919880,864691134886930170,4
864691135955924488,864691134918370826,1
864691135955954696,864691134886751994,3
864691135955954696,864691134917669642,1
864691135955954696,864691134919289610,1
864691135956022024,864691134886886906,2
864691135957441994,864691134940483171,1
864691135960960714,864691134917945866,1
864691135960960714,864691134918141962,1
864691135960960714,864691134918385930,3
864691135963906762,864691134885160442,2
864691135964837066,864691134885483770,1
864691135964837066,864691134918233610,1
864691135964837066,864691134918400522,3
864691135964837066,864691134940245859,1
864691135965047754,864691134886828794,1
864691135965047754,864691134918385930,1
864691135965419722,864691134940687459,1
864691135966401994,864691134884782586,1
864691135968875621,864691134920035082,3
864691135968887909,864691134885137402,1
864691135968897381,864691134885983482,1
864691135968934245,864691134886751994,1
864691135969278821,864691134918385930,1
864691135969389413,864691134886751994,1
864691135969504869,864691134887576314,5
864691135969504869,864691134918409482,1
864691135969518181,864691134918393098,1
864691135969582181,864691134887158266,1
864691135969673317,864691134918413066,1
864691135969721189,864691134886444794,1
864691135969840229,864691134917669642,1
864691135969842277,864691134886444794,1
864691135969919589,864691134885639674,1
864691135970206821,864691134918178314,1
864691135970210661,864691134887158266,1
864691135970600293,864691134940709475,1
864691135970707301,864691134917669642,1
864691135970744933,864691134886886906,2
864691135970744933,864691134918126346,1
864691135970744933,864691134918279946,1
864691135970744933,864691134940652643,1
864691135970818661,864691134885735418,1
864691135970818661,864691134918947338,1
864691135970952549,864691134918893066,2
864691135971066981,864691134886444794,1
864691135971096165,864691134886444794,1
864691135971154021,864691134940243299,1
864691135971203685,864691134918396938,1
864691135971252837,864691134886580474,1
864691135971252837,864691134886930170,3
864691135971252837,864691134887158266,1
864691135971370341,864691134918249738,1
864691135971464805,864691134886751994,9
864691135971527781,864691134886444794,1
864691135971696741,864691134886751994,8
864691135971696741,864691134917669642,1
864691135971696741,864691134918403850,1
864691135971725157,864691134885782778,1
864691135971725157,864691134886751994,1
864691135971725157,864691134918893066,1
864691135971725157,864691134918947338,1
864691135971729253,864691134886930170,2
864691135971734373,864691134885140218,1
864691135971734373,864691134886751994,4
864691135971734373,864691134917669642,1
864691135974588783,864691134918524938,1
864691135974766191,864691134884782586,1
864691135974766191,864691134940483171,1
864691135974857583,864691134884782586,2
864691135974857583,864691134918385930,2
864691135974857583,864691134940245859,1
864691135974891119,864691134885550330,1
864691135975264879,864691134918403850,1
864691135975339375,864691134917675530,2
864691135975347823,864691134917881098,2
864691135975446639,864691134885137402,1
864691135975448131,864691134885782778,6
864691135975448643,864691134940483171,1
864691135975453807,864691134918370826,1
864691135975482991,864691134918840586,1
864691135975509615,864691134918385930,1
864691135975539779,864691134918177546,1
864691135975577155,864691134886886906,2
864691135975764591,864691134885803258,2
864691135975764591,864691134918300682,5
864691135975824495,864691134885567738,1
864691135975824495,864691134886444794,1
864691135975850095,864691134885639674,2
864691135976002115,864691134885550330,1
864691135976105839,864691134918524938,1
864691135976322115,864691134885483770,1
864691135976335939,864691134918233610,1
864691135976343754,864691134885483770,1
864691135976343754,864691134918233610,2
864691135976343754,864691134918239498,1
864691135976343754,864691134918310154,1
864691135976343754,864691134940483171,1
864691135976388931,864691134918315786,1
864691135976436035,864691134885550330,1
864691135976488003,864691134918113546,1
864691135976504643,864691134885575930,1
864691135976518467,864691134918141962,1
864691135976525379,864691134918126346,1
864691135976536643,864691134918120458,1
864691135976557635,864691134886364922,1
864691135976566639,864691134886751994,7
864691135976593987,864691134918278922,1
864691135976619331,864691134885140218,1
864691135976621635,864691134885782778,1
864691135976624963,864691134885122810,1
864691135976635971,864691134886886906,1
864691135976636995,864691134918249738,1
864691135976698479,864691134885567738,2
864691135976698479,864691134918370826,3
864691135976698479,864691134918413066,3
864691135976698479,864691134940485219,1
864691135976714863,864691134918332682,1
864691135976724079,864691134920035082,1
864691135976759663,864691134885702394,1
864691135976759663,864691134885735674,2
864691135976813935,864691134885122810,1
864691135976813935,864691134885483770,1
864691135976823363,864691134940709475,1
864691135977010031,864691134886751994,1
864691135977045871,864691134887576314,1
864691135977151811,864691134918249738,1
864691135977221743,864691134918409482,1
864691135977221743,864691134918893066,1
864691135977221743,864691134939988067,1
864691135977389635,864691134885639674,1
864691135977389635,864691134918177546,1
864691135977389635,864691134940715619,1
864691135977542211,864691134920107018,1
864691135977768259,864691134886285306,4
864691135977768259,864691134886930170,1
864691135977768259,864691134917947914,1
864691135977801539,864691134885137402,1
864691135977801539,864691134918524938,1
864691135977801539,864691134939988067,1
864691135977880899,864691134886751994,1
864691135977914691,864691134885137402,1
864691135977925187,864691134885160442,1
864691135977925187,864691134885735418,1
864691135977925187,864691134917958922,1
864691135982744778,864691134885575930,1
864691135983638730,864691134884782586,1
864691135983638730,864691134918141962,6
864691135983638730,864691134940245859,3
864691135985394595,864691134885122810,1
864691135986875907,864691134918126346,1
864691135986886915,864691134886336506,1
864691135986895619,864691134885567738,1
864691135986900483,864691134885717498,1
864691135986900483,864691134940387683,1
864691135986918915,864691134918400522,1
864691135986937347,864691134917958922,1
864691135987117571,864691134885481722,1
864691135987163139,864691134918396938,1
864691135987249923,864691134917669642,1
864691135987269379,864691134885803258,1
864691135987377923,864691134886886906,1
864691135987381251,864691134940105315,2
864691135987382787,864691134885460218,1
864691135987526659,864691134885782778,2
864691135987526659,864691134886751994,2
864691135987526659,864691134917669642,5
864691135987744259,864691134939992931,1
864691135987770115,864691134886751994,1
864691135987794179,864691134918370826,1
864691135987886339,864691134885137402,1
864691135987920387,864691134885483770,1
864691135987940867,864691134885483770,2
864691135988025347,864691134885639674,1
864691135988038147,864691134920045834,1
864691135988217347,864691134918370826,1
864691135988243971,864691134940709475,1
864691135988253699,864691134939988067,1
864691135988403203,864691134885122810,1
864691135988670467,864691134917945866,1
864691135988692224,864691134918385930,3
864691135988779776,864691134885481722,1
864691135988899331,864691134887576314,2
864691135989059072,864691134886580474,1
864691135989072896,864691134918413066,2
864691135989076736,864691134918684170,1
864691135989134080,864691134918947338,1
864691135989156096,864691134885460218,1
864691135989282304,864691134940709475,1
864691135989297152,864691134918141450,1
864691135989297920,864691134918393098,1
864691135989310976,864691134885803258,1
864691135989310976,864691134918393098,2
864691135989315072,864691134918409482,1
864691135989316864,864691134885639674,1
864691135989321216,864691134885122810,1
864691135989343744,864691134917669642,1
864691135989344000,864691134886444794,1
864691135989344512,864691134886444794,1
864691135989344512,864691134920107018,1
864691135989344512,864691134940060771,1
864691135989433091,864691134886751994,2
864691135989433091,864691134917947914,1
864691135989504003,864691134918947338,2
864691135989586435,864691134885550330,2
864691135989586435,864691134917675530,2
864691135989586435,864691134940709475,3
864691135989586435,864691134940715619,3
864691135989672451,864691134920107018,1
864691135989688832,864691134885137402,3
864691135989688832,864691134885639674,1
864691135989702915,864691134920035082,1
864691135989713155,864691134886930170,1
864691135989713155,864691134918893066,1
864691135989717248,864691134885803258,3
864691135989717248,864691134917958922,5
864691135989717248,864691134918393098,3
864691135989739011,864691134885140218,3
864691135989739011,864691134886751994,2
864691135989739011,864691134917947914,2
864691135989817088,864691134918385930,1
864691135989889536,864691134885639674,1
864691135989903104,864691134886336506,1
864691135990148608,864691134886930170,1
864691135990245376,864691134885140218,1
864691135990277376,864691134886751994,1
864691135990359040,864691134886444794,2
864691135990452736,864691134918396938,2
864691135990520064,864691134885460218,1
864691135990520064,864691134887158266,3
864691135990520064,864691134920045834,1
864691135990520064,864691134940243299,1
864691135990672896,864691134917947914,3
864691135990672896,864691134918403850,1
864691135990672896,864691134918524938,1
864691135990793216,864691134918332682,1
864691135990793216,864691134940243299,6
864691135990802944,864691134917958922,2
864691135990851584,864691134885483770,1
864691135990851584,864691134940483171,1
864691135990890496,864691134918947338,1
864691135990890496,864691134920045834,2
864691135991067136,864691134885735418,1
864691135991067136,864691134917675530,1
864691135991067136,864691134918300682,1
864691135991067136,864691134920045834,1
864691135991067136,864691134939988067,1
864691135991067136,864691134940485219,1
864691135991094272,864691134885550330,1
864691135991153920,864691134885567738,1
864691135991162112,864691134887576314,1
864691135991171328,864691134940380259,6
864691135991197184,864691134918332682,2
864691135991197184,864691134940105315,1
864691135991221194,864691134917945866,1
864691135991481537,864691134918279946,3
864691135991501505,864691134918385930,1
864691135991502785,864691134885552122,1
864691135991502785,864691134885717498,4
864691135991502785,864691134886444794,1
864691135991502785,864691134918626314,3
864691135991503809,864691134918596106,1
864691135991504833,864691134918684170,1
864691135991517633,864691134885567738,3
864691135991524801,864691134885782778,1
864691135991525313,864691134918393098,1
864691135991526593,864691134886444794,1
864691135991652033,864691134919289610,1
864691135991801025,864691134885782778,6
864691135991801025,864691134918126346,1
864691135991831489,864691134918524938,1
864691135991860673,864691134918233610,1
864691135991860673,864691134918239498,1
864691135991870401,864691134918684170,1
864691135991923658,864691134918596106,1
864691135992252609,864691134885550330,1
864691135992362689,864691134886444794,1
864691135992442561,864691134885735674,1
864691135992471233,864691134885983482,1
864691135992476097,864691134918947338,1
864691135992477377,864691134918300682,2
864691135992477377,864691134918393098,3
864691135992477377,864691134940485219,1
864691135992479425,864691134917945866,1
864691135992480449,864691134885639674,1
864691135992491713,864691134886808314,1
864691135992671690,864691134918385930,1
864691135992790721,864691134920045834,1
864691135993113025,864691134918626314,1
864691135993301441,864691134917675530,1
864691135993600961,864691134886751994,1
864691135993616577,864691134918893066,1
864691135993698753,864691134885702394,2
864691135993698753,864691134918141450,1
864691135993698753,864691134940380259,6
864691135993711297,864691134917669642,1
864691135993787585,864691134885137402,3
864691135993787585,864691134885717498,1
864691135993807297,864691134918233610,1
864691135994104257,864691134887576314,1
864691135994137793,864691134885803258,2
864691135994158785,864691134917669642,2
864691135994158785,864691134918947338,1
864691135994201025,864691134920107018,1
864691135994222017,864691134920045834,2
864691135994226881,864691134918332682,1
864691135994229194,864691134884782586,1
864691135994229194,864691134918141962,1
864691135994229194,864691134918385930,3
864691135994439626,864691134884782586,1
864691135994453953,864691134885137402,1
864691135994473153,864691134886930170,2
864691135994473153,864691134918332682,3
864691135994473153,864691134940243299,2
864691135994483137,864691134886580474,1
864691135994530218,864691134918403850,1
864691135994538410,864691134917945866,1
864691135994549697,864691134885983482,1
864691135994549697,864691134918370826,3
864691135994578858,864691134917675530,1
864691135994703050,864691134885639674,1
864691135994761123,864691134918233610,1
864691135994804394,864691134918177546,2
864691135994815946,864691134885552122,1
864691135994815946,864691134885575930,1
864691135994815946,864691134940715619,1
864691135994819754,864691134886751994,3
864691135994819754,864691134918332682,3
864691135994827946,864691134885575930,1
864691135994846378,864691134920045834,1
864691135995104714,864691134884782586,1
864691135995104714,864691134918141962,11
864691135995104714,864691134918385930,6
864691135995104714,864691134940245859,1
864691135995104714,864691134940483171,1
864691135995104714,864691134940485219,2
864691135995187114,864691134920035082,1
864691135995234986,864691134940483171,1
864691135995266762,864691134885575930,1
864691135995266762,864691134918233610,3
864691135995285162,864691134917392394,1
864691135995287466,864691134885550330,1
864691135995291306,864691134940709475,1
864691135995326890,864691134885803258,1
864691135995399850,864691134886285306,1
864691135995399850,864691134917669642,1
864691135995468202,864691134917958922,1
864691135995483050,864691134885481722,1
864691135995718058,864691134886285306,1
864691135995730858,864691134886751994,1
864691135996104618,864691134886285306,1
864691135996104618,864691134917947914,3
864691135996104618,864691134918177546,2
864691135996104618,864691134920107018,1
864691135996104618,864691134940709475,1
864691135996169386,864691134885803258,1
864691135996169386,864691134940715619,1
864691135996249002,864691134885137402,1
864691135996249002,864691134885803258,2
864691135996249002,864691134887576314,7
864691135996249002,864691134917958922,1
864691135996249002,864691134918393098,2
864691135996254890,864691134885803258,2
864691135996254890,864691134918403850,1
864691135996254890,864691134939988067,2
864691135996277930,864691134885782778,1
864691135996419018,864691134918239498,1
864691135996419018,864691134940245859,1
864691135996710826,864691134885803258,1
864691135996759498,864691134884782586,2
864691135996759498,864691134918141962,1
864691135996891050,864691134918413066,1
864691135997140906,864691134886580474,1
864691135997140906,864691134887158266,1
864691135997140906,864691134918947338,3
864691135997140906,864691134940485219,1
864691135997413802,864691134886580474,1
864691135997488298,864691134918249738,1
864691135997488298,864691134918524938,1
864691135997488298,864691134918893066,1
864691135997607594,864691134918403850,3
864691135997607594,864691134918524938,2
864691135997673642,864691134885735418,1
864691135997673642,864691134887158266,1
864691135997680042,864691134918332682,1
864691135997680042,864691134940105315,1
864691135998765258,864691134940483171,1
864691135998797770,864691134886828794,1
864691135998805450,864691134885567738,1
864691135999717834,864691134917945866,1
864691136000903882,864691134918178314,1
864691136001738442,864691134918178314,1
864691136001738442,864691134940483171,2
864691136001931978,864691134885160442,1
864691136001931978,864691134918141962,2
864691136001931978,864691134940483171,1
864691136003918538,864691134918385930,1
864691136004715722,864691134885140218,1
864691136004715722,864691134886751994,1
864691136004719562,864691134886930170,1
864691136004727498,864691134885552122,1
864691136004885706,864691134885567738,4
864691136004885706,864691134918370826,2
864691136004885706,864691134918413066,1
864691136004885706,864691134918596106,1
864691136004885706,864691134939992931,1
864691136005069514,864691134885481722,1
864691136005069514,864691134940483171,1
864691136005150154,864691134885567738,1
864691136005150154,864691134918385930,1
864691136005150154,864691134940485219,1
864691136005150410,864691134939996003,1
864691136005322698,864691134940243299,1
864691136005695178,864691134885983482,5
864691136005695178,864691134918370826,2
864691136005765578,864691134918310154,1
864691136005767626,864691134918141962,1
864691136005767626,864691134918596106,1
864691136005808074,864691134885717498,1
864691136005815754,864691134918947338,1
864691136005816266,864691134885140218,1
864691136005816266,864691134886751994,1
864691136005816778,864691134885550330,1
864691136005818826,864691134918370826,1
864691136005826506,864691134940652643,9
864691136005831882,864691134885137402,1
864691136005831882,864691134918393098,2
864691136005906122,864691134886444794,1
864691136005939658,864691134885552122,1
864691136006353354,864691134885550330,1
864691136006353354,864691134918403850,6
864691136006366154,864691134918524938,1
864691136006669514,864691134886285306,1
864691136006669514,864691134920107018,1
864691136006669514,864691134940060771,1
864691136006687434,864691134885552122,1
864691136006790090,864691134886751994,1
864691136006790090,864691134886930170,6
864691136006921674,864691134918177546,1
864691136006921674,864691134918524938,1
864691136006962634,864691134885983482,3
864691136006962634,864691134917958922,1
864691136006962634,864691134940485219,1
864691136007059658,864691134885735418,1
864691136007059658,864691134918249738,1
864691136007059658,864691134920035082,1
864691136007128778,864691134885735418,1
864691136007128778,864691134939992931,1
864691136007206819,864691134918239498,1
864691136007237578,864691134887158266,4
864691136007281354,864691134918332682,1
864691136007281354,864691134918524938,1
864691136007298250,864691134918409482,1
864691136007298250,864691134920045834,3
864691136007298250,864691134939988067,2
864691136007298250,864691134940715619,1
864691136007308234,864691134886364922,1
864691136007339466,864691134918524938,1
864691136007393994,864691134918332682,1
864691136008483500,864691134918279946,1
864691136008724652,864691134886751994,1
864691136008747438,864691134885735418,1
864691136008770732,864691134918370826,1
864691136008880556,864691134886336506,1
864691136008891308,864691134885983482,1
864691136008953006,864691134917858314,2
864691136008958892,864691134918141450,2
864691136008962990,864691134918524938,1
864691136008966574,864691134886828794,1
864691136008966574,864691134918113546,1
864691136008981166,864691134885552122,1
864691136009306542,864691134918178314,1
864691136009383598,864691134940380259,1
864691136009394350,864691134940715619,1
864691136009397422,864691134918370826,1
864691136009421996,864691134885140218,1
864691136009425324,864691134886285306,1
864691136009428396,864691134885803258,1
864691136009428396,864691134939988067,1
864691136009431468,864691134885717498,1
864691136009497518,864691134885782778,1
864691136009506734,864691134885702394,1
864691136009506734,864691134885735674,1
864691136009506734,864691134940213347,1
864691136009506734,864691134940380259,3
864691136009510574,864691134885552122,1
864691136009510574,864691134885717498,1
864691136009510574,864691134917958922,1
864691136009510574,864691134918413066,1
864691136009515438,864691134917945866,1
864691136009612460,864691134885639674,1
864691136009612460,864691134918403850,1
864691136009658540,864691134918141962,1
864691136009658540,864691134918385930,1
864691136009768622,864691134918393098,1
864691136009840556,864691134886886906,2
864691136009854894,864691134886751994,1
864691136009890476,864691134885803258,1
864691136009890476,864691134918409482,6
864691136009890476,864691134920045834,1
864691136009890476,864691134939988067,6
864691136010028974,864691134885639674,1
864691136010128812,864691134939988067,4
864691136010425006,864691134918370826,2
864691136010425006,864691134939992931,2
864691136010513326,864691134885735418,4
864691136010513326,864691134885803258,1
864691136010513326,864691134920045834,1
864691136010513326,864691134940485219,1
864691136010639022,864691134918893066,1
864691136010651564,864691134886930170,1
864691136010687404,864691134885782778,1
864691136010761388,864691134918524938,2
864691136010768558,864691134918596106,2
864691136010778796,864691134886930170,1
864691136010778796,864691134919289610,1
864691136010803628,864691134918332682,1
864691136010840236,864691134918893066,1
864691136010892451,864691134940709475,2
864691136010892707,864691134885567738,1
864691136010928046,864691134886580474,1
864691136010928046,864691134917947914,1
864691136010928046,864691134920035082,1
864691136010930851,864691134940245859,1
864691136010975651,864691134917945866,1
864691136011113902,864691134885460218,1
864691136011113902,864691134918370826,1
864691136011113902,864691134918947338,4
864691136011309475,864691134918403850,1
864691136011340974,864691134917675530,2
864691136011340974,864691134940715619,3
864691136011370915,864691134885567738,2
864691136011370915,864691134918239498,1
864691136011370915,864691134918413066,2
864691136011549614,864691134918332682,1
864691136011549614,864691134920045834,2
864691136011549614,864691134939988067,1
864691136011549614,864691134940243299,1
864691136011600302,864691134886285306,1
864691136011600302,864691134917669642,2
864691136011622051,864691134885639674,1
864691136011622051,864691134918626314,1
864691136011638179,864691134918120458,1
864691136011698350,864691134886751994,1
864691136011721891,864691134918120458,1
864691136011732899,864691134919289610,1
864691136011733934,864691134886444794,1
864691136011733934,864691134887576314,1
864691136011733934,864691134918893066,3
864691136011738542,864691134885567738,4
864691136011738542,864691134918385930,1
864691136011738542,864691134940485219,3
864691136011782318,864691134918524938,2
864691136011815086,864691134940709475,1
864691136011832483,864691134885782778,1
864691136011848355,864691134885140218,1
864691136011901859,864691134918893066,1
864691136011903395,864691134885460218,2
864691136011903395,864691134886828794,4
864691136011906467,864691134886444794,1
864691136011916451,864691134918393098,2
864691136011919523,864691134885567738,2
864691136011919523,864691134885983482,3
864691136011920035,864691134918385930,1
864691136012117411,864691134917675530,1
864691136012270499,864691134917945866,1
864691136012280739,864691134918393098,4
864691136012280739,864691134918524938,1
864691136012302755,864691134919289610,1
864691136012349603,864691134885460218,1
864691136012429987,864691134917669642,1
864691136012495523,864691134886336506,1
864691136012563619,864691134940105315,2
864691136012645027,864691134920035082,1
864691136012704931,864691134887158266,2
864691136012881059,864691134885782778,1
864691136012881059,864691134886580474,2
864691136012881059,864691134920035082,1
864691136012942499,864691134918332682,1
864691136012948387,864691134918385930,1
864691136012948387,864691134918413066,1
864691136012948387,864691134918596106,1
864691136013125795,864691134886751994,1
864691136013242787,864691134887576314,1
864691136013242787,864691134917675530,1
864691136013242787,864691134918393098,1
864691136013367715,864691134885481722,1
864691136013367715,864691134918233610,2
864691136013590179,864691134939988067,1
864691136013633187,864691134886444794,1
864691136013653411,864691134918332682,5
864691136013756323,864691134918332682,1
864691136013756323,864691134940243299,1
864691136014130568,864691134939992931,1
864691136020260088,864691134918310154,2
864691136020284408,864691134885481722,3
864691136020306424,864691134940380259,2
864691136020717816,864691134886364922,2
864691136020717816,864691134940105315,5
864691136020892152,864691134940483171,1
864691136021044216,864691134886886906,1
864691136021050360,864691134885639674,1
864691136021102840,864691134886444794,1
864691136021198328,864691134940105315,1
864691136021261816,864691134918370826,1
864691136021273592,864691134885782778,1
864691136021293048,864691134885782778,1
864691136021294584,864691134918239498,1
864691136021297144,864691134885481722,1
864691136021397496,864691134885137402,1
864691136021397496,864691134918370826,1
864691136021409016,864691134918413066,1
864691136021416440,864691134918233610,1
864691136021592568,864691134885782778,2
864691136021592568,864691134918120458,1
864691136021764856,864691134940715619,1
864691136021888760,864691134918403850,1
864691136021895416,864691134885460218,1
864691136021895416,864691134885550330,1
864691136021895416,864691134918300682,1
864691136021895416,864691134918385930,1
864691136022280696,864691134886580474,1
864691136022280696,864691134920035082,1
864691136022280696,864691134939992931,1
864691136022320888,864691134886444794,2
864691136022415864,864691134886930170,1
864691136022435576,864691134886751994,2
864691136022435576,864691134917669642,2
864691136022795512,864691134885735418,2
864691136022795512,864691134886930170,1
864691136022810104,864691134918524938,1
864691136022810104,864691134918893066,1
864691136023735865,864691134886444794,1
864691136023746617,864691134918626314,1
864691136023763769,864691134918178314,1
864691136023775545,864691134918141962,1
864691136023776825,864691134918413066,1
864691136023785529,864691134918233610,1
864691136023800633,864691134885567738,1
864691136023803449,864691134940380259,1
864691136023808825,864691134920045834,1
864691136024134201,864691134939992931,1
864691136024329529,864691134918178314,1
864691136024578105,864691134918233610,1
864691136024646969,864691134885983482,1
864691136024688953,864691134918300682,1
864691136024791609,864691134940380259,1
864691136024809017,864691134885122810,1
864691136024813369,864691134884782586,1
864691136024813369,864691134940245859,1
864691136024824377,864691134918300682,3
864691136024826169,864691134885687802,2
864691136024828217,864691134885122810,1
864691136024828729,864691134885460218,1
864691136024928313,864691134885782778,1
864691136024968505,864691134917669642,1
864691136024968505,864691134919289610,1
864691136024984377,864691134886828794,8
864691136024984377,864691134918385930,2
864691136025093689,864691134918385930,2
864691136025124921,864691134885717498,2
864691136025145145,864691134886930170,1
864691136025145145,864691134940105315,1
864691136025333561,864691134887158266,1
864691136025333561,864691134887576314,1
864691136025483833,864691134886751994,1
864691136025504569,864691134886930170,1
864691136025616697,864691134885782778,1
864691136025913913,864691134940213347,1
864691136025913913,864691134940243299,4
864691136025996601,864691134886751994,1
864691136025996601,864691134917669642,1
864691136026007609,864691134940105315,1
864691136026056761,864691134918393098,3
864691136026056761,864691134918524938,2
864691136026056761,864691134920045834,1
864691136026198585,864691134886930170,1
864691136026263353,864691134885140218,1
864691136026263353,864691134886751994,1
864691136026310713,864691134917947914,1
864691136026317113,864691134940243299,2
864691136026380601,864691134885137402,1
864691136026380601,864691134885803258,2
864691136026380601,864691134887576314,3
864691136026380601,864691134918393098,1
864691136026380601,864691134918409482,2
864691136026380601,864691134920045834,1
864691136026380601,864691134939988067,1
864691136029893342,864691134918315786,1
864691136030504273,864691134885735674,1
864691136031650491,864691134886751994,2
864691136031655099,864691134940245859,1
864691136031763387,864691134940380259,1
864691136031767739,864691134940380259,1
864691136031893691,864691134918370826,1
864691136032115643,864691134886751994,1
864691136032141499,864691134885485562,1
864691136032141499,864691134886886906,1
864691136032141499,864691134918396938,2
864691136032232379,864691134918413066,1
864691136032474811,864691134919289610,1
864691136032484283,864691134885639674,1
864691136032504507,864691134886444794,2
864691136032510139,864691134918120458,1
864691136032607931,864691134918239498,1
864691136032649147,864691134886751994,1
864691136032649403,864691134940105315,1
864691136032650939,864691134939992931,1
864691136032659387,864691134885460218,1
864691136032676027,864691134885983482,2
864691136032676027,864691134918596106,1
864691136032680635,864691134885550330,2
864691136032682683,864691134940380259,1
864691136032686779,864691134885550330,1
864691136032698811,864691134885782778,1
864691136032837307,864691134886444794,1
864691136032851131,864691134886444794,2
864691136032917179,864691134940380259,1
864691136033324731,864691134918409482,1
864691136033332155,864691134884782586,1
864691136033344699,864691134886444794,1
864691136033414843,864691134918300682,3
864691136033563835,864691134885782778,1
864691136034195387,864691134885782778,1
864691136034195387,864691134918120458,1
864691136034247099,864691134886580474,4
864691136034247099,864691134920035082,2
864691136034292155,864691134886336506,1
864691136034350523,864691134918249738,5
864691136034350523,864691134918524938,2
864691136034433723,864691134887158266,3
864691136034433723,864691134918332682,2
864691136034460347,864691134886751994,2
864691136034487739,864691134887158266,4
864691136034487739,864691134918332682,2
864691136034487739,864691134940243299,1
864691136034544827,864691134920035082,1
864691136034604987,864691134918332682,1
864691136034604987,864691134940243299,2
864691136034626491,864691134918893066,1
864691136034633659,864691134886930170,2
864691136039342846,864691134886580474,1
864691136039350526,864691134885803258,10
864691136039350526,864691134917958922,3
864691136039350526,864691134940485219,1
864691136039400190,864691134918596106,1
864691136039704830,864691134885122810,2
864691136039816446,864691134940483171,3
864691136039833854,864691134918279946,1
864691136040089854,864691134886751994,1
864691136040151550,864691134918120458,1
864691136040281598,864691134885782778,1
864691136040300542,864691134885639674,1
864691136040338174,864691134886444794,1
864691136040338174,864691134918249738,1
864691136040338174,864691134940709475,1
864691136040483326,864691134918893066,1
864691136040515582,864691134885137402,1
864691136040684030,864691134917947914,1
864691136040787198,864691134886886906,1
864691136040892158,864691134917958922,1
864691136040939262,864691134918370826,1
864691136041022550,864691134917881098,1
864691136041027414,864691134939996003,1
864691136041058134,864691134940105315,1
864691136041321982,864691134918893066,1
864691136041352446,864691134886444794,18
864691136041424214,864691134920107018,1
864691136041498710,864691134885140218,1
864691136041575678,864691134885160442,1
864691136041575678,864691134885687802,1
864691136041598974,864691134885567738,1
864691136041598974,864691134885956858,1
864691136041598974,864691134918370826,1
864691136041598974,864691134918947338,2
864691136041598974,864691134939992931,2
864691136041604438,864691134885550330,4
864691136041604438,864691134917675530,1
864691136041604438,864691134918403850,2
864691136041642494,864691134886930170,5
864691136041642494,864691134918332682,5
864691136041679702,864691134885460218,1
864691136041694718,864691134918393098,1
864691136041701118,864691134940105315,6
864691136041703422,864691134885552122,1
864691136041703422,864691134920107018,1
864691136041737470,864691134887158266,1
864691136041882198,864691134918596106,1
864691136041923414,864691134917858314,1
864691136041941846,864691134918524938,1
864691136041970262,864691134918596106,1
864691136041988950,864691134885552122,1
864691136042000726,864691134940243299,1
864691136042038870,864691134885639674,1
864691136042073174,864691134886930170,1
864691136042160726,864691134940709475,1
864691136042166358,864691134886444794,2
864691136042170454,864691134918233610,1
864691136042241110,864691134885483770,1
864691136042241110,864691134940245859,1
864691136042294870,864691134886886906,1
864691136042318934,864691134886444794,1
864691136042350422,864691134920045834,1
864691136042350422,864691134940485219,1
864691136042469718,864691134940715619,1
864691136042590806,864691134886930170,1
864691136042982742,864691134887158266,1
864691136042989910,864691134920035082,2
864691136043017302,864691134885567738,1
864691136043173974,864691134886336506,1
864691136043245654,864691134918141962,1
864691136043245654,864691134918413066,1
864691136043384406,864691134918177546,1
864691136043397206,864691134886285306,1
864691136043601238,864691134918393098,1
864691136043601238,864691134939988067,1
864691136050829811,864691134918413066,1
864691136050858739,864691134917669642,1
864691136050870771,864691134917945866,1
864691136050904819,864691134885460218,1
864691136051134451,864691134886808314,1
864691136051135731,864691134940687459,1
864691136051379699,864691134886444794,3
864691136051486451,864691134885140218,2
864691136051589619,864691134918400522,1
864691136051626739,864691134886444794,1
864691136051735027,864691134885122810,1
864691136051750387,864691134885485562,1
864691136051756531,864691134918413066,1
864691136051800307,864691134886886906,1
864691136051803123,864691134885639674,2
864691136051812595,864691134919289610,1
864691136051837683,864691134918947338,1
864691136051842547,864691134886336506,2
864691136052101363,864691134886285306,1
864691136052101363,864691134940709475,1
864691136052127731,864691134918393098,3
864691136052141043,864691134885137402,1
864691136052688115,864691134886828794,1
864691136052737779,864691134920107018,1
864691136052738803,864691134918893066,2
864691136052860403,864691134885717498,1
864691136052918515,864691134940105315,1
864691136052973811,864691134886808314,1
864691136052973811,864691134918177546,1
864691136053040883,864691134918126346,1
864691136053225715,864691134940709475,1
864691136053263859,864691134886285306,2
864691136053495539,864691134885735418,1
864691136053537779,864691134885460218,3
864691136053537779,864691134886828794,2
864691136053537779,864691134918141962,2
864691136053537779,864691134918385930,4
864691136053649651,864691134918524938,1
864691136053649651,864691134918893066,1
864691136053680883,864691134918393098,1
864691136053798131,864691134918524938,1
864691136053803251,864691134886580474,2
864691136053803251,864691134886930170,3
864691136053803251,864691134940243299,1
864691136053861619,864691134885137402,1
864691136053861619,864691134885803258,1
864691136053861619,864691134917675530,1
864691136053861619,864691134918393098,1
864691136053861619,864691134940715619,1
864691136056310232,864691134919289610,1
864691136056324312,864691134885137402,2
864691136056342744,864691134886828794,1
864691136056344024,864691134918126346,1
864691136056344024,864691134940060771,1
864691136056378840,864691134885702394,3
864691136056402904,864691134919289610,2
864691136056523992,864691134918332682,1
864691136056688344,864691134885485562,1
864691136056733656,864691134918396938,1
864691136056759000,864691134886444794,1
864691136056773592,864691134918370826,1
864691136056811992,864691134918893066,1
864691136056827864,864691134918233610,1
864691136056827864,864691134918239498,1
864691136056827864,864691134940483171,1
864691136056836824,864691134920035082,1
864691136057030616,864691134940252003,1
864691136057118680,864691134885481722,1
864691136057191640,864691134919289610,1
864691136057222360,864691134886580474,1
864691136057261272,864691134917947914,1
864691136057326808,864691134918524938,1
864691136057331928,864691134918393098,1
864691136057332184,864691134917958922,1
864691136057332184,864691134918141962,4
864691136057332184,864691134918409482,2
864691136057338584,864691134885137402,1
864691136057338584,864691134885983482,6
864691136057340632,864691134919289610,1
864691136057340632,864691134940718179,1
864691136057343192,864691134885782778,1
864691136057343192,864691134886886906,1
864691136057345496,864691134885639674,1
864691136057345496,864691134940483171,5
864691136057357528,864691134885481722,13
864691136057361624,864691134885137402,1
864691136057489368,864691134885137402,1
864691136057489368,864691134886444794,3
864691136057493464,864691134918893066,1
864691136057622488,864691134886751994,1
864691136057622488,864691134917669642,1
864691136057622488,864691134918524938,1
864691136057723352,864691134885140218,2
864691136057810136,864691134918141450,1
864691136057871320,864691134918126346,1
864691136057918168,864691134885552122,1
864691136057918168,864691134885717498,1
864691136057918168,864691134886444794,1
864691136057961432,864691134887576314,2
864691136057961432,864691134918409482,5
864691136057961432,864691134920045834,2
864691136058116568,864691134886364922,2
864691136058116568,864691134886751994,20
864691136058116568,864691134917669642,6
864691136058116568,864691134918947338,2
864691136058268376,864691134886751994,1
864691136058349528,864691134885639674,1
864691136058459096,864691134886751994,14
864691136058679256,864691134885717498,1
864691136058679256,864691134886444794,1
864691136058679256,864691134940387683,1
864691136058741976,864691134886930170,1
864691136058752216,864691134886751994,1
864691136058752216,864691134917669642,1
864691136058810328,864691134886580474,2
864691136058810328,864691134917947914,1
864691136058810328,864691134918332682,2
864691136058810328,864691134918893066,1
864691136058810328,864691134940105315,1
864691136058918872,864691134885735418,1
864691136058945496,864691134885782778,1
864691136058945496,864691134918332682,1
864691136058945496,864691134920035082,1
864691136058963160,864691134886285306,1
864691136058963160,864691134886580474,1
864691136058963160,864691134886930170,1
864691136058963160,864691134918332682,1
864691136058972888,864691134886930170,1
864691136065228696,864691134885983482,1
864691136065258648,864691134918300682,1
864691136065265560,864691134918370826,2
864691136065290136,864691134886751994,1
864691136065295512,864691134917945866,1
864691136065296792,864691134918385930,1
864691136065309336,864691134917858314,1
864691136065713560,864691134887158266,1
864691136065733528,864691134885702394,1
864691136065733528,864691134918141450,1
864691136065770648,864691134918409482,1
864691136065813400,864691134939992931,2
864691136065819032,864691134885485562,1
864691136065821592,864691134884782586,1
864691136065821592,864691134885550330,1
864691136065821592,864691134918141962,4
864691136065821592,864691134918385930,2
864691136065821592,864691134940245859,1
864691136065821592,864691134940485219,1
864691136065851288,864691134885483770,1
864691136065862808,864691134918403850,1
864691136065875608,864691134917945866,1
864691136065993624,864691134885137402,1
864691136065993624,864691134885639674,1
864691136065993624,864691134886930170,2
864691136065993624,864691134917675530,2
864691136065993624,864691134918178314,2
864691136065993624,864691134918300682,1
864691136065993624,864691134918393098,2
864691136065993624,864691134918409482,1
864691136065993624,864691134940715619,1
864691136066043544,864691134918409482,1
864691136066231960,864691134918300682,1
864691136066262168,864691134886886906,1
864691136066290840,864691134919289610,1
864691136066317976,864691134885782778,1
864691136066395800,864691134918178314,1
864691136066422680,864691134917958922,1
864691136066486936,864691134917675530,1
864691136066514072,864691134918126346,1
864691136066516888,864691134886444794,1
864691136066520216,864691134918409482,1
864691136066527128,864691134886580474,1
864691136066631832,864691134885481722,1
864691136066746264,864691134920035082,1
864691136066762648,864691134919289610,1
864691136066922392,864691134886930170,1
864691136067062936,864691134920035082,1
864691136067465112,864691134917947914,3
864691136067602328,864691134885460218,3
864691136067819416,864691134918141450,1
864691136067819416,864691134940380259,5
864691136067878296,864691134886285306,1
864691136067886488,864691134886444794,1
864691136084053612,864691134885983482,2
864691136084053612,864691134918413066,1
864691136084060524,864691134886828794,3
864691136084074348,864691134918393098,1
864691136084077676,864691134918141962,1
864691136084077676,864691134918385930,1
864691136084077676,864691134940245859,3
864691136084077932,864691134885575930,1
864691136084398956,864691134886930170,1
864691136084398956,864691134918332682,1
864691136084428908,864691134885702394,1
864691136084428908,864691134940380259,1
864691136084664940,864691134918279946,17
864691136084664940,864691134920107018,1
864691136084664940,864691134940060771,5
864691136084721260,864691134885460218,1
864691136084962668,864691134940105315,1
864691136085015660,864691134918126346,1
864691136085128812,864691134886444794,1
864691136085196908,864691134918393098,1
864691136085257068,864691134918239498,1
864691136085267052,864691134885460218,1
864691136085267052,864691134885481722,1
864691136085275500,864691134886444794,1
864691136085277292,864691134885550330,1
864691136085277292,864691134917675530,1
864691136085442668,864691134885485562,2
864691136085458284,864691134940380259,1
864691136085464684,864691134885160442,1
864691136085464684,864691134918524938,1
864691136085464684,864691134939988067,2
864691136085464684,864691134940715619,1
864691136085554284,864691134886751994,1
864691136086087020,864691134885983482,1
864691136086239084,864691134918385930,1
864691136086239084,864691134918413066,2
864691136086631020,864691134940105315,1
864691136086645356,864691134886444794,3
864691136086678892,864691134886751994,2
864691136086755436,864691134917669642,1
864691136086772844,864691134918524938,1
864691136086840428,864691134887576314,1
864691136088958007,864691134940687459,1
864691136088958263,864691134885483770,1
864691136089254199,864691134885122810,1
864691136089261623,864691134940483171,1
864691136089422903,864691134919289610,2
864691136089438263,864691134918315786,1
864691136089447991,864691134940380259,1
864691136089450807,864691134886364922,1
864691136089450807,864691134918332682,2
864691136089606455,864691134886444794,1
864691136089890359,864691134885481722,1
864691136089932599,864691134918120458,1
864691136090001719,864691134886828794,2
864691136090071351,864691134918239498,1
864691136090094135,864691134920035082,1
864691136090095415,864691134917675530,2
864691136090100279,864691134917958922,2
864691136090100279,864691134918393098,1
864691136090103863,864691134887158266,1
864691136090104119,864691134884782586,1
864691136090106679,864691134918400522,1
864691136090113591,864691134918409482,1
864691136090123651,864691134918126346,1
864691136090161975,864691134885639674,1
864691136090479159,864691134918393098,1
864691136090479159,864691134918947338,1
864691136090632503,864691134885639674,2
864691136090728247,864691134886751994,1
864691136090814775,864691134940245859,1
864691136090936756,864691134886828794,2
864691136090939316,864691134885122810,5
864691136090943924,864691134885481722,1
864691136090943924,864691134939996003,1
864691136091074615,864691134887576314,1
864691136091074615,864691134918249738,1
864691136091152308,864691134885137402,2
864691136091231156,864691134886808314,1
864691136091235639,864691134886751994,2
864691136091310391,864691134885483770,2
864691136091474487,864691134918524938,1
864691136091534772,864691134885567738,1
864691136091569719,864691134918177546,1
864691136091620919,864691134918893066,1
864691136091718711,864691134917675530,1
864691136091718711,864691134918249738,2
864691136091718711,864691134918393098,1
864691136091718711,864691134918403850,4
864691136091765940,864691134939988067,1
864691136091777847,864691134887576314,2
864691136091815348,864691134886444794,1
864691136091850164,864691134918141962,1
864691136091850164,864691134918300682,1
864691136091876788,864691134886580474,1
864691136091947700,864691134918840586,1
864691136091973300,864691134918315786,1
864691136092070068,864691134886336506,1
864691136092070068,864691134886444794,1
864691136092231604,864691134918177546,1
864691136092250292,864691134885140218,1
864691136092250292,864691134886751994,1
864691136092359604,864691134918120458,1
864691136092483508,864691134940485219,6
864691136092588212,864691134918893066,1
864691136092646836,864691134885782778,3
864691136092646836,864691134918141450,2
864691136092658356,864691134918300682,1
864691136092725684,864691134886444794,1
864691136092922804,864691134886285306,1
864691136092922804,864691134940060771,1
864691136092950964,864691134885140218,4
864691136092950964,864691134886364922,1
864691136092950964,864691134886751994,1
864691136093104564,864691134918524938,3
864691136093202356,864691134886336506,1
864691136093396404,864691134940380259,2
864691136093396404,864691134940718179,2
864691136093470132,864691134917947914,1
864691136093471156,864691134885137402,1
864691136093477556,864691134918249738,1
864691136093481396,864691134887576314,2
864691136093481396,864691134918249738,3
864691136093481396,864691134918524938,1
864691136093481396,864691134918893066,1
864691136099769717,864691134885702394,1
864691136099772277,864691134918126346,1
864691136099785589,864691134886444794,1
864691136099820661,864691134919289610,1
864691136099823989,864691134885460218,1
864691136099824501,864691134885460218,1
864691136099827829,864691134918120458,1
864691136099827829,864691134918279946,1
864691136099828085,864691134885137402,1
864691136099836021,864691134885137402,1
864691136100014453,864691134885550330,2
864691136100135029,864691134940060771,1
864691136100168309,864691134940243299,1
864691136100643445,864691134940380259,2
864691136100646517,864691134918840586,1
864691136100712821,864691134885481722,1
864691136100778613,864691134920107018,1
864691136100822645,864691134886930170,1
864691136100848501,864691134918385930,1
864691136100848501,864691134940245859,2
864691136100848501,864691134940483171,1
864691136100906869,864691134918233610,1
864691136100913269,864691134885483770,1
864691136100920437,864691134918524938,1
864691136100924789,864691134884782586,8
864691136100924789,864691134940483171,1
864691136100930165,864691134940483171,1
864691136100943733,864691134940687459,1
864691136100985973,864691134918332682,1
864691136101276021,864691134886751994,2
864691136101516661,864691134918524938,2
864691136101552757,864691134886580474,1
864691136101641077,864691134885803258,1
864691136101718133,864691134920107018,1
864691136102325621,864691134918409482,1
864691136102450037,864691134885735418,7
864691136102450037,864691134885956858,1
864691136102450037,864691134918370826,1
864691136102450037,864691134918524938,1
864691136102450037,864691134918947338,6
864691136102450037,864691134920045834,1
864691136105455833,864691134886751994,1
864691136105455833,864691134940105315,1
864691136105459417,864691134918684170,1
864691136105464281,864691134885160442,1
864691136105470681,864691134886444794,2
864691136105471193,864691134918141962,1
864691136105511385,864691134940687459,1
864691136105686233,864691134886444794,1
864691136105812953,864691134885803258,1
864691136105812953,864691134918393098,1
864691136105843417,864691134885481722,2
864691136106240643,864691134918120458,1
864691136106240643,864691134918279946,10
864691136106354393,864691134918524938,1
864691136106434777,864691134918310154,1
864691136106456281,864691134918396938,1
864691136106521817,864691134885550330,1
864691136106521817,864691134918403850,1
864691136106521817,864691134940715619,1
864691136106522073,864691134886444794,1
864691136106538457,864691134918300682,1
864691136106547161,864691134886444794,1
864691136106743513,864691134918684170,1
864691136106879705,864691134918370826,1
864691136106911961,864691134886444794,1
864691136106951641,864691134917958922,1
864691136107283417,864691134886364922,1
864691136107582425,864691134885803258,1
864691136107670745,864691134886444794,8
864691136107761113,864691134918249738,1
864691136107948249,864691134918332682,1
864691136107948249,864691134940105315,1
864691136107980761,864691134885483770,2
864691136108096985,864691134917947914,1
864691136108411097,864691134886751994,1
864691136108411097,864691134918524938,6
864691136108452569,864691134918524938,1
864691136108519129,864691134917958922,1
864691136108519129,864691134918393098,4
864691136108568793,864691134920107018,1
864691136108611033,864691134886751994,1
864691136108611033,864691134886930170,2
864691136108627417,864691134918141962,1
864691136108656089,864691134887576314,8
864691136108656089,864691134918524938,1
864691136108656089,864691134918893066,1
864691136108662745,864691134885782778,3
864691136108662745,864691134886886906,1
864691136108685017,864691134918177546,2
864691136108701112,864691134918120458,1
864691136108703107,864691134885485562,1
864691136108715960,864691134918393098,2
864691136108724664,864691134885122810,1
864691136108735416,864691134920107018,1
864691136108748216,864691134885803258,1
864691136108753592,864691134885552122,1
864691136108753592,864691134885717498,2
864691136108871096,864691134885483770,1
864691136108938168,864691134885460218,1
864691136108938168,864691134886364922,1
864691136108938168,864691134886751994,1
864691136109058488,864691134885803258,1
864691136109108664,864691134885735418,1
864691136109147320,864691134885481722,2
864691136109147320,864691134940252003,1
864691136109147320,864691134940687459,2
864691136109294008,864691134885460218,1
864691136109315000,864691134918393098,1
864691136109315000,864691134940715619,1
864691136109617336,864691134885122810,1
864691136109683384,864691134940380259,1
864691136109697464,864691134917675530,1
864691136109714360,864691134918403850,1
864691136109767608,864691134885983482,1
864691136109853112,864691134918370826,1
864691136109873848,864691134918626314,1
864691136109892792,864691134886930170,1
864691136109896632,864691134885702394,1
864691136109898936,864691134918385930,1
864691136109904568,864691134885137402,1
864691136110073016,864691134940243299,1
864691136110206904,864691134885460218,3
864691136110206904,864691134918684170,1
864691136110362296,864691134884782586,2
864691136110362296,864691134885550330,1
864691136110362296,864691134885803258,1
864691136110362296,864691134918141962,3
864691136110362296,864691134918385930,3
864691136110685880,864691134885460218,1
864691136110685880,864691134918413066,1
864691136111185336,864691134886751994,1
864691136111185336,864691134918332682,3
864691136111185336,864691134940380259,1
864691136111293624,864691134918177546,1
864691136111403192,864691134918370826,1
864691136111403192,864691134918413066,1
864691136111408312,864691134917669642,1
864691136111461560,864691134918524938,1
864691136111559352,864691134940243299,1
864691136111602360,864691134940213347,2
864691136111608504,864691134886580474,1
864691136111608504,864691134918893066,1
864691136116155044,864691134886580474,1
864691136116155044,864691134886886906,1
864691136116162980,864691134917945866,1
864691136116169124,864691134885122810,1
864691136116176548,864691134918596106,1
864691136116177572,864691134918141962,2
864691136116177572,864691134918385930,1
864691136116178596,864691134940245859,1
864691136116180644,864691134885575930,1
864691136116180644,864691134939996003,1
864691136116186788,864691134886444794,1
864691136116186788,864691134918300682,5
864691136116195492,864691134918626314,1
864691136116466340,864691134940245859,2
864691136116502436,864691134885550330,4
864691136116796324,864691134940105315,1
864691136116909732,864691134918239498,1
864691136116924324,864691134940213347,1
864691136116942756,864691134885481722,1
864691136116962724,864691134886930170,1
864691136116973988,864691134885160442,1
864691136117069220,864691134885702394,3
864691136117069220,864691134940380259,3
864691136117081764,864691134940687459,1
864691136117228196,864691134917669642,1
864691136117260964,864691134918239498,1
864691136118133156,864691134886886906,1
864691136118359716,864691134939992931,2
864691136118370724,864691134918141962,1
864691136118412824,864691134917392394,1
864691136118421016,864691134886751994,1
864691136118421784,864691134885735418,1
864691136118430628,864691134884782586,1
864691136118430628,864691134918300682,1
864691136118430628,864691134918385930,1
864691136118430628,864691134940485219,1
864691136118431396,864691134886751994,1
864691136118444056,864691134885122810,2
864691136118452760,864691134918332682,1
864691136118459928,864691134917675530,1
864691136118460440,864691134885803258,1
864691136118460440,864691134918409482,2
864691136118586648,864691134885639674,1
864691136118603172,864691134917669642,1
864691136118637336,864691134920107018,1
864691136118674084,864691134886444794,1
864691136118697892,864691134917669642,1
864691136118805668,864691134886285306,2
864691136118805668,864691134917669642,1
864691136118851748,864691134886751994,1
864691136118851864,864691134917947914,1
864691136118878116,864691134887576314,2
864691136118878116,864691134918893066,1
864691136118878116,864691134920035082,1
864691136118882468,864691134887576314,1
864691136118882468,864691134918893066,2
864691136118919076,864691134886580474,2
864691136119046564,864691134885803258,1
864691136119046564,864691134918409482,3
864691136119046564,864691134918524938,1
864691136119046564,864691134939988067,2
864691136119117336,864691134917958922,1
864691136119178776,864691134940213347,1
864691136119207960,864691134918370826,2
864691136119290648,864691134886886906,1
864691136119353368,864691134918396938,1
864691136119414040,864691134918393098,2
864691136119414040,864691134918409482,1
864691136119414808,864691134885639674,2
864691136119426584,864691134885140218,1
864691136119426584,864691134886751994,3
864691136119527960,864691134918385930,1
864691136119530776,864691134918413066,1
864691136119531288,864691134885137402,1
864691136119692824,864691134885550330,3
864691136119692824,864691134885717498,1
864691136119692824,864691134940715619,3
864691136119701272,864691134886751994,2
864691136119701272,864691134918385930,1
864691136119864856,864691134885550330,1
864691136119864856,864691134885803258,1
864691136119864856,864691134918409482,1
864691136119885080,864691134885803258,1
864691136119907864,864691134918403850,1
864691136119929368,864691134885460218,1
864691136119949592,864691134885735418,5
864691136119949592,864691134918370826,2
864691136119949592,864691134939992931,1
864691136120137752,864691134918249738,14
864691136120227608,864691134918370826,1
864691136120642584,864691134885460218,6
864691136120658712,864691134886828794,1
864691136123728678,864691134917881098,1
864691136123729702,864691134885803258,1
864691136123729702,864691134918141962,1
864691136123737638,864691134885460218,5
864691136123747110,864691134917881098,1
864691136123781926,864691134918840586,1
864691136123919654,864691134886285306,3
864691136123919654,864691134886336506,1
864691136123919654,864691134920107018,2
864691136123937574,864691134918300682,1
864691136123937574,864691134940485219,1
864691136124184102,864691134917958922,1
864691136124184102,864691134918141962,1
864691136124184102,864691134920045834,1
864691136124475686,864691134885460218,1
864691136124517158,864691134885735674,1
864691136124587302,864691134885140218,1
864691136124588582,864691134886751994,1
864691136124603174,864691134885460218,1
864691136124603174,864691134940483171,2
864691136124613926,864691134918385930,1
864691136124619302,864691134885803258,1
864691136124624422,864691134885160442,1
864691136124638246,864691134918233610,1
864691136124985382,864691134940709475,1
864691136125279526,864691134918278922,1
864691136125312294,864691134920107018,1
864691136125670950,864691134886751994,1
864691136125670950,864691134886930170,1
864691136125910822,864691134886751994,1
864691136125910822,864691134886930170,1
864691136125910822,864691134917669642,1
864691136126020646,864691134919289610,2
864691136126093350,864691134918370826,1
864691136126388774,864691134885803258,1
864691136126388774,864691134887576314,1
864691136126544422,864691134887158266,1
864691136126544422,864691134920035082,6
864691136126700582,864691134886751994,3
864691136126700582,864691134886930170,1
864691136126700582,864691134917669642,2
864691136134404491,864691134886751994,1
864691136134407563,864691134886580474,1
864691136134417291,864691134885803258,1
864691136134418315,864691134885782778,3
864691136134433163,864691134885983482,1
864691136134434699,864691134918141962,2
864691136134454155,864691134885803258,1
864691136134454411,864691134885122810,5
864691136134685579,864691134885160442,1
864691136134685579,864691134917958922,1
864691136134703755,864691134885803258,5
864691136134703755,864691134917675530,1
864691136134703755,864691134917958922,1
864691136134703755,864691134918393098,1
864691136134710411,864691134918141962,1
864691136134718091,864691134885567738,1
864691136134843275,864691134885122810,1
864691136134904715,864691134939996003,1
864691136134942347,864691134885160442,1
864691136134942347,864691134918403850,1
864691136135203979,864691134885735674,1
864691136135208587,864691134918393098,1
864691136135221387,864691134940105315,2
864691136135230603,864691134918279946,1
864691136135386251,864691134918370826,1
864691136135517579,864691134886444794,1
864691136135535243,864691134918141450,2
864691136135535243,864691134940380259,1
864691136135536011,864691134920107018,1
864691136135538571,864691134917669642,1
864691136135544971,864691134885687802,1
864691136135554187,864691134886285306,1
864691136135752843,864691134885803258,2
864691136135752843,864691134917958922,1
864691136135752843,864691134918409482,1
864691136135752843,864691134939988067,2
864691136135848587,864691134918413066,1
864691136135856011,864691134885137402,2
864691136135956363,864691134917958922,1
864691136135956363,864691134918300682,2
864691136136014219,864691134940105315,1
864691136136048011,864691134940709475,1
864691136136158603,864691134885803258,1
864691136136158603,864691134918393098,2
864691136136158603,864691134918524938,1
864691136136158603,864691134939988067,1
864691136136240011,864691134918409482,1
864691136136248971,864691134885639674,1
864691136136248971,864691134885803258,2
864691136136248971,864691134887576314,1
864691136136332171,864691134885983482,1
864691136136356747,864691134885803258,1
864691136136356747,864691134917958922,1
864691136136383883,864691134918249738,1
864691136136383883,864691134939988067,1
864691136136571773,864691134918177546,1
864691136136586365,864691134885567738,1
864691136136594301,864691134939996003,2
864691136136623485,864691134885481722,2
864691136136625021,864691134885140218,1
864691136136636029,864691134940060771,1
864691136136639869,864691134886930170,1
864691136136645757,864691134918684170,1
864691136136647805,864691134885803258,1
864691136136647805,864691134917947914,1
864691136136647805,864691134917958922,1
864691136136647805,864691134918409482,5
864691136136647805,864691134918524938,1
864691136136647805,864691134920045834,1
864691136136647805,864691134939988067,4
864691136136647805,864691134940709475,2
864691136136744843,864691134918141962,1
864691136136767115,864691134886886906,1
864691136136767115,864691134920107018,7
864691136136838027,864691134918126346,1
864691136136940413,864691134885550330,8
864691136136940413,864691134917675530,1
864691136137140093,864691134918113546,2
864691136137162635,864691134886285306,2
864691136137162635,864691134886751994,2
864691136137162635,864691134940243299,2
864691136137210507,864691134918524938,1
864691136137349515,864691134885550330,1
864691136137349515,864691134886930170,1
864691136137401483,864691134887576314,4
864691136137401483,864691134918409482,2
864691136137401483,864691134918947338,1
864691136137405835,864691134885735418,1
864691136137411453,864691134940380259,1
864691136137450621,864691134885639674,1
864691136137488253,864691134886886906,1
864691136137549949,864691134885137402,1
864691136137575037,864691134918141450,1
864691136137647485,864691134918385930,2
864691136137655165,864691134885481722,1
864691136137657469,864691134940709475,1
864691136137901949,864691134918413066,1
864691136137926781,864691134918947338,9
864691136138078077,864691134918596106,1
864691136138225533,864691134940709475,1
864691136138335101,864691134886444794,1
864691136138335101,864691134917945866,1
864691136138335101,864691134940709475,1
864691136138622333,864691134885735418,1
864691136138622333,864691134918893066,1
864691136138628477,864691134885567738,2
864691136138628477,864691134918370826,1
864691136138628477,864691134918393098,1
864691136138628477,864691134918413066,1
864691136138628477,864691134940485219,1
864691136138695549,864691134886930170,1
864691136138695549,864691134918332682,1
864691136138807165,864691134918400522,1
864691136138866557,864691134886444794,1
864691136138909053,864691134886930170,1
864691136138909053,864691134918177546,1
864691136138909053,864691134918893066,2
864691136138909053,864691134940709475,1
864691136138972029,864691134917675530,1
864691136139009149,864691134885140218,5
864691136139009149,864691134886285306,1
864691136139009149,864691134886364922,1
864691136139009149,864691134886751994,3
864691136139009149,864691134886930170,1
864691136139009149,864691134918332682,3
864691136139074429,864691134886930170,1
864691136139266173,864691134885460218,1
864691136139266173,864691134918413066,1
864691136141144657,864691134885702394,1
864691136143353652,864691134886886906,1
864691136143387444,864691134918278922,1
864691136143393588,864691134918239498,1
864691136143394100,864691134918233610,1
864691136143402292,864691134918120458,1
864691136143402804,864691134885485562,1
864691136143665204,864691134885122810,1
864691136143696692,864691134918385930,1
864691136143964724,864691134918178314,2
864691136143965492,864691134918141962,2
864691136143965492,864691134918385930,1
864691136143970356,864691134917945866,1
864691136144008244,864691134918141962,1
864691136144008244,864691134918300682,1
864691136144287540,864691134918279946,1
864691136144311860,864691134918279946,1
864691136144330036,864691134918393098,2
864691136144348724,864691134885567738,1
864691136144430388,864691134918239498,1
864691136144487476,864691134886808314,1
864691136144525108,864691134886751994,1
864691136144535092,864691134918178314,1
864691136144537396,864691134885803258,1
864691136144537396,864691134918249738,1
864691136144537396,864691134920045834,1
864691136144542260,864691134886828794,1
864691136144542260,864691134918413066,1
864691136144547636,864691134885137402,2
864691136144610100,864691134918141962,2
864691136144610100,864691134918385930,2
864691136144610356,864691134918141962,1
864691136144610356,864691134918385930,1
864691136144674612,864691134885481722,1
864691136144674612,864691134920107018,1
864691136144680244,864691134887158266,1
864691136144716596,864691134917669642,2
864691136144805271,864691134919289610,1
864691136145032756,864691134940105315,1
864691136145078679,864691134940718179,1
864691136145100084,864691134886930170,1
864691136145176628,864691134920045834,1
864691136145333556,864691134885567738,1
864691136145351476,864691134885702394,2
864691136145351476,864691134940380259,3
864691136145382708,864691134918249738,1
864691136145382708,864691134918393098,1
864691136145537844,864691134918385930,2
864691136145537844,864691134920045834,1
864691136145572404,864691134920035082,1
864691136145828404,864691134887576314,1
864691136145828404,864691134918370826,1
864691136145828404,864691134918893066,1
864691136145828404,864691134920035082,1
864691136147152721,864691134885735674,1
864691136147471697,864691134885702394,1
864691136147471697,864691134940380259,1
864691136175014918,864691134885137402,1
864691136175041542,864691134885485562,1
864691136175044614,864691134886364922,1
864691136175049222,864691134886580474,1
864691136175055110,864691134885137402,2
864691136175067142,864691134886751994,1
864691136175072006,864691134917947914,1
864691136175540742,864691134918300682,1
864691136175581446,864691134886751994,2
864691136175622662,864691134919289610,1
864691136176197894,864691134885160442,1
864691136176203782,864691134918393098,1
864691136176209158,864691134886751994,1
864691136176209414,864691134918947338,1
864691136176211206,864691134886580474,1
864691136176255494,864691134885160442,1
864691136176316166,864691134940687459,1
864691136176339718,864691134886444794,1
864691136176346630,864691134885639674,2
864691136176450822,864691134939988067,1
864691136176650246,864691134918249738,1
864691136177129478,864691134886930170,1
864691136177254406,864691134918413066,1
864691136177312262,864691134885567738,1
864691136177312518,864691134885639674,1
864691136177312518,864691134917958922,3
864691136177312518,864691134918385930,1
864691136177312518,864691134918393098,1
864691136177312774,864691134918370826,1
864691136177312774,864691134920045834,2
864691136177691910,864691134885983482,1
864691136194016214,864691134885122810,1
864691136194035926,864691134918393098,2
864691136194079190,864691134940380259,2
864691136194184680,864691134920035082,1
864691136194209768,864691134940718179,1
864691136194214632,864691134885567738,1
864691136194215912,864691134886444794,1
864691136194296908,864691134886751994,1
864691136194316264,864691134885140218,1
864691136194316264,864691134917947914,1
864691136194328652,864691134918400522,3
864691136194329576,864691134920107018,1
864691136194344780,864691134885481722,2
864691136194344780,864691134939996003,1
864691136194475734,864691134918279946,1
864691136194529868,864691134918840586,1
864691136194572520,864691134885782778,1
864691136194613206,864691134918370826,1
864691136194739688,864691134918409482,2
864691136194739688,864691134918524938,1
864691136194739688,864691134939988067,1
864691136194831830,864691134918332682,2
864691136194854102,864691134886886906,1
864691136194897740,864691134918684170,2
864691136194898902,864691134885483770,1
864691136194898902,864691134918239498,1
864691136194928972,864691134885717498,1
864691136194976332,864691134885140218,1
864691136194976332,864691134886364922,1
864691136195051240,864691134940485219,1
864691136195062604,864691134917392394,2
864691136195064278,864691134918332682,1
864691136195066700,864691134918893066,1
864691136195083734,864691134920045834,1
864691136195093224,864691134885481722,1
864691136195093462,864691134885702394,2
864691136195093462,864691134885782778,1
864691136195114060,864691134885639674,1
864691136195131212,864691134885575930,1
864691136195182156,864691134940483171,1
864691136195188044,864691134940387683,1
864691136195202380,864691134940485219,1
864691136195227980,864691134918413066,1
864691136195284556,864691134886751994,2
864691136195284556,864691134917669642,6
864691136195284556,864691134917947914,3
864691136195432012,864691134918524938,1
864691136195432012,864691134918893066,1
864691136195617494,864691134940485219,2
864691136195666152,864691134918332682,2
864691136195666152,864691134940105315,1
864691136195704296,864691134917947914,2
864691136195714518,864691134885782778,1
864691136195735116,864691134885735674,1
864691136195736908,864691134917675530,1
864691136195783912,864691134885567738,2
864691136195783912,864691134885983482,1
864691136195783912,864691134918413066,2
864691136195796182,864691134886285306,1
864691136195796182,864691134917947914,2
864691136195796182,864691134920035082,1
864691136195834070,864691134886751994,1
864691136195845078,864691134918177546,1
864691136196023116,864691134885803258,1
864691136196023116,864691134917675530,1
864691136196043852,864691134885140218,1
864691136196117718,864691134886751994,1
864691136196117718,864691134886886906,1
864691136196127208,864691134918947338,1
864691136196152908,864691134886444794,1
864691136196227048,864691134918370826,1
864691136196227048,864691134918409482,1
864691136196227048,864691134918524938,1
864691136196300008,864691134917858314,1
864691136196311884,864691134918393098,2
864691136196342604,864691134885782778,1
864691136196342604,864691134886580474,1
864691136196349004,864691134885803258,2
864691136196349004,864691134918393098,3
864691136196349004,864691134918409482,1
864691136196349004,864691134939988067,1
864691136196361548,864691134885567738,1
864691136196361548,864691134885983482,2
864691136196377420,864691134918413066,1
864691136196379624,864691134917669642,1
864691136196383190,864691134887576314,9
864691136196391894,864691134886580474,1
864691136196391894,864691134887158266,1
864691136196391894,864691134918332682,1
864691136196391894,864691134918893066,2
864691136196458454,864691134885735418,1
864691136196458454,864691134918332682,2
864691136196458454,864691134918947338,1
864691136196463948,864691134885140218,3
864691136196484428,864691134886285306,1
864691136196893004,864691134886364922,1
864691136196932172,864691134885735418,5
864691136196971596,864691134885160442,1
864691136196971596,864691134885567738,4
864691136196971596,864691134918370826,1
864691136196971596,864691134918413066,1
864691136196971596,864691134918947338,2
864691136197093196,864691134940483171,1
864691136201203646,864691134886828794,1
864691136205491390,864691134918684170,1
864691136205539006,864691134918178314,1
864691136207179454,864691134918400522,1
864691136208995772,864691134918684170,1
864691136209001660,864691134886580474,1
864691136209007548,864691134885481722,1
864691136209008316,864691134918300682,1
864691136209011132,864691134885702394,3
864691136209011132,864691134940213347,1
864691136209011132,864691134940380259,1
864691136209025212,864691134940652643,1
864691136209027004,864691134940718179,1
864691136209034428,864691134918177546,1
864691136209035196,864691134917669642,1
864691136209303740,864691134885567738,1
864691136209507516,864691134886930170,1
864691136209615804,864691134918403850,1
864691136209915324,864691134886580474,1
864691136209971132,864691134886336506,1
864691136210023868,864691134920107018,1
864691136210034108,864691134885782778,1
864691136210099644,864691134918596106,1
864691136210109116,864691134919289610,1
864691136210186684,864691134885140218,5
864691136210218428,864691134918947338,1
864691136210339004,864691134886886906,1
864691136210345404,864691134940709475,2
864691136210517692,864691134939996003,1
864691136210547900,864691134887158266,1
864691136210615996,864691134918300682,1
864691136210615996,864691134918393098,1
864691136210733756,864691134885782778,1
864691136210733756,864691134886580474,1
864691136210743740,864691134940060771,1
864691136210751164,864691134918393098,2
864691136210963644,864691134886580474,1
864691136211068860,864691134886285306,1
864691136211068860,864691134917947914,2
864691136211104188,864691134940715619,1
864691136211175612,864691134918893066,1
864691136211187900,864691134885550330,1
864691136211187900,864691134918385930,2
864691136211385020,864691134918141962,1
864691136211411644,864691134886751994,3
864691136211411644,864691134940105315,1
864691136211495356,864691134918393098,1
864691136215646142,864691134918310154,2
864691136216286654,864691134918400522,1
864691136226960977,864691134918126346,1
864691136226968657,864691134885983482,1
864691136226976337,864691134918524938,1
864691136226982481,864691134885122810,1
864691136227146321,864691134886444794,1
864691136227297105,864691134940709475,1
864691136227357777,864691134918385930,1
864691136227357777,864691134918413066,1
864691136227412049,864691134918840586,1
864691136227415889,864691134917669642,1
864691136227716177,864691134887158266,1
864691136227736913,864691134918413066,1
864691136227746385,864691134940483171,1
864691136227916625,864691134885782778,1
864691136227926097,864691134939996003,1
864691136227931729,864691134885782778,2
864691136227931729,864691134886886906,1
864691136227931729,864691134919289610,2
864691136227934801,864691134885717498,1
864691136228212817,864691134885460218,1
864691136228228945,864691134917945866,1
864691136228244561,864691134918310154,2
864691136228336721,864691134885639674,1
864691136228367697,864691134918310154,1
864691136228382545,864691134917945866,1
864691136228382545,864691134918403850,1
864691136228538961,864691134885639674,1
864691136228538961,864691134920045834,1
864691136228899153,864691134886751994,1
864691136228914001,864691134939988067,1
864691136229007953,864691134885550330,1
864691136229007953,864691134917958922,3
864691136229007953,864691134918393098,1
864691136229007953,864691134918403850,2
864691136229395793,864691134885140218,1
864691136229395793,864691134886751994,4
864691136229395793,864691134886930170,4
864691136229395793,864691134917669642,1
864691136229435217,864691134920107018,1
864691136229437265,864691134886751994,2
864691136231675838,864691134885122810,2
864691136236655887,864691134886580474,1
864691136236667407,864691134885550330,1
864691136236669455,864691134940652643,1
864691136236674575,864691134918141450,1
864691136236688399,864691134918403850,1
864691136236713743,864691134887576314,2
864691136236713999,864691134885717498,3
864691136236733967,864691134885702394,1
864691136236771343,864691134885160442,1
864691136236910095,864691134940105315,1
864691136236910351,864691134886828794,3
864691136237338639,864691134885481722,1
864691136237455420,864691134917945866,2
864691136237455420,864691134918396938,2
864691136237465148,864691134919289610,1
864691136237466940,864691134886808314,1
864691136237477180,864691134886444794,1
864691136237477180,864691134918393098,1
864691136237477948,864691134940483171,1
864691136237482511,864691134918947338,1
864691136237497660,864691134918126346,6
864691136237502268,864691134884782586,1
864691136237521212,864691134918332682,1
864691136237590031,864691134885735418,1
864691136237601039,864691134918947338,1
864691136237609487,864691134940715619,1
864691136237613327,864691134886751994,1
864691136237619215,864691134886444794,1
864691136237620239,864691134886886906,2
864691136237620239,864691134918120458,2
864691136237707535,864691134886886906,1
864691136237822479,864691134918409482,1
864691136237822479,864691134918947338,1
864691136237822479,864691134939988067,1
864691136238073615,864691134886580474,1
864691136238167356,864691134918393098,3
864691136238179599,864691134887158266,1
864691136238179599,864691134939992931,1
864691136238197263,864691134918840586,1
864691136238210620,864691134919289610,1
864691136238323772,864691134917669642,1
864691136238375228,864691134886580474,1
864691136238378511,864691134885803258,4
864691136238378511,864691134918409482,1
864691136238378511,864691134920045834,1
864691136238389308,864691134884782586,2
864691136238449167,864691134918947338,1
864691136238456591,864691134918893066,1
864691136238458639,864691134886751994,4
864691136238531132,864691134918396938,1
864691136238531132,864691134940709475,1
864691136238640188,864691134886808314,2
864691136238651964,864691134885639674,1
864691136238651964,864691134940485219,1
864691136238651964,864691134940715619,1
864691136238652476,864691134885735418,2
864691136238652476,864691134886751994,1
864691136238652476,864691134918947338,1
864691136238652476,864691134919289610,1
864691136238694460,864691134886930170,1
864691136238694460,864691134917669642,1
864691136238697487,864691134917947914,1
864691136238697487,864691134940105315,1
864691136238715151,864691134918370826,1
864691136238744079,864691134885639674,1
864691136238777871,864691134918370826,2
864691136238806031,864691134885803258,8
864691136238806031,864691134917958922,2
864691136238806031,864691134918249738,2
864691136238806031,864691134918393098,1
864691136238806031,864691134918403850,1
864691136238806031,864691134918409482,8
864691136238806031,864691134920045834,1
864691136238806031,864691134939988067,3
864691136238806031,864691134940485219,5
864691136238829116,864691134918400522,1
864691136239068732,864691134940485219,3
864691136239289148,864691134940485219,1
864691136239511356,864691134886444794,2
864691136239793212,864691134940709475,1
864691136239845436,864691134918300682,1
864691136239917884,864691134885140218,1
864691136239917884,864691134886285306,1
864691136239917884,864691134886751994,3
864691136239917884,864691134886930170,1
864691136239980860,864691134940709475,1
864691136240028220,864691134886930170,1
864691136240028220,864691134918177546,1
864691136240028220,864691134918893066,1
864691136240029756,864691134918315786,1
864691136240029756,864691134918840586,1
864691136240031292,864691134885140218,1
864691136240033084,864691134918332682,1
864691136240033084,864691134939988067,1
864691136240041532,864691134885735418,7
864691136240041532,864691134918177546,1
864691136240041532,864691134918249738,1
864691136240098108,864691134885735418,1
864691136240098108,864691134940709475,1
864691136259992717,864691134917858314,1
864691136262012388,864691134885702394,1
864691136262786788,864691134885702394,1
864691136262791908,864691134885702394,1
864691136263029901,864691134918279946,1
864691136263505636,864691134940105315,1
864691136263676900,864691134885735674,1
864691136266413300,864691134917945866,1
864691136266430196,864691134886364922,1
864691136266445300,864691134885483770,1
864691136266451700,864691134885481722,1
864691136266509812,864691134920045834,4
864691136266509812,864691134939988067,1
864691136266737396,864691134886444794,1
864691136266841844,864691134939988067,1
864691136266970612,864691134885137402,1
864691136266970612,864691134885160442,1
864691136266970612,864691134886444794,1
864691136266970612,864691134918947338,2
864691136267183860,864691134939988067,1
864691136267372276,864691134940687459,1
864691136267389684,864691134885483770,3
864691136267393780,864691134940380259,1
864691136268038132,864691134885782778,1
864691136268046836,864691134940243299,1
864691136268234228,864691134886751994,1
864691136268234228,864691134886930170,1
864691136268243188,864691134885782778,1
864691136268243188,864691134886580474,2
864691136268243188,864691134920035082,1
864691136268265204,864691134885567738,3
864691136268265204,864691134885983482,7
864691136268265204,864691134918413066,3
864691136268300788,864691134885137402,1
864691136268300788,864691134918393098,1
864691136268717300,864691134918893066,1
864691136268786932,864691134886930170,1
864691136268801268,864691134887158266,1
864691136268937972,864691134940715619,1
864691136272923838,864691134886886906,1
864691136272928702,864691134885140218,1
864691136272935614,864691134885137402,1
864691136272941246,864691134917675530,1
864691136272949950,864691134939992931,1
864691136272954046,864691134885717498,1
864691136272955838,864691134918684170,1
864691136272959678,864691134918385930,1
864691136272959678,864691134940245859,1
864691136272960702,864691134918396938,1
864691136272991422,864691134918684170,1
864691136272998334,864691134940687459,2
864691136273013694,864691134885481722,1
864691136273013694,864691134918233610,1
864691136273013694,864691134918239498,1
864691136273370302,864691134886285306,1
864691136273370302,864691134917947914,1
864691136273370302,864691134940709475,1
864691136273494206,864691134885550330,1
864691136273637566,864691134918332682,1
864691136273638413,864691134917858314,2
864691136273670078,864691134885782778,1
864691136273691838,864691134939996003,1
864691136273722302,864691134885460218,1
864691136273725118,864691134939988067,1
864691136273764030,864691134885639674,1
864691136273780670,864691134917669642,1
864691136273853374,864691134885735674,1
864691136273884606,864691134885140218,1
864691136273888190,864691134918239498,1
864691136273893901,864691134886444794,2
864691136273899966,864691134918596106,1
864691136273906622,864691134919289610,1
864691136273908158,864691134918385930,2
864691136273908158,864691134940245859,1
864691136274011838,864691134886444794,3
864691136274016781,864691134886364922,1
864691136274024461,864691134918239498,2
864691136274035469,864691134886751994,3
864691136274035469,864691134886930170,1
864691136274093325,864691134918233610,1
864691136274172350,864691134887576314,1
864691136274243774,864691134918178314,1
864691136274470590,864691134918385930,1
864691136274470590,864691134918524938,1
864691136274470590,864691134939988067,4
864691136274470590,864691134940485219,2
864691136274517773,864691134920035082,1
864691136274642189,864691134885782778,1
864691136274661389,864691134920045834,1
864691136274755597,864691134886444794,1
864691136274763533,864691134885481722,1
864691136274778893,864691134940483171,1
864691136274785037,864691134885639674,1
864691136274840333,864691134885639674,1
864691136274948877,864691134886336506,1
864691136275031565,864691134940483171,1
864691136275061438,864691134917669642,1
864691136275216909,864691134917945866,1
864691136275228862,864691134885782778,2
864691136275228862,864691134918370826,1
864691136275228862,864691134918893066,1
864691136275228862,864691134920035082,4
864691136275309502,864691134918332682,5
864691136275437758,864691134918141962,1
864691136275721997,864691134885160442,1
864691136275771917,864691134885550330,1
864691136275890189,864691134886364922,1
864691136276126221,864691134886364922,3
864691136276126221,864691134940105315,1
864691136276309773,864691134918385930,1
864691136276364045,864691134886751994,1
864691136276391949,864691134885137402,1
864691136276391949,864691134885567738,2
864691136276391949,864691134885717498,1
864691136276391949,864691134886444794,4
864691136276391949,864691134918370826,3
864691136276452621,864691134885956858,1
864691136286154125,864691134917858314,1
864691136286541763,864691134918126346,1
864691136286554051,864691134918393098,1
864691136286562499,864691134885122810,2
864691136286571203,864691134885481722,1
864691136286571203,864691134939996003,1
864691136286576835,864691134918400522,1
864691136286593987,864691134886751994,1
864691136286597059,864691134885575930,1
864691136286779075,864691134918370826,1
864691136286854851,864691134886444794,1
864691136286854851,864691134939996003,1
864691136286928067,864691134886444794,1
864691136286928067,864691134918393098,1
864691136286939331,864691134917675530,2
864691136287041731,864691134885481722,1
864691136287293635,864691134885160442,1
864691136287357123,864691134918126346,1
864691136287403715,864691134918626314,1
864691136287423171,864691134887576314,1
864691136287478211,864691134918400522,1
864691136287512771,864691134885483770,1
864691136287512771,864691134918239498,1
864691136287512771,864691134918310154,1
864691136287521219,864691134885956858,2
864691136287521219,864691134939992931,1
864691136287523011,864691134918249738,1
864691136287526083,864691134918393098,1
864691136287527107,864691134886886906,1
864691136287529411,864691134918141962,1
864691136287529411,864691134918385930,2
864691136287529411,864691134940245859,3
864691136287987651,864691134918524938,1
864691136287987651,864691134940715619,1
864691136288079043,864691134884782586,1
864691136288079043,864691134917675530,2
864691136288079043,864691134918141962,1
864691136288079043,864691134940245859,3
864691136288279491,864691134886364922,1
864691136288498583,864691134885735674,1
864691136288592323,864691134917669642,1
864691136288598467,864691134918893066,1
864691136288598467,864691134918947338,1
864691136288605379,864691134886580474,1
864691136288727747,864691134885140218,1
864691136288727747,864691134917669642,1
864691136288727747,864691134940380259,1
864691136288853443,864691134887576314,1
864691136288879811,864691134885735418,1
864691136288879811,864691134918249738,1
864691136288879811,864691134918409482,1
864691136288879811,864691134918524938,1
864691136288879811,864691134920045834,2
864691136288879811,864691134939988067,3
864691136288927939,864691134918370826,1
864691136289134231,864691134885702394,6
864691136289134231,864691134918141450,2
864691136289134231,864691134940213347,1
864691136296646683,864691134918126346,1
864691136296652315,864691134918233610,1
864691136296655387,864691134939996003,1
864691136296658715,864691134918120458,1
864691136296694555,864691134918310154,1
864691136296695835,864691134885735674,1
864691136296732955,864691134885782778,1
864691136296840475,864691134918385930,1
864691136296840475,864691134940245859,1
864691136296971291,864691134887158266,2
864691136297086491,864691134918947338,1
864691136297195291,864691134885140218,2
864691136297195291,864691134940105315,1
864691136297322011,864691134918178314,1
864691136297322011,864691134918310154,1
864691136297393179,864691134920035082,1
864691136297441307,864691134918393098,1
864691136297446683,864691134917858314,1
864691136297446683,864691134918126346,1
864691136297450779,864691134920035082,1
864691136297461275,864691134917675530,1
864691136297461787,864691134885639674,1
864691136297576219,864691134886930170,1
864691136297649947,864691134940715619,1
864691136297658139,864691134918409482,1
864691136297670427,864691134886444794,1
864691136297672475,864691134886336506,1
864691136297761819,864691134885481722,1
864691136297765659,864691134918126346,1
864691136297782811,864691134918310154,1
864691136297797403,864691134918409482,1
864691136298045979,864691134885550330,1
864691136298045979,864691134885639674,1
864691136298080027,864691134885137402,2
864691136298115099,864691134918141962,1
864691136298115099,864691134918400522,1
864691136298180123,864691134885481722,1
864691136298180123,864691134918684170,4
864691136298393371,864691134918177546,1
864691136298913563,864691134918332682,1
864691136298913563,864691134940243299,1
864691136299036443,864691134885782778,1
864691136299118363,864691134918126346,1
864691136299136795,864691134887158266,1
864691136299162907,864691134917947914,1
864691136299162907,864691134918893066,1
864691136299177243,864691134887576314,1
864691136299177243,864691134918177546,1
864691136299177243,864691134918893066,1
864691136299213595,864691134885137402,1
864691136299213595,864691134886444794,3
864691136309664602,864691134918403850,1
864691136309666138,864691134918403850,11
864691136309666138,864691134940709475,1
864691136309667418,864691134940483171,1
864691136309684314,864691134885485562,1
864691136309690458,864691134918279946,1
864691136309698138,864691134885687802,1
864691136309698394,864691134940380259,2
864691136309699418,864691134886364922,1
864691136309702490,864691134940380259,1
864691136309762138,864691134919289610,1
864691136309791834,864691134918524938,1
864691136309871706,864691134885983482,1
864691136309904986,864691134885782778,1
864691136310044506,864691134918947338,1
864691136310455642,864691134918684170,1
864691136310459226,864691134940483171,1
864691136310619994,864691134885160442,1
864691136310672474,864691134940483171,1
864691136310694746,864691134940252003,2
864691136310916698,864691134939992931,1
864691136310917466,864691134885717498,2
864691136310917466,864691134918385930,1
864691136311001690,864691134884782586,1
864691136311001690,864691134917958922,1
864691136311001690,864691134918385930,3
864691136311059034,864691134940243299,1
864691136311098970,864691134918370826,5
864691136311098970,864691134918947338,1
864691136311098970,864691134939992931,1
864691136311106650,864691134886828794,1
864691136311213914,864691134885735418,3
864691136311330906,864691134885803258,2
864691136311330906,864691134918249738,5
864691136311330906,864691134918409482,3
864691136311347034,864691134886444794,1
864691136311420762,864691134917669642,1
864691136311439962,864691134939992931,1
864691136311451226,864691134940709475,1
864691136311563610,864691134918524938,2
864691136311667290,864691134920107018,1
864691136311737661,864691134886336506,1
864691136311780954,864691134885735418,1
864691136311780954,864691134918524938,1
864691136311785021,864691134885460218,1
864691136311793725,864691134885983482,1
864691136311807037,864691134918279946,1
864691136311834941,864691134918113546,1
864691136311836221,864691134940245859,1
864691136311866714,864691134885735418,1
864691136311945050,864691134885137402,1
864691136311951706,864691134886336506,2
864691136311975258,864691134885983482,1
864691136312067133,864691134885481722,1
864691136312074074,864691134917669642,1
864691136312076122,864691134885735418,1
864691136312076122,864691134886285306,1
864691136312076122,864691134886444794,1
864691136312076122,864691134886751994,1
864691136312076122,864691134886930170,1
864691136312184637,864691134918403850,1
864691136312233050,864691134885735418,1
864691136312233050,864691134918947338,4
864691136312284250,864691134885140218,1
864691136312284250,864691134886751994,3
864691136312445786,864691134918332682,1
864691136312466010,864691134939988067,1
864691136312507197,864691134885122810,1
864691136312512061,864691134918403850,1
864691136312528474,864691134940380259,1
864691136312547389,864691134885803258,1
864691136312554586,864691134885140218,1
864691136312554586,864691134886364922,1
864691136312554586,864691134886751994,1
864691136312593981,864691134885575930,1
864691136312603965,864691134885803258,1
864691136312727869,864691134918310154,1
864691136312756285,864691134885639674,1
864691136312761917,864691134885803258,1
864691136312801597,864691134885717498,1
864691136312826429,864691134919289610,1
864691136312836413,864691134885803258,2
864691136312841277,864691134885122810,1
864691136312856893,864691134918249738,1
864691136313301565,864691134918385930,1
864691136313403453,864691134885550330,1
864691136313403453,864691134918403850,2
864691136313406781,864691134886751994,1
864691136313770045,864691134886444794,1
864691136313770045,864691134918947338,2
864691136313833021,864691134885137402,2
864691136313833021,864691134885639674,1
864691136313847869,864691134886751994,1
864691136314025533,864691134885735418,1
864691136314025533,864691134886751994,1
864691136314025533,864691134886930170,1
864691136314025533,864691134887576314,2
864691136314025533,864691134917947914,2
864691136314025533,864691134918249738,11
864691136314025533,864691134918524938,1
864691136314025533,864691134918893066,1
864691136314078013,864691134886336506,1
864691136314078013,864691134887158266,1
864691136314078013,864691134918893066,2
864691136314120765,864691134885735418,3
864691136314120765,864691134918332682,1
864691136314120765,864691134940243299,3
864691136314278205,864691134918385930,1
864691136314278205,864691134918947338,1
864691136314278205,864691134940245859,1
864691136314388285,864691134886580474,1
864691136314472509,864691134887576314,1
864691136314472509,864691134918370826,1
864691136314472509,864691134920045834,1
864691136314539069,864691134918893066,1
864691136314548285,864691134918370826,2
864691136314570557,864691134917947914,1
864691136314593341,864691134885687802,1
864691136314593341,864691134886364922,1
864691136314593341,864691134886751994,2
864691136314631485,864691134885735418,2
864691136314631485,864691134918393098,1
864691136314631485,864691134939988067,1
864691136318322839,864691134917858314,1
864691136327921630,864691134918279946,1
864691136328889834,864691134887576314,1
864691136328930794,864691134885782778,1
864691136328933354,864691134885140218,1
864691136328933354,864691134886364922,1
864691136328933354,864691134886930170,1
864691136329083626,864691134886751994,1
864691136329333482,864691134918178314,1
864691136329372138,864691134885717498,2
864691136329372906,864691134918300682,1
864691136329540074,864691134885639674,1
864691136329714410,864691134917669642,1
864691136329753066,864691134885140218,1
864691136329883370,864691134918524938,1
864691136329896938,864691134886336506,2
864691136329903338,864691134918385930,1
864691136329911786,864691134885481722,1
864691136329994986,864691134940715619,2
864691136330051818,864691134918393098,1
864691136330092522,864691134918332682,1
864691136330107882,864691134886751994,1
864691136330234346,864691134886808314,1
864691136330339050,864691134918840586,1
864691136330500586,864691134918409482,1
864691136330756842,864691134940243299,2
864691136330762391,864691134885782778,1
864691136331215850,864691134885140218,2
864691136331215850,864691134886285306,4
864691136331215850,864691134886364922,2
864691136331215850,864691134886751994,5
864691136331215850,864691134918840586,1
864691136331246570,864691134918393098,1
864691136331246570,864691134918524938,2
864691136331410666,864691134886336506,1
864691136331410666,864691134886444794,1
864691136331410666,864691134918370826,2
864691136331410666,864691134920035082,1
864691136331410666,864691134939992931,2
864691136331421674,864691134918893066,1
864691136331448810,864691134887576314,1
864691136331466730,864691134886930170,1
864691136331512298,864691134920035082,1
864691136331519466,864691134886336506,1
864691136331519466,864691134940105315,1
864691136331599338,864691134918177546,2
864691136331599338,864691134918393098,1
864691136331599338,864691134918524938,1
864691136331610346,864691134885735418,1
864691136331610346,864691134940243299,2
864691136333746099,864691134885639674,1
864691136333746099,864691134918300682,2
864691136333746099,864691134918403850,1
864691136333758131,864691134920035082,1
864691136333760691,864691134885575930,1
864691136333765299,864691134939992931,1
864691136333822643,864691134918596106,1
864691136333823667,864691134885983482,1
864691136333826995,864691134918393098,1
864691136333842654,864691134918279946,1
864691136334213299,864691134886364922,1
864691136334227123,864691134885140218,1
864691136334318003,864691134885137402,1
864691136334439347,864691134918279946,1
864691136334566835,864691134885137402,1
864691136334611123,864691134885717498,1
864691136334702003,864691134918178314,1
864691136334850227,864691134885481722,1
864691136334850227,864691134918684170,1
864691136334855859,864691134917392394,1
864691136334873523,864691134885481722,1
864691136334981299,864691134886444794,1
864691136335027635,864691134918385930,1
864691136335027635,864691134918400522,1
864691136335027635,864691134940483171,2
864691136335041715,864691134885140218,1
864691136335041715,864691134886364922,4
864691136335276211,864691134886580474,4
864691136335303603,864691134918120458,1
864691136335543987,864691134886930170,1
864691136335633587,864691134886808314,1
864691136335689907,864691134886444794,1
864691136335689907,864691134940715619,2
864691136335817395,864691134886751994,2
864691136335899059,864691134918684170,1
864691136335998131,864691134885552122,1
864691136335998131,864691134886444794,1
864691136336019891,864691134917669642,1
864691136336021683,864691134920107018,1
864691136336074675,864691134918249738,4
864691136336074675,864691134918893066,1
864691136336107187,864691134885803258,1
864691136336107187,864691134918409482,1
864691136336143283,864691134886444794,1
864691136336207795,864691134886930170,1
864691136336252339,864691134886580474,1
864691136336252339,864691134920035082,2
864691136336279731,864691134886751994,1
864691136336279731,864691134918893066,1
864691136336343731,864691134917958922,1
864691136336343731,864691134918403850,1
864691136336343731,864691134920045834,1
864691136336343731,864691134939988067,2
864691136336368307,864691134920035082,1
864691136336426419,864691134920035082,1
864691136361491170,864691134885575930,1
864691136361491938,864691134886886906,1
864691136361501154,864691134918385930,1
864691136361507298,864691134918385930,1
864691136361856994,864691134885140218,1
864691136361856994,864691134886751994,4
864691136361936354,864691134885160442,1
864691136361936354,864691134885639674,1
864691136361936354,864691134918385930,2
864691136361936354,864691134918403850,1
864691136362037730,864691134886828794,1
864691136362222306,864691134886886906,1
864691136362257634,864691134918385930,1
864691136362263266,864691134885717498,1
864691136362323426,864691134885803258,1
864691136362343394,864691134940105315,1
864691136362432738,864691134885735674,1
864691136362468578,864691134886886906,1
864691136362485218,864691134885460218,3
864691136362492642,864691134918300682,1
864691136362585570,864691134939992931,1
864691136363080930,864691134885567738,1
864691136363132642,864691134917669642,1
864691136363235554,864691134886930170,2
864691136363656418,864691134917669642,3
864691136363769826,864691134918249738,8
864691136363769826,864691134918524938,4
864691136363840482,864691134885140218,1
864691136363997666,864691134885567738,1
864691136363997666,864691134918370826,1
864691136363997666,864691134918413066,1
864691136363997666,864691134920045834,4
864691136364166370,864691134917669642,2
864691136364183266,864691134918524938,1
864691136364286946,864691134886751994,2
864691136364411874,864691134886580474,1
864691136364417506,864691134886580474,1
864691136370793864,864691134886336506,1
864691136370798728,864691134886444794,2
864691136370801800,864691134886444794,1
864691136370842504,864691134886444794,1
864691136370988936,864691134886444794,1
864691136371073416,864691134885803258,8
864691136371073416,864691134885983482,1
864691136371073416,864691134918249738,3
864691136371073416,864691134918409482,6
864691136371073416,864691134939988067,1
864691136371203976,864691134940483171,2
864691136371223432,864691134918126346,1
864691136371223432,864691134940060771,1
864691136371278472,864691134940105315,1
864691136371340424,864691134886828794,1
864691136371510920,864691134918239498,3
864691136371581576,864691134918403850,1
864691136371602824,864691134885137402,1
864691136371603080,864691134918300682,1
864691136371745928,864691134886444794,1
864691136371748232,864691134885956858,1
864691136371753608,864691134885122810,1
864691136371765896,864691134940715619,1
864691136371834248,864691134885639674,1
864691136372053128,864691134940245859,2
864691136372208008,864691134885803258,1
864691136372357256,864691134886285306,1
864691136372396168,864691134918524938,1
864691136372513160,864691134917669642,2
864691136372513160,864691134917947914,1
864691136372572808,864691134918947338,1
864691136373066376,864691134920107018,2
864691136373066376,864691134940060771,1
864691136373149064,864691134886930170,3
864691136373149064,864691134917669642,2
864691136373149064,864691134919289610,1
864691136373155208,864691134886751994,1
864691136378754005,864691134885567738,1
864691136378754005,864691134885983482,1
864691136378756309,864691134885481722,1
864691136378760661,864691134886808314,2
864691136378766549,864691134918626314,1
864691136378769621,864691134918141962,1
864691136378769621,864691134918403850,1
864691136378795733,864691134885122810,1
864691136378802645,864691134918300682,1
864691136378803413,864691134918233610,1
864691136378803413,864691134918409482,1
864691136379058133,864691134918300682,1
864691136379058133,864691134940485219,1
864691136379076565,864691134940060771,1
864691136379126485,864691134917881098,1
864691136379256277,864691134918370826,1
864691136379256277,864691134920045834,1
864691136379518421,864691134886886906,2
864691136379518421,864691134940387683,1
864691136379550933,864691134885485562,1
864691136379550933,864691134918141450,1
864691136379553237,864691134887576314,1
864691136379637973,864691134917881098,1
864691136379638485,864691134917945866,1
864691136379663573,864691134918279946,1
864691136379666645,864691134918278922,1
864691136379711957,864691134886886906,1
864691136379737557,864691134917669642,1
864691136379811797,864691134918413066,1
864691136379816149,864691134885702394,3
864691136379933909,864691134886930170,1
864691136379933909,864691134887576314,1
864691136380105685,864691134918126346,1
864691136380111829,864691134940715619,1
864691136380300757,864691134885983482,1
864691136380312021,864691134885481722,1
864691136380314069,864691134886886906,1
864691136380498645,864691134918413066,1
864691136380555989,864691134886580474,1
864691136380757461,864691134918947338,1
864691136380757461,864691134939988067,1
864691136380773077,864691134886886906,1
864691136380773077,864691134917858314,3
864691136380773077,864691134918279946,1
864691136380773077,864691134918840586,1
864691136380913621,864691134885956858,1
864691136380913621,864691134887158266,1
864691136380913621,864691134940213347,1
864691136380916949,864691134886751994,1
864691136380941525,864691134940652643,2
864691136381031125,864691134885803258,1
864691136381031125,864691134917675530,1
864691136381031125,864691134917958922,6
864691136381031125,864691134918393098,2
864691136381089237,864691134886930170,2
864691136381089237,864691134918332682,2
864691136381198805,864691134886930170,1
864691136381198805,864691134917669642,3
864691136381244885,864691134918332682,1
864691136381294805,864691134918893066,1
864691136381301461,864691134885137402,1
864691136381324501,864691134885735418,2
864691136381324501,864691134940243299,2
864691136381325781,864691134885137402,1
864691136381325781,864691134885735418,1
864691136381325781,864691134886751994,1
864691136381346005,864691134887576314,1
864691136381355221,864691134886364922,1
864691136381355221,864691134940243299,2
864691136381443541,864691134920035082,1
864691136381443541,864691134939992931,1
864691136381453781,864691134886930170,2
864691136381453781,864691134917947914,7
864691136381453781,864691134918893066,1
864691136381454549,864691134918893066,3
864691136388260727,864691134917392394,1
864691136388266359,864691134885550330,1
864691136388266359,864691134917675530,1
864691136388286583,864691134918120458,1
864691136388559120,864691134886285306,3
864691136388559120,864691134918177546,1
864691136388577552,864691134885485562,1
864691136388594192,864691134940380259,1
864691136388603511,864691134885140218,1
864691136388603511,864691134886364922,1
864691136388687735,864691134940380259,1
864691136388779127,864691134886444794,1
864691136388948343,864691134885140218,1
864691136388997239,864691134918310154,1
864691136389040144,864691134885137402,1
864691136389080183,864691134939988067,1
864691136389101328,864691134918300682,1
864691136389115511,864691134885983482,1
864691136389119607,864691134885782778,1
864691136389152784,864691134940245859,3
864691136389183095,864691134885460218,1
864691136389274231,864691134885639674,1
864691136389274231,864691134918626314,1
864691136389290871,864691134885639674,1
864691136389290871,864691134918393098,1
864691136389313399,864691134885460218,1
864691136389313399,864691134886828794,1
864691136389395728,864691134939992931,1
864691136389460240,864691134940380259,1
864691136389517840,864691134917669642,1
864691136389607287,864691134940245859,1
864691136389607287,864691134940483171,1
864691136389673488,864691134918315786,2
864691136389679223,864691134887158266,1
864691136389842448,864691134920035082,1
864691136389945975,864691134940709475,1
864691136390008439,864691134917947914,1
864691136390070800,864691134920107018,1
864691136390118007,864691134886751994,1
864691136390118007,864691134917669642,1
864691136390136592,864691134918177546,1
864691136390214416,864691134886285306,1
864691136390278416,864691134887158266,1
864691136390289936,864691134886751994,1
864691136390289936,864691134918120458,2
864691136390289936,864691134918315786,1
864691136390320656,864691134886886906,1
864691136390323216,864691134920035082,1
864691136390381183,864691134940715619,1
864691136390418303,864691134918370826,1
864691136390454135,864691134885552122,1
864691136390566783,864691134885481722,1
864691136390598519,864691134917669642,1
864691136390658679,864691134918947338,6
864691136390664319,864691134918120458,1
864691136390674039,864691134885639674,1
864691136390674039,864691134918400522,1
864691136390675216,864691134885735418,1
864691136390675216,864691134887158266,2
864691136390675216,864691134918332682,1
864691136390675216,864691134920045834,1
864691136390675216,864691134940243299,4
864691136390677264,864691134918524938,1
864691136390677264,864691134918893066,2
864691136390697591,864691134885550330,1
864691136390697591,864691134918524938,2
864691136390706559,864691134940213347,1
864691136390706559,864691134940380259,2
864691136390803839,864691134917947914,1
864691136390818679,864691134886444794,1
864691136390905207,864691134887576314,1
864691136390905207,864691134918893066,12
864691136390918672,864691134885140218,1
864691136390918672,864691134886808314,1
864691136390918672,864691134886930170,2
864691136390920976,864691134917947914,1
864691136391011088,864691134917675530,1
864691136391023120,864691134885983482,1
864691136391027728,864691134939988067,1
864691136391043600,864691134887576314,1
864691136391043600,864691134918249738,1
864691136391072784,864691134885481722,2
864691136391094399,864691134885460218,1
864691136391097463,864691134886336506,1
864691136391119231,864691134940060771,1
864691136391182864,864691134940715619,2
864691136391212663,864691134886751994,3
864691136391214199,864691134885782778,1
864691136391214199,864691134886886906,2
864691136391216511,864691134940483171,1
864691136391222647,864691134886808314,1
864691136391226384,864691134886930170,3
864691136391242512,864691134885140218,1
864691136391242512,864691134886364922,1
864691136391242512,864691134886751994,3
864691136391245943,864691134886930170,1
864691136391248255,864691134940652643,1
864691136391264383,864691134918840586,1
864691136391313535,864691134886930170,1
864691136391349631,864691134918385930,1
864691136391365759,864691134885782778,1
864691136391366783,864691134918413066,1
864691136391376511,864691134918400522,1
864691136391376511,864691134940483171,2
864691136391383167,864691134917675530,1
864691136391383167,864691134918403850,7
864691136391392639,864691134917958922,1
864691136391399039,864691134886930170,1
864691136391572095,864691134885782778,1
864691136391628927,864691134885481722,1
864691136391808639,864691134886444794,1
864691136391822719,864691134917858314,2
864691136391853951,864691134885137402,1
864691136392087679,864691134886580474,1
864691136392381311,864691134886751994,4
864691136392381311,864691134918840586,1
864691136392404607,864691134917669642,1
864691136392412799,864691134918370826,1
864691136392412799,864691134918524938,1
864691136392412799,864691134920035082,1
864691136392461695,864691134885483770,1
864691136392461695,864691134918239498,2
864691136392518527,864691134886930170,1
864691136392518527,864691134917947914,1
864691136392518527,864691134918893066,1
864691136392608127,864691134885782778,2
864691136392608127,864691134918120458,1
864691136392622207,864691134886886906,1
864691136392682879,864691134918524938,1
864691136392806271,864691134918893066,1
864691136392913023,864691134886444794,2
864691136392949375,864691134918393098,1
864691136392949375,864691134939988067,1
864691136418644119,864691134886580474,1
864691136418648215,864691134919289610,3
864691136418656407,864691134885567738,1
864691136418656407,864691134918413066,1
864691136418829975,864691134917958922,1
864691136418846615,864691134939996003,5
864691136418877079,864691134885550330,1
864691136418881943,864691134885702394,1
864691136418881943,864691134885735674,1
864691136419022231,864691134886285306,1
864691136419144855,864691134885160442,1
864691136419280023,864691134886886906,1
864691136419280023,864691134918279946,1
864691136419319191,864691134917858314,1
864691136419351959,864691134885567738,1
864691136419351959,864691134918370826,3
864691136419401879,864691134918310154,1
864691136419408791,864691134885140218,2
864691136419431831,864691134918370826,1
864691136419455639,864691134886580474,1
864691136419479703,864691134918413066,1
864691136419485847,864691134918141962,1
864691136419517079,864691134919289610,1
864691136419546519,864691134940483171,1
864691136419546775,864691134885782778,1
864691136419551895,864691134885550330,1
864691136419554199,864691134886364922,3
864691136419554199,864691134940213347,1
864691136419554199,864691134940380259,1
864691136419555479,864691134885687802,1
864691136419603863,864691134918141962,1
864691136419769751,864691134886751994,1
864691136419797655,864691134885687802,2
864691136419906711,864691134886930170,1
864691136420063895,864691134886580474,1
864691136420303511,864691134885137402,1
864691136420303511,864691134886580474,1
864691136420378007,864691134886444794,2
864691136420384919,864691134885803258,1
864691136420384919,864691134918409482,2
864691136420610455,864691134885160442,1
864691136420639383,864691134885803258,1
864691136420639383,864691134939988067,1
864691136420639383,864691134940485219,1
864691136420689047,864691134885687802,1
864691136420790167,864691134918596106,2
864691136421067671,864691134886930170,1
864691136421164951,864691134885803258,1
864691136421198487,864691134917947914,1
864691136421242775,864691134887158266,1
864691136421271447,864691134918315786,1
864691136421342103,864691134886336506,1
864691136421359255,864691134918300682,2
864691136421359255,864691134940715619,1
864691136422825775,864691134884782586,3
864691136422825775,864691134918300682,2
864691136422825775,864691134940245859,1
864691136422827567,864691134939992931,3
864691136422832687,864691134886808314,1
864691136422839599,864691134885803258,5
864691136422839855,864691134917945866,1
864691136422851119,864691134919289610,1
864691136422870063,864691134917958922,1
864691136422871599,864691134918310154,1
864691136423058991,864691134918413066,1
864691136423109679,864691134885122810,1
864691136423111471,864691134918120458,1
864691136423111471,864691134940060771,1
864691136423138351,864691134886886906,1
864691136423172911,864691134885481722,1
864691136423172911,864691134918684170,1
864691136423368495,864691134885639674,1
864691136423477039,864691134886751994,1
864691136423568687,864691134918393098,1
864691136423575599,864691134918385930,1
864691136423671599,864691134885481722,1
864691136423676463,864691134886444794,1
864691136423695151,864691134886886906,1
864691136423709487,864691134886580474,1
864691136423709743,864691134918393098,1
864691136423711791,864691134917947914,1
864691136423780399,864691134885481722,1
864691136423871791,864691134918524938,1
864691136424054575,864691134886444794,1
864691136424289839,864691134885803258,1
864691136424289839,864691134918370826,1
864691136424289839,864691134918409482,8
864691136424289839,864691134939988067,3
864691136424437551,864691134940213347,1
864691136424437551,864691134940380259,1
864691136424493103,864691134886751994,1
864691136424516399,864691134885735418,1
864691136424533551,864691134918893066,2
864691136424534063,864691134885735418,14
864691136424534063,864691134920045834,4
864691136424534063,864691134939988067,1
864691136424607535,864691134885735418,2
864691136424990255,864691134940245859,1
864691136424990255,864691134940483171,1
864691136425394479,864691134886930170,1
864691136425528879,864691134885460218,3
864691136425528879,864691134885481722,1
864691136425623343,864691134885983482,1
864691136425623343,864691134918524938,1
864691136425671983,864691134917858314,6
864691136425671983,864691134918120458,1
864691136425671983,864691134918279946,5
864691136425671983,864691134940652643,1
864691136425681967,864691134940213347,1
864691136425793071,864691134784325628,1
864691136436370590,864691134917675530,1
864691136436373918,864691134918249738,1
864691136436377502,864691134885552122,1
864691136436377502,864691134886444794,2
864691136436404126,864691134919289610,2
864691136436411806,864691134885122810,1
864691136436421278,864691134886285306,2
864691136436846750,864691134885160442,1
864691136436957854,864691134918300682,1
864691136436982430,864691134885137402,1
864691136437138334,864691134918178314,1
864691136437211294,864691134885550330,1
864691136437211294,864691134918396938,1
864691136437220766,864691134886751994,1
864691136437260190,864691134918396938,1
864691136437339038,864691134886444794,1
864691136437409438,864691134917858314,3
864691136437409438,864691134918126346,1
864691136437413278,864691134885782778,2
864691136437428126,864691134918385930,1
864691136437429150,864691134886828794,2
864691136437435550,864691134918396938,1
864691136437437342,864691134940709475,1
864691136437484702,864691134886444794,1
864691136437633950,864691134885702394,2
864691136437633950,864691134885782778,1
864691136437633950,864691134886886906,1
864691136437733534,864691134918177546,1
864691136437788574,864691134886444794,1
864691136437828254,864691134886808314,1
864691136437887902,864691134886751994,1
864691136438020510,864691134918596106,1
864691136438022558,864691134885550330,4
864691136438376094,864691134886444794,1
864691136438510494,864691134886751994,1
864691136438537630,864691134919289610,1
864691136438577566,864691134918393098,1
864691136438577566,864691134918524938,1
864691136438577566,864691134920045834,1
864691136438577566,864691134939988067,1
864691136438584478,864691134885137402,4
864691136438584478,864691134885567738,1
864691136438584478,864691134918393098,4
864691136438827678,864691134940715619,2
864691136438832030,864691134885735418,1
864691136438871710,864691134886285306,1
864691136443708547,864691134940709475,1
864691136443712899,864691134885782778,1
864691136443726723,864691134885639674,1
864691136443733635,864691134885639674,1
864691136443814787,864691134886580474,1
864691136443909251,864691134886444794,1
864691136444506755,864691134918332682,1
864691136444560259,864691134940243299,1
864691136444580739,864691134917669642,1
864691136444660355,864691134885140218,2
864691136444744323,864691134918279946,1
864691136444744835,864691134918684170,1
864691136444745091,864691134886751994,5
864691136444749187,864691134918239498,1
864691136444752259,864691134886444794,1
864691136444767875,864691134886285306,1
864691136444791171,864691134918947338,1
864691136445245571,864691134917669642,1
864691136445557123,864691134886364922,2
864691136445745283,864691134917858314,1
864691136445763203,864691134885782778,2
864691136445763203,864691134918840586,1
864691136445933187,864691134918393098,1
864691136445968259,864691134885782778,1
864691136445968259,864691134886751994,1
864691136445968259,864691134886930170,3
864691136445968259,864691134917669642,3
864691136446044291,864691134886930170,2
864691136446091651,864691134885137402,1
864691136451075583,864691134885460218,1
864691136451075583,864691134885481722,1
864691136451075583,864691134939996003,1
864691136451076607,864691134885639674,1
864691136451084799,864691134917675530,1
864691136451084799,864691134918393098,1
864691136451084799,864691134940485219,1
864691136451085055,864691134918385930,1
864691136451090431,864691134939996003,1
864691136451091967,864691134885983482,1
864691136451106047,864691134918279946,1
864691136451107839,864691134885717498,1
864691136451411967,864691134886364922,1
864691136451484415,864691134885575930,1
864691136451496959,864691134885550330,2
864691136451496959,864691134885717498,2
864691136451496959,864691134918403850,1
864691136451496959,864691134939996003,5
864691136451543295,864691134885687802,1
864691136451713791,864691134885717498,1
864691136451724031,864691134885803258,1
864691136451730175,864691134885735418,1
864691136451841023,864691134885550330,1
864691136451879423,864691134885460218,1
864691136451891199,864691134885481722,1
864691136451891199,864691134939996003,1
864691136451938559,864691134885717498,1
864691136451990015,864691134886285306,2
864691136451990015,864691134917947914,3
864691136451992575,864691134885687802,1
864691136451992575,864691134917669642,1
864691136451994111,864691134885575930,1
864691136451994111,864691134918233610,1
864691136451994111,864691134918239498,4
864691136451995135,864691134918233610,2
864691136451996159,864691134885485562,1
864691136451998975,864691134885782778,1
864691136452004607,864691134885803258,1
864691136452004607,864691134918393098,1
864691136452081151,864691134886336506,1
864691136452081151,864691134886444794,1
864691136452310783,864691134885639674,1
864691136452609023,864691134918626314,1
864691136452920319,864691134886285306,1
864691136452920319,864691134917947914,5
864691136452920319,864691134918840586,1
864691136452946431,864691134885160442,1
864691136452946431,864691134885550330,1
864691136452946431,864691134918141962,1
864691136452946431,864691134918385930,1
864691136452946431,864691134939988067,3
864691136453017855,864691134885702394,4
864691136453085695,864691134917958922,5
864691136453085695,864691134940485219,3
864691136453098239,864691134886751994,4
864691136453121279,864691134918249738,2
864691136453183487,864691134886751994,1
864691136453186559,864691134885137402,1
864691136453186559,864691134886444794,8
864691136453186559,864691134886751994,5
864691136453236479,864691134918249738,1
864691136453488383,864691134886580474,1
864691136453523455,864691134940243299,1
864691136453545983,864691134939992931,1
864691136453548031,864691134886751994,1
864691136453565951,864691134885983482,1
864691136453565951,864691134887576314,1
864691136453565951,864691134918385930,1
864691136453576959,864691134939988067,4
864691136453597951,864691134886751994,1
864691136482859308,864691134885122810,1
864691136482861612,864691134886751994,1
864691136482877484,864691134885481722,1
864691136482877484,864691134885483770,1
864691136482885420,864691134885460218,1
864691136482885420,864691134886828794,1
864691136482923820,864691134918524938,1
864691136482923820,864691134940709475,1
864691136482924332,864691134885137402,1
864691136482962220,864691134940245859,3
864691136483167788,864691134885481722,1
864691136483205164,864691134940709475,1
864691136483292460,864691134918300682,1
864691136483292460,864691134918385930,2
864691136483292460,864691134940245859,1
864691136483393324,864691134940105315,1
864691136483811628,864691134939992931,1
864691136483899436,864691134917958922,1
864691136483899436,864691134940485219,1
864691136483918124,864691134885782778,1
864691136483920940,864691134885983482,2
864691136484106284,864691134920035082,1
864691136484126764,864691134885735674,1
864691136484207404,864691134886364922,1
864691136484207404,864691134886751994,1
864691136484207404,864691134918893066,1
864691136484207404,864691134940105315,2
864691136484355372,864691134918893066,1
864691136484415020,864691134920107018,1
864691136484525100,864691134885782778,1
864691136484675372,864691134885639674,2
864691136484675372,864691134918300682,2
864691136484814636,864691134886930170,1
864691136484824108,864691134940483171,1
864691136484948012,864691134918177546,2
864691136484948012,864691134918332682,1
864691136484975916,864691134918385930,1
864691136485018412,864691134885735418,1
864691136485018412,864691134885803258,1
864691136485089068,864691134885735674,1
864691136485089068,864691134885782778,3
864691136485145900,864691134920035082,1
864691136486750994,864691134918524938,1
864691136486760466,864691134917947914,1
864691136486763282,864691134939992931,1
864691136486766098,864691134918279946,1
864691136486767890,864691134920107018,1
864691136486775826,864691134884782586,1
864691136486793234,864691134918120458,1
864691136486928658,864691134918278922,1
864691136487017234,864691134920107018,1
864691136487134738,864691134885137402,1
864691136487252498,864691134886751994,1
864691136487271954,864691134885567738,1
864691136487436050,864691134918385930,1
864691136487507730,864691134918393098,1
864691136487704082,864691134886444794,1
864691136487795986,864691134918393098,1
864691136487806994,864691134885481722,1
864691136487882514,864691134885717498,1
864691136487894802,864691134918113546,1
864691136487987474,864691134917669642,2
864691136487987474,864691134940060771,1
864691136488000786,864691134886886906,2
864691136488319506,864691134918893066,1
864691136488319506,864691134920045834,1
864691136488439570,864691134940715619,1
864691136488621842,864691134918370826,1
864691136488643346,864691134885552122,1
864691136488700946,864691134885550330,1
864691136488700946,864691134885639674,1
864691136488700946,864691134918403850,1
864691136488988690,864691134918332682,1
864691136489262866,864691134940709475,1
864691136489333010,864691134886444794,1
864691136489637394,864691134885735418,1
864691136489706514,864691134886751994,1
864691136489712914,864691134885567738,1
864691136489712914,864691134918370826,6
864691136489757458,864691134885567738,1
864691136489757458,864691134918947338,1
864691136489758482,864691134886336506,1
864691136489758482,864691134886580474,1
864691136489874194,864691134918393098,1
864691136489874194,864691134918947338,1
864691136489874194,864691134939992931,1
864691136489874194,864691134940715619,1
864691136489880594,864691134887158266,4
864691136489880594,864691134917669642,1
864691136489880594,864691134918893066,1
864691136489880594,864691134940213347,2
864691136521117156,864691134885140218,1
864691136521567121,864691134918279946,1
864691136521601937,864691134917958922,2
864691136521703057,864691134885140218,1
864691136521831825,864691134886828794,1
864691136521831825,864691134918332682,2
864691136521842321,864691134940380259,1
864691136521856401,864691134886364922,1
864691136521858961,864691134918120458,1
864691136522279313,864691134885567738,1
864691136522367377,864691134885552122,1
864691136522402961,864691134886886906,1
864691136522410129,864691134918233610,1
864691136522554001,864691134940715619,1
864691136522567825,864691134886886906,6
864691136522567825,864691134918279946,1
864691136522567825,864691134940060771,1
864691136522571921,864691134918310154,1
864691136522582929,864691134886751994,1
864691136522584721,864691134885550330,1
864691136522749585,864691134885983482,1
864691136522845329,864691134918141962,1
864691136522845329,864691134918403850,1
864691136523216017,864691134917669642,1
864691136523256465,864691134885639674,3
864691136523256465,864691134885717498,1
864691136523567249,864691134918393098,1
864691136523567249,864691134940485219,1
864691136523699857,864691134918120458,1
864691136523699857,864691134918840586,1
864691136523758993,864691134917669642,1
864691136523829137,864691134886444794,1
864691136523889553,864691134886751994,1
864691136523971473,864691134918332682,1
864691136523974289,864691134885140218,3
864691136523974289,864691134886285306,1
864691136523974289,864691134886930170,2
864691136523974289,864691134918840586,1
864691136524036753,864691134917947914,1
864691136524036753,864691134918524938,1
864691136524057489,864691134918385930,1
864691136524057489,864691134940483171,1
864691136524065681,864691134885803258,2
864691136524065681,864691134918249738,3
864691136524065681,864691134918393098,1
864691136524065681,864691134918409482,1
864691136524065681,864691134939988067,2
864691136524128657,864691134886580474,2
864691136524134033,864691134886930170,1
864691136524134033,864691134918249738,1
864691136524134033,864691134918332682,1
864691136524134033,864691134920045834,2
864691136524348561,864691134917669642,1
864691136524348561,864691134918370826,1
864691136524348561,864691134918524938,1
864691136524430481,864691134917669642,1
864691136524448913,864691134885735418,1
864691136524472721,864691134919289610,2
864691136524481937,864691134918332682,1
864691136534303906,864691134884782586,1
864691136534303906,864691134918141962,2
864691136534762402,864691134918178314,1
864691136534762402,864691134918233610,1
864691136534877346,864691134940245859,2
864691136535396258,864691134918626314,1
864691136535524514,864691134885481722,1
864691136535731362,864691134885460218,2
864691136536121506,864691134940483171,1
864691136536146594,864691134918239498,1
864691136536253090,864691134885575930,1
864691136537023906,864691134918300682,2
864691136537349282,864691134918141962,3
864691136538011810,864691134885717498,2
864691136540364962,864691134885460218,1
864691136540364962,864691134918596106,1
864691136540364962,864691134918684170,8
864691136541118626,864691134885567738,1
864691136543315362,864691134885460218,2
864691136543315362,864691134918596106,1
864691136543676066,864691134917675530,1
864691136543676066,864691134939988067,1
864691136544611234,864691134918385930,1
864691136544611234,864691134940245859,1
864691136546245538,864691134918596106,1
864691136546496418,864691134885122810,1
864691136546771618,864691134885160442,1
864691136547807906,864691134885460218,3
864691136547807906,864691134918413066,1
864691136548027554,864691134886828794,2
864691136548991394,864691134918385930,1
864691136550154402,864691134918413066,1
864691136550154402,864691134918596106,3
864691136556146594,864691134939996003,2
864691136556839074,864691134885639674,1
864691136558078370,864691134885481722,1
864691136558078370,864691134940245859,1
864691136560184226,864691134885481722,2
864691136560783266,864691134885481722,2
864691136561797885,864691134918684170,1
864691136565449378,864691134918596106,1
864691136566374050,864691134918684170,2
864691136566877858,864691134885460218,1
864691136570938786,864691134886828794,2
864691136572380578,864691134884782586,1
864691136572380578,864691134940483171,1
864691136577470228,864691134885140218,2
864691136577477396,864691134885639674,1
864691136577480468,864691134885575930,1
864691136577486100,864691134885550330,1
864691136577486100,864691134918403850,1
864691136577517844,864691134940105315,2
864691136577520660,864691134886444794,1
864691136577957908,864691134918141962,1
864691136577957908,864691134940483171,3
864691136577957908,864691134940485219,6
864691136577971732,864691134885550330,1
864691136577971732,864691134885803258,2
864691136577971732,864691134918393098,1
864691136577971732,864691134940715619,1
864691136578254100,864691134918233610,1
864691136578292244,864691134885782778,1
864691136578307604,864691134885639674,1
864691136578307604,864691134918178314,1
864691136578357780,864691134885567738,1
864691136578359060,864691134919289610,3
864691136578378772,864691134918393098,1
864691136578380564,864691134918385930,1
864691136578506772,864691134886886906,1
864691136578506772,864691134918120458,1
864691136578525460,864691134940709475,3
864691136578529812,864691134885735418,2
864691136578529812,864691134918524938,3
864691136578531092,864691134918947338,2
864691136578531092,864691134920045834,1
864691136578542356,864691134917675530,1
864691136578542356,864691134918249738,1
864691136578542356,864691134918409482,1
864691136578546708,864691134885717498,1
864691136578546708,864691134886444794,2
864691136578693396,864691134886580474,1
864691136578982164,864691134917958922,1
864691136578982164,864691134940245859,1
864691136579008020,864691134885552122,1
864691136579017378,864691134886444794,1
864691136579327650,864691134940483171,1
864691136579408916,864691134885803258,1
864691136579556628,864691134885137402,5
864691136579556628,864691134918300682,1
864691136579556628,864691134918393098,2
864691136579556628,864691134918413066,1
864691136579556628,864691134918947338,3
864691136579983380,864691134886751994,3
864691136579984916,864691134940105315,1
864691136580040468,864691134886444794,1
864691136580085012,864691134885460218,1
864691136580085012,864691134887576314,1
864691136580085012,864691134918893066,1
864691136580085012,864691134940060771,1
864691136583041186,864691134940483171,1
864691136586437794,864691134918626314,1
864691136586529442,864691134918141962,1
864691136586529442,864691134918385930,1
864691136586529442,864691134918403850,1
864691136587814774,864691134918370826,1
864691136588920994,864691134918385930,1
864691136590282402,864691134940483171,6
864691136590474724,864691134940243299,1
864691136593436066,864691134940483171,3
864691136594510498,864691134918385930,1
864691136594526882,864691134920107018,1
864691136594980258,864691134885481722,1
864691136595027362,864691134886336506,1
864691136595325346,864691134885137402,1
864691136595432354,864691134940483171,1
864691136595488674,864691134918947338,1
864691136595488674,864691134920045834,2
864691136595492258,864691134918385930,3
864691136595492258,864691134940245859,1
864691136595509922,864691134917675530,2
864691136595516066,864691134886444794,1
864691136595516066,864691134940387683,1
864691136595572386,864691134885550330,1
864691136595572386,864691134885639674,1
864691136595572386,864691134917675530,1
864691136595765410,864691134939988067,1
864691136595806114,864691134917947914,1
864691136595846050,864691134919289610,14
864691136595955362,864691134885567738,1
864691136595955362,864691134885803258,1
864691136595955362,864691134917675530,1
864691136595955362,864691134917958922,2
864691136595955362,864691134918393098,1
864691136595955362,864691134918596106,1
864691136595955362,864691134920045834,1
864691136595955362,864691134940485219,2
864691136595999650,864691134885137402,1
864691136595999650,864691134917958922,5
864691136595999650,864691134920045834,1
864691136596011682,864691134885137402,1
864691136596011682,864691134917945866,1
864691136596378530,864691134940245859,1
864691136596787362,864691134885481722,1
864691136596850594,864691134886444794,1
864691136596850594,864691134920035082,1
864691136596964258,864691134885140218,3
864691136596964258,864691134886751994,4
864691136596978594,864691134918370826,1
864691136597001634,864691134918947338,2
864691136597043106,864691134886285306,1
864691136597043106,864691134886751994,2
864691136597043106,864691134886930170,1
864691136597043106,864691134918332682,12
864691136601560017,864691134885137402,1
864691136601560017,864691134885567738,1
864691136601560273,864691134918279946,1
864691136601560273,864691134918315786,1
864691136601585105,864691134885481722,4
864691136601810385,864691134886751994,1
864691136601937873,864691134885782778,1
864691136601937873,864691134918120458,2
864691136602095825,864691134885137402,1
864691136602223313,864691134918524938,1
864691136602371025,864691134917669642,1
864691136602502609,864691134885639674,1
864691136602619345,864691134918315786,1
864691136602639569,864691134918893066,5
864691136602671825,864691134918385930,2
864691136602780369,864691134918393098,1
864691136602781393,864691134940715619,1
864691136602790609,864691134939996003,1
864691136602804177,864691134918233610,1
864691136602810833,864691134885481722,1
864691136603010513,864691134918233610,1
864691136603171281,864691134940485219,1
864691136603645649,864691134885550330,1
864691136603645649,864691134885687802,1
864691136603793873,864691134886444794,1
864691136603811281,864691134918332682,1
864691136603935441,864691134918409482,3
864691136603935441,864691134918524938,1
864691136603935441,864691134939988067,2
864691136604049873,864691134917669642,1
864691136604104145,864691134885140218,2
864691136604113105,864691134885702394,1
864691136604113361,864691134917675530,1
864691136604113361,864691134918524938,3
864691136604118481,864691134886930170,1
864691136604216273,864691134886444794,1
864691136617108443,864691134919289610,1
864691136617144539,864691134940105315,3
864691136617444571,864691134885803258,1
864691136617544667,864691134886751994,1
864691136617943003,864691134886285306,1
864691136617949915,864691134917947914,1
864691136617968859,864691134886336506,1
864691136618101979,864691134918684170,1
864691136618108891,864691134918178314,2
864691136618246107,864691134918893066,1
864691136618390925,864691134885687802,2
864691136618414477,864691134918413066,1
864691136618414477,864691134939988067,2
864691136618414477,864691134940485219,4
864691136618416269,864691134918141450,1
864691136618441691,864691134885567738,4
864691136618441691,864691134885983482,1
864691136618474125,864691134885702394,1
864691136618477709,864691134886751994,1
864691136618479067,864691134885140218,1
864691136618488205,864691134885735418,1
864691136618491277,864691134886364922,1
864691136618560475,864691134885140218,2
864691136618560475,864691134886285306,1
864691136618560475,864691134886751994,2
864691136618560475,864691134886930170,1
864691136618638989,864691134919289610,1
864691136618675675,864691134918393098,1
864691136618676187,864691134917675530,1
864691136618791131,864691134918249738,1
864691136618791131,864691134918524938,1
864691136618797709,864691134886751994,1
864691136618848141,864691134918413066,1
864691136619039117,864691134885567738,1
864691136619096795,864691134885460218,1
864691136619119835,864691134886751994,5
864691136619119835,864691134917669642,7
864691136619126157,864691134886886906,1
864691136619167629,864691134885567738,1
864691136619311323,864691134886751994,1
864691136619334029,864691134939992931,1
864691136619344859,864691134886930170,2
864691136619344859,864691134918332682,5
864691136619350157,864691134885956858,2
864691136619350157,864691134918947338,1
864691136619354765,864691134918332682,3
864691136619378829,864691134886828794,1
864691136619436173,864691134918393098,1
864691136619538139,864691134918120458,1
864691136619592845,864691134918393098,1
864691136619592845,864691134940485219,5
864691136619592845,864691134940715619,1
864691136619600013,864691134886828794,1
864691136619729371,864691134885735418,1
864691136619745755,864691134885735418,1
864691136619745755,864691134887576314,1
864691136619746267,864691134885140218,1
864691136619746267,864691134886285306,7
864691136619746267,864691134918840586,1
864691136619746267,864691134920107018,2
864691136619750619,864691134886580474,1
864691136619750619,864691134886930170,1
864691136619775451,864691134939992931,1
864691136619825037,864691134886285306,1
864691136619825037,864691134886751994,1
864691136619825037,864691134917675530,1
864691136619825037,864691134917947914,6
864691136619826829,864691134885782778,1
864691136619882637,864691134886828794,2
864691136619982733,864691134885803258,1
864691136620154509,864691134940380259,1
864691136620192653,864691134918893066,2
864691136620486029,864691134885782778,1
864691136620576397,864691134918396938,1
864691136620620685,864691134885803258,2
864691136620620685,864691134885983482,2
864691136620620685,864691134918370826,1
864691136620636045,864691134918332682,1
864691136620718477,864691134886336506,1
864691136621082253,864691134885782778,3
864691136621082253,864691134886580474,1
864691136621099149,864691134885137402,1
864691136621099149,864691134886930170,2
864691136621099149,864691134918141962,2
864691136621099149,864691134918385930,1
864691136621099149,864691134918524938,1
864691136621099149,864691134939988067,1
864691136641678564,864691134920035082,1
864691136652239869,864691134885483770,1
864691136652239869,864691134918400522,2
864691136652781821,864691134918310154,1
864691136662174686,864691134885485562,1
864691136662179550,864691134917675530,1
864691136662194398,864691134918385930,1
864691136662221022,864691134886444794,1
864691136662363901,864691134886828794,3
864691136662413790,864691134918840586,3
864691136662437598,864691134886886906,3
864691136662437598,864691134917858314,1
864691136662437598,864691134918279946,1
864691136662440670,864691134918300682,1
864691136662440670,864691134918385930,7
864691136662440670,864691134940245859,1
864691136662506718,864691134885639674,1
864691136662536158,864691134885122810,1
864691136662608862,864691134918249738,1
864691136662877406,864691134886886906,1
864691136662914014,864691134940380259,1
864691136663005918,864691134885782778,1
864691136663019230,864691134918393098,1
864691136663056094,864691134940387683,1
864691136663080158,864691134884782586,1
864691136663134174,864691134885639674,1
864691136663134174,864691134918403850,1
864691136663166174,864691134918177546,1
864691136663176670,864691134918403850,2
864691136663185630,864691134919289610,1
864691136663205086,864691134918393098,1
864691136663216350,864691134940213347,1
864691136663336158,864691134885481722,1
864691136663348958,864691134886886906,1
864691136663348958,864691134920035082,5
864691136663396574,864691134918141962,1
864691136663603934,864691134885137402,1
864691136663605982,864691134918178314,1
864691136664072701,864691134885122810,1
864691136664072701,864691134918310154,4
864691136664127454,864691134918370826,1
864691136664648158,864691134885782778,1
864691136664648158,864691134918141450,3
864691136664648158,864691134940380259,3
864691136664868062,864691134918249738,1
864691136665020894,864691134886444794,1
864691136665155294,864691134920035082,1
864691136665188062,864691134887576314,1
864691136665194974,864691134886930170,1
864691136665194974,864691134887576314,1
864691136665210846,864691134918332682,1
864691136665210846,864691134918413066,1
864691136665210846,864691134918947338,1
864691136667909373,864691134918400522,1
864691136671433981,864691134885122810,1
864691136672229117,864691134918684170,1
864691136672632455,864691134885639674,1
864691136672632455,864691134886285306,3
864691136672632455,864691134917947914,1
864691136672632455,864691134920107018,3
864691136672632455,864691134940709475,2
864691136672637575,864691134885575930,1
864691136672637831,864691134885639674,1
864691136672647047,864691134885140218,1
864691136672647047,864691134886364922,1
864691136672688263,864691134918310154,1
864691136672809095,864691134885956858,1
864691136672809095,864691134939992931,5
864691136673164679,864691134886444794,3
864691136673182343,864691134885160442,1
864691136673444999,864691134886336506,1
864691136673485191,864691134885140218,2
864691136673485191,864691134886364922,1
864691136673505671,864691134885485562,1
864691136673516935,864691134886808314,1
864691136673520263,864691134918393098,1
864691136673520775,864691134918141450,1
864691136673568647,864691134885137402,1
864691136673651079,864691134918524938,1
864691136673652871,864691134918249738,2
864691136673670279,864691134918233610,1
864691136673733511,864691134885717498,1
864691136673740935,864691134886444794,1
864691136673915271,864691134918393098,2
864691136674076807,864691134885687802,1
864691136674327431,864691134885735418,1
864691136674381191,864691134918370826,1
864691136674643591,864691134886364922,2
864691136674749575,864691134885735418,1
864691136674749575,864691134940105315,1
864691136675020935,864691134886285306,1
864691136675020935,864691134886751994,4
864691136675020935,864691134886930170,2
864691136675020935,864691134917947914,2
864691136675020935,864691134918332682,2
864691136675127175,864691134885137402,1
864691136675127175,864691134885735418,3
864691136675127175,864691134918947338,1
864691136675127175,864691134920045834,1
864691136675151751,864691134918332682,4
864691136675151751,864691134940105315,2
864691136675476359,864691134917675530,1
864691136675476359,864691134918393098,1
864691136675498887,864691134885782778,1
864691136675498887,864691134887158266,1
864691136675573127,864691134886580474,1
864691136675813511,864691134886444794,19
864691136675847559,864691134885735418,1
864691136675885191,864691134885137402,1
864691136675885191,864691134917675530,1
864691136675885191,864691134918393098,1
864691136675885191,864691134920045834,1
864691136675921799,864691134887158266,2
864691136675921799,864691134940213347,1
864691136675921799,864691134940243299,3
864691136675929479,864691134918332682,1
864691136675951239,864691134885803258,1
864691136675951239,864691134918524938,1
864691136675971207,864691134885956858,1
864691136675971207,864691134887158266,2
864691136675971207,864691134918332682,1
864691136675980935,864691134886886906,3
864691136676007047,864691134886930170,1
864691136681300590,864691134885735674,1
864691136681300590,864691134940380259,1
864691136684780142,864691134917858314,2
864691136685801078,864691134885983482,2
864691136687320317,864691134939996003,1
864691136698610030,864691134940380259,3
864691136698771566,864691134940380259,1
864691136701749102,864691134918177546,1
864691136708588918,864691134885567738,1
864691136708588918,864691134885983482,3
864691136710057582,864691134919289610,2
864691136715071598,864691134920035082,1
864691136715377774,864691134919289610,2
864691136715732334,864691134885735674,1
864691136716295022,864691134918393098,5
864691136716306798,864691134940652643,1
864691136716771694,864691134885782778,1
864691136716771694,864691134886886906,1
864691136716771694,864691134918126346,1
864691136722736494,864691134918120458,1
864691136722736494,864691134918126346,1
864691136723302141,864691134918279946,1
864691136723327485,864691134885550330,1
864691136723351037,864691134885983482,1
864691136723351037,864691134918893066,1
864691136723362045,864691134918126346,1
864691136723386365,864691134918524938,1
864691136723388925,864691134940245859,1
864691136723388925,864691134940483171,7
864691136723395325,864691134885481722,1
864691136723408893,864691134885639674,1
864691136723408893,864691134918385930,1
864691136723443453,864691134886886906,1
864691136723450621,864691134917858314,1
864691136723452669,864691134886751994,1
864691136723452669,864691134917669642,1
864691136723453181,864691134886336506,1
864691136723456253,864691134885160442,1
864691136723471613,864691134919289610,1
864691136723478269,864691134920045834,1
864691136723509757,864691134886751994,1
864691136723509757,864691134886930170,1
864691136723511037,864691134917669642,1
864691136723511293,864691134885702394,1
864691136723518461,864691134885122810,1
864691136723543549,864691134920107018,1
864691136723554557,864691134885140218,1
864691136723561725,864691134885140218,2
864691136723570941,864691134918120458,1
864691136723574013,864691134917958922,1
864691136723574013,864691134918141962,1
864691136723574013,864691134918393098,1
864691136723586557,864691134918141962,1
864691136723591421,864691134940387683,1
864691136724398589,864691134920035082,1
864691136724456189,864691134885687802,1
864691136724456189,864691134886285306,2
864691136724511485,864691134918249738,1
864691136724555005,864691134885983482,1
864691136724605949,864691134918141962,1
864691136724613373,864691134917675530,1
864691136724616189,864691134940483171,1
864691136724622589,864691134918403850,1
864691136724624125,864691134886828794,2
864691136724627709,864691134886444794,3
864691136724627709,864691134918300682,1
864691136725356541,864691134918840586,1
864691136725448445,864691134885983482,1
864691136725455357,864691134885803258,1
864691136725579517,864691134885137402,1
864691136725579517,864691134918370826,1
864691136725717245,864691134918385930,1
864691136725729789,864691134885140218,1
864691136725729789,864691134917669642,1
864691136725745661,864691134886285306,1
864691136725773053,864691134918332682,1
864691136731992686,864691134886886906,2
864691136732833902,864691134886886906,2
864691136739873902,864691134918178314,1
864691136740393052,864691134885717498,1
864691136740393052,864691134940715619,1
864691136740402524,864691134886751994,1
864691136740414812,864691134886751994,1
864691136740417116,864691134886930170,1
864691136740417372,864691134918400522,1
864691136740434524,864691134918300682,1
864691136740435548,864691134939988067,1
864691136740442204,864691134918120458,1
864691136740460636,864691134918413066,1
864691136740547420,864691134885140218,1
864691136740614748,864691134918126346,1
864691136740678236,864691134920035082,1
864691136740696668,864691134918239498,1
864691136740782428,864691134918947338,3
864691136740790876,864691134885803258,1
864691136740790876,864691134940709475,2
864691136740882780,864691134886751994,1
864691136740886108,864691134918393098,1
864691136740890972,864691134885481722,1
864691136740891740,864691134885140218,1
864691136740917340,864691134885567738,3
864691136740917340,864691134918413066,1
864691136741178972,864691134886444794,1
864691136741182812,864691134886751994,1
864691136741192284,864691134884782586,1
864691136741351772,864691134918409482,1
864691136741435740,864691134886444794,2
864691136741455196,864691134918239498,1
864691136741475164,864691134886751994,2
864691136741476188,864691134920035082,2
864691136741497692,864691134940483171,2
864691136741526364,864691134885483770,2
864691136741545564,864691134885483770,1
864691136741583214,864691134920107018,2
864691136741627484,864691134886444794,2
864691136741629020,864691134918239498,2
864691136742047324,864691134918300682,1
864691136742071900,864691134885160442,1
864691136742071900,864691134917958922,1
864691136742192494,864691134885481722,1
864691136742730350,864691134918178314,1
864691136742737756,864691134885552122,1
864691136742843758,864691134917881098,1
864691136742921308,864691134886930170,1
864691136743063644,864691134886336506,1
864691136743063644,864691134918370826,3
864691136743219548,864691134887576314,1
864691136743230556,864691134885735418,1
864691136743230556,864691134939988067,1
864691136743239516,864691134886751994,1
864691136743239516,864691134918385930,1
864691136743319132,864691134885483770,2
864691136743319132,864691134885639674,1
864691136743319132,864691134918400522,1
864691136743319132,864691134940483171,1
864691136743339612,864691134885460218,1
864691136743339612,864691134885567738,1
864691136743339612,864691134918596106,1
864691136743352412,864691134886336506,1
864691136743352412,864691134920035082,2
864691136743360604,864691134939992931,2
864691136743395164,864691134887158266,3
864691136748548974,864691134918126346,1
864691136752821870,864691134885460218,1
864691136752821870,864691134885481722,1
864691136754432110,864691134885481722,10
864691136754824814,864691134885956858,1
864691136754824814,864691134939992931,1
864691136755365742,864691134918279946,1
864691136763884142,864691134918684170,4
864691136763884142,864691134939996003,1
864691136765657198,864691134885481722,1
864691136766683758,864691134885483770,1
864691136766683758,864691134918239498,1
864691136766683758,864691134918385930,1
864691136768713582,864691134918141962,1
864691136768713582,864691134918385930,3
864691136785479022,864691134918177546,2
864691136802865006,864691134885550330,1
864691136806748782,864691134886336506,1
864691136811804787,864691134885735418,1
864691136811834227,864691134918370826,1
864691136811870579,864691134918239498,1
864691136812314483,864691134886751994,2
864691136812672627,864691134886364922,1
864691136812733811,864691134917958922,1
864691136812856691,864691134885803258,1
864691136812938611,864691134885550330,1
864691136812938611,864691134885639674,1
864691136812942963,864691134918393098,1
864691136812942963,864691134918409482,1
864691136812955251,864691134885550330,1
864691136812955251,864691134940687459,1
864691136813037427,864691134940715619,1
864691136813070707,864691134918177546,1
864691136813428595,864691134918249738,1
864691136813428595,864691134940709475,1
864691136813619822,864691134885735674,1
864691136813844339,864691134886444794,3
864691136813865843,864691134885735418,4
864691136813865843,864691134918249738,1
864691136814190446,864691134885782778,1
864691136814328179,864691134918524938,1
864691136814343283,864691134940709475,1
864691136814345075,864691134918947338,1
864691136814399091,864691134918396938,1
864691136814400627,864691134885803258,2
864691136814400627,864691134920045834,7
864691136814400627,864691134939988067,1
864691136814463603,864691134885639674,1
864691136814508659,864691134918249738,1
864691136814622835,864691134918279946,1
864691136814635123,864691134886751994,1
864691136814635123,864691134886930170,1
864691136814699379,864691134887158266,1
864691136814703987,864691134886580474,1
864691136814703987,864691134887158266,1
864691136814703987,864691134940243299,1
864691136814761075,864691134885735418,7
864691136814761075,864691134920045834,1
864691136814761075,864691134939988067,1
864691136814779246,864691134917947914,1
864691136817305454,864691134886886906,1
864691136817315950,864691134919289610,1
864691136817329006,864691134886580474,1
864691136817761646,864691134918840586,1
864691136818701166,864691134940380259,2
864691136818869614,864691134886580474,1
864691136819087470,864691134917858314,1
864691136819087470,864691134940652643,1
864691136819672942,864691134885735674,1
864691136819672942,864691134940380259,1
864691136823493742,864691134886285306,1
864691136823493742,864691134920107018,2
864691136823586414,864691134886336506,1
864691136823586414,864691134940060771,1
864691136823961966,864691134918279946,2
864691136829618798,864691134940709475,1
864691136829747310,864691134886444794,1
864691136830770542,864691134886444794,1
864691136830770542,864691134918393098,2
864691136830770542,864691134918403850,1
864691136830770542,864691134918524938,1
864691136834899940,864691134885702394,1
864691136835652974,864691134918524938,1
864691136835833572,864691134940380259,1
864691136865011566,864691134918370826,1
864691136866069614,864691134885552122,1
864691136866259822,864691134885550330,4
864691136866259822,864691134918370826,1
864691136866259822,864691134918409482,1
864691136866259822,864691134939988067,1
864691136866259822,864691134940715619,2
864691136866660974,864691134885639674,1
864691136868135278,864691134885550330,1
864691136870678894,864691134918300682,1
864691136877795182,864691134939992931,1
864691136880665198,864691134886444794,1
864691136881094766,864691134917958922,1
864691136881607534,864691134885550330,1
864691136881607534,864691134917675530,1
864691136882805358,864691134885137402,1
864691136883695982,864691134917675530,2
864691136883695982,864691134918393098,1
864691136895735918,864691134885567738,1
864691136898774638,864691134917675530,1
864691136900268910,864691134940387683,1
864691136903006642,864691134919289610,1
864691136903012018,864691134886751994,1
864691136903020210,864691134918393098,3
864691136903023282,864691134918249738,1
864691136903036082,864691134885803258,3
864691136903047090,864691134917881098,1
864691136903051954,864691134939996003,1
864691136903052978,864691134918385930,2
864691136903052978,864691134940245859,1
864691136903060146,864691134940380259,1
864691136903060658,864691134918279946,1
864691136903066546,864691134940060771,1
864691136903067058,864691134886751994,1
864691136903172786,864691134918300682,2
864691136903280306,864691134885481722,3
864691136903387826,864691134886285306,1
864691136903387826,864691134918177546,2
864691136903387826,864691134940060771,1
864691136903464626,864691134885639674,2
864691136903487410,864691134918300682,1
864691136903499954,864691134885160442,1
864691136903530418,864691134917858314,1
864691136903531698,864691134918279946,1
864691136903586738,864691134918315786,1
864691136903608242,864691134918524938,1
864691136903649970,864691134885639674,1
864691136903868338,864691134885483770,1
864691136904042674,864691134885140218,1
864691136904049586,864691134940060771,1
864691136904061874,864691134918403850,1
864691136904069042,864691134886751994,1
864691136904083378,864691134918178314,1
864691136904135346,864691134918239498,1
864691136904184754,864691134885550330,1
864691136904238002,864691134885567738,1
864691136904249522,864691134885137402,1
864691136904249522,864691134918370826,1
864691136904348594,864691134886808314,1
864691136904349618,864691134886751994,1
864691136904349618,864691134917669642,6
864691136904446130,864691134918370826,1
864691136904944306,864691134917947914,1
864691136905147314,864691134885782778,11
864691136905147314,864691134940718179,1
864691136905343154,864691134918279946,2
864691136905458866,864691134886751994,2
864691136905560754,864691134886930170,1
864691136905570994,864691134886751994,2
864691136905570994,864691134886930170,1
864691136905635506,864691134917669642,1
864691136905758130,864691134918332682,1
864691136905758130,864691134918524938,1
864691136905791666,864691134886751994,1
864691136905941426,864691134885735418,4
864691136905941426,864691134886751994,1
864691136906148530,864691134918947338,1
864691136906189234,864691134886285306,1
864691136906196402,864691134885550330,1
864691136906196402,864691134917947914,1
864691136906672494,864691134885803258,2
864691136906672494,864691134917958922,1
864691136906696558,864691134885160442,1
864691136906696558,864691134886828794,1
864691136906754158,864691134885983482,1
864691136906761838,864691134918370826,2
864691136906766702,864691134940709475,1
864691136907208046,864691134885137402,1
864691136907315310,864691134885552122,1
864691136907330926,864691134918396938,1
864691136907484270,864691134918947338,1
864691136907489134,864691134885803258,2
864691136907489134,864691134920045834,2
864691136907489134,864691134940485219,1
864691136907504750,864691134918249738,1
864691136907504750,864691134918409482,1
864691136907504750,864691134920045834,1
864691136907516526,864691134885983482,2
864691136907516526,864691134939992931,1
864691136907591534,864691134885160442,1
864691136907657582,864691134885983482,1
864691136907860078,864691134918596106,1
864691136908080238,864691134885575930,1
864691136908080238,864691134918141962,1
864691136908231278,864691134918403850,1
864691136910393454,864691134885137402,1
864691136910393454,864691134885717498,2
864691136911621873,864691134940380259,1
864691136911667185,864691134917669642,1
864691136911670001,864691134918370826,1
864691136911678193,864691134918113546,1
864691136911839217,864691134917945866,1
864691136911864561,864691134885460218,1
864691136911879022,864691134918393098,1
864691136911976689,864691134885702394,1
864691136912104177,864691134918409482,1
864691136912157425,864691134918413066,3
864691136912416753,864691134918141962,1
864691136912486897,864691134885567738,1
864691136912486897,864691134885983482,1
864691136912502001,864691134885639674,1
864691136912529137,864691134918239498,1
864691136912559601,864691134885803258,1
864691136912656625,864691134885550330,1
864691136912658417,864691134886751994,1
864691136912658417,864691134917669642,1
864691136912667633,864691134918413066,1
864691136912681969,864691134885550330,1
864691136912690417,864691134885460218,1
864691136912690417,864691134918413066,1
864691136912690417,864691134918596106,1
864691136912692465,864691134918178314,1
864691136912693489,864691134885481722,2
864691136912698865,864691134885782778,3
864691136912783857,864691134886285306,1
864691136912828145,864691134917669642,1
864691136913170929,864691134885550330,1
864691136913401841,864691134919289610,1
864691136913457905,864691134918626314,1
864691136913652209,864691134885552122,1
864691136913652209,864691134885983482,5
864691136913689073,864691134940652643,3
864691136913956849,864691134885735674,1
864691136914038513,864691134885460218,2
864691136914038513,864691134918413066,1
864691136914038513,864691134918596106,1
864691136914081521,864691134940245859,1
864691136914235889,864691134918332682,2
864691136914235889,864691134918947338,5
864691136914305009,864691134886751994,1
864691136914398449,864691134886336506,1
864691136914414321,864691134885639674,1
864691136914414321,864691134917669642,1
864691136914426353,864691134886751994,1
864691136914426353,864691134917669642,1
864691136914541297,864691134885782778,1
864691136914541297,864691134886751994,1
864691136914542577,864691134886751994,2
864691136914542577,864691134887576314,1
864691136914542577,864691134918249738,1
864691136914542577,864691134918524938,1
864691136914542577,864691134939988067,2
864691136914555121,864691134885956858,1
864691136914555121,864691134886336506,2
864691136914590449,864691134886336506,1
864691136914601969,864691134886285306,1
864691136914601969,864691134917669642,2
864691136914613489,864691134917669642,1
864691136915531374,864691134918626314,2
864691136922722532,864691134918385930,1
864691136922732004,864691134886444794,1
864691136922743780,864691134885575930,1
864691136922770916,864691134917858314,1
864691136922999268,864691134918409482,1
864691136923004900,864691134918385930,1
864691136923203812,864691134918233610,1
864691136923243236,864691134886828794,1
864691136923541988,864691134917858314,1
864691136923623396,864691134886751994,1
864691136923656420,864691134886886906,1
864691136923682532,864691134918239498,1
864691136923690724,864691134918413066,1
864691136923735780,864691134917858314,1
864691136923760356,864691134886444794,1
864691136923773924,864691134918279946,1
864691136923776740,864691134885481722,1
864691136923778276,864691134940380259,2
864691136923789540,864691134940715619,1
864691136923936228,864691134920035082,1
864691136923951076,864691134885481722,1
864691136924080356,864691134918385930,1
864691136924138468,864691134885460218,1
864691136924297956,864691134918409482,1
864691136924407780,864691134917675530,1
864691136924488164,864691134917958922,1
864691136924488164,864691134918300682,1
864691136924488164,864691134918393098,3
864691136924488164,864691134918396938,1
864691136924736228,864691134885483770,2
864691136924736740,864691134885803258,3
864691136924736740,864691134917958922,6
864691136924736740,864691134918385930,1
864691136924736740,864691134918393098,2
864691136924736740,864691134940485219,1
864691136925008100,864691134886336506,1
864691136925014756,864691134886285306,1
864691136925014756,864691134917669642,1
864691136925029092,864691134918385930,1
864691136925033956,864691134918385930,3
864691136925033956,864691134940245859,5
864691136925075684,864691134886886906,1
864691136925089508,864691134886930170,1
864691136925089508,864691134917669642,1
864691136925089508,864691134918332682,1
864691136925111012,864691134917669642,1
864691136925196004,864691134918332682,1
864691136925229284,864691134917947914,1
864691136925261284,864691134918396938,2
864691136925264868,864691134885803258,6
864691136925264868,864691134917675530,1
864691136925264868,864691134917958922,1
864691136925264868,864691134918393098,2
864691136925264868,864691134918409482,1
864691136925264868,864691134920045834,2
864691136925368650,864691134886886906,1
864691136925380682,864691134917947914,1
864691136925386314,864691134918413066,1
864691136925565258,864691134885140218,1
864691136925565258,864691134886751994,1
864691136925798474,864691134885552122,1
864691136925861962,864691134885481722,1
864691136925864266,864691134885575930,1
864691136925919818,864691134940715619,1
864691136925981258,864691134918178314,1
864691136925981258,864691134918233610,2
864691136926164042,864691134918233610,1
864691136926216010,864691134886808314,1
864691136926253898,864691134885481722,1
864691136926271818,864691134918400522,1
864691136926277194,864691134885140218,1
864691136926354506,864691134918239498,1
864691136926397258,864691134885552122,1
864691136926410058,864691134917858314,1
864691136926414666,864691134885460218,2
864691136926414666,864691134886828794,3
864691136926423882,864691134918300682,1
864691136926624074,864691134918300682,1
864691136926789962,864691134886444794,5
864691136926789962,864691134918403850,1
864691136927067978,864691134918315786,1
864691136927176778,864691134886336506,1
864691136927321930,864691134940709475,1
864691136927373642,864691134918126346,1
864691136927373642,864691134918279946,1
864691136927491146,864691134885803258,2
864691136927491146,864691134887576314,2
864691136927491146,864691134918249738,10
864691136927491146,864691134918409482,6
864691136927491146,864691134918524938,3
864691136927491146,864691134939988067,2
864691136927566154,864691134885735418,1
864691136927566154,864691134917669642,1
864691136927732810,864691134918413066,1
864691136927761226,864691134886751994,1
864691136927782730,864691134917669642,1
864691136930071263,864691134917881098,1
864691136935939295,864691134885575930,1
864691136940658911,864691134885122810,1
864691136945612511,864691134918239498,1
864691136945619423,864691134918113546,1
864691136945632479,864691134885122810,1
864691136945634783,864691134885122810,1
864691136945691359,864691134885483770,2
864691136945691359,864691134918233610,1
864691136945691359,864691134940483171,1
864691136945764319,864691134885481722,2
864691136945814239,864691134917881098,1
864691136945925087,864691134885122810,4
864691136947021791,864691134885122810,1
864691136947021791,864691134918310154,1
864691136947093983,864691134917881098,1
864691136951558879,864691134885483770,1
864691136951560927,864691134917669642,1
864691136951562463,864691134918840586,1
864691136951585503,864691134918396938,1
864691136951593951,864691134940483171,1
864691136951624415,864691134917858314,1
864691136951630559,864691134918141962,3
864691136951639519,864691134918279946,1
864691136951640287,864691134885782778,1
864691136951649503,864691134885160442,1
864691136951754975,864691134885983482,1
864691136951754975,864691134918413066,1
864691136952161759,864691134918178314,1
864691136952245215,864691134940380259,2
864691136952276191,864691134885122810,2
864691136952276191,864691134885575930,1
864691136952281567,864691134918626314,1
864691136952319967,864691134919289610,1
864691136952583903,864691134885782778,1
864691136952638687,864691134885460218,1
864691136952761055,864691134940483171,1
864691136952791519,864691134918177546,1
864691136952805343,864691134886886906,1
864691136952828639,864691134917945866,1
864691136952912863,864691134918233610,1
864691136952935391,864691134885782778,1
864691136952940767,864691134885803258,1
864691136952941279,864691134886886906,1
864691136953134047,864691134886364922,1
864691136953322463,864691134917675530,1
864691136953445343,864691134918893066,1
864691136953637087,864691134886930170,3
864691136953917919,864691134885567738,1
864691136953917919,864691134918370826,1
864691136953933279,864691134919289610,2
864691136954023903,864691134919289610,1
864691136954028511,864691134886336506,1
864691136954077151,864691134917947914,1
864691136954123487,864691134885782778,1
864691136954129375,864691134886364922,1
864691136954206431,864691134885782778,1
864691136965761742,864691134886886906,2
864691136965767374,864691134940715619,1
864691136965769166,864691134918279946,1
864691136965779150,864691134939992931,1
864691136965820878,864691134885983482,1
864691136965820878,864691134918370826,1
864691136965841614,864691134886886906,1
864691136965847246,864691134886336506,1
864691136965849550,864691134917945866,1
864691136965908174,864691134885702394,1
864691136965986254,864691134885460218,1
864691136965986254,864691134918141962,2
864691136965988558,864691134940709475,1
864691136966116814,864691134885460218,1
864691136966189518,864691134918413066,1
864691136966389966,864691134918393098,1
864691136966431694,864691134920035082,1
864691136966628302,864691134940387683,1
864691136966673870,864691134917958922,2
864691136966673870,864691134918300682,1
864691136966673870,864691134918393098,1
864691136966673870,864691134918403850,1
864691136966674894,864691134918300682,1
864691136966694094,864691134886751994,1
864691136966710478,864691134885122810,1
864691136966727118,864691134885983482,1
864691136966951886,864691134886751994,2
864691136966951886,864691134886930170,1
864691136966951886,864691134917669642,2
864691136966995662,864691134920035082,1
864691136967337678,864691134886580474,1
864691136967368398,864691134918120458,1
864691136967411918,864691134885803258,4
864691136967411918,864691134887576314,2
864691136967411918,864691134917958922,1
864691136967411918,864691134918393098,1
864691136967411918,864691134918409482,1
864691136967411918,864691134920045834,1
864691136967634382,864691134918893066,1
864691136967671502,864691134885803258,6
864691136967671502,864691134917958922,4
864691136967671502,864691134918393098,5
864691136967671502,864691134918403850,1
864691136967764942,864691134918126346,1
864691136967872718,864691134886751994,1
864691136967872718,864691134917947914,2
864691136967872718,864691134918524938,1
864691136967887566,864691134919289610,1
864691136967906254,864691134917669642,1
864691136967945678,864691134917947914,1
864691136968028366,864691134885687802,1
864691136968028366,864691134886285306,3
864691136968028366,864691134917947914,6
864691136968099022,864691134940380259,5
864691136968099022,864691134940718179,1
864691136968109774,864691134887158266,1
864691136968109774,864691134940243299,1
864691136968152014,864691134918840586,1
864691136968402126,864691134918524938,1
864691136968429774,864691134886751994,1
864691136968529870,864691134918141962,1
864691136968568014,864691134886751994,2
864691136968568014,864691134918332682,3
864691136968568014,864691134940105315,1
864691136968656078,864691134920035082,3
864691136968752846,864691134918177546,1
864691136968752846,864691134940715619,1
864691136968790734,864691134918177546,1
864691136968918478,864691134886580474,1
864691136968930254,864691134886751994,1
864691136968930254,864691134886930170,2
864691136973669404,864691134918396938,1
864691136973713692,864691134918120458,1
864691136973715996,864691134885983482,1
864691136973776412,864691134885160442,1
864691136973776412,864691134885550330,1
864691136973967644,864691134939996003,1
864691136974064156,864691134918310154,1
864691136974100764,864691134917392394,1
864691136974293532,864691134918840586,2
864691136974319900,864691134886444794,1
864691136974405916,864691134885137402,1
864691136974418716,864691134885782778,1
864691136974538012,864691134885485562,2
864691136974538012,864691134886751994,2
864691136974538012,864691134917675530,1
864691136974538780,864691134885460218,1
864691136974538780,864691134918141962,1
864691136974538780,864691134918385930,1
864691136974544924,864691134885137402,2
864691136974547228,864691134917675530,1
864691136974556444,864691134885481722,1
864691136974556444,864691134885639674,1
864691136974556444,864691134918684170,1
864691136974561564,864691134918141962,1
864691136974561564,864691134940483171,1
864691136974572316,864691134886751994,6
864691136974573340,864691134940060771,1
864691136974910236,864691134940483171,1
864691136975144988,864691134886444794,2
864691136975161628,864691134886285306,1
864691136975300636,864691134885782778,1
864691136975332380,864691134886580474,1
864691136975332380,864691134886751994,1
864691136975917852,864691134918300682,1
864691136976126492,864691134886444794,1
864691136976126492,864691134918893066,1
864691136976129564,864691134885140218,1
864691136976129564,864691134886285306,1
864691136976129564,864691134886751994,4
864691136976129564,864691134886930170,1
864691136976129564,864691134920107018,1
864691136976138780,864691134885956858,1
864691136976146716,864691134940213347,2
864691136976152092,864691134917958922,1
864691136976152092,864691134918141962,1
864691136976152092,864691134918385930,1
864691136976152092,864691134918393098,1
864691136976202524,864691134886751994,1
864691136976247324,864691134884782586,1
864691136976247324,864691134885983482,2
864691136989945237,864691134886808314,1
864691136989946261,864691134920045834,1
864691136989957269,864691134885122810,1
864691136989992853,864691134918279946,1
864691136989999509,864691134940243299,1
864691136989999509,864691134940715619,1
864691136990012821,864691134917945866,1
864691136990378133,864691134885575930,1
864691136990378133,864691134918233610,1
864691136990378133,864691134940483171,1
864691136990425493,864691134918626314,1
864691136990598037,864691134918141962,1
864691136990754453,864691134885782778,1
864691136990843285,864691134885140218,2
864691136990843285,864691134886364922,1
864691136990940821,864691134939988067,1
864691136990941589,864691134918893066,2
864691136990947477,864691134885782778,1
864691136990956437,864691134918300682,1
864691136990970517,864691134918684170,1
864691136991202453,864691134886444794,5
864691136991213461,864691134886336506,1
864691136991213461,864691134917947914,1
864691136991307157,864691134885550330,2
864691136991354005,864691134886444794,1
864691136991390869,864691134885639674,1
864691136991400341,864691134918126346,1
864691136991400341,864691134918315786,2
864691136991400341,864691134918840586,1
864691136991400341,864691134940060771,1
864691136991400341,864691134940652643,1
864691136991947413,864691134884782586,1
864691136991947413,864691134885803258,9
864691136991947413,864691134917958922,1
864691136991947413,864691134918393098,1
864691136991947413,864691134918403850,1
864691136991947413,864691134918409482,2
864691136991947413,864691134920045834,1
864691136991947413,864691134939988067,2
864691136991947413,864691134940485219,4
864691136992004501,864691134886751994,1
864691136992007317,864691134885460218,3
864691136992007317,864691134885481722,1
864691136992007317,864691134886828794,1
864691136992383637,864691134886285306,4
864691136992383637,864691134917947914,4
864691136992612757,864691134885460218,1
864691136992612757,864691134885481722,1
864691136992612757,864691134918141962,3
864691136992612757,864691134918385930,1
864691136992615573,864691134885567738,2
864691137018142062,864691134917881098,1
864691137018552686,864691134885481722,7
864691137019548782,864691134886364922,1
864691137019552110,864691134885803258,1
864691137019565422,864691134918947338,1
864691137019578478,864691134920107018,1
864691137019954542,864691134917958922,1
864691137019964526,864691134940105315,1
864691137020107630,864691134886751994,1
864691137020152174,864691134917858314,1
864691137020488558,864691134918239498,1
864691137020565358,864691134919289610,1
864691137020663406,864691134885460218,1
864691137020663406,864691134885481722,1
864691137020671086,864691134885639674,1
864691137020671342,864691134885460218,1
864691137020676974,864691134918400522,5
864691137020733550,864691134940715619,1
864691137020953710,864691134885137402,2
864691137020953710,864691134940715619,1
864691137020972910,864691134884782586,2
864691137020972910,864691134918141962,3
864691137020972910,864691134940245859,2
864691137021168494,864691134940252003,3
864691137021188974,864691134917858314,1
864691137021289838,864691134939992931,1
864691137021910126,864691134918947338,3
864691137021983086,864691134917675530,1
864691137022081134,864691134920045834,1
864691137022098542,864691134886886906,1
864691137022180974,864691134885782778,2
864691137022180974,864691134886580474,1
864691137022180974,864691134920035082,2
864691137022200430,864691134886930170,1
864691137022200430,864691134917669642,1
864691137022200430,864691134918332682,1
864691137022222702,864691134887576314,1
864691137022222702,864691134917947914,1
864691137022224750,864691134886751994,1
864691137022278254,864691134887158266,3
864691137022278254,864691134920035082,1
864691137053637238,864691134885782778,1
864691137053752694,864691134886808314,1
864691137053964918,864691134885567738,1
864691137054436470,864691134885956858,1
864691137054478454,864691134918249738,1
864691137054644854,864691134918400522,1
864691137054695286,864691134918233610,1
864691137054697590,864691134918113546,1
864691137054705270,864691134885567738,5
864691137054705270,864691134885983482,1
864691137054705270,864691134918413066,2
864691137054706806,864691134917858314,2
864691137054709622,864691134940245859,1
864691137054710646,864691134918249738,1
864691137054715254,864691134918177546,1
864691137054715254,864691134920107018,1
864691137054824054,864691134885782778,4
864691137054844022,864691134886444794,1
864691137054934902,864691134917881098,1
864691137055028598,864691134885687802,1
864691137055208054,864691134885137402,3
864691137055210102,864691134885460218,1
864691137055541366,864691134884782586,2
864691137055541366,864691134940483171,1
864691137055668086,864691134885137402,1
864691137055668086,864691134885567738,1
864691137055668086,864691134885983482,4
864691137055668086,864691134917958922,1
864691137055668086,864691134918370826,3
864691137055668086,864691134918413066,5
864691137055728502,864691134885137402,1
864691137055728502,864691134918403850,2
864691137055728502,864691134918626314,1
864691137055840886,864691134885552122,1
864691137055889526,864691134885567738,1
864691137056031094,864691134940060771,1
864691137056053366,864691134886580474,1
864691137056098166,864691134918177546,1
864691137056364150,864691134917958922,2
864691137056364150,864691134918393098,2
864691137056364150,864691134918413066,1
864691137056364150,864691134920045834,1
864691137056364150,864691134940715619,1
864691137056539510,864691134918370826,1
864691137056547446,864691134886930170,2
864691137056547446,864691134918249738,1
864691137056547446,864691134918893066,1
864691137056564086,864691134918893066,1
864691137196890945,864691134918393098,1
864691137196892481,864691134885702394,1
864691137196895553,864691134918403850,1
864691137196912193,864691134885122810,1
864691137196925761,864691134885983482,2
864691137196925761,864691134940485219,2
864691137196933441,864691134917669642,1
864691137196935233,864691134885687802,2
864691137196935233,864691134886751994,2
864691137196935489,864691134885639674,1
864691137196938817,864691134918249738,1
864691137197066817,864691134918947338,1
864691137197169473,864691134885137402,1
864691137197169473,864691134918370826,1
864691137197256257,864691134917958922,1
864691137197256257,864691134940483171,1
864691137197360705,864691134918126346,1
864691137197619521,864691134918120458,2
864691137197623361,864691134885983482,1
864691137197727041,864691134886751994,1
864691137197737793,864691134918393098,1
864691137197931073,864691134917392394,2
864691137197934657,864691134885481722,1
864691137197941825,864691134918233610,1
864691137197952065,864691134885782778,1
864691137197952065,864691134919289610,2
864691137197964609,864691134886828794,1
864691137198630209,864691134886444794,1
864691137199017281,864691134918409482,1
864691137199038273,864691134886580474,1
864691137199038273,864691134918249738,1
864691137199255873,864691134939992931,1
864691137199312705,864691134885137402,1
864691137199312705,864691134940715619,1
864691137199359553,864691134920035082,1
864691137199741761,864691134940709475,1
864691137199763521,864691134918393098,1
864691137199772993,864691134887158266,2
864691137199772993,864691134918332682,2
864691137199772993,864691134940213347,1
864691137199772993,864691134940243299,1
864691137199798337,864691134917947914,1
864691137199807809,864691134885956858,1
864691137199828801,864691134885782778,1
864691137199860033,864691134886930170,1
864691137199860033,864691134918893066,1
864691137199871553,864691134886336506,1
864691137199914561,864691134918332682,4
864691137199914561,864691134940243299,1
864691137199958593,864691134886751994,2
864691137199973441,864691134887158266,1
864691137199973441,864691134918893066,2
864691137200004161,864691134886751994,2
864691137200004161,864691134887576314,1
864691137200004161,864691134920035082,1
