pre_pt_root_id,post_pt_root_id,n
864691134884768762,864691135520077450,2
864691134884807418,864691135526843227,1
864691134884855290,864691135516813011,1
864691134885557498,864691135516830931,1
864691134885640954,864691135526892891,1
864691134885652730,864691135518527626,1
864691134885653242,864691135516892115,1
864691134885745658,864691135516892115,2
864691134885748986,864691135517340554,1
864691134885783034,864691135516814803,1
864691134885783546,864691135519468170,1
864691134885792762,864691135516716499,1
864691134885805306,864691135518520531,1
864691134886037498,864691135517741194,1
864691134886037498,864691135518164106,1
864691134886037498,864691135518363018,1
864691134886037498,864691135518453642,1
864691134886080250,864691135518954634,1
864691134886285306,864691135520154250,1
864691134886288890,864691135519112586,2
864691134886288890,864691135526883419,1
864691134886295802,864691135518954634,1
864691134886400250,864691135519332234,2
864691134887236346,864691135520035722,1
864691134887247610,864691135518177930,1
864691134887247610,864691135520077450,1
864691134887260410,864691135518234506,1
864691134887331066,864691135526684763,1
864691134887540986,864691135519468170,1
864691134887540986,864691135520105610,2
864691134887601914,864691135519177610,1
864691134887623162,864691135518175882,1
864691134917415178,864691135518189706,2
864691134917420810,864691135518177930,1
864691134917794314,864691135526735707,2
864691134917901322,864691135516916691,3
864691134917901322,864691135526296667,1
864691134918318602,864691135517125075,1
864691134918384650,864691135517175763,2
864691134918384650,864691135518189706,1
864691134918396938,864691135518150538,1
864691134918402058,864691135526109531,1
864691134918478602,864691135516827347,1
864691134918614794,864691135518189706,1
864691134919225354,864691135518370698,1
864691134919352074,864691135526407515,1
864691134919570698,864691135517869962,1
864691134919570698,864691135518256010,2
864691134919570698,864691135526318171,1
864691134919748362,864691135519112586,3
864691134919748362,864691135519332234,1
864691134919748362,864691135520077450,1
864691134919748362,864691135520105610,5
864691134919748362,864691135520154250,1
864691134919869706,864691135518266323,1
864691134919902474,864691135526695771,2
864691134920072202,864691135519178378,1
864691134920072202,864691135526703451,1
864691134920082954,864691135520105610,1
864691134939989091,864691135520077450,1
864691134939998307,864691135518389130,1
864691134940025955,864691135517125075,6
864691134940025955,864691135526843227,3
864691134940211299,864691135526296667,1
864691134940246115,864691135518527626,1
864691134940246115,864691135526296667,1
864691134940368227,864691135516778707,1
864691134940377955,864691135526789723,1
864691134940406627,864691135519177610,1
864691134940654179,864691135517818506,2
864691134940654179,864691135526789723,1
864691134940781667,864691135518954634,1
864691134940809315,864691135519629194,1
864691134940820323,864691135516892115,1
864691134940933475,864691135517175763,1
864691134940933475,864691135518189706,2
864691134940933475,864691135518453642,1
864691134940939619,864691135518175882,1
864691134940958563,864691135519112586,1
864691134940967267,864691135517125075,2
864691134940967267,864691135526843227,2
864691134941088867,864691135518368394,1
864691134941165155,864691135516706259,1
864691134941693027,864691135526901851,1
864691134941875299,864691135517206739,1
864691134942077795,864691135518370698,1
864691134942161763,864691135520105610,1
864691134942169955,864691135526901851,1
864691134942221411,864691135516814803,1
864691134942221411,864691135517125075,1
864691134942221411,864691135525389042,3
864691134942315107,864691135519468170,1
864691134942498147,864691135526892891,1
864691134942510691,864691135519468170,1
864691134942667875,864691135519112586,1
864691134942692963,864691135517125075,1
864691134942692963,864691135526843227,1
864691134947399164,864691135518266323,1
864691134947399164,864691135520077450,2
864691134947399676,864691135526843227,1
864691134947409404,864691135526892891,1
864691134947448572,864691135526318171,1
864691134947842812,864691135518234506,1
864691134947856124,864691135516892115,1
864691134947861500,864691135516916691,1
864691134948150012,864691135516892115,2
864691134948414204,864691135519629194,1
864691134948423164,864691135526789723,1
864691134948511740,864691135526296667,2
864691134948605180,864691135526843227,2
864691134948665340,864691135517125075,1
864691134948907260,864691135520154250,1
864691134949087228,864691135526695771,1
864691134949219324,864691135516814803,1
864691134949219324,864691135518828426,1
864691134949346044,864691135520154250,1
864691134949346044,864691135524528882,4
864691134949472508,864691135518242186,1
864691134949568764,864691135516771027,1
864691134949774844,864691135517175763,3
864691134949774844,864691135518189706,2
864691134950149116,864691135519112586,3
864691134950149116,864691135520092810,1
864691134950149116,864691135526798939,1
864691134950212092,864691135520077450,1
864691134950228988,864691135518242186,8
864691134950228988,864691135518256010,4
864691134950228988,864691135526318171,14
864691134950228988,864691135526549851,3
864691134950241788,864691135520154250,1
864691134950315772,864691135519332234,1
864691134950315772,864691135520105610,1
864691134950338556,864691135522665924,1
864691134950395132,864691135519468170,1
864691134964418079,864691135526407515,1
864691134964443679,864691135526730587,1
864691134964449823,864691135518370698,1
864691134964516895,864691135516813011,1
864691134964831519,864691135517818506,1
864691134964849951,864691135526789723,1
864691134965134879,864691135516892115,1
864691134965202463,864691135526730587,1
864691134965213983,864691135517705939,1
864691134965213983,864691135519112586,1
864691134965306655,864691135526703451,1
864691134965414943,864691135518828426,1
864691134965414943,864691135526750299,1
864691134965425951,864691135516830931,1
864691134965429023,864691135516916691,1
864691134965433119,864691135517705939,1
864691134965433119,864691135518482899,1
864691134965433887,864691135526843227,1
864691134966290975,864691135518177930,1
864691134966290975,864691135526407515,1
864691134966306591,864691135516716499,2
864691134966306591,864691135517175763,2
864691134966306847,864691135517175763,6
864691134966306847,864691135518189706,7
864691134966306847,864691135518453642,1
864691134966341151,864691135520077450,1
864691134966403615,864691135520105610,1
864691134966510623,864691135517741194,1
864691134966759711,864691135518370698,1
864691134966759711,864691135526798939,2
864691134966811167,864691135518177930,1
864691134988403066,864691135526843227,1
864691134988405114,864691135526789723,1
864691134988424058,864691135516830931,1
864691134988467578,864691135518175882,3
864691134988470394,864691135516889299,1
864691134988472186,864691135516883667,2
864691134988596858,864691135516916691,3
864691134988596858,864691135518453642,1
864691134988596858,864691135526843227,2
864691134988801658,864691135518346634,1
864691134988828794,864691135526789723,1
864691134988927610,864691135526735707,1
864691134988939898,864691135516830931,1
864691134989037690,864691135526789723,1
864691134989042042,864691135516771027,1
864691134989042042,864691135526892891,1
864691134989163130,864691135518395274,1
864691134989233274,864691135524528882,1
864691134989362810,864691135526708315,1
864691134989461882,864691135526843227,1
864691134989461882,864691135526874971,1
864691134989471098,864691135518368394,4
864691134989472122,864691135518189706,1
864691134990148218,864691135516916691,1
864691134990390650,864691135519629194,1
864691134990596474,864691135519178378,1
864691134990596474,864691135522665924,1
864691134990621306,864691135516892115,1
864691134990621306,864691135517337738,1
864691134990631290,864691135519112586,1
864691134990847098,864691135518374538,2
864691134990847098,864691135520077450,1
864691134990847098,864691135520154250,4
864691134991040378,864691135516827347,4
864691134991040378,864691135518266323,1
864691134991100794,864691135520077450,1
864691135012369654,864691135524528882,1
864691135012411638,864691135526730587,1
864691135012412406,864691135517125075,1
864691135012441334,864691135516771027,1
864691135012455158,864691135516830931,1
864691135012465654,864691135519178378,1
864691135012465654,864691135522665924,2
864691135012473334,864691135516892115,1
864691135012480758,864691135518284938,1
864691135012509686,864691135518293898,1
864691135012534006,864691135516706259,1
864691135012564214,864691135525389042,1
864691135012567542,864691135526730587,1
864691135012878230,864691135517125075,1
864691135012895894,864691135516880595,1
864691135012895894,864691135526318171,5
864691135012906646,864691135520154250,1
864691135012906646,864691135524528882,1
864691135012922006,864691135526684763,1
864691135012925078,864691135526735707,1
864691135012995318,864691135526730587,1
864691135013011094,864691135526843227,1
864691135013249942,864691135518175882,1
864691135013295254,864691135519112586,2
864691135013304054,864691135520154250,1
864691135013387766,864691135518482899,1
864691135013399190,864691135516706259,2
864691135013421718,864691135526843227,1
864691135013464214,864691135526850395,1
864691135013514998,864691135518482899,1
864691135013518838,864691135516716499,1
864691135013519094,864691135517818506,2
864691135013526518,864691135519629194,1
864691135013530870,864691135516892115,1
864691135013644182,864691135516892115,3
864691135013767830,864691135517952906,2
864691135013895830,864691135526318171,1
864691135013918870,864691135517339786,1
864691135013934230,864691135518453642,1
864691135013958390,864691135516716499,22
864691135014127254,864691135517175763,1
864691135014165494,864691135518284938,2
864691135014289302,864691135518368394,1
864691135014383254,864691135526296667,1
864691135014442486,864691135516814803,1
864691135014442486,864691135525389042,1
864691135014442486,864691135526296667,1
864691135014442486,864691135526843227,1
864691135014549910,864691135520092810,1
864691135014549910,864691135526901851,2
864691135014582774,864691135519177610,1
864691135014751734,864691135517705939,8
864691135014751734,864691135518370698,1
864691135014751734,864691135518395274,2
864691135014751734,864691135518520531,2
864691135014751734,864691135519177610,12
864691135014833046,864691135518175882,1
864691135014867862,864691135526556763,1
864691135014867862,864691135526843227,1
864691135014912246,864691135526892891,1
864691135015350422,864691135517206739,1
864691135015350422,864691135518374538,1
864691135015350422,864691135519112586,1
864691135015350422,864691135520077450,2
864691135015357078,864691135516916691,2
864691135015364854,864691135518177930,4
864691135015364854,864691135518370698,4
864691135015369974,864691135518370698,1
864691135015369974,864691135519468170,6
864691135015369974,864691135526883419,1
864691135015437462,864691135517705939,6
864691135015437462,864691135517952906,1
864691135015437462,864691135518283475,1
864691135015437462,864691135518370698,1
864691135015437462,864691135518395274,1
864691135015437462,864691135519177610,3
864691135015565206,864691135518242186,1
864691135015605910,864691135518954634,1
864691135015605910,864691135519332234,1
864691135015623830,864691135517869962,1
864691135015652246,864691135519178378,1
864691135015690134,864691135520105610,1
864691135015755670,864691135519112586,1
864691135015755670,864691135520077450,1
864691135015755670,864691135526407515,1
864691135015755670,864691135526798939,2
864691135015792534,864691135518242186,1
864691135015795606,864691135519468170,1
864691135015799702,864691135520035722,1
864691135015822742,864691135516880595,1
864691135015822742,864691135518242186,8
864691135015822742,864691135518256010,1
864691135015822742,864691135526549851,7
864691135058549659,864691135526740315,1
864691135058562715,864691135526730587,1
864691135058571419,864691135518357642,2
864691135058840475,864691135518234506,1
864691135058889115,864691135517175763,1
864691135058889115,864691135518189706,2
864691135058889115,864691135526843227,2
864691135058967451,864691135519177610,1
864691135058998683,864691135518520531,1
864691135059282075,864691135525389042,1
864691135059299227,864691135516892115,1
864691135059317147,864691135517339786,1
864691135059343003,864691135520154250,1
864691135059394715,864691135526732635,1
864691135059451291,864691135518284938,1
864691135059555483,864691135519629194,1
864691135060603291,864691135520092810,1
864691135060772763,864691135518283475,4
864691135060772763,864691135518374538,2
864691135060862107,864691135519332234,1
864691135060968091,864691135518242186,1
864691135060968091,864691135526549851,6
864691135060968859,864691135518283475,1
864691135060968859,864691135519112586,2
864691135060968859,864691135519332234,1
864691135060968859,864691135526798939,2
864691135060975003,864691135519112586,1
864691135060992155,864691135517952906,1
864691135060992155,864691135518242186,2
864691135060992155,864691135518283475,3
864691135060992155,864691135518374538,1
864691135060992155,864691135520092810,2
864691135064982852,864691135519177610,1
864691135064989508,864691135520077450,1
864691135065001540,864691135518175882,1
864691135065009988,864691135517125075,1
864691135065020484,864691135516892115,1
864691135065900868,864691135518175882,1
864691135065915301,864691135517952906,1
864691135065986884,864691135516830931,6
864691135065990468,864691135518482899,1
864691135066000964,864691135526735707,1
864691135066101316,864691135519629194,1
864691135066114372,864691135520105610,1
864691135066293828,864691135517705939,1
864691135066377796,864691135516706259,1
864691135066734660,864691135519178378,1
864691135066958404,864691135520105610,1
864691135067053124,864691135516916691,5
864691135067053124,864691135517125075,1
864691135067053124,864691135525389042,1
864691135067053124,864691135526549851,1
864691135067066948,864691135520077450,1
864691135067181124,864691135520154250,1
864691135067192900,864691135520154250,1
864691135067476548,864691135517741194,2
864691135067476548,864691135518368394,1
864691135067476548,864691135526549851,1
864691135067476548,864691135526556763,2
864691135067476548,864691135526735707,2
864691135067531588,864691135519112586,1
864691135067531588,864691135520105610,1
864691135067645764,864691135518370698,1
864691135067645764,864691135518374538,1
864691135067645764,864691135526798939,1
864691135067961668,864691135518283475,1
864691135068025924,864691135520077450,1
864691135081632759,864691135518482899,1
864691135081638135,864691135526750299,1
864691135081640695,864691135526883419,1
864691135081657847,864691135518626954,1
864691135081659383,864691135518284938,2
864691135081669623,864691135517340554,1
864691135081669623,864691135518453642,1
864691135081726455,864691135518234506,1
864691135081738743,864691135526843227,3
864691135082002679,864691135516830931,2
864691135082003959,864691135517175763,2
864691135082003959,864691135518247306,1
864691135082003959,864691135518453642,2
864691135082007287,864691135517175763,2
864691135082007287,864691135518189706,2
864691135082007287,864691135518453642,2
864691135082085111,864691135516830931,1
864691135082085111,864691135517340554,1
864691135082455031,864691135518283475,1
864691135082469879,864691135516892115,1
864691135082475511,864691135519629194,2
864691135082525943,864691135518395274,2
864691135082525943,864691135518520531,2
864691135082525943,864691135526892891,4
864691135082707447,864691135520077450,1
864691135082707447,864691135526850395,2
864691135082732023,864691135516830931,2
864691135082864887,864691135517337738,1
864691135082897655,864691135518161034,1
864691135083204087,864691135516771027,1
864691135083410423,864691135518374538,1
864691135083574263,864691135518266323,2
864691135083595255,864691135516892115,3
864691135083683063,864691135518283475,1
864691135083769591,864691135518370698,1
864691135083812599,864691135517952906,2
864691135083812599,864691135526695771,3
864691135083846903,864691135518283475,1
864691135083846903,864691135519112586,1
864691135083846903,864691135519177610,9
864691135083929591,864691135525389042,1
864691135083929591,864691135526843227,4
864691135084038647,864691135517952906,1
864691135084148983,864691135520154250,3
864691135099842336,864691135526732635,1
864691135099864608,864691135516716499,1
864691135099864608,864691135517175763,1
864691135099864608,864691135518247306,2
864691135099868704,864691135526892891,1
864691135099868704,864691135526901851,1
864691135100188704,864691135516880595,1
864691135100238624,864691135518355082,1
864691135100246816,864691135526318171,1
864691135100291616,864691135526708315,1
864691135100313888,864691135516813011,1
864691135100696864,864691135516892115,9
864691135100897568,864691135526843227,1
864691135100926240,864691135518211466,1
864691135100931104,864691135526730587,1
864691135101093408,864691135518527626,1
864691135101181984,864691135526874971,2
864691135101594656,864691135517705939,1
864691135101921568,864691135516716499,1
864691135101921568,864691135518527626,1
864691135101924384,864691135517175763,1
864691135101924384,864691135518189706,3
864691135101924384,864691135518453642,2
864691135101924384,864691135526296667,1
864691135102215200,864691135517952906,1
864691135102385696,864691135518482899,2
864691135102385696,864691135520092810,1
864691135102390816,864691135520154250,2
864691135102492960,864691135519468170,1
864691135103975757,864691135520105610,1
864691135103991117,864691135518527626,1
864691135103991117,864691135518954634,1
864691135104004173,864691135518189706,1
864691135104006989,864691135516892115,1
864691135104243789,864691135517869962,1
864691135104349261,864691135526730587,3
864691135104768077,864691135526872667,1
864691135104979533,864691135520154250,1
864691135105044301,864691135520077450,1
864691135105048397,864691135516892115,1
864691135105048653,864691135516827347,4
864691135105048653,864691135517741194,1
864691135105048653,864691135518346634,2
864691135105051213,864691135526730587,1
864691135105052749,864691135518954634,1
864691135105052749,864691135526703451,1
864691135105058637,864691135518161034,1
864691135105812557,864691135519629194,1
864691135105988685,864691135524528882,1
864691135106189901,864691135518234506,1
864691135106189901,864691135519178378,1
864691135106189901,864691135522665924,7
864691135106189901,864691135526883419,1
864691135106367309,864691135519332234,1
864691135106367309,864691135520077450,1
864691135106468685,864691135518395274,1
864691135106468685,864691135520092810,4
864691135106468685,864691135526892891,1
864691135106491725,864691135518370698,1
864691135106558797,864691135518370698,1
864691135106574669,864691135518482899,1
864691135106697293,864691135519178378,1
864691135106718029,864691135526703451,1
864691135113145753,864691135517952906,1
864691135113150105,864691135526740315,1
864691135113162137,864691135526407515,1
864691135113197977,864691135516830931,1
864691135113197977,864691135526730587,1
864691135113351833,864691135518626954,1
864691135113443225,864691135526684763,1
864691135113531545,864691135517741194,1
864691135113531801,864691135518161034,1
864691135113649561,864691135517705939,1
864691135113649561,864691135518161034,1
864691135113649561,864691135518482899,1
864691135113930393,864691135520154250,1
864691135114134169,864691135522665924,1
864691135114134169,864691135524528882,1
864691135114166169,864691135525389042,1
864691135114167705,864691135516771027,1
864691135114169753,864691135524528882,2
864691135114295961,864691135518242186,2
864691135114483353,864691135526708315,1
864691135114499481,864691135520092810,1
864691135114753689,864691135519112586,1
864691135115018393,864691135519332234,2
864691135115018393,864691135526883419,1
864691135115075225,864691135519112586,1
864691135115164057,864691135518395274,1
864691135115225753,864691135517705939,1
864691135115225753,864691135519178378,1
864691135115393433,864691135519112586,1
864691135117771997,864691135526740315,1
864691135117782749,864691135518482899,1
864691135117807837,864691135516780243,1
864691135117809885,864691135516830931,1
864691135117816029,864691135526883419,2
864691135117830877,864691135526883419,2
864691135118137309,864691135516916691,1
864691135118137309,864691135526296667,1
864691135118137309,864691135526750299,2
864691135118157277,864691135517818506,11
864691135118242781,864691135516780243,1
864691135118298333,864691135526703451,4
864691135118351837,864691135518293898,1
864691135118586589,864691135519112586,2
864691135118680797,864691135517833354,1
864691135118687197,864691135526684763,1
864691135118694877,864691135516892115,1
864691135118706909,864691135516892115,1
864691135118706909,864691135518355082,1
864691135118741725,864691135517125075,1
864691135118756317,864691135516830931,1
864691135119436765,864691135520077450,1
864691135119436765,864691135526798939,1
864691135119506909,864691135516827347,1
864691135119506909,864691135517741194,3
864691135119506909,864691135518346634,1
864691135119506909,864691135526703451,1
864691135119524829,864691135520077450,1
864691135119636189,864691135519112586,1
864691135119636189,864691135520077450,1
864691135119636189,864691135520154250,3
864691135119836381,864691135518233482,1
864691135119877085,864691135518283475,1
864691135119877085,864691135518370698,1
864691135119912413,864691135518177930,1
864691135119919069,864691135518177930,2
864691135119920349,864691135520035722,1
864691135122315815,864691135516706259,1
864691135122330407,864691135517175763,1
864691135122340647,864691135526798939,2
864691135122417959,864691135526872667,1
864691135123090727,864691135516813011,1
864691135123123239,864691135518520531,1
864691135123147559,864691135518527626,1
864691135123161639,864691135518368394,1
864691135123178023,864691135516892115,1
864691135123288359,864691135518177930,1
864691135123315239,864691135520077450,1
864691135123325223,864691135517818506,1
864691135123328807,864691135516706259,1
864691135123330087,864691135518161034,1
864691135123334695,864691135519112586,1
864691135123355431,864691135518284938,1
864691135123508775,864691135518520531,1
864691135123508775,864691135519177610,1
864691135123528487,864691135526843227,1
864691135123566631,864691135526750299,1
864691135123807271,864691135526843227,2
864691135124508967,864691135526843227,1
864691135124547111,864691135520077450,1
864691135124690471,864691135519332234,1
864691135124690471,864691135520105610,1
864691135124726311,864691135516780243,1
864691135132648608,864691135518355082,1
864691135132654752,864691135517818506,1
864691135132662176,864691135526883419,1
864691135132676256,864691135526732635,1
864691135132692128,864691135518189706,1
864691135132955552,864691135518954634,1
864691135133008544,864691135516916691,2
864691135133035936,864691135518211466,1
864691135133112480,864691135518283475,1
864691135133304480,864691135516830931,1
864691135133593248,864691135516814803,1
864691135133593248,864691135517125075,1
864691135133594784,864691135517818506,2
864691135133888928,864691135520077450,3
864691135133994912,864691135522665924,1
864691135134052512,864691135517952906,1
864691135134052512,864691135518283475,1
864691135134114976,864691135518256010,1
864691135134134688,864691135519468170,1
864691135134134688,864691135520105610,1
864691135134136992,864691135517952906,1
864691135134201248,864691135519112586,1
864691135134367136,864691135518346634,1
864691135134507936,864691135519112586,1
864691135134507936,864691135519332234,1
864691135134507936,864691135520077450,1
864691135134507936,864691135526883419,1
864691135134548640,864691135526892891,3
864691135134664473,864691135516880595,1
864691135134669849,864691135518954634,1
864691135134671129,864691135516716499,1
864691135134689305,864691135526750299,1
864691135134690073,864691135516716499,1
864691135134690329,864691135526872667,1
864691135134745625,864691135526730587,1
864691135134852256,864691135519468170,1
864691135134852256,864691135520077450,5
864691135134852256,864691135526850395,4
864691135134874784,864691135520077450,1
864691135134874784,864691135520154250,1
864691135134957472,864691135518370698,1
864691135134957472,864691135520092810,1
864691135134957472,864691135526798939,1
864691135135030688,864691135518177930,1
864691135135079449,864691135518954634,1
864691135135085728,864691135516771027,1
864691135135085728,864691135518234506,1
864691135135087520,864691135518283475,3
864691135135087520,864691135518395274,2
864691135135087520,864691135519332234,4
864691135135087520,864691135520105610,2
864691135135087520,864691135526892891,3
864691135135109792,864691135518374538,1
864691135135221529,864691135518283475,1
864691135135406617,864691135526750299,3
864691135135406617,864691135526843227,1
864691135135485209,864691135518211466,3
864691135135485209,864691135526042715,1
864691135135545369,864691135526740315,1
864691135135565337,864691135518284938,1
864691135135600921,864691135518161034,1
864691135135623705,864691135517175763,1
864691135135653913,864691135516771027,1
864691135135671577,864691135518284938,2
864691135135676953,864691135518355082,1
864691135135703577,864691135520105610,1
864691135135729689,864691135519112586,1
864691135136420889,864691135519112586,1
864691135136596761,864691135526872667,1
864691135136715033,864691135516892115,1
864691135136778009,864691135518177930,1
864691135136778009,864691135519332234,1
864691135136889369,864691135526684763,1
864691135137105177,864691135517952906,6
864691135137105177,864691135518283475,4
864691135137105177,864691135520092810,1
864691135137105177,864691135526892891,1
864691135137357081,864691135517125075,1
864691135137357081,864691135517206739,1
864691135137357081,864691135517869962,4
864691135137357081,864691135522665924,1
864691135137357081,864691135524528882,1
864691135155534948,864691135517705939,1
864691135155536740,864691135516817619,1
864691135155536740,864691135518346634,1
864691135155543652,864691135516916691,1
864691135155543652,864691135518954634,1
864691135155556452,864691135526735707,1
864691135155566692,864691135519177610,2
864691135155979108,864691135516830931,1
864691135156010596,864691135526843227,2
864691135156025700,864691135518177930,1
864691135156025700,864691135518370698,1
864691135156316516,864691135518355082,1
864691135156414308,864691135518370698,1
864691135156428132,864691135517705939,1
864691135156462948,864691135516892115,1
864691135156530788,864691135526684763,1
864691135156545892,864691135518370698,1
864691135156577380,864691135525389042,1
864691135156580452,864691135517206739,1
864691135156822116,864691135518626954,1
864691135157649252,864691135522665924,1
864691135157652068,864691135518482899,1
864691135157688164,864691135518266323,2
864691135157784932,864691135517705939,7
864691135157784932,864691135518395274,1
864691135157784932,864691135518520531,2
864691135158055012,864691135520105610,1
864691135158055012,864691135526798939,2
864691135162198829,864691135516771027,1
864691135162225197,864691135524528882,1
864691135162226733,864691135526732635,1
864691135162585389,864691135519178378,1
864691135162598957,864691135526730587,1
864691135162605357,864691135518189706,2
864691135162661933,864691135518520531,1
864691135162661933,864691135526798939,1
864691135162741037,864691135520077450,1
864691135162764845,864691135520154250,1
864691135163058989,864691135516830931,1
864691135163127597,864691135516827347,1
864691135163127597,864691135517741194,1
864691135163189293,864691135526730587,1
864691135163282477,864691135526109531,1
864691135163286061,864691135516830931,1
864691135163313965,864691135518234506,1
864691135163356717,864691135516830931,1
864691135163365421,864691135518153866,3
864691135163366445,864691135518355082,1
864691135163379245,864691135516814803,1
864691135163379245,864691135516830931,1
864691135163379245,864691135516916691,1
864691135163379245,864691135517125075,1
864691135163379245,864691135525389042,1
864691135163379245,864691135526843227,5
864691135163439149,864691135518283475,2
864691135163551021,864691135518161034,1
864691135163752749,864691135516706259,1
864691135163912237,864691135526318171,4
864691135163912237,864691135526735707,1
864691135164291373,864691135526732635,1
864691135164408621,864691135516716499,3
864691135164408621,864691135526874971,1
864691135181692930,864691135522665924,1
864691135181704450,864691135517741194,1
864691135181710338,864691135517818506,1
864691135181710338,864691135518284938,1
864691135181730818,864691135526730587,1
864691135181755394,864691135518453642,1
864691135181756930,864691135526735707,1
864691135181762818,864691135517741194,1
864691135181773314,864691135516830931,9
864691135181775106,864691135516706259,1
864691135181788162,864691135526872667,1
864691135181790466,864691135518370698,1
864691135181808130,864691135516892115,1
864691135181826306,864691135516892115,1
864691135182072834,864691135516771027,2
864691135182086402,864691135520077450,2
864691135182107906,864691135516916691,1
864691135182300418,864691135518256010,1
864691135182300418,864691135526318171,1
864691135182478082,864691135518164106,1
864691135182713602,864691135516916691,1
864691135182713602,864691135517125075,1
864691135182713602,864691135526750299,1
864691135182713602,864691135526843227,1
864691135182742530,864691135518527626,1
864691135182801922,864691135517175763,1
864691135182812418,864691135516892115,2
864691135182812418,864691135526708315,2
864691135182824194,864691135526843227,1
864691135183493378,864691135517175763,1
864691135183740930,864691135520077450,1
864691135183789314,864691135516830931,2
864691135183968514,864691135526318171,1
864691135183982850,864691135518370698,1
864691135183999490,864691135518283475,1
864691135184104194,864691135518374538,1
864691135184119810,864691135520077450,1
864691135184160002,864691135518370698,2
864691135184160002,864691135519468170,1
864691135184160002,864691135526798939,1
864691135194424618,864691135518626954,1
864691135194429994,864691135526730587,1
864691135194446378,864691135516716499,1
864691135194892842,864691135516880595,1
864691135194916650,864691135517125075,1
864691135194916650,864691135526735707,1
864691135195139626,864691135526750299,1
864691135195181354,864691135516892115,2
864691135195312938,864691135516892115,2
864691135195361578,864691135516830931,1
864691135195394858,864691135517175763,1
864691135195400490,864691135519468170,1
864691135195450666,864691135517818506,1
864691135195463978,864691135520105610,1
864691135195463978,864691135526883419,1
864691135195468586,864691135516883667,2
864691135195468586,864691135517337738,3
864691135195486250,864691135526892891,1
864691135195490858,864691135526296667,1
864691135195558698,864691135526042715,1
864691135196014122,864691135517206739,1
864691135196385578,864691135517952906,1
864691135196385578,864691135518283475,1
864691135196506410,864691135518234506,2
864691135196632106,864691135518283475,1
864691135196632106,864691135526892891,1
864691135196633642,864691135519112586,1
864691135196676906,864691135519177610,1
864691135196676906,864691135526892891,1
864691135207724665,864691135520154250,1
864691135207755385,864691135518284938,2
864691135207756921,864691135518153866,1
864691135207775097,864691135516892115,1
864691135208060793,864691135516892115,1
864691135208060793,864691135518175882,3
864691135208060793,864691135518234506,2
864691135208060793,864691135518355082,1
864691135208060793,864691135519629194,2
864691135208436089,864691135526798939,1
864691135208673145,864691135519178378,1
864691135208693113,864691135517818506,1
864691135208707193,864691135519112586,1
864691135208707193,864691135526318171,1
864691135208713081,864691135526872667,1
864691135208722553,864691135526730587,1
864691135208723577,864691135518363018,1
864691135208723577,864691135526703451,1
864691135209300601,864691135518346634,1
864691135209343353,864691135516771027,1
864691135209725561,864691135516892115,2
864691135209739385,864691135517705939,1
864691135209739385,864691135518370698,1
864691135209739385,864691135519468170,1
864691135210001856,864691135516830931,3
864691135210002624,864691135519112586,1
864691135210006464,864691135516813011,1
864691135210006464,864691135518527626,1
864691135210017472,864691135522665924,2
864691135210025408,864691135526296667,1
864691135210059200,864691135518189706,1
864691135210074048,864691135518368394,4
864691135210074048,864691135526556763,4
864691135210074048,864691135526735707,6
864691135210178169,864691135518266323,1
864691135210178169,864691135519332234,1
864691135210178169,864691135520092810,1
864691135210363001,864691135525389042,1
864691135210363001,864691135526843227,1
864691135210364537,864691135518234506,2
864691135210400448,864691135526708315,1
864691135210400960,864691135518175882,1
864691135210400960,864691135526407515,1
864691135210446457,864691135517206739,1
864691135210446457,864691135517741194,1
864691135210446457,864691135526556763,2
864691135210446457,864691135526850395,1
864691135210834368,864691135526042715,1
864691135211050432,864691135526296667,1
864691135211106752,864691135517339786,1
864691135211116480,864691135526798939,1
864691135211344832,864691135518234506,1
864691135211401408,864691135517340554,1
864691135211542208,864691135517741194,1
864691135211591360,864691135526684763,1
864691135211956672,864691135516892115,1
864691135211956672,864691135518355082,1
864691135212363712,864691135517869962,1
864691135212363712,864691135520154250,2
864691135212398528,864691135520077450,1
864691135212468160,864691135519178378,1
864691135212492992,864691135519112586,1
864691135212492992,864691135520154250,1
864691135212508096,864691135518242186,1
864691135212508096,864691135518256010,7
864691135212508096,864691135518266323,1
864691135212508096,864691135522665924,1
864691135212508096,864691135526549851,3
864691135212529856,864691135522665924,1
864691135212535232,864691135517705939,1
864691135212594304,864691135518161034,1
864691135212618880,864691135526730587,1
864691135212619136,864691135526730587,1
864691135212622208,864691135517705939,1
864691135212622720,864691135516916691,1
864691135212634304,864691135518283475,1
864691135212644736,864691135526730587,1
864691135212668800,864691135526892891,1
864691135212669568,864691135516830931,1
864691135212684928,864691135516706259,1
864691135212684928,864691135517175763,1
864691135212684928,864691135526872667,1
864691135212691584,864691135517818506,1
864691135212691584,864691135526732635,3
864691135212714624,864691135516706259,1
864691135212714624,864691135516813011,1
864691135212726912,864691135526883419,1
864691135213029248,864691135517818506,1
864691135213029248,864691135518626954,1
864691135213057592,864691135518453642,1
864691135213064320,864691135517952906,1
864691135213070136,864691135516830931,1
864691135213070136,864691135526789723,1
864691135213077304,864691135517705939,1
864691135213077304,864691135518370698,1
864691135213077304,864691135518395274,1
864691135213077304,864691135519177610,5
864691135213077304,864691135526798939,1
864691135213087104,864691135518355082,2
864691135213090616,864691135518175882,1
864691135213109376,864691135518527626,1
864691135213114240,864691135526798939,1
864691135213207680,864691135518368394,1
864691135213207680,864691135526735707,1
864691135213511480,864691135526318171,1
864691135213539200,864691135526296667,1
864691135213667712,864691135526872667,1
864691135213676160,864691135519332234,1
864691135213678208,864691135516892115,1
864691135213698176,864691135516771027,1
864691135213702784,864691135526296667,1
864691135213708928,864691135518453642,1
864691135213726848,864691135526296667,1
864691135213797944,864691135516830931,1
864691135213820032,864691135516814803,1
864691135213898112,864691135517175763,1
864691135213915192,864691135517705939,1
864691135213925504,864691135520092810,1
864691135214039864,864691135518284938,1
864691135214116224,864691135518175882,1
864691135214158648,864691135518482899,1
864691135214340920,864691135522665924,1
864691135214467640,864691135518234506,2
864691135214931072,864691135518293898,1
864691135215117112,864691135519112586,1
864691135215120184,864691135516706259,1
864691135215120184,864691135516813011,1
864691135215120184,864691135518189706,1
864691135215120184,864691135518247306,1
864691135215125304,864691135526730587,1
864691135215126584,864691135516706259,1
864691135215148088,864691135517125075,1
864691135215148088,864691135518346634,2
864691135215148088,864691135518368394,1
864691135215148088,864691135526318171,1
864691135215148088,864691135526735707,2
864691135215148088,864691135526843227,2
864691135215175040,864691135518177930,2
864691135215175040,864691135518374538,1
864691135215175040,864691135519332234,1
864691135215175040,864691135519468170,4
864691135215175040,864691135520092810,5
864691135215175040,864691135520105610,2
864691135215193216,864691135518370698,1
864691135215217280,864691135518266323,1
864691135215217280,864691135518283475,1
864691135215217280,864691135518370698,4
864691135215217280,864691135519332234,1
864691135215217280,864691135519468170,1
864691135215217280,864691135520105610,1
864691135215229056,864691135518177930,1
864691135215229056,864691135519112586,1
864691135215229056,864691135520105610,2
864691135215229056,864691135526883419,1
864691135215236920,864691135526798939,2
864691135215252280,864691135520077450,1
864691135215313464,864691135519112586,1
864691135215360056,864691135518954634,6
864691135215360056,864691135526684763,1
864691135215360056,864691135526740315,1
864691135215438136,864691135520035722,1
864691135233123929,864691135516892115,2
864691135233124185,864691135518395274,1
864691135233124441,864691135518355082,1
864691135233422681,864691135517741194,1
864691135233500249,864691135517741194,1
864691135233568857,864691135517952906,2
864691135233569625,864691135518175882,1
864691135234034009,864691135517952906,1
864691135234034009,864691135526892891,1
864691135234049369,864691135518395274,1
864691135234068313,864691135517125075,1
864691135234079833,864691135516706259,1
864691135234084441,864691135516827347,1
864691135234193753,864691135517705939,1
864691135234193753,864691135519177610,2
864691135234402137,864691135518177930,1
864691135234402137,864691135520077450,2
864691135234402137,864691135520105610,1
864691135234998617,864691135519177610,3
864691135235138649,864691135517337738,1
864691135235196249,864691135517869962,1
864691135235196249,864691135519177610,1
864691135235196249,864691135520035722,1
864691135235339865,864691135526356827,1
864691135235363417,864691135519112586,1
864691135235363417,864691135519332234,1
864691135235363417,864691135520154250,1
864691135235363417,864691135526883419,1
864691135235367513,864691135517952906,1
864691135235386713,864691135517952906,4
864691135235386713,864691135518234506,1
864691135235386713,864691135518283475,1
864691135235386713,864691135518395274,1
864691135235386713,864691135520092810,1
864691135235386713,864691135526892891,4
864691135235386713,864691135526901851,1
864691135235425113,864691135519178378,1
864691135235425113,864691135519629194,2
864691135235437913,864691135519112586,1
864691135235437913,864691135520077450,1
864691135235496025,864691135516716499,2
864691135235496025,864691135518189706,1
864691135235496025,864691135526296667,1
864691135235527513,864691135518283475,1
864691135235527513,864691135518374538,2
864691135235527513,864691135519112586,1
864691135235527513,864691135519332234,1
864691135235527513,864691135520077450,1
864691135235527513,864691135526850395,1
864691135256132527,864691135519178378,3
864691135256132527,864691135520154250,1
864691135256146095,864691135516813011,5
864691135256178863,864691135518175882,1
864691135256289967,864691135518284938,1
864691135256466095,864691135518164106,1
864691135256568751,864691135519468170,1
864691135256702383,864691135517339786,1
864691135256958639,864691135516813011,1
864691135257056175,864691135516830931,1
864691135257078959,864691135518370698,1
864691135257200559,864691135516892115,1
864691135257232303,864691135526556763,1
864691135257236143,864691135518177930,3
864691135257236143,864691135519112586,1
864691135257241007,864691135526798939,1
864691135257404079,864691135519178378,1
864691135257589679,864691135516916691,1
864691135257589679,864691135526356827,1
864691135257589679,864691135526843227,2
864691135257916591,864691135526042715,1
864691135257942703,864691135518370698,2
864691135258169775,864691135516889299,1
864691135258274735,864691135526109531,1
864691135258481327,864691135526798939,1
864691135258489519,864691135519112586,1
864691135258554031,864691135519112586,1
864691135258554031,864691135526883419,2
864691135258635183,864691135519178378,1
864691135258635183,864691135520077450,1
864691135258635183,864691135526318171,1
864691135258655151,864691135518177930,1
864691135258655151,864691135518370698,1
864691135258655151,864691135526798939,1
864691135269681829,864691135518954634,1
864691135269690789,864691135526843227,1
864691135269700261,864691135518395274,1
864691135269722021,864691135526789723,1
864691135269730725,864691135518520531,1
864691135269757349,864691135526730587,3
864691135269759653,864691135517125075,1
864691135269759653,864691135518828426,1
864691135269785253,864691135526730587,1
864691135269793445,864691135516892115,2
864691135269800613,864691135518355082,1
864691135269809829,864691135517952906,2
864691135270057125,864691135520077450,2
864691135270590373,864691135526843227,1
864691135270868901,864691135526703451,2
864691135271325349,864691135517337738,1
864691135271343525,864691135519178378,1
864691135271344293,864691135526892891,1
864691135271394469,864691135518395274,2
864691135271394469,864691135526892891,3
864691135271522981,864691135519332234,1
864691135271627173,864691135526883419,1
864691135271632805,864691135526883419,1
864691135272105125,864691135517337738,3
864691135272166929,864691135526843227,1
864691135272218021,864691135516916691,2
864691135272218021,864691135518828426,1
864691135272252433,864691135518355082,1
864691135272359953,864691135518626954,1
864691135272382225,864691135516830931,1
864691135272398609,864691135516827347,2
864691135272594705,864691135519178378,1
864691135272594705,864691135520154250,1
864691135272598289,864691135516814803,1
864691135272615185,864691135519177610,10
864691135272661265,864691135526109531,1
864691135272812817,864691135516892115,1
864691135273041681,864691135518527626,2
864691135273080337,864691135518283475,1
864691135273110033,864691135516771027,1
864691135273117713,864691135518346634,1
864691135273150481,864691135518346634,1
864691135273177105,864691135517741194,2
864691135273236241,864691135518234506,2
864691135273238801,864691135526750299,1
864691135273238801,864691135526843227,1
864691135273248273,864691135526730587,2
864691135273260305,864691135518482899,1
864691135273264657,864691135526750299,1
864691135273287441,864691135518395274,1
864691135273287441,864691135526892891,2
864691135273287441,864691135526901851,2
864691135273387281,864691135516814803,1
864691135273655569,864691135520077450,1
864691135274076901,864691135518150538,1
864691135274091237,864691135526549851,2
864691135274101477,864691135517705939,6
864691135274101477,864691135519177610,4
864691135274129381,864691135526872667,4
864691135274495717,864691135526730587,3
864691135274512613,864691135518453642,1
864691135274525413,864691135517705939,2
864691135274525413,864691135518395274,1
864691135274525413,864691135519177610,3
864691135274546961,864691135516771027,2
864691135274546961,864691135526109531,1
864691135274598117,864691135518175882,1
864691135274675941,864691135518233482,1
864691135274738193,864691135517952906,1
864691135274738193,864691135518293898,2
864691135274738193,864691135518482899,2
864691135274738193,864691135526892891,1
864691135274742245,864691135526318171,1
864691135274860561,864691135518374538,1
864691135275006225,864691135522665924,1
864691135275006225,864691135526549851,1
864691135275034085,864691135516813011,1
864691135275110117,864691135518527626,1
864691135275185637,864691135516813011,1
864691135275189733,864691135518234506,1
864691135275194341,864691135520154250,1
864691135275858917,864691135519332234,1
864691135275939813,864691135517340554,1
864691135275939813,864691135526296667,2
864691135275939813,864691135526356827,3
864691135275983589,864691135526318171,3
864691135276413157,864691135518370698,1
864691135276505573,864691135518482899,1
864691135276776677,864691135520154250,1
864691135276841189,864691135526684763,1
864691135276917733,864691135516814803,3
864691135276917733,864691135516916691,5
864691135276917733,864691135526356827,1
864691135276975333,864691135517741194,1
864691135276975333,864691135518368394,1
864691135276975333,864691135526556763,2
864691135277221605,864691135516814803,1
864691135277221605,864691135525389042,1
864691135277272805,864691135519177610,1
864691135277337061,864691135516771027,1
864691135277337061,864691135518283475,1
864691135277337061,864691135518395274,1
864691135277337061,864691135518482899,8
864691135277337061,864691135520092810,2
864691135277495781,864691135526684763,1
864691135277506533,864691135519112586,1
864691135277615589,864691135519332234,2
864691135277615589,864691135520077450,1
864691135277645029,864691135518242186,1
864691135277645029,864691135518482899,1
864691135277645029,864691135519468170,1
864691135277673957,864691135519332234,1
864691135277673957,864691135520105610,1
864691135277713893,864691135518242186,2
864691135277732837,864691135518153866,1
864691135278199713,864691135518150538,1
864691135278219681,864691135516780243,1
864691135278219681,864691135517339786,1
864691135278220193,864691135518242186,1
864691135278231201,864691135516883667,1
864691135278526881,864691135526296667,1
864691135278526881,864691135526732635,2
864691135278728609,864691135518527626,1
864691135279001505,864691135520092810,1
864691135279114145,864691135516892115,1
864691135279119265,864691135516916691,1
864691135279125921,864691135526750299,1
864691135279128225,864691135517340554,1
864691135279137185,864691135526850395,1
864691135279448737,864691135520154250,4
864691135279453345,864691135519112586,1
864691135279454113,864691135526684763,1
864691135279472033,864691135518242186,1
864691135279591841,864691135518482899,1
864691135279606945,864691135518374538,1
864691135279730337,864691135525389042,1
864691135280128417,864691135519112586,1
864691135280496289,864691135518374538,1
864691135280496289,864691135520077450,1
864691135280638369,864691135520077450,1
864691135280638369,864691135526798939,1
864691135280860833,864691135518370698,1
864691135280860833,864691135519177610,1
864691135280860833,864691135526798939,1
864691135280871073,864691135519629194,1
864691135280879009,864691135518626954,1
864691135280879009,864691135526750299,1
864691135280879009,864691135526843227,3
864691135280944033,864691135526798939,1
864691135281078689,864691135518242186,3
864691135281078689,864691135526556763,1
864691135281078689,864691135526735707,1
864691135281086881,864691135522665924,1
864691135281208481,864691135518177930,1
864691135281208481,864691135526798939,3
864691135281211041,864691135519468170,1
864691135281227425,864691135517206739,1
864691135281227425,864691135519629194,1
864691135291728822,864691135522665924,1
864691135291728822,864691135526883419,1
864691135291749046,864691135526296667,1
864691135292299446,864691135518177930,1
864691135292605622,864691135526789723,1
864691135292628918,864691135516892115,1
864691135292740790,864691135517818506,1
864691135292842678,864691135518161034,1
864691135292892342,864691135517741194,1
864691135293116598,864691135526730587,1
864691135293240076,864691135516892115,2
864691135293276598,864691135517175763,1
864691135293397004,864691135526730587,2
864691135293486604,864691135525389042,1
864691135293486604,864691135526843227,8
864691135293605558,864691135518374538,1
864691135293678006,864691135518177930,1
864691135293678006,864691135518370698,1
864691135293791926,864691135520154250,1
864691135293851916,864691135517818506,1
864691135293926924,864691135516830931,1
864691135293993740,864691135518284938,1
864691135294032908,864691135526730587,1
864691135294038540,864691135516771027,1
864691135294115084,864691135517952906,1
864691135294124812,864691135516814803,3
864691135294124812,864691135516916691,2
864691135294161932,864691135518954634,1
864691135294184374,864691135520154250,1
864691135294363916,864691135526042715,1
864691135294376630,864691135518234506,1
864691135294380300,864691135518256010,1
864691135294430220,864691135520154250,5
864691135294441654,864691135518266323,1
864691135294442678,864691135520035722,1
864691135294458380,864691135519112586,1
864691135294537654,864691135520154250,1
864691135294537654,864691135522665924,1
864691135294573324,864691135518242186,4
864691135294633654,864691135518283475,5
864691135294633654,864691135518374538,1
864691135294633654,864691135519177610,2
864691135294633654,864691135520154250,1
864691135294667020,864691135518177930,1
864691135294667020,864691135518370698,4
864691135294667020,864691135519112586,1
864691135294667020,864691135519468170,5
864691135294695350,864691135517952906,1
864691135294695350,864691135518283475,2
864691135294695350,864691135518395274,4
864691135294695350,864691135518482899,1
864691135294695350,864691135518520531,1
864691135294695350,864691135520092810,2
864691135294695350,864691135526892891,3
864691135294695350,864691135526901851,2
864691135294699532,864691135518234506,1
864691135294719158,864691135516827347,1
864691135294719158,864691135517741194,1
864691135294719158,864691135518242186,1
864691135294719158,864691135518266323,1
864691135294719158,864691135526549851,1
864691135294719158,864691135526703451,1
864691135294911670,864691135518370698,1
864691135294950838,864691135518395274,1
864691135294950838,864691135518482899,2
864691135294950838,864691135518520531,3
864691135295013558,864691135526798939,1
864691135295058700,864691135518283475,1
864691135295058700,864691135518370698,2
864691135295058700,864691135519177610,1
864691135295058700,864691135519468170,1
864691135295058700,864691135520077450,2
864691135295058700,864691135520092810,1
864691135295058700,864691135520105610,4
864691135295125004,864691135518370698,1
864691135295125004,864691135526798939,1
864691135295282700,864691135520154250,1
864691135295389708,864691135516892115,1
864691135295389708,864691135517337738,1
864691135295389708,864691135518234506,2
864691135295389708,864691135519629194,1
864691135295389708,864691135526883419,2
864691135303164839,864691135526789723,1
864691135303191207,864691135518374538,2
864691135303192231,864691135517869962,1
864691135303202215,864691135519177610,3
864691135303878567,864691135526843227,1
864691135304028839,864691135518175882,1
864691135304181927,864691135516916691,1
864691135304181927,864691135526732635,1
864691135304184231,864691135516892115,1
864691135304186791,864691135526843227,1
864691135304502183,864691135518189706,1
864691135304502183,864691135518453642,2
864691135304560807,864691135518266323,1
864691135304560807,864691135520077450,1
864691135304679079,864691135518266323,1
864691135304679079,864691135518283475,1
864691135304679079,864691135519468170,1
864691135304754087,864691135517125075,1
864691135304996263,864691135526318171,1
864691135305066407,864691135518242186,13
864691135305066407,864691135526318171,1
864691135305066407,864691135526549851,4
864691135305488551,864691135517741194,2
864691135305488551,864691135518368394,2
864691135305488551,864691135526556763,4
864691135305488551,864691135526703451,1
864691135305488551,864691135526874971,2
864691135305492135,864691135520105610,1
864691135305585063,864691135518283475,1
864691135305585063,864691135518482899,7
864691135305596583,864691135517818506,3
864691135305596583,864691135518284938,1
864691135305596583,864691135526732635,1
864691135305618599,864691135516827347,1
864691135305730471,864691135518374538,1
864691135305730471,864691135519468170,1
864691135305730471,864691135526549851,1
864691135307116614,864691135526750299,1
864691135307278662,864691135518164106,1
864691135307295558,864691135518242186,1
864691135307341382,864691135516892115,1
864691135307518022,864691135516827347,1
864691135307859014,864691135526703451,1
864691135307884870,864691135518355082,1
864691135307929926,864691135516778707,1
864691135307929926,864691135518355082,1
864691135307929926,864691135526708315,1
864691135307931462,864691135516830931,1
864691135308066118,864691135526730587,1
864691135308067142,864691135518161034,1
864691135308284998,864691135517952906,1
864691135308295238,864691135518954634,1
864691135308319046,864691135518283475,1
864691135308343366,864691135516880595,1
864691135308375366,864691135518520531,1
864691135308590406,864691135518293898,1
864691135308927302,864691135518256010,1
864691135309045062,864691135520077450,1
864691135309325638,864691135517741194,2
864691135309326406,864691135517952906,1
864691135309338950,864691135516771027,2
864691135309607494,864691135522665924,1
864691135309733190,864691135518374538,1
864691135309734726,864691135518266323,1
864691135309741126,864691135519468170,2
864691135309741126,864691135520077450,1
864691135309834054,864691135517952906,1
864691135322930844,864691135519112586,1
864691135322935964,864691135516892115,1
864691135322954396,864691135516892115,1
864691135322962076,864691135526695771,1
864691135322995612,864691135517125075,2
864691135322995612,864691135525389042,1
864691135323181212,864691135526549851,1
864691135323384476,864691135518161034,1
864691135323642012,864691135517741194,1
864691135323698844,864691135519468170,1
864691135323763868,864691135518177930,2
864691135323793052,864691135518177930,1
864691135323894172,864691135520154250,1
864691135323986076,864691135518520531,1
864691135323986076,864691135526798939,1
864691135323996572,864691135516814803,1
864691135323996572,864691135526874971,1
864691135324181404,864691135517705939,1
864691135324557724,864691135519112586,1
864691135324591772,864691135526703451,1
864691135324652188,864691135520077450,1
864691135324706204,864691135518234506,1
864691135324725404,864691135519468170,1
864691135325064604,864691135520077450,5
864691135325064604,864691135520105610,2
864691135325064604,864691135526883419,1
864691135325408156,864691135517952906,2
864691135325437084,864691135518211466,1
864691135325551004,864691135519332234,1
864691135325562012,864691135520077450,1
864691135325562012,864691135520105610,1
864691135334489065,864691135519112586,1
864691135334501097,864691135526843227,1
864691135334519273,864691135526556763,3
864691135334525929,864691135519112586,1
864691135334527721,864691135519112586,1
864691135334755561,864691135517125075,1
864691135334797801,864691135518626954,1
864691135334821865,864691135516716499,1
864691135334821865,864691135526296667,1
864691135334851561,864691135518370698,1
864691135335211241,864691135520154250,1
864691135335386857,864691135517125075,1
864691135335601641,864691135516778707,1
864691135335601641,864691135516883667,1
864691135335744745,864691135518153866,1
864691135335998953,864691135518293898,1
864691135336295145,864691135517337738,1
864691135336311785,864691135526684763,2
864691135336382185,864691135516892115,1
864691135336616937,864691135519332234,1
864691135336814569,864691135517125075,1
864691135336841193,864691135520077450,1
864691135336841193,864691135526883419,1
864691135337004009,864691135516883667,2
864691135337039337,864691135518370698,8
864691135337039337,864691135519468170,1
864691135337039337,864691135520105610,1
864691135337039337,864691135526798939,1
864691135337671910,864691135518453642,1
864691135337721574,864691135526732635,1
864691135337737190,864691135516830931,1
864691135337740262,864691135516706259,1
864691135337740262,864691135516780243,1
864691135337751270,864691135518355082,1
864691135337753062,864691135526883419,1
864691135337972454,864691135516716499,1
864691135338024166,864691135519629194,1
864691135338024166,864691135526708315,1
864691135338088678,864691135524528882,2
864691135338153958,864691135519177610,1
864691135338537446,864691135517741194,1
864691135338542822,864691135526732635,1
864691135338543078,864691135526730587,1
864691135338583782,864691135520035722,2
864691135338679014,864691135518189706,1
864691135338709990,864691135526708315,1
864691135338803686,864691135516830931,1
864691135338816742,864691135518161034,6
864691135338918118,864691135516892115,2
864691135339003622,864691135526843227,4
864691135339650790,864691135516892115,1
864691135339826150,864691135526883419,1
864691135339919078,864691135518234506,1
864691135340203238,864691135517952906,1
864691135340203238,864691135518234506,1
864691135340285670,864691135516827347,1
864691135340324582,864691135519112586,1
864691135340953029,864691135517705939,1
864691135340983749,864691135516916691,5
864691135340983749,864691135526750299,1
864691135340983749,864691135526843227,2
864691135340984773,864691135526730587,1
864691135340991429,864691135516830931,1
864691135341007045,864691135526874971,1
864691135341039301,864691135518164106,2
864691135341073861,864691135518389130,1
864691135341123525,864691135516916691,2
864691135341123525,864691135526843227,1
864691135341141169,864691135518395274,1
864691135341145009,864691135526296667,6
864691135341154737,864691135518242186,1
864691135341155761,864691135526874971,1
864691135341158065,864691135526730587,1
864691135341198789,864691135518189706,1
864691135341437125,864691135516706259,1
864691135341476037,864691135516892115,1
864691135341505221,864691135518395274,1
864691135341505221,864691135526901851,1
864691135341606833,864691135518370698,1
864691135341654961,864691135518527626,1
864691135341665457,864691135518370698,1
864691135341681073,864691135516780243,1
864691135341847237,864691135518177930,1
864691135341977009,864691135517705939,1
864691135341981893,864691135518363018,1
864691135342006705,864691135516814803,1
864691135342006705,864691135517125075,1
864691135342020785,864691135518150538,1
864691135342021573,864691135516716499,1
864691135342034117,864691135517125075,1
864691135342038725,864691135526735707,1
864691135342038981,864691135516706259,1
864691135342195633,864691135520077450,1
864691135342211761,864691135518370698,1
864691135342233285,864691135517952906,1
864691135342233285,864691135518395274,1
864691135342233285,864691135526901851,1
864691135342287301,864691135526843227,1
864691135342334149,864691135520154250,1
864691135342389957,864691135516916691,1
864691135342389957,864691135517125075,3
864691135342393029,864691135518283475,1
864691135342476209,864691135526296667,1
864691135342801585,864691135519178378,1
864691135342822833,864691135516817619,1
864691135342822833,864691135518211466,2
864691135342822833,864691135526042715,1
864691135342823877,864691135518482899,2
864691135342876081,864691135517206739,1
864691135342876081,864691135526549851,2
864691135342876081,864691135526735707,1
864691135342882245,864691135518626954,1
864691135342958789,864691135518242186,1
864691135342995377,864691135526892891,2
864691135343048389,864691135526883419,1
864691135343263429,864691135519112586,1
864691135343314097,864691135520105610,1
864691135343402437,864691135518177930,1
864691135343457201,864691135519112586,1
864691135343552197,864691135518374538,1
864691135343569585,864691135516830931,1
864691135343569585,864691135518189706,1
864691135343569585,864691135526296667,3
864691135343588549,864691135520092810,1
864691135343616453,864691135516827347,1
864691135343616453,864691135526549851,1
864691135343616453,864691135526556763,1
864691135343618501,864691135518234506,1
864691135343618501,864691135522665924,1
864691135343618501,864691135526883419,1
864691135343625905,864691135518626954,1
864691135343625905,864691135526750299,3
864691135343671749,864691135519177610,1
864691135343787185,864691135519112586,1
864691135343787185,864691135526407515,1
864691135343797425,864691135526798939,1
864691135343840945,864691135520077450,1
864691135343952049,864691135516771027,1
864691135343967153,864691135516827347,4
864691135343974321,864691135518177930,2
864691135343974321,864691135526883419,1
864691135343974577,864691135518395274,1
864691135343974577,864691135518482899,2
864691135344036017,864691135526318171,1
864691135345099679,864691135520154250,1
864691135345103007,864691135519629194,1
864691135345104031,864691135526872667,1
864691135345166239,864691135516830931,1
864691135345166751,864691135526730587,1
864691135345174431,864691135517741194,1
864691135345183391,864691135518256010,1
864691135345207711,864691135526883419,1
864691135345212575,864691135517705939,1
864691135345212575,864691135518520531,1
864691135345212575,864691135519177610,1
864691135345226399,864691135516892115,1
864691135345235103,864691135517125075,1
864691135345235103,864691135526684763,1
864691135345235103,864691135526750299,1
864691135345242527,864691135516814803,1
864691135345271967,864691135526872667,1
864691135345542303,864691135518161034,1
864691135345581983,864691135518527626,1
864691135345633951,864691135518370698,1
864691135345648543,864691135518175882,1
864691135345771167,864691135516716499,2
864691135345771935,864691135519112586,1
864691135345796255,864691135518453642,1
864691135346094751,864691135518482899,1
864691135346169759,864691135526872667,2
864691135346171295,864691135526356827,1
864691135346180511,864691135526750299,1
864691135346692767,864691135516916691,1
864691135346692767,864691135526296667,2
864691135346887583,864691135520077450,1
864691135346887583,864691135520105610,1
864691135346962335,864691135518395274,1
864691135346962335,864691135520092810,1
864691135347037599,864691135520077450,1
864691135347037599,864691135526883419,1
864691135347593119,864691135518266323,1
864691135347849631,864691135517952906,5
864691135347849631,864691135518482899,2
864691135347849631,864691135520092810,1
864691135348281815,864691135518389130,1
864691135348282839,864691135518189706,1
864691135348291543,864691135526708315,1
864691135348295639,864691135518189706,1
864691135348298967,864691135516916691,3
864691135348301271,864691135526684763,1
864691135348301271,864691135526740315,1
864691135348336343,864691135520154250,1
864691135349080535,864691135526789723,1
864691135349178327,864691135518520531,1
864691135349272791,864691135520077450,1
864691135349301719,864691135526296667,1
864691135349302487,864691135517175763,1
864691135349302487,864691135518189706,1
864691135349311191,864691135518161034,2
864691135349588183,864691135526732635,1
864691135349982167,864691135520077450,1
864691135350400727,864691135526318171,1
864691135350474199,864691135526901851,1
864691135350482135,864691135519629194,1
864691135350542039,864691135518283475,1
864691135350542039,864691135526798939,1
864691135350960855,864691135526549851,1
864691135350977751,864691135517952906,2
864691135350977751,864691135526549851,1
864691135351220951,864691135516716499,2
864691135351266519,864691135518395274,1
864691135351291351,864691135518177930,1
864691135351291351,864691135519112586,1
864691135351291351,864691135519332234,2
864691135354891215,864691135526750299,1
864691135354891983,864691135516892115,2
864691135354910159,864691135519629194,1
864691135355457999,864691135520154250,1
864691135355461583,864691135520077450,1
864691135355473103,864691135526730587,1
864691135355473359,864691135526798939,1
864691135355568079,864691135517206739,1
864691135355739599,864691135516892115,1
864691135355749839,864691135516892115,2
864691135355766479,864691135519112586,1
864691135355908303,864691135516830931,1
864691135355913679,864691135518370698,1
864691135355923919,864691135518370698,1
864691135355989199,864691135526732635,1
864691135355997391,864691135516771027,1
864691135356087247,864691135519178378,1
864691135356400847,864691135519112586,2
864691135356563407,864691135519332234,1
864691135356622543,864691135526843227,1
864691135356708303,864691135520154250,1
864691135356708303,864691135522665924,1
864691135356765903,864691135516716499,1
864691135357078479,864691135518175882,1
864691135357084111,864691135526883419,1
864691135357283791,864691135517705939,1
864691135357283791,864691135519177610,1
864691135357427407,864691135518234506,1
864691135357429199,864691135518266323,5
864691135357517007,864691135520077450,1
864691135358810456,864691135520154250,1
864691135359278936,864691135518527626,1
864691135359411800,864691135522665924,1
864691135359425624,864691135516706259,1
864691135359571032,864691135516716499,1
864691135359628632,864691135518453642,1
864691135359803736,864691135526730587,1
864691135359807576,864691135526684763,2
864691135359817816,864691135518234506,1
864691135359945816,864691135516880595,1
864691135359945816,864691135517125075,3
864691135359945816,864691135526318171,2
864691135360037720,864691135518626954,1
864691135360037720,864691135526735707,1
864691135360100423,864691135518293898,1
864691135360108615,864691135518626954,1
864691135360111175,864691135526750299,1
864691135360116039,864691135516916691,1
864691135360126791,864691135526732635,1
864691135360127559,864691135518389130,2
864691135360128839,864691135526789723,1
864691135360142407,864691135518954634,1
864691135360149319,864691135526703451,1
864691135360152135,864691135526732635,1
864691135360153159,864691135518189706,1
864691135360168775,864691135518954634,2
864691135360346200,864691135520092810,1
864691135360434247,864691135516706259,1
864691135360434247,864691135526872667,2
864691135360454983,864691135517175763,1
864691135360494680,864691135519112586,1
864691135360620615,864691135520092810,1
864691135360737112,864691135518177930,4
864691135360737112,864691135518370698,1
864691135360737112,864691135526407515,1
864691135360810567,864691135526872667,1
864691135360885575,864691135516778707,1
864691135360959303,864691135526556763,1
864691135361009991,864691135524528882,1
864691135361052999,864691135518346634,1
864691135361067847,864691135518954634,2
864691135361078855,864691135517175763,1
864691135361083975,864691135516883667,1
864691135361096007,864691135517741194,1
864691135361199192,864691135517705939,3
864691135361199192,864691135518283475,1
864691135361199192,864691135519468170,3
864691135361199192,864691135526798939,1
864691135361199192,864691135526892891,1
864691135361199192,864691135526901851,1
864691135361206104,864691135516771027,1
864691135361231448,864691135518283475,1
864691135361231448,864691135518368394,1
864691135361231448,864691135519332234,1
864691135362019143,864691135519112586,2
864691135362019143,864691135520077450,3
864691135362104647,864691135520154250,2
864691135362209863,864691135526843227,1
864691135362438983,864691135526883419,1
864691135362528583,864691135518482899,5
864691135362528583,864691135519332234,9
864691135364662770,864691135516889299,1
864691135366922233,864691135517818506,1
864691135366932985,864691135516892115,1
864691135366936825,864691135516716499,1
864691135366936825,864691135516827347,1
864691135366936825,864691135518368394,1
864691135366936825,864691135526556763,3
864691135366941689,864691135519629194,1
864691135366944505,864691135517952906,2
864691135366947065,864691135518482899,1
864691135366962425,864691135526789723,1
864691135366963193,864691135526730587,1
864691135366993401,864691135516892115,1
864691135366993401,864691135518355082,1
864691135366993401,864691135519629194,1
864691135367006969,864691135518626954,1
864691135367013369,864691135526318171,1
864691135367436537,864691135518453642,1
864691135367442937,864691135516892115,2
864691135367820793,864691135516892115,2
864691135367830521,864691135526708315,1
864691135367890425,864691135516883667,1
864691135367890425,864691135526708315,1
864691135367924729,864691135519629194,1
864691135368193273,864691135520077450,1
864691135368269049,864691135517818506,1
864691135368287993,864691135526556763,1
864691135368401145,864691135516716499,1
864691135368425209,864691135518626954,1
864691135368425209,864691135526750299,1
864691135368655609,864691135518283475,1
864691135368760313,864691135517952906,1
864691135368860409,864691135519332234,1
864691135368860409,864691135520105610,1
864691135368901625,864691135526883419,3
864691135368950521,864691135519332234,1
864691135368950521,864691135520105610,1
864691135369049593,864691135526883419,1
864691135369388537,864691135526883419,1
864691135369430009,864691135516916691,1
864691135369500153,864691135526850395,1
864691135369616377,864691135517952906,1
864691135369713913,864691135518283475,1
864691135369764601,864691135520077450,1
864691135373397192,864691135518284938,1
864691135373397192,864691135518626954,1
864691135373672521,864691135526750299,1
864691135373673033,864691135518527626,1
864691135373682376,864691135520077450,3
864691135373687113,864691135518527626,1
864691135373691465,864691135517175763,1
864691135373691465,864691135518189706,1
864691135373703753,864691135518266323,1
864691135373727561,864691135517125075,1
864691135373729609,864691135518266323,1
864691135373753417,864691135526730587,4
864691135373753417,864691135526789723,1
864691135373776584,864691135526296667,1
864691135373804488,864691135526901851,1
864691135373889992,864691135518284938,1
864691135373995720,864691135516814803,1
864691135374020552,864691135526750299,1
864691135374121545,864691135526798939,1
864691135374184521,864691135526750299,1
864691135374296776,864691135516892115,2
864691135374300104,864691135518293898,2
864691135374300104,864691135526695771,2
864691135374343880,864691135516892115,1
864691135374389065,864691135518164106,1
864691135374398537,864691135524528882,1
864691135374442184,864691135526730587,1
864691135374450376,864691135516892115,1
864691135374455496,864691135518177930,4
864691135374456008,864691135517869962,1
864691135374456008,864691135520035722,2
864691135374456008,864691135526850395,2
864691135374457288,864691135518189706,1
864691135374457288,864691135518247306,1
864691135374469449,864691135526730587,1
864691135374493257,864691135518363018,1
864691135374602313,864691135526892891,1
864691135374619465,864691135526042715,1
864691135374685384,864691135517125075,1
864691135374711113,864691135518247306,2
864691135375089993,864691135517952906,1
864691135375135561,864691135519112586,1
864691135375135561,864691135519468170,1
864691135375358664,864691135526883419,1
864691135375430985,864691135518234506,1
864691135375430985,864691135518395274,1
864691135375430985,864691135518482899,2
864691135375430985,864691135526892891,2
864691135375473993,864691135516916691,3
864691135375473993,864691135525389042,1
864691135375749961,864691135519629194,1
864691135375882696,864691135516827347,1
864691135375893321,864691135518370698,1
864691135375956424,864691135519332234,3
864691135375975880,864691135517206739,4
864691135375975880,864691135520077450,1
864691135375986376,864691135518368394,1
864691135376001097,864691135526850395,2
864691135376057032,864691135526042715,1
864691135376120393,864691135519178378,1
864691135376151625,864691135518954634,1
864691135376399689,864691135517705939,1
864691135376399689,864691135518283475,3
864691135376399689,864691135518374538,1
864691135376399689,864691135518395274,3
864691135376399689,864691135519177610,5
864691135376413001,864691135518234506,1
864691135376413001,864691135518482899,1
864691135376429897,864691135526883419,1
864691135376453193,864691135519112586,1
864691135376567369,864691135518370698,1
864691135376567369,864691135519112586,1
864691135376567369,864691135519332234,1
864691135379650034,864691135519112586,1
864691135379650034,864691135526407515,2
864691135382480346,864691135526732635,1
864691135382480346,864691135526789723,1
864691135382501082,864691135526556763,2
864691135382502618,864691135516780243,1
864691135382590938,864691135520154250,1
864691135382590938,864691135526703451,1
864691135382912730,864691135516892115,1
864691135382912730,864691135518355082,1
864691135382915563,864691135519112586,4
864691135382922219,864691135517741194,2
864691135382922219,864691135526556763,4
864691135382928363,864691135518626954,1
864691135382942682,864691135516916691,2
864691135382942682,864691135518453642,3
864691135382942682,864691135526843227,3
864691135382949338,864691135526296667,1
864691135382955994,864691135526843227,2
864691135382957530,864691135518177930,1
864691135382977498,864691135517833354,1
864691135383231467,864691135519112586,1
864691135383283947,864691135518520531,1
864691135383288282,864691135516814803,1
864691135383296235,864691135516830931,1
864691135383354074,864691135526901851,1
864691135383422170,864691135518453642,2
864691135383435482,864691135520092810,1
864691135383484634,864691135520077450,1
864691135383494362,864691135517125075,1
864691135383710187,864691135516716499,6
864691135383719403,864691135526407515,1
864691135383850987,864691135526789723,1
864691135384118251,864691135519112586,1
864691135384217050,864691135516892115,1
864691135384391130,864691135519629194,1
864691135384450522,864691135519112586,1
864691135384465138,864691135518363018,1
864691135384465138,864691135526042715,1
864691135384587738,864691135517952906,1
864691135384713690,864691135516883667,1
864691135384926426,864691135520154250,1
864691135384950234,864691135519468170,1
864691135385020122,864691135518283475,1
864691135385061611,864691135516889299,2
864691135385126379,864691135518395274,2
864691135385126379,864691135518482899,2
864691135385200213,864691135526296667,1
864691135385226325,864691135516813011,2
864691135385249877,864691135518175882,3
864691135385251413,864691135526556763,1
864691135385254229,864691135526703451,1
864691135385258325,864691135518954634,1
864691135385258325,864691135526684763,1
864691135385289301,864691135518266323,1
864691135385307989,864691135516830931,1
864691135385307989,864691135526789723,1
864691135385346539,864691135518363018,1
864691135385346539,864691135518520531,1
864691135385346539,864691135520092810,1
864691135385346539,864691135526892891,2
864691135385346901,864691135526901851,1
864691135385355861,864691135522665924,1
864691135385363541,864691135526730587,1
864691135385375723,864691135518520531,2
864691135385683285,864691135518234506,1
864691135385759061,864691135517340554,1
864691135385768533,864691135518153866,1
864691135385812821,864691135518150538,1
864691135386057301,864691135517869962,1
864691135386057301,864691135519468170,1
864691135386057301,864691135520035722,1
864691135386257237,864691135518527626,1
864691135386257237,864691135526750299,1
864691135386350977,864691135517818506,4
864691135386350977,864691135526789723,1
864691135386355329,864691135516771027,1
864691135386368641,864691135526892891,1
864691135386371713,864691135526789723,1
864691135386381653,864691135516892115,1
864691135386382677,864691135516716499,1
864691135386402433,864691135526732635,1
864691135386472277,864691135520092810,1
864691135386498433,864691135526296667,2
864691135386872449,864691135518370698,1
864691135386872449,864691135519112586,1
864691135386872449,864691135526798939,1
864691135386873217,864691135518211466,1
864691135386899029,864691135519112586,1
864691135386904961,864691135520154250,1
864691135387028609,864691135518164106,1
864691135387028609,864691135518527626,1
864691135387044737,864691135520105610,1
864691135387181141,864691135518234506,1
864691135387216469,864691135518150538,1
864691135387528321,864691135526798939,1
864691135387529301,864691135518242186,1
864691135387529301,864691135518266323,2
864691135387529301,864691135518283475,2
864691135387557973,864691135518283475,2
864691135387557973,864691135518293898,1
864691135387557973,864691135519178378,1
864691135387557973,864691135526901851,1
864691135387573633,864691135526730587,1
864691135387604821,864691135516813011,1
864691135387614849,864691135526730587,2
864691135387632257,864691135516892115,1
864691135387632257,864691135526708315,1
864691135387634561,864691135526356827,1
864691135387736961,864691135519177610,2
864691135387753601,864691135520154250,1
864691135387794817,864691135518482899,1
864691135387916629,864691135517705939,1
864691135388015445,864691135519112586,1
864691135388015445,864691135520154250,1
864691135388068181,864691135517869962,1
864691135388189825,864691135519112586,1
864691135388396161,864691135518355082,1
864691135388660865,864691135520154250,1
864691135388961665,864691135519177610,8
864691135389004929,864691135520154250,1
864691135389225857,864691135518363018,1
864691135389231233,864691135518283475,1
864691135389231233,864691135520105610,1
864691135389273217,864691135526703451,2
864691135389296769,864691135518395274,2
864691135389296769,864691135518482899,2
864691135389296769,864691135526892891,2
864691135393950709,864691135518626954,2
864691135393980405,864691135516830931,2
864691135393982965,864691135516916691,1
864691135393997813,864691135518175882,1
864691135394392565,864691135526549851,1
864691135394438645,864691135518626954,1
864691135394438645,864691135524528882,1
864691135394715381,864691135516830931,1
864691135394959349,864691135526798939,1
864691135394966005,864691135516771027,1
864691135394967797,864691135518189706,1
864691135394967797,864691135518453642,1
864691135394969333,864691135526843227,1
864691135394972149,864691135526732635,1
864691135394972405,864691135526750299,2
864691135394982133,864691135516706259,1
864691135394982133,864691135516813011,1
864691135394982133,864691135518164106,5
864691135394982133,864691135518527626,6
864691135394982133,864691135526789723,1
864691135395410677,864691135518293898,2
864691135395410677,864691135526695771,1
864691135395515125,864691135526296667,1
864691135395740405,864691135519177610,1
864691135395740405,864691135526798939,1
864691135395957493,864691135517705939,2
864691135395957493,864691135518520531,1
864691135395957493,864691135519112586,1
864691135395957493,864691135526798939,6
864691135396001781,864691135526798939,1
864691135396342517,864691135516814803,7
864691135396342517,864691135516880595,1
864691135396342517,864691135517125075,4
864691135396342517,864691135525389042,6
864691135396362273,864691135516813011,1
864691135396372769,864691135520154250,1
864691135396373237,864691135518954634,1
864691135396381729,864691135517337738,1
864691135396701429,864691135519178378,2
864691135396702753,864691135516830931,3
864691135396702753,864691135517340554,1
864691135396717857,864691135518234506,1
864691135396720161,864691135518161034,1
864691135396724725,864691135526883419,1
864691135396794101,864691135518177930,1
864691135396821281,864691135516814803,1
864691135396843809,864691135518520531,1
864691135396843809,864691135519177610,2
864691135396940021,864691135526042715,1
864691135397098273,864691135518164106,1
864691135397171745,864691135517705939,1
864691135397188641,864691135516817619,1
864691135397370657,864691135526684763,1
864691135397419041,864691135526703451,1
864691135397464865,864691135520035722,1
864691135397579553,864691135517125075,1
864691135397579553,864691135525389042,1
864691135397629729,864691135526883419,1
864691135397868321,864691135517705939,1
864691135397868321,864691135518395274,1
864691135398868257,864691135526735707,1
864691135398941217,864691135520035722,1
864691135398955809,864691135517952906,1
864691135398955809,864691135518234506,1
864691135398955809,864691135518283475,1
864691135398955809,864691135526892891,3
864691135398968097,864691135518482899,1
864691135398987297,864691135518374538,1
864691135403712494,864691135520154250,1
864691135403712494,864691135522665924,1
864691135403726830,864691135520154250,1
864691135403727854,864691135517175763,1
864691135403742958,864691135517818506,1
864691135403742958,864691135526789723,1
864691135403760878,864691135516706259,1
864691135403767534,864691135519332234,1
864691135403770350,864691135526296667,1
864691135403772654,864691135518175882,1
864691135403780846,864691135516780243,1
864691135403787246,864691135526703451,1
864691135403887086,864691135517818506,2
864691135403989486,864691135517818506,1
864691135403991790,864691135520035722,1
864691135404387054,864691135518453642,1
864691135404551918,864691135520092810,1
864691135404606446,864691135524528882,1
864691135404644846,864691135518189706,1
864691135404851182,864691135517869962,1
864691135405071086,864691135517125075,1
864691135405071086,864691135526556763,1
864691135405304302,864691135518177930,1
864691135405425646,864691135526318171,1
864691135405480430,864691135518370698,2
864691135405794030,864691135518370698,1
864691135405920238,864691135517952906,1
864691135407259593,864691135516916691,1
864691135407553737,864691135516830931,2
864691135407559625,864691135516892115,1
864691135407712201,864691135516780243,1
864691135407954121,864691135524528882,1
864691135408015305,864691135526883419,1
864691135408198601,864691135526874971,1
864691135408209353,864691135516830931,3
864691135408445641,864691135518355082,1
864691135408494537,864691135518189706,2
864691135408641737,864691135526843227,1
864691135408839625,864691135519112586,1
864691135408921033,864691135520077450,1
864691135409147337,864691135516889299,1
864691135409229001,864691135522665924,1
864691135409523401,864691135516827347,2
864691135409523401,864691135518211466,1
864691135409523401,864691135518363018,1
864691135409554121,864691135518368394,1
864691135409554121,864691135526318171,1
864691135409554121,864691135526735707,1
864691135409554121,864691135526874971,1
864691135409739465,864691135518374538,1
864691135409856713,864691135517869962,1
864691135409856713,864691135518283475,11
864691135409856713,864691135518374538,1
864691135410045897,864691135518256010,2
864691135410077897,864691135516880595,2
864691135410077897,864691135526318171,2
864691135410077897,864691135526735707,1
864691135410116041,864691135516716499,1
864691135410116041,864691135519177610,2
864691135410116041,864691135526549851,1
864691135410137545,864691135518283475,4
864691135410186441,864691135518374538,1
864691135410186441,864691135519468170,3
864691135410186441,864691135526549851,1
864691135415498682,864691135518283475,1
864691135415498682,864691135520105610,1
864691135415505338,864691135526730587,1
864691135415928762,864691135516771027,1
864691135415928762,864691135518395274,1
864691135415928762,864691135518482899,1
864691135415989178,864691135526732635,2
864691135415989178,864691135526843227,1
864691135416372666,864691135518453642,1
864691135416375226,864691135517952906,1
864691135416556474,864691135526798939,1
864691135416578746,864691135516892115,1
864691135417189306,864691135518284938,1
864691135417253306,864691135519332234,1
864691135417286842,864691135517818506,1
864691135417406650,864691135516827347,2
864691135417406650,864691135517741194,1
864691135417443514,864691135517952906,1
864691135417443514,864691135518234506,1
864691135417478842,864691135516827347,1
864691135417478842,864691135518283475,1
864691135417564346,864691135526296667,1
864691135417784506,864691135516892115,1
864691135417830330,864691135517952906,1
864691135417847994,864691135518175882,1
864691135417847994,864691135518370698,1
864691135418002874,864691135518247306,1
864691135418002874,864691135526296667,10
864691135418240698,864691135517705939,16
864691135418240698,864691135518370698,1
864691135418240698,864691135519177610,7
864691135418240698,864691135520105610,1
864691135418240698,864691135526798939,4
864691135418355130,864691135520077450,2
864691135418399418,864691135516827347,1
864691135418399418,864691135518283475,2
864691135418399418,864691135526556763,1
864691135418449850,864691135517705939,1
864691135418449850,864691135518283475,2
864691135428515888,864691135518395274,1
864691135428771632,864691135518395274,1
864691135429279792,864691135526708315,1
864691135429361200,864691135520077450,1
864691135429487664,864691135516892115,2
864691135429564208,864691135526750299,1
864691135429583152,864691135516771027,1
864691135429585712,864691135526732635,1
864691135429593648,864691135517741194,1
864691135429597232,864691135516814803,6
864691135429597232,864691135516880595,1
864691135429597232,864691135517125075,6
864691135429597232,864691135525389042,3
864691135429601584,864691135517818506,1
864691135429612592,864691135526843227,1
864691135429753904,864691135526730587,1
864691135429774640,864691135516830931,1
864691135429912112,864691135520077450,1
864691135430004016,864691135517125075,1
864691135430038064,864691135518234506,1
864691135430038064,864691135518395274,1
864691135430122800,864691135526883419,1
864691135430169648,864691135518370698,1
864691135430169648,864691135520077450,1
864691135430204720,864691135519112586,1
864691135430346544,864691135518374538,1
864691135430747184,864691135517741194,1
864691135430834736,864691135519332234,2
864691135430834736,864691135520077450,1
864691135430923824,864691135517869962,1
864691135431109168,864691135520154250,1
864691135431288112,864691135518177930,2
864691135431456816,864691135518242186,4
864691135431456816,864691135526549851,2
864691135431579440,864691135522665924,1
864691135431675696,864691135520105610,1
864691135431677744,864691135517952906,8
864691135431677744,864691135518395274,1
864691135431677744,864691135520092810,2
864691135431794224,864691135520092810,1
864691135431870256,864691135517206739,1
864691135431870256,864691135518266323,1
864691135431870256,864691135519112586,1
864691135431870256,864691135520077450,3
864691135431870256,864691135520105610,2
864691135431870256,864691135526850395,1
864691135431931184,864691135518482899,1
864691135431931184,864691135519177610,1
864691135431931184,864691135526901851,4
864691135431976496,864691135519112586,3
864691135431976496,864691135526883419,1
864691135431993904,864691135518177930,7
864691135431993904,864691135518370698,1
864691135431993904,864691135518520531,1
864691135431993904,864691135519112586,1
864691135431993904,864691135519332234,4
864691135431993904,864691135520105610,3
864691135431993904,864691135526883419,1
864691135440458056,864691135518626954,1
864691135440463176,864691135517125075,1
864691135440463176,864691135526684763,1
864691135440473160,864691135516830931,1
864691135440483400,864691135517339786,1
864691135440510280,864691135517175763,1
864691135440741960,864691135516771027,1
864691135440741960,864691135518161034,1
864691135440741960,864691135518520531,1
864691135440744264,864691135516892115,1
864691135440776776,864691135520077450,1
864691135441377352,864691135519177610,1
864691135441410376,864691135526730587,1
864691135441440584,864691135520092810,1
864691135441476936,864691135518284938,1
864691135441477960,864691135526892891,1
864691135441579336,864691135526843227,1
864691135441585224,864691135516830931,1
864691135441764424,864691135519178378,1
864691135441778504,864691135517705939,1
864691135441778504,864691135518370698,2
864691135441778504,864691135519177610,1
864691135441787208,864691135519178378,2
864691135441787208,864691135526883419,5
864691135441788488,864691135526730587,1
864691135441796936,864691135520154250,1
864691135441988424,864691135519112586,1
864691135441988424,864691135526798939,1
864691135442044744,864691135518626954,1
864691135442209096,864691135519112586,1
864691135442392136,864691135517206739,1
864691135442591048,864691135519112586,1
864691135442682696,864691135516814803,4
864691135442682696,864691135526843227,1
864691135442754376,864691135518266323,1
864691135442839112,864691135518374538,1
864691135442839112,864691135519468170,2
864691135442839112,864691135520077450,6
864691135442839112,864691135520092810,2
864691135442839112,864691135520105610,1
864691135442902856,864691135520092810,1
864691135445533842,864691135526872667,1
864691135445638546,864691135518626954,1
864691135445638546,864691135526750299,1
864691135445890706,864691135526684763,1
864691135445912978,864691135526789723,1
864691135446131090,864691135518527626,1
864691135446320274,864691135518453642,1
864691135446349202,864691135518346634,1
864691135446379154,864691135518284938,1
864691135446400146,864691135517818506,1
864691135446421138,864691135526042715,1
864691135446494610,864691135518293898,1
864691135446494610,864691135526695771,1
864691135446610516,864691135520077450,1
864691135446645588,864691135516830931,1
864691135446785426,864691135526892891,1
864691135446808722,864691135517125075,3
864691135446808722,864691135518828426,1
864691135446808722,864691135526843227,1
864691135446837138,864691135518234506,1
864691135446857618,864691135520105610,1
864691135446939476,864691135518189706,1
864691135446953556,864691135526296667,1
864691135447085970,864691135518368394,1
864691135447145874,864691135518395274,1
864691135447179154,864691135516827347,1
864691135447321490,864691135516827347,1
864691135447321490,864691135518346634,3
864691135447402068,864691135518389130,1
864691135447402068,864691135526730587,1
864691135447592532,864691135526556763,1
864691135447686996,864691135516827347,1
864691135447686996,864691135518211466,2
864691135447806036,864691135518828426,1
864691135447924820,864691135526892891,1
864691135447993746,864691135520077450,3
864691135447993746,864691135520105610,1
864691135448069106,864691135516892115,2
864691135448149588,864691135517705939,1
864691135448149588,864691135520077450,1
864691135448149588,864691135526883419,1
864691135448165010,864691135518374538,1
864691135448256146,864691135518520531,1
864691135448335956,864691135520077450,2
864691135448394898,864691135519112586,1
864691135448520276,864691135519112586,2
864691135448520276,864691135526883419,1
864691135448581460,864691135526798939,1
864691135448701268,864691135518482899,1
864691135448834132,864691135519332234,2
864691135448834132,864691135520077450,1
864691135448834132,864691135520092810,1
864691135448846676,864691135517952906,1
864691135454062698,864691135517340554,1
864691135454067562,864691135524528882,1
864691135454077290,864691135516706259,1
864691135454458986,864691135526356827,1
864691135454799722,864691135526735707,1
864691135454844010,864691135518370698,1
864691135454983530,864691135519112586,1
864691135455051114,864691135526843227,1
864691135455218026,864691135516817619,2
864691135455218026,864691135518346634,1
864691135455218026,864691135526703451,2
864691135455219818,864691135516830931,1
864691135455266410,864691135518150538,1
864691135455486826,864691135518234506,1
864691135455689578,864691135518395274,1
864691135455819114,864691135518266323,1
864691135455823978,864691135516892115,2
864691135456054212,864691135516916691,1
864691135456054212,864691135517340554,2
864691135456054212,864691135518453642,2
864691135456054212,864691135526296667,1
864691135456087146,864691135516892115,2
864691135456095082,864691135518177930,1
864691135456095082,864691135519112586,2
864691135456207722,864691135518283475,1
864691135456207722,864691135520154250,1
864691135456472938,864691135519178378,1
864691135456535658,864691135518266323,1
864691135456535658,864691135519468170,1
864691135456535658,864691135520077450,6
864691135456535658,864691135520105610,2
864691135456643434,864691135518283475,1
864691135456714090,864691135519332234,1
864691135456839018,864691135518234506,1
864691135456873578,864691135520077450,2
864691135456920938,864691135520092810,3
864691135458321707,864691135517869962,1
864691135459719108,864691135516706259,1
864691135459719108,864691135518453642,1
864691135462268573,864691135518189706,1
864691135462707518,864691135518247306,1
864691135462716317,864691135516706259,1
864691135462730302,864691135516883667,1
864691135462731070,864691135516892115,1
864691135462749246,864691135516880595,2
864691135462749246,864691135518368394,1
864691135462749246,864691135526318171,2
864691135462749246,864691135526556763,1
864691135462749246,864691135526735707,2
864691135462786366,864691135516706259,1
864691135462857117,864691135526750299,1
864691135462943806,864691135526703451,1
864691135462999870,864691135516880595,1
864691135462999870,864691135518256010,1
864691135462999870,864691135526549851,4
864691135463007550,864691135516892115,1
864691135463063965,864691135526296667,1
864691135463211677,864691135526892891,1
864691135463242909,864691135516814803,1
864691135463406237,864691135518150538,1
864691135463407005,864691135516813011,1
864691135463407005,864691135517175763,1
864691135463500613,864691135516771027,1
864691135463519301,864691135517340554,1
864691135463521093,864691135518370698,1
864691135463521861,864691135516889299,1
864691135463546686,864691135526703451,2
864691135463606846,864691135519112586,2
864691135463653438,864691135519112586,3
864691135463653438,864691135526883419,2
864691135463654045,864691135516892115,1
864691135463677502,864691135516892115,1
864691135463696446,864691135518242186,1
864691135463696446,864691135526549851,4
864691135463696958,864691135526556763,1
864691135463696958,864691135526735707,1
864691135463801284,864691135516706259,2
864691135463805758,864691135526732635,1
864691135463881790,864691135519112586,1
864691135463945541,864691135520077450,1
864691135463950910,864691135526883419,1
864691135464076701,864691135526874971,2
864691135464199237,864691135526750299,1
864691135464268869,864691135517337738,1
864691135464302493,864691135518954634,1
864691135464333893,864691135516778707,1
864691135464363333,864691135526750299,1
864691135464378693,864691135516892115,1
864691135464463173,864691135517125075,1
864691135464465477,864691135517705939,1
864691135464471965,864691135517952906,2
864691135464471965,864691135518395274,2
864691135464471965,864691135526901851,1
864691135464593470,864691135518161034,2
864691135464593470,864691135526109531,1
864691135464740677,864691135526843227,1
864691135464789310,864691135519112586,3
864691135464796222,864691135520077450,3
864691135464796222,864691135524528882,1
864691135464921406,864691135518256010,1
864691135464921406,864691135519468170,1
864691135464921406,864691135520077450,1
864691135464921406,864691135526318171,2
864691135464969790,864691135520105610,1
864691135464981061,864691135517705939,1
864691135464995134,864691135518266323,1
864691135465036350,864691135519112586,1
864691135465036350,864691135526883419,3
864691135465065022,864691135516827347,1
864691135465098141,864691135517705939,1
864691135465142429,864691135517206739,1
864691135465142429,864691135519178378,1
864691135465194141,864691135519112586,1
864691135465220926,864691135518626954,1
864691135465546309,864691135519629194,1
864691135465880901,864691135517952906,1
864691135466243397,864691135517952906,2
864691135466405957,864691135517952906,2
864691135466405957,864691135518395274,1
864691135466405957,864691135519468170,1
864691135466420037,864691135518177930,1
864691135466440261,864691135518482899,2
864691135467539340,864691135519629194,1
864691135467540108,864691135517125075,1
864691135467573132,864691135518954634,1
864691135467990668,864691135516916691,1
864691135468022156,864691135516916691,1
864691135468028556,864691135526730587,1
864691135468061068,864691135518189706,1
864691135468302220,864691135526874971,1
864691135468359820,864691135516892115,1
864691135468385106,864691135518389130,2
864691135468400722,864691135518954634,1
864691135468408402,864691135526296667,2
864691135468477580,864691135526750299,2
864691135468503634,864691135518175882,1
864691135468508812,864691135516892115,1
864691135468519250,864691135516892115,1
864691135468519564,864691135526750299,1
864691135468527244,864691135516771027,1
864691135468553868,864691135517818506,1
864691135468655500,864691135520035722,1
864691135468661644,864691135518370698,1
864691135468706700,864691135518363018,3
864691135468880722,864691135526730587,1
864691135468948364,864691135517741194,1
864691135468948364,864691135518256010,1
864691135468948364,864691135518346634,1
864691135468948364,864691135526549851,2
864691135469071954,864691135516880595,1
864691135469077330,864691135516830931,1
864691135469083730,864691135526730587,1
864691135469089362,864691135519112586,1
864691135469258578,864691135516814803,1
864691135469527122,864691135519177610,5
864691135469552978,864691135518626954,1
864691135469566802,864691135519112586,5
864691135469602386,864691135526892891,1
864691135469679442,864691135526843227,1
864691135469802124,864691135517952906,1
864691135469802124,864691135518293898,3
864691135469802124,864691135526695771,1
864691135469895308,864691135519177610,1
864691135469895308,864691135520077450,2
864691135469895308,864691135520154250,5
864691135469922444,864691135518189706,1
864691135470061394,864691135518626954,1
864691135470061394,864691135526684763,1
864691135470700626,864691135518175882,1
864691135470717522,864691135517206739,1
864691135470776146,864691135526695771,1
864691135470804050,864691135518482899,1
864691135470820946,864691135517125075,1
864691135470820946,864691135518626954,5
864691135470820946,864691135518954634,1
864691135470820946,864691135524528882,2
864691135470833746,864691135526901851,1
864691135470966354,864691135517206739,1
864691135472017970,864691135516892115,1
864691135472036146,864691135526703451,1
864691135472044850,864691135526730587,1
864691135472056882,864691135518175882,2
864691135472064050,864691135518363018,1
864691135472072242,864691135517125075,3
864691135472072242,864691135525389042,1
864691135472074034,864691135516830931,2
864691135472338482,864691135526750299,1
864691135472470578,864691135526730587,2
864691135472807474,864691135526296667,3
864691135472825394,864691135518527626,3
864691135472973618,864691135517741194,1
864691135472976434,864691135517125075,1
864691135472988978,864691135526684763,2
864691135472995890,864691135518161034,1
864691135472997682,864691135518346634,1
864691135473014980,864691135518164106,1
864691135473351218,864691135518370698,1
864691135473417010,864691135526703451,1
864691135473444658,864691135517125075,1
864691135473739314,864691135526407515,1
864691135474120242,864691135518177930,1
864691135474312754,864691135518177930,1
864691135474312754,864691135518370698,1
864691135474312754,864691135519112586,1
864691135474312754,864691135520105610,1
864691135474312754,864691135526798939,2
864691135474341426,864691135517705939,1
864691135474394930,864691135526901851,2
864691135474609728,864691135526843227,1
864691135474609984,864691135516771027,2
864691135474609984,864691135516883667,1
864691135474610752,864691135516830931,1
864691135474623040,864691135526684763,1
864691135474632256,864691135520105610,1
864691135474641202,864691135519332234,1
864691135474671936,864691135516706259,1
864691135474702912,864691135518175882,1
864691135474716736,864691135516813011,1
864691135474729280,864691135526730587,1
864691135474732608,864691135517175763,1
864691135474771264,864691135525389042,1
864691135474771264,864691135526750299,2
864691135474779634,864691135516892115,1
864691135474954816,864691135518363018,1
864691135475071552,864691135526732635,1
864691135475083584,864691135518161034,1
864691135475118912,864691135517705939,1
864691135475126848,864691135526874971,1
864691135475147072,864691135526708315,1
864691135475545152,864691135526843227,2
864691135475591232,864691135518954634,2
864691135475622208,864691135519177610,1
864691135475682112,864691135526843227,1
864691135475698240,864691135517818506,2
864691135475753024,864691135517869962,1
864691135475914304,864691135517175763,1
864691135475914560,864691135526703451,1
864691135475995968,864691135516814803,2
864691135475995968,864691135516916691,4
864691135475995968,864691135517125075,1
864691135475995968,864691135525389042,4
864691135475995968,864691135526735707,1
864691135476170664,864691135518355082,1
864691135476390312,864691135526732635,1
864691135476393792,864691135518211466,1
864691135476431680,864691135526901851,1
864691135476493480,864691135516916691,1
864691135476499264,864691135518293898,2
864691135476523840,864691135520035722,1
864691135476523840,864691135526850395,1
864691135476561320,864691135517705939,1
864691135476566696,864691135516916691,4
864691135476566696,864691135526296667,1
864691135476574376,864691135518150538,3
864691135476584512,864691135518520531,1
864691135476604992,864691135522665924,1
864691135476666688,864691135520077450,1
864691135476737704,864691135517125075,1
864691135476805544,864691135516916691,1
864691135476820904,864691135518482899,1
864691135476860328,864691135516813011,1
864691135476968000,864691135516880595,1
864691135476968000,864691135518256010,3
864691135476968000,864691135520077450,2
864691135476968000,864691135526318171,2
864691135476968000,864691135526850395,3
864691135477000616,864691135516892115,1
864691135477013928,864691135526695771,1
864691135477034920,864691135526843227,2
864691135477167016,864691135524528882,1
864691135477177000,864691135517705939,1
864691135477177000,864691135519177610,1
864691135477338792,864691135526703451,1
864691135477375808,864691135519112586,1
864691135477375808,864691135520077450,1
864691135477442880,864691135519112586,1
864691135477460544,864691135518368394,2
864691135477460544,864691135526556763,1
864691135477460544,864691135526874971,1
864691135477474624,864691135520105610,1
864691135477476928,864691135520077450,1
864691135477476928,864691135526750299,2
864691135477477952,864691135518234506,1
864691135477490496,864691135526549851,1
864691135477491368,864691135516716499,1
864691135477530176,864691135520077450,1
864691135477568168,864691135518374538,1
864691135477976744,864691135518161034,3
864691135477976744,864691135518355082,1
864691135478171048,864691135517705939,1
864691135478171048,864691135518256010,1
864691135478171048,864691135518370698,2
864691135478171048,864691135519177610,8
864691135478171048,864691135519468170,1
864691135478175656,864691135518242186,9
864691135478175656,864691135518256010,1
864691135478175656,864691135526549851,8
864691135478189480,864691135526883419,1
864691135478254248,864691135520077450,1
864691135478255558,864691135520077450,1
864691135478267590,864691135520077450,2
864691135478268840,864691135518242186,2
864691135478268840,864691135520077450,2
864691135478284456,864691135518234506,1
864691135478285766,864691135519629194,1
864691135478285766,864691135526883419,1
864691135478307526,864691135518189706,1
864691135478326952,864691135520077450,2
864691135478404520,864691135517952906,1
864691135478433192,864691135518283475,1
864691135478435782,864691135526883419,1
864691135478492840,864691135520092810,1
864691135478594728,864691135519112586,1
864691135478625448,864691135520077450,1
864691135479148486,864691135518453642,1
864691135479154630,864691135516716499,1
864691135479244486,864691135518177930,1
864691135479248582,864691135526296667,1
864691135479258054,864691135518189706,2
864691135479440070,864691135526296667,1
864691135479709638,864691135518520531,1
864691135480002502,864691135520092810,1
864691135480002502,864691135526892891,1
864691135480152262,864691135516716499,1
864691135480172742,864691135520154250,2
864691135480311494,864691135519112586,1
864691135480378054,864691135520154250,1
864691135480537542,864691135519112586,3
864691135480537542,864691135520105610,1
864691135480537542,864691135526883419,1
864691135480553414,864691135517340554,1
864691135480553414,864691135518453642,1
864691135480553414,864691135526296667,3
864691135480553414,864691135526843227,5
864691135480592838,864691135518954634,1
864691135480678086,864691135516716499,1
864691135480678086,864691135526874971,1
864691135480725190,864691135518189706,1
864691135480889542,864691135518482899,1
864691135481144518,864691135516916691,1
864691135481144518,864691135526843227,2
864691135485627076,864691135518247306,1
864691135488282426,864691135516778707,1
864691135489115962,864691135518482899,1
864691135489177658,864691135518164106,1
864691135489343802,864691135518211466,1
864691135489467194,864691135520077450,4
864691135489467194,864691135526318171,1
864691135489467194,864691135526850395,1
864691135489594682,864691135518346634,1
864691135489836346,864691135516916691,1
864691135489943354,864691135518357642,1
864691135489968954,864691135518482899,1
864691135490054202,864691135516892115,2
864691135490054202,864691135518234506,4
864691135490054202,864691135519629194,1
864691135490110266,864691135516830931,1
864691135490110266,864691135526732635,2
864691135490208058,864691135518234506,1
864691135490213479,864691135517125075,1
864691135490230375,864691135526843227,1
864691135490461754,864691135519332234,1
864691135490461754,864691135519468170,1
864691135490515047,864691135522665924,1
864691135490552378,864691135516827347,1
864691135490552378,864691135518283475,2
864691135490552378,864691135518293898,1
864691135490562151,864691135526732635,1
864691135490584634,864691135518374538,1
864691135490588986,864691135517705939,1
864691135490588986,864691135518370698,4
864691135490588986,864691135519112586,2
864691135490588986,864691135519468170,1
864691135490588986,864691135520077450,2
864691135490588986,864691135520105610,7
864691135490589799,864691135518153866,1
864691135490589799,864691135526296667,1
864691135490593127,864691135516892115,1
864691135490593767,864691135526883419,1
864691135490596071,864691135516892115,1
864691135490597607,864691135518453642,1
864691135490597607,864691135526296667,1
864691135490600935,864691135526730587,1
864691135490826855,864691135519177610,1
864691135490884199,864691135519112586,1
864691135490946151,864691135526730587,1
864691135491023847,864691135516892115,2
864691135491043047,864691135526843227,2
864691135491084519,864691135526843227,1
864691135491093095,864691135526892891,3
864691135491118439,864691135518161034,1
864691135491132263,864691135520077450,1
864691135491135335,864691135526296667,1
864691135491135335,864691135526843227,1
864691135491208287,864691135526883419,1
864691135491221087,864691135516771027,1
864691135491221087,864691135526901851,1
864691135491222879,864691135520092810,1
864691135491226207,864691135517175763,1
864691135491226207,864691135518189706,1
864691135491226207,864691135518453642,3
864691135491239007,864691135526901851,1
864691135491246687,864691135516706259,1
864691135491247711,864691135518161034,1
864691135491333991,864691135516780243,1
864691135491333991,864691135516813011,1
864691135491333991,864691135518284938,2
864691135491333991,864691135518453642,1
864691135491333991,864691135518527626,1
864691135491359335,864691135516916691,1
864691135491359335,864691135526843227,1
864691135491418098,864691135518527626,2
864691135491514087,864691135516892115,1
864691135491532647,864691135520092810,2
864691135491587679,864691135526872667,1
864691135491591655,864691135516830931,1
864691135491629919,864691135518233482,1
864691135491665639,864691135516880595,1
864691135491717471,864691135518177930,2
864691135491801951,864691135519112586,1
864691135491801951,864691135520154250,1
864691135491861735,864691135526843227,1
864691135492050663,864691135516830931,6
864691135492050663,864691135526730587,1
864691135492186975,864691135516778707,1
864691135492219743,864691135518211466,1
864691135492219879,864691135518368394,1
864691135492219879,864691135526874971,1
864691135492224351,864691135517337738,1
864691135492272991,864691135526872667,1
864691135492309599,864691135526750299,1
864691135492348255,864691135516892115,1
864691135492349023,864691135526318171,2
864691135492352095,864691135518189706,2
864691135492352095,864691135518453642,1
864691135492357471,864691135516830931,1
864691135492398055,864691135516880595,6
864691135492398055,864691135525389042,1
864691135492405863,864691135516916691,3
864691135492405863,864691135518368394,2
864691135492405863,864691135526874971,1
864691135492423143,864691135517952906,1
864691135492431199,864691135520077450,1
864691135492431719,864691135518153866,1
864691135492431719,864691135518453642,1
864691135492431719,864691135526296667,1
864691135492570727,864691135518370698,1
864691135492584799,864691135518175882,4
864691135492595807,864691135517705939,1
864691135492595807,864691135518370698,1
864691135492595807,864691135519332234,1
864691135492602215,864691135518355082,1
864691135492602215,864691135519629194,1
864691135492614239,864691135518177930,1
864691135492614239,864691135519112586,1
864691135492614239,864691135519177610,1
864691135492614239,864691135519468170,1
864691135492614239,864691135526407515,1
864691135492623591,864691135516814803,4
864691135492623591,864691135517125075,11
864691135492623591,864691135518368394,1
864691135492623591,864691135525389042,5
864691135492623591,864691135526843227,2
864691135492636511,864691135517340554,1
864691135492636511,864691135526730587,1
864691135492665959,864691135518374538,2
864691135492665959,864691135526549851,1
864691135492777575,864691135520092810,1
864691135492855399,864691135526318171,2
864691135492879463,864691135518283475,1
864691135492879463,864691135518370698,1
864691135492879463,864691135520105610,1
864691135492879463,864691135526798939,1
864691135492906591,864691135519629194,1
864691135493108967,864691135520035722,1
864691135493149927,864691135519332234,1
864691135493222375,864691135518283475,1
864691135493222375,864691135519177610,1
864691135493222375,864691135519332234,1
864691135493222375,864691135520077450,1
864691135493222375,864691135520105610,3
864691135493222375,864691135526798939,1
864691135493224167,864691135517952906,2
864691135493224167,864691135518283475,2
864691135493241063,864691135518374538,1
864691135493241063,864691135518482899,1
864691135493375839,864691135517705939,1
864691135493375839,864691135519332234,1
864691135493665631,864691135526843227,1
864691135493690463,864691135518266323,1
864691135493960080,864691135526708315,1
864691135493976464,864691135518368394,1
864691135494044048,864691135516892115,4
864691135494046608,864691135520154250,1
864691135494053520,864691135517705939,1
864691135494053520,864691135519177610,1
864691135494070416,864691135518153866,1
864691135494079888,864691135526730587,1
864691135494509200,864691135519112586,1
864691135494685840,864691135517818506,1
864691135494981264,864691135518284938,1
864691135495009424,864691135518284938,1
864691135495025296,864691135520105610,1
864691135495026064,864691135518355082,1
864691135495042704,864691135518284938,1
864691135495114896,864691135517818506,1
864691135495137680,864691135517125075,1
864691135495146640,864691135517705939,1
864691135495146640,864691135519177610,2
864691135495148944,864691135518234506,2
864691135495150736,864691135518150538,1
864691135495167632,864691135516771027,1
864691135495167632,864691135526892891,1
864691135495170448,864691135519468170,2
864691135495173776,864691135526296667,1
864691135495507344,864691135520092810,1
864691135495796880,864691135520154250,1
864691135495952016,864691135520154250,1
864691135495975312,864691135516892115,2
864691135496333968,864691135516916691,1
864691135496381840,864691135526318171,1
864691135497646099,864691135526798939,1
864691135497650451,864691135518189706,1
864691135497656851,864691135518266323,1
864691135497658899,864691135518355082,2
864691135498040851,864691135518482899,1
864691135498075923,864691135522665924,1
864691135498258963,864691135518164106,1
864691135498384147,864691135516706259,1
864691135498460179,864691135526798939,1
864691135498461459,864691135519468170,1
864691135498543635,864691135517952906,1
864691135498552083,864691135518161034,1
864691135498682899,864691135517952906,1
864691135498684691,864691135516706259,1
864691135498723859,864691135518161034,7
864691135498979603,864691135526732635,1
864691135499211795,864691135526684763,1
864691135499379475,864691135520077450,1
864691135499385107,864691135516916691,1
864691135499385107,864691135518828426,2
864691135499385107,864691135526296667,2
864691135499385107,864691135526356827,3
864691135499385107,864691135526732635,1
864691135499616019,864691135516827347,7
864691135499616019,864691135518266323,3
864691135499964947,864691135518395274,1
864691135499967251,864691135518482899,1
864691135500020755,864691135518370698,1
864691135500020755,864691135518395274,1
864691135500020755,864691135526798939,2
864691135500043795,864691135518242186,1
864691135501543490,864691135526892891,2
864691135501547586,864691135519629194,1
864691135501556802,864691135518283475,1
864691135501572930,864691135518284938,1
864691135501573186,864691135516830931,1
864691135501577202,864691135518626954,1
864691135501814109,864691135516814803,2
864691135501821277,864691135526703451,2
864691135501827421,864691135518626954,1
864691135501838173,864691135518283475,1
864691135501838173,864691135526892891,2
864691135501838941,864691135516892115,1
864691135501838941,864691135518355082,1
864691135501971037,864691135518164106,1
864691135502025909,864691135518211466,1
864691135502031682,864691135517175763,1
864691135502034869,864691135525389042,1
864691135502043829,864691135516892115,1
864691135502045621,864691135526798939,1
864691135502050485,864691135516706259,2
864691135502061749,864691135516771027,2
864691135502162013,864691135519332234,1
864691135502309725,864691135518161034,2
864691135502309725,864691135526109531,2
864691135502414402,864691135517125075,1
864691135502440885,864691135516830931,1
864691135502456386,864691135516814803,1
864691135502457781,864691135520077450,1
864691135502485429,864691135526901851,1
864691135502485685,864691135516706259,1
864691135502527042,864691135518954634,1
864691135502610242,864691135526296667,2
864691135502618434,864691135526296667,1
864691135502619229,864691135519112586,1
864691135502630466,864691135517125075,1
864691135502630466,864691135526843227,1
864691135502742621,864691135518150538,1
864691135502744642,864691135517952906,2
864691135502774109,864691135516827347,1
864691135502774109,864691135518363018,1
864691135502774109,864691135526703451,2
864691135502982069,864691135516892115,1
864691135502989749,864691135516706259,1
864691135503001781,864691135526750299,1
864691135503135837,864691135518256010,1
864691135503135837,864691135526318171,3
864691135503135837,864691135526549851,4
864691135503285058,864691135516892115,1
864691135503285058,864691135519112586,1
864691135503448898,864691135518175882,1
864691135503466818,864691135526296667,2
864691135503501749,864691135517175763,1
864691135503501749,864691135518453642,3
864691135503501749,864691135526296667,3
864691135503554485,864691135516916691,1
864691135503554485,864691135526732635,3
864691135503584693,864691135518368394,1
864691135503639901,864691135516892115,2
864691135503650485,864691135526684763,1
864691135503681717,864691135517741194,1
864691135503681717,864691135518368394,1
864691135503681717,864691135526843227,1
864691135503724354,864691135519112586,4
864691135503724354,864691135520077450,1
864691135503724354,864691135526850395,1
864691135504077378,864691135526703451,1
864691135504077634,864691135517952906,1
864691135504098882,864691135519112586,1
864691135504202845,864691135518368394,2
864691135504217693,864691135517952906,1
864691135504217693,864691135526901851,3
864691135504279901,864691135519178378,4
864691135504279901,864691135520154250,1
864691135504294069,864691135522665924,1
864691135504364725,864691135518395274,1
864691135504372661,864691135518283475,1
864691135504411573,864691135518177930,1
864691135505401842,864691135517833354,1
864691135508712969,864691135518346634,1
864691135508715017,864691135518153866,1
864691135508715273,864691135516830931,1
864691135508726025,864691135518355082,1
864691135508730889,864691135526750299,1
864691135508975300,864691135516892115,1
864691135509002249,864691135517125075,1
864691135509002505,864691135517125075,2
864691135509206537,864691135518389130,1
864691135509542665,864691135516916691,1
864691135509571849,864691135518368394,1
864691135509572617,864691135526750299,2
864691135509599497,864691135517705939,1
864691135509647625,864691135526789723,1
864691135509678601,864691135522665924,1
864691135509701385,864691135517337738,1
864691135509881097,864691135518527626,1
864691135510161673,864691135518395274,1
864691135510189321,864691135517952906,1
864691135510189321,864691135520154250,1
864691135510357513,864691135517952906,1
864691135510411472,864691135519112586,1
864691135510432464,864691135517175763,1
864691135510432464,864691135518189706,1
864691135510444553,864691135526750299,1
864691135510475728,864691135518247306,1
864691135510480080,864691135518368394,1
864691135510607369,864691135518482899,6
864691135510782672,864691135517125075,1
864691135510858738,864691135526750299,2
864691135510864905,864691135520154250,1
864691135510871049,864691135519112586,1
864691135510883081,864691135518242186,1
864691135510959824,864691135518234506,2
864691135510959824,864691135518482899,1
864691135510959824,864691135518520531,1
864691135511199753,864691135518395274,2
864691135511199753,864691135526892891,2
864691135511199753,864691135526901851,1
864691135511253513,864691135519178378,1
864691135511253513,864691135519629194,1
864691135511253513,864691135520154250,1
864691135511253513,864691135526883419,1
864691135511256585,864691135518283475,5
864691135511256585,864691135518482899,1
864691135511256585,864691135520092810,2
864691135511256585,864691135526892891,1
864691135511256585,864691135526901851,1
864691135511297232,864691135519332234,2
864691135511353040,864691135516771027,2
864691135511417097,864691135520092810,1
864691135511421449,864691135517705939,2
864691135511421449,864691135518370698,2
864691135511421449,864691135518395274,1
864691135511421449,864691135519112586,1
864691135511421449,864691135519177610,7
864691135511421449,864691135526798939,1
864691135511422729,864691135516771027,1
864691135511454729,864691135518177930,1
864691135511483401,864691135526892891,1
864691135511546576,864691135516716499,1
864691135511557641,864691135518370698,1
864691135511565065,864691135518395274,1
864691135511604432,864691135516916691,1
864691135511804368,864691135520092810,1
864691135512026064,864691135526684763,1
864691135512052944,864691135519112586,1
864691135512232656,864691135526684763,1
864691135512603344,864691135518520531,1
864691135512631760,864691135518520531,1
864691135515910355,864691135519332234,1
864691135515918291,864691135516813011,1
864691135515947475,864691135518370698,1
864691135515947475,864691135526798939,2
864691135515948243,864691135518626954,1
864691135516005331,864691135516880595,1
864691135516005331,864691135518242186,1
864691135516695763,864691135520077450,1
864691135516706259,864691135516706259,26
864691135516716499,864691135516716499,11
864691135516740051,864691135516827347,1
864691135516740051,864691135526684763,1
864691135516771027,864691135516771027,6
864691135516778707,864691135516778707,6
864691135516806099,864691135516892115,2
864691135516813011,864691135516813011,9
864691135516813011,864691135518284938,1
864691135516814803,864691135516814803,8
864691135516830931,864691135516830931,16
864691135516834003,864691135526892891,1
864691135516879827,864691135518153866,2
864691135516879827,864691135526296667,3
864691135516880339,864691135516883667,1
864691135516883667,864691135516883667,6
864691135516888787,864691135518357642,1
864691135516889299,864691135516889299,8
864691135516889299,864691135518293898,1
864691135516892115,864691135516892115,30
864691135516897491,864691135518346634,1
864691135516909779,864691135525389042,1
864691135516916691,864691135516916691,4
864691135516996051,864691135518453642,1
864691135517162195,864691135526695771,1
864691135517175763,864691135517175763,11
864691135517315795,864691135526556763,4
864691135517320403,864691135518363018,1
864691135517339786,864691135517339786,18
864691135517340554,864691135517340554,15
864691135517345930,864691135526892891,1
864691135517346698,864691135516892115,1
864691135517349770,864691135526318171,1
864691135517356938,864691135516892115,1
864691135517369226,864691135516892115,1
864691135517376211,864691135518954634,1
864691135517376211,864691135520077450,1
864691135517595603,864691135516771027,1
864691135517629066,864691135516813011,2
864691135517705939,864691135517705939,10
864691135517711827,864691135518242186,1
864691135517712778,864691135518527626,1
864691135517773706,864691135517705939,2
864691135517773706,864691135518395274,1
864691135517773706,864691135518520531,1
864691135517773706,864691135520092810,1
864691135517818506,864691135517818506,9
864691135517936339,864691135516827347,1
864691135517952906,864691135517952906,21
864691135518150538,864691135518150538,19
864691135518153866,864691135518153866,18
864691135518161034,864691135518161034,8
864691135518164106,864691135518164106,7
864691135518175882,864691135518175882,14
864691135518177930,864691135518177930,8
864691135518189706,864691135518189706,21
864691135518196362,864691135519112586,1
864691135518212819,864691135520154250,1
864691135518234506,864691135518234506,10
864691135518247306,864691135518247306,18
864691135518261898,864691135526798939,1
864691135518276563,864691135526798939,1
864691135518283475,864691135518283475,11
864691135518284938,864691135518284938,11
864691135518293898,864691135518293898,11
864691135518299274,864691135516892115,1
864691135518299274,864691135526708315,1
864691135518335114,864691135518395274,1
864691135518346634,864691135518346634,10
864691135518355082,864691135518355082,5
864691135518368394,864691135518368394,2
864691135518370698,864691135518370698,4
864691135518374538,864691135518374538,8
864691135518383754,864691135526730587,1
864691135518389130,864691135518389130,4
864691135518395274,864691135518395274,6
864691135518451594,864691135516916691,1
864691135518453642,864691135518453642,13
864691135518482899,864691135518482899,13
864691135518495699,864691135517206739,1
864691135518495699,864691135519178378,1
864691135518495699,864691135522665924,1
864691135518495699,864691135526549851,2
864691135518520531,864691135518520531,5
864691135518527626,864691135518527626,14
864691135518588810,864691135520154250,1
864691135518626954,864691135518626954,14
864691135518844554,864691135516716499,1
864691135518928522,864691135518256010,3
864691135518928522,864691135526318171,2
864691135518939018,864691135526843227,1
864691135518954634,864691135518954634,8
864691135519112586,864691135519112586,15
864691135519177610,864691135519177610,17
864691135519307658,864691135519178378,1
864691135519332234,864691135519332234,6
864691135519404682,864691135517741194,1
864691135519404682,864691135518242186,1
864691135519404682,864691135526556763,3
864691135519426442,864691135520154250,1
864691135519432330,864691135518374538,1
864691135519468170,864691135518370698,1
864691135519468170,864691135519468170,10
864691135519558026,864691135516892115,1
864691135519629194,864691135519629194,8
864691135519632266,864691135518189706,1
864691135519632266,864691135518453642,1
864691135519632266,864691135526296667,1
864691135519706250,864691135517705939,1
864691135519706250,864691135519177610,1
864691135520007562,864691135518177930,5
864691135520007562,864691135520105610,1
864691135520092810,864691135519468170,1
864691135520092810,864691135520092810,11
864691135520105610,864691135520105610,4
864691135520124554,864691135517741194,1
864691135520154250,864691135520154250,50
864691135526044763,864691135526901851,1
864691135526064219,864691135518368394,1
864691135526067803,864691135516778707,1
864691135526074203,864691135526730587,1
864691135526075739,864691135516883667,1
864691135526092635,864691135518954634,1
864691135526104667,864691135526730587,1
864691135526109531,864691135526109531,3
864691135526296667,864691135526296667,11
864691135526318171,864691135526318171,10
864691135526356827,864691135526356827,5
864691135526405723,864691135516706259,2
864691135526405723,864691135517175763,1
864691135526405723,864691135526296667,1
864691135526407515,864691135526407515,4
864691135526523483,864691135516813011,1
864691135526708315,864691135526708315,4
864691135526715483,864691135517175763,1
864691135526730587,864691135526730587,44
864691135526732635,864691135526732635,10
864691135526791515,864691135518370698,1
864691135526798939,864691135526798939,3
864691135526818395,864691135526843227,1
864691135526843227,864691135526843227,14
864691135526872667,864691135526872667,5
864691135526874971,864691135526874971,2
864691135526883419,864691135526883419,8
864691135526892891,864691135518482899,1
864691135526892891,864691135526892891,14
864691135526898779,864691135526730587,1
864691135526899803,864691135518370698,1
864691135526901851,864691135526901851,8
864691135526922587,864691135526872667,1
864691135526932059,864691135517818506,1
864691135527289435,864691135518453642,2
864691135527289435,864691135526296667,1
864691135527531099,864691135524528882,1
864691135527771739,864691135518527626,1
864691135527796059,864691135520105610,1
864691135527904347,864691135519112586,1
864691135527952731,864691135520077450,1
864691135528204379,864691135518482899,4
864691135528255940,864691135526407515,1
864691135528255940,864691135526798939,1
864691135535777522,864691135526730587,2
864691135538051442,864691135517952906,1
864691135538067570,864691135520077450,1
864691135538073458,864691135518164106,1
864691135538086002,864691135518453642,1
864691135538097522,864691135517818506,1
864691135538100850,864691135526732635,1
864691135538108018,864691135526901851,1
864691135538108274,864691135518189706,1
864691135538114034,864691135518357642,1
864691135538114034,864691135518527626,1
864691135538114034,864691135526684763,4
864691135538121586,864691135517818506,1
864691135538134386,864691135517337738,1
864691135538134642,864691135526684763,1
864691135538139506,864691135518626954,1
864691135538479858,864691135516706259,1
864691135539070322,864691135518284938,1
864691135539132274,864691135517818506,1
864691135539318130,864691135518370698,1
864691135539501426,864691135522665924,2
864691135539634290,864691135520154250,3
864691135539634290,864691135526883419,1
864691135539684722,864691135526798939,1
864691135539797618,864691135518520531,1
864691135539923954,864691135516830931,1
864691135540002930,864691135526892891,1
864691135540028274,864691135518370698,2
864691135540028274,864691135519332234,6
864691135540028530,864691135517705939,7
864691135540028530,864691135519177610,7
864691135540068466,864691135519112586,1
864691135540454770,864691135518482899,3
864691135540473970,864691135520154250,1
864691135540488818,864691135518266323,3
864691135540488818,864691135519332234,1
864691135540488818,864691135520105610,3
864691135540725618,864691135517952906,1
864691135544352808,864691135517818506,1
864691135544382248,864691135518355082,1
864691135544396072,864691135516706259,1
864691135544396072,864691135517175763,1
864691135544396072,864691135526296667,1
864691135544396840,864691135517339786,1
864691135544410408,864691135518453642,1
864691135544421416,864691135526042715,1
864691135544771112,864691135526892891,1
864691135544919336,864691135516716499,1
864691135545093928,864691135518234506,1
864691135545266216,864691135516814803,2
864691135545266216,864691135517125075,1
864691135545266216,864691135518368394,2
864691135545302568,864691135526901851,1
864691135545320744,864691135519112586,1
864691135545378856,864691135516830931,1
864691135545388584,864691135526556763,1
864691135545389608,864691135519468170,2
864691135545391656,864691135526843227,1
864691135545408296,864691135518520531,1
864691135545408296,864691135520105610,1
864691135545409064,864691135516830931,2
864691135545415208,864691135516892115,1
864691135545417256,864691135516830931,3
864691135545417256,864691135526730587,2
864691135545854248,864691135518482899,1
864691135545945128,864691135524528882,1
864691135545971752,864691135516716499,2
864691135546339880,864691135518370698,1
864691135546339880,864691135520035722,1
864691135546427176,864691135518293898,1
864691135546427176,864691135526695771,1
864691135547032104,864691135526892891,1
864691135547033896,864691135520092810,1
864691135547150632,864691135520077450,1
864691135555544562,864691135518150538,1
864691135559258308,864691135516889299,1
864691135560482017,864691135517206739,1
864691135560488161,864691135516830931,3
864691135560490209,864691135516771027,2
864691135560517857,864691135516771027,1
864691135560818913,864691135517869962,2
864691135560857057,864691135526356827,1
864691135560937441,864691135518283475,1
864691135560938209,864691135516706259,1
864691135560938209,864691135516780243,1
864691135560938209,864691135517339786,1
864691135561048033,864691135526735707,1
864691135561065697,864691135526872667,1
864691135561243617,864691135516892115,2
864691135561267425,864691135516780243,1
864691135561267425,864691135518284938,2
864691135561290209,864691135517952906,1
864691135561391073,864691135516778707,2
864691135561451489,864691135516817619,1
864691135561481697,864691135517339786,1
864691135561528289,864691135516830931,1
864691135561529057,864691135516830931,3
864691135561529057,864691135518453642,1
864691135561568993,864691135518284938,1
864691135561721057,864691135526684763,1
864691135562001633,864691135517705939,2
864691135562001633,864691135518283475,3
864691135562001633,864691135518370698,1
864691135562493409,864691135526684763,1
864691135562558177,864691135520077450,1
864691135563024097,864691135516771027,1
864691135563024097,864691135517952906,2
864691135563024097,864691135518482899,9
864691135563024097,864691135520092810,1
864691135563024097,864691135526695771,1
864691135563024097,864691135526892891,2
864691135563031265,864691135525389042,1
864691135563031265,864691135526843227,8
864691135563052513,864691135526843227,1
864691135563059681,864691135518368394,1
864691135563095009,864691135518374538,1
864691135563095009,864691135519468170,1
864691135564545047,864691135518175882,2
864691135564552215,864691135516716499,1
864691135564557335,864691135520077450,2
864691135564558359,864691135517705939,1
864691135564558359,864691135519177610,1
864691135564558359,864691135526798939,1
864691135564621399,864691135518346634,1
864691135564643927,864691135518954634,1
864691135564734039,864691135518247306,1
864691135564828503,864691135518211466,1
864691135564857687,864691135518482899,1
864691135564862231,864691135517818506,1
864691135564936727,864691135516880595,1
864691135564936727,864691135526318171,1
864691135564966679,864691135518482899,1
864691135564976663,864691135520077450,2
864691135565062487,864691135518242186,1
864691135565079895,864691135518175882,1
864691135565104727,864691135516716499,1
864691135565296407,864691135517125075,1
864691135565296407,864691135525389042,1
864691135565318679,864691135518242186,1
864691135565343831,864691135516916691,1
864691135565343831,864691135517125075,4
864691135565343831,864691135526843227,8
864691135565379351,864691135526843227,1
864691135565387799,864691135516830931,1
864691135565433367,864691135516830931,2
864691135565544727,864691135517340554,1
864691135565544727,864691135518189706,1
864691135565544727,864691135518453642,1
864691135565560855,864691135518150538,1
864691135565574743,864691135520105610,1
864691135565589015,864691135518189706,1
864691135565592855,864691135517125075,1
864691135565622615,864691135516892115,1
864691135565664791,864691135516880595,1
864691135565664791,864691135516916691,1
864691135565852759,864691135518161034,2
864691135565877783,864691135517952906,2
864691135565877783,864691135526892891,1
864691135565882903,864691135518177930,1
864691135565882903,864691135519332234,1
864691135566051671,864691135519177610,1
864691135566051671,864691135526901851,1
864691135566140759,864691135518175882,2
864691135566292503,864691135526703451,1
864691135566293527,864691135526843227,5
864691135566352407,864691135518177930,1
864691135566459671,864691135522665924,1
864691135566523159,864691135519112586,3
864691135566705943,864691135519112586,1
864691135566705943,864691135519332234,1
864691135566705943,864691135520077450,2
864691135566761815,864691135518242186,1
864691135566761815,864691135526735707,2
864691135566825495,864691135519112586,2
864691135566945559,864691135517705939,1
864691135566965079,864691135518233482,1
864691135566979927,864691135519468170,1
864691135566979927,864691135522665924,1
864691135566979927,864691135526549851,2
864691135567080279,864691135518177930,1
864691135567123543,864691135518482899,3
864691135567192087,864691135520077450,1
864691135567206743,864691135516771027,2
864691135567206743,864691135517952906,1
864691135567206743,864691135518283475,1
864691135567206743,864691135518482899,2
864691135567724524,864691135518370698,1
864691135567738348,864691135518626954,2
864691135567752428,864691135526732635,1
864691135567753708,864691135516830931,1
864691135567754220,864691135526750299,1
864691135567754732,864691135526750299,1
864691135567950828,864691135517175763,1
864691135567950828,864691135518189706,3
864691135567950828,864691135518453642,2
864691135567950828,864691135526296667,3
864691135568102124,864691135517952906,1
864691135568134636,864691135517818506,1
864691135568281068,864691135526789723,2
864691135568283116,864691135518256010,1
864691135568551916,864691135517818506,1
864691135568589804,864691135518175882,1
864691135568594924,864691135518284938,1
864691135568613868,864691135526901851,1
864691135568665580,864691135516892115,1
864691135568668396,864691135526750299,1
864691135568720876,864691135516892115,2
864691135568759532,864691135518234506,1
864691135568833004,864691135516771027,1
864691135568833004,864691135526109531,1
864691135568889222,864691135519112586,1
864691135568891014,864691135517125075,1
864691135568904070,864691135516830931,1
864691135568905350,864691135516706259,1
864691135568928134,864691135526732635,2
864691135568929670,864691135518389130,1
864691135568966278,864691135526750299,1
864691135569225196,864691135526843227,1
864691135569282284,864691135518626954,1
864691135569282284,864691135518828426,1
864691135569690092,864691135518177930,1
864691135569690092,864691135519332234,4
864691135569735814,864691135516892115,1
864691135569745542,864691135517125075,2
864691135569760134,864691135516706259,1
864691135569760134,864691135517175763,1
864691135569866988,864691135518211466,1
864691135569964422,864691135518355082,1
864691135570002054,864691135516771027,1
864691135570016390,864691135526789723,2
864691135570030470,864691135526296667,1
864691135570045830,864691135526732635,1
864691135570046342,864691135526703451,1
864691135570219244,864691135520105610,1
864691135570224006,864691135526732635,1
864691135570230252,864691135516716499,1
864691135570270956,864691135520154250,1
864691135570320620,864691135518395274,1
864691135570320620,864691135519112586,6
864691135570320620,864691135526407515,1
864691135570396396,864691135520077450,1
864691135570502790,864691135518482899,2
864691135570656493,864691135524528882,1
864691135570678509,864691135516892115,1
864691135570704877,864691135519112586,1
864691135570722797,864691135519112586,1
864691135570730886,864691135516716499,2
864691135570730886,864691135517741194,1
864691135570737389,864691135517339786,1
864691135570747117,864691135516716499,1
864691135571051142,864691135519178378,1
864691135571051142,864691135522665924,1
864691135571108742,864691135526318171,1
864691135571108742,864691135526735707,2
864691135571193478,864691135518283475,1
864691135571193478,864691135518370698,4
864691135571193478,864691135519177610,1
864691135571193478,864691135519332234,3
864691135571193478,864691135526798939,1
864691135571222765,864691135518370698,1
864691135571236742,864691135516916691,1
864691135571242021,864691135526684763,1
864691135571244525,864691135518355082,1
864691135571275813,864691135517705939,2
864691135571275813,864691135518370698,1
864691135571275813,864691135519177610,1
864691135571276069,864691135518395274,1
864691135571276325,864691135516892115,1
864691135571295366,864691135517206739,2
864691135571295366,864691135524528882,1
864691135571301157,864691135516892115,2
864691135571301157,864691135526708315,1
864691135571501605,864691135518395274,1
864691135571501605,864691135519177610,1
864691135571524486,864691135518283475,1
864691135571524486,864691135518370698,1
864691135571524486,864691135519468170,2
864691135571524486,864691135519629194,1
864691135571628325,864691135517340554,2
864691135571632518,864691135518177930,1
864691135571632518,864691135518370698,1
864691135571651718,864691135518395274,1
864691135571758573,864691135516892115,2
864691135571816429,864691135518828426,1
864691135571820525,864691135526750299,2
864691135571941413,864691135516827347,1
864691135571970541,864691135520077450,1
864691135572067365,864691135519112586,1
864691135572067365,864691135526883419,1
864691135572109861,864691135516892115,1
864691135572130085,864691135520077450,2
864691135572220141,864691135517125075,1
864691135572261925,864691135518161034,1
864691135572335085,864691135526901851,1
864691135572373229,864691135518482899,1
864691135572373229,864691135520092810,1
864691135572405741,864691135526883419,1
864691135572469485,864691135520077450,1
864691135572486637,864691135526798939,1
864691135572535845,864691135517952906,4
864691135572537893,864691135517175763,1
864691135572537893,864691135518189706,1
864691135572770029,864691135519112586,1
864691135572770029,864691135520077450,1
864691135572912621,864691135518234506,1
864691135573020141,864691135518374538,1
864691135573276197,864691135520077450,1
864691135573296677,864691135519468170,1
864691135573315053,864691135520154250,1
864691135573362669,864691135520077450,1
864691135573378797,864691135518242186,1
864691135573378797,864691135526318171,2
864691135573407269,864691135518626954,1
864691135573421861,864691135517952906,3
864691135573421861,864691135518283475,18
864691135573421861,864691135518374538,1
864691135573421861,864691135519332234,1
864691135573421861,864691135519468170,1
864691135573421861,864691135520092810,1
864691135573434093,864691135518370698,4
864691135573434093,864691135518395274,2
864691135573434093,864691135519177610,2
864691135573434093,864691135526892891,1
864691135573480173,864691135519332234,1
864691135575088670,864691135526892891,1
864691135575112990,864691135526730587,1
864691135575121694,864691135516778707,2
864691135575121694,864691135526708315,1
864691135575207108,864691135516771027,1
864691135575207108,864691135517337738,2
864691135575386654,864691135518177930,1
864691135575386654,864691135519332234,1
864691135575594014,864691135518234506,1
864691135575613214,864691135526296667,4
864691135575613214,864691135526356827,2
864691135575953694,864691135516892115,1
864691135575973662,864691135519332234,1
864691135575975710,864691135520077450,1
864691135576022814,864691135519178378,1
864691135576062238,864691135517869962,1
864691135576100382,864691135522665924,1
864691135576107806,864691135516813011,1
864691135576108830,864691135518482899,1
864691135576140830,864691135525389042,1
864691135576140830,864691135526356827,2
864691135576146718,864691135518520531,1
864691135576146718,864691135526695771,1
864691135576179998,864691135526684763,1
864691135576894494,864691135518177930,1
864691135577012741,864691135516827347,1
864691135577031941,864691135516778707,1
864691135577202181,864691135517952906,1
864691135577202181,864691135518283475,1
864691135577240350,864691135518395274,2
864691135577240350,864691135526901851,4
864691135577339141,864691135518389130,1
864691135577383429,864691135526883419,1
864691135577486853,864691135517125075,4
864691135577486853,864691135525389042,2
864691135577592606,864691135517952906,1
864691135577592606,864691135518293898,4
864691135577592606,864691135526042715,2
864691135577592606,864691135526695771,1
864691135577597445,864691135526789723,2
864691135577607198,864691135518161034,4
864691135577607198,864691135518234506,1
864691135577650462,864691135519112586,2
864691135577674782,864691135518211466,1
864691135577734942,864691135518266323,1
864691135577784069,864691135518175882,1
864691135577815582,864691135520154250,1
864691135577817630,864691135519332234,1
864691135577855006,864691135516771027,5
864691135577855006,864691135518161034,1
864691135577855006,864691135518234506,1
864691135577855006,864691135526695771,1
864691135577857029,864691135518355082,1
864691135578098949,864691135516880595,1
864691135578098949,864691135517869962,1
864691135578098949,864691135518256010,3
864691135578098949,864691135526318171,4
864691135578098949,864691135526549851,6
864691135578234373,864691135519112586,3
864691135578600965,864691135526798939,1
864691135578620421,864691135519177610,1
864691135578665477,864691135516771027,2
864691135578742533,864691135518626954,1
864691135578866693,864691135519332234,2
864691135578866693,864691135520105610,1
864691135579100165,864691135519468170,1
864691135579307269,864691135520154250,1
864691135579366149,864691135519112586,1
864691135580230084,864691135516771027,1
864691135580230084,864691135518161034,1
864691135581550445,864691135518293898,1
864691135581581165,864691135526789723,1
864691135581588845,864691135518164106,1
864691135581601645,864691135526109531,1
864691135581605229,864691135518395274,1
864691135581607021,864691135516892115,1
864691135581615213,864691135516892115,3
864691135581798765,864691135519112586,1
864691135582052717,864691135519177610,1
864691135582143085,864691135526356827,1
864691135582227396,864691135516892115,1
864691135582333037,864691135517125075,2
864691135582556781,864691135516813011,1
864691135582629997,864691135518233482,1
864691135582629997,864691135518527626,2
864691135582634349,864691135526730587,6
864691135582634349,864691135526732635,1
864691135582837101,864691135516706259,1
864691135582886253,864691135519468170,1
864691135582886253,864691135520105610,1
864691135583033197,864691135518346634,1
864691135583033197,864691135518626954,1
864691135583033197,864691135524528882,1
864691135583063405,864691135526296667,1
864691135583130989,864691135526318171,1
864691135583163245,864691135519177610,3
864691135583210861,864691135526556763,1
864691135583299437,864691135518954634,1
864691135583651704,864691135516771027,1
864691135583668077,864691135520154250,1
864691135583674488,864691135516892115,1
864691135583675768,864691135526730587,1
864691135583689848,864691135516892115,1
864691135583693944,864691135518395274,1
864691135583695736,864691135518389130,1
864691135583697784,864691135516706259,1
864691135583707768,864691135518626954,1
864691135583719800,864691135518828426,1
864691135583726712,864691135517818506,7
864691135583740024,864691135526883419,2
864691135583988722,864691135516814803,1
864691135583988722,864691135517125075,2
864691135583988722,864691135525389042,4
864691135583988722,864691135526750299,1
864691135583988722,864691135526843227,2
864691135584019053,864691135518242186,2
864691135584019053,864691135518283475,4
864691135584019053,864691135518374538,3
864691135584019053,864691135519468170,4
864691135584019053,864691135526892891,1
864691135584221816,864691135526703451,1
864691135584321901,864691135517206739,1
864691135584351096,864691135518395274,1
864691135584351096,864691135520092810,1
864691135584477560,864691135516892115,1
864691135584519533,864691135517705939,1
864691135584519533,864691135518177930,1
864691135584519533,864691135526407515,1
864691135584519533,864691135526798939,1
864691135584534392,864691135526296667,1
864691135584548973,864691135517705939,5
864691135584548973,864691135518370698,2
864691135584548973,864691135518520531,1
864691135584548973,864691135519468170,2
864691135584548973,864691135520105610,1
864691135584548973,864691135526407515,1
864691135584548973,864691135526798939,8
864691135584548973,864691135526883419,1
864691135584564088,864691135518370698,1
864691135584569197,864691135516771027,3
864691135584771181,864691135518395274,4
864691135584771181,864691135526892891,2
864691135584793197,864691135520077450,3
864691135584813176,864691135518177930,1
864691135584818808,864691135526732635,1
864691135584820856,864691135517175763,4
864691135584820856,864691135518189706,1
864691135584820856,864691135518453642,1
864691135584827768,864691135526296667,1
864691135584829048,864691135518177930,2
864691135584829048,864691135520105610,1
864691135585166460,864691135516706259,1
864691135585266296,864691135516830931,1
864691135585324668,864691135519112586,1
864691135585436284,864691135518293898,1
864691135585713528,864691135518395274,1
864691135585744508,864691135519112586,1
864691135585953400,864691135518370698,1
864691135586012024,864691135518150538,1
864691135586012024,864691135518211466,1
864691135586012024,864691135518346634,1
864691135586012024,864691135526042715,2
864691135586040444,864691135526843227,1
864691135586040956,864691135516892115,1
864691135586080636,864691135518626954,1
864691135586097020,864691135517175763,1
864691135586097020,864691135518247306,1
864691135586097020,864691135518453642,1
864691135586097020,864691135526296667,1
864691135586144892,864691135518283475,1
864691135586202232,864691135526356827,1
864691135586335356,864691135516817619,1
864691135586335356,864691135518363018,1
864691135586413436,864691135519332234,1
864691135586414716,864691135518189706,1
864691135586724220,864691135519177610,2
864691135586774908,864691135518374538,1
864691135586779004,864691135519629194,2
864691135586997884,864691135519112586,2
864691135586997884,864691135520105610,1
864691135587714428,864691135519332234,1
864691135587714428,864691135520105610,1
864691135587767026,864691135526843227,1
864691135587862652,864691135518177930,1
864691135587862652,864691135518283475,1
864691135587862652,864691135519112586,2
864691135587862652,864691135519332234,1
864691135587862652,864691135519468170,1
864691135587862652,864691135520105610,3
864691135587867004,864691135517705939,1
864691135587867004,864691135517952906,3
864691135587867004,864691135518283475,2
864691135587867004,864691135518520531,2
864691135587867004,864691135526892891,1
864691135589888779,864691135516771027,1
864691135589910027,864691135526730587,1
864691135589932555,864691135517339786,1
864691135589943307,864691135526872667,1
864691135589989387,864691135518363018,1
864691135590266635,864691135518363018,1
864691135590267147,864691135526901851,1
864691135590292747,864691135526730587,11
864691135590435595,864691135516892115,1
864691135590435595,864691135518355082,1
864691135590573067,864691135518284938,1
864691135590806539,864691135520077450,1
864691135590811147,864691135518374538,1
864691135590856715,864691135516706259,1
864691135590860043,864691135518954634,1
864691135590983435,864691135518153866,1
864691135590985227,864691135516830931,1
864691135590998027,864691135517125075,2
864691135590998027,864691135526750299,1
864691135590998027,864691135526843227,3
864691135591056139,864691135518368394,3
864691135591056139,864691135526556763,1
864691135591150347,864691135517952906,1
864691135591261451,864691135518189706,1
864691135591445515,864691135518266323,1
864691135591453963,864691135520077450,1
864691135591816715,864691135526892891,7
864691135592193803,864691135524528882,2
864691135592219403,864691135519629194,1
864691135592283403,864691135520154250,1
864691135592420875,864691135526901851,1
864691135592444171,864691135516827347,1
864691135592545035,864691135518370698,1
864691135592545035,864691135519112586,1
864691135592837899,864691135516827347,1
864691135592837899,864691135520077450,1
864691135593020939,864691135518234506,1
864691135593020939,864691135518482899,1
864691135593093131,864691135518266323,2
864691135593093131,864691135520077450,1
864691135593200395,864691135516827347,2
864691135593200395,864691135518266323,5
864691135593200395,864691135520077450,1
864691135593516331,864691135518527626,1
864691135593538859,864691135516830931,1
864691135593541419,864691135518256010,1
864691135593542443,864691135518355082,1
864691135593547307,864691135526730587,1
864691135593553707,864691135526730587,1
864691135593659947,864691135517175763,1
864691135593806891,864691135517337738,2
864691135593807147,864691135518177930,2
864691135593807147,864691135520077450,1
864691135593829163,864691135517175763,2
864691135593829163,864691135518453642,7
864691135593861931,864691135518211466,1
864691135593939755,864691135520077450,1
864691135594237483,864691135516830931,1
864691135594379819,864691135516830931,1
864691135594450987,864691135518161034,2
864691135594817067,864691135517952906,1
864691135595012139,864691135518954634,1
864691135595025707,864691135517125075,1
864691135595025707,864691135526843227,5
864691135595051972,864691135524528882,1
864691135595120939,864691135520077450,1
864691135595120939,864691135522665924,1
864691135595644459,864691135520077450,1
864691135595712811,864691135517952906,1
864691135595712811,864691135518266323,1
864691135595712811,864691135518283475,1
864691135595712811,864691135518482899,3
864691135595712811,864691135519629194,1
864691135595712811,864691135520092810,9
864691135595712811,864691135526892891,2
864691135595793707,864691135526901851,1
864691135595810859,864691135520077450,1
864691135595947307,864691135517952906,2
864691135595947307,864691135518293898,1
864691135595947307,864691135526695771,1
864691135596033835,864691135516880595,1
864691135596033835,864691135517869962,1
864691135596033835,864691135518242186,1
864691135596089899,864691135519629194,2
864691135597042884,864691135526883419,1
864691135609421831,864691135526703451,1
864691135609430279,864691135516892115,2
864691135609457415,864691135517705939,1
864691135609459719,864691135518284938,1
864691135609462535,864691135526703451,1
864691135609788167,864691135526549851,1
864691135609826311,864691135516916691,1
864691135609939975,864691135516830931,2
864691135610297095,864691135518284938,1
864691135610308871,864691135520077450,1
864691135610489095,864691135526735707,1
864691135610490119,864691135519112586,1
864691135610493703,864691135518161034,1
864691135610504199,864691135516830931,1
864691135611153671,864691135517175763,1
864691135611153671,864691135518189706,2
864691135611153671,864691135526789723,1
864691135611361543,864691135518395274,1
864691135611515655,864691135519112586,1
864691135611592967,864691135519629194,1
864691135611592967,864691135520154250,1
864691135611656455,864691135526850395,1
864691135611789831,864691135518357642,1
864691135611789831,864691135526684763,1
864691135611823367,864691135519332234,1
864691135611859652,864691135518150538,1
864691135611869191,864691135520077450,1
864691135611879943,864691135517206739,1
864691135611879943,864691135518283475,1
864691135611879943,864691135526850395,1
864691135611933191,864691135519629194,1
864691135611933191,864691135526883419,1
864691135613005508,864691135518175882,1
864691135614131915,864691135519332234,1
864691135614132939,864691135516716499,1
864691135614143947,864691135516830931,1
864691135614143947,864691135518389130,1
864691135614145995,864691135518247306,1
864691135614158539,864691135519112586,1
864691135614160843,864691135516892115,1
864691135614429387,864691135518482899,2
864691135614429387,864691135526695771,3
864691135614506187,864691135518177930,1
864691135614545611,864691135519629194,1
864691135614617291,864691135526750299,1
864691135614908875,864691135518175882,1
864691135614944459,864691135520105610,1
864691135614951115,864691135526872667,1
864691135614955467,864691135516771027,1
864691135614960331,864691135518370698,1
864691135614997195,864691135526789723,1
864691135615103179,864691135518357642,2
864691135615109835,864691135519112586,1
864691135615114187,864691135518626954,1
864691135615193547,864691135524528882,1
864691135615193547,864691135526750299,2
864691135615248075,864691135517206739,1
864691135615248075,864691135522665924,1
864691135615331787,864691135526296667,1
864691135615434443,864691135524528882,1
864691135615438795,864691135516814803,2
864691135615438795,864691135516916691,2
864691135615438795,864691135517125075,1
864691135615438795,864691135518828426,1
864691135615438795,864691135526843227,3
864691135615769449,864691135519112586,3
864691135615781481,864691135518242186,1
864691135615784553,864691135526684763,1
864691135615795049,864691135516830931,1
864691135615803497,864691135516716499,8
864691135615805643,864691135518266323,1
864691135616048587,864691135526892891,1
864691135616227275,864691135516827347,1
864691135616227275,864691135518520531,1
864691135616227275,864691135526892891,1
864691135616292969,864691135520154250,1
864691135616293481,864691135518175882,1
864691135616328553,864691135526296667,1
864691135616466379,864691135516771027,5
864691135616466379,864691135519112586,1
864691135616466379,864691135520105610,1
864691135616568523,864691135517705939,2
864691135616568523,864691135518370698,1
864691135616568523,864691135526798939,11
864691135616735593,864691135526042715,1
864691135616812649,864691135518242186,1
864691135616867177,864691135517125075,4
864691135616867177,864691135525389042,3
864691135616867177,864691135526843227,1
864691135616869481,864691135518482899,1
864691135616896873,864691135517818506,3
864691135616896873,864691135526732635,5
864691135616907113,864691135520105610,1
864691135617052265,864691135518363018,1
864691135617099113,864691135517952906,1
864691135617099113,864691135518395274,2
864691135617099113,864691135526892891,3
864691135617099113,864691135526901851,1
864691135617409385,864691135517206739,1
864691135617729679,864691135519112586,1
864691135617740431,864691135520077450,1
864691135617743503,864691135526684763,1
864691135617744783,864691135517125075,1
864691135617749647,864691135517125075,3
864691135617749647,864691135526843227,4
864691135617784975,864691135526843227,1
864691135617805711,864691135520077450,2
864691135617880937,864691135526883419,1
864691135617909865,864691135526850395,1
864691135618011535,864691135516892115,1
864691135618011535,864691135517337738,3
864691135618011535,864691135519629194,1
864691135618109839,864691135518256010,1
864691135618109839,864691135526549851,1
864691135618185359,864691135526732635,3
864691135618375785,864691135517705939,1
864691135618375785,864691135518283475,1
864691135618375785,864691135519112586,1
864691135618375785,864691135519177610,7
864691135618375785,864691135519332234,1
864691135618375785,864691135520092810,1
864691135618375785,864691135526798939,1
864691135618448745,864691135518370698,1
864691135618545513,864691135519112586,1
864691135618574991,864691135518153866,1
864691135618574991,864691135518389130,1
864691135618694287,864691135517125075,1
864691135618705295,864691135518284938,1
864691135618716047,864691135526296667,1
864691135618718607,864691135516716499,1
864691135618867855,864691135518233482,1
864691135618947215,864691135526874971,1
864691135619100559,864691135518153866,1
864691135619317391,864691135520077450,1
864691135619317391,864691135526703451,1
864691135619439759,864691135517952906,1
864691135619638671,864691135516916691,2
864691135619638671,864691135526296667,1
864691135619866767,864691135526892891,1
864691135619952015,864691135518283475,2
864691135619986063,864691135519468170,1
864691135638977595,864691135516780243,1
864691135638989115,864691135518527626,3
864691135639001915,864691135526901851,1
864691135639442747,864691135526843227,1
864691135639601723,864691135520105610,1
864691135639620411,864691135518234506,1
864691135639620411,864691135526883419,2
864691135639874619,864691135517705939,2
864691135639876667,864691135518164106,1
864691135639881787,864691135518284938,1
864691135639885627,864691135526789723,1
864691135639900219,864691135516716499,1
864691135639901243,864691135516716499,1
864691135640063803,864691135516827347,1
864691135640063803,864691135518211466,1
864691135640087611,864691135526732635,1
864691135640089659,864691135518161034,1
864691135640197947,864691135519629194,2
864691135640985028,864691135516817619,1
864691135640985028,864691135518242186,1
864691135640985028,864691135526703451,3
864691135641149755,864691135526892891,1
864691135641352507,864691135518266323,2
864691135641460539,864691135516827347,1
864691135641491003,864691135519178378,1
864691135641518395,864691135518266323,1
864691135641518395,864691135519177610,1
864691135644567791,864691135526703451,1
864691135644577007,864691135525389042,1
864691135644608495,864691135518355082,1
864691135644629743,864691135518527626,2
864691135644633583,864691135526732635,1
864691135644634863,864691135517175763,1
864691135644635375,864691135526735707,1
864691135644642031,864691135518247306,1
864691135644659183,864691135518520531,1
864691135644692207,864691135518161034,1
864691135644719599,864691135526789723,1
864691135645073391,864691135519332234,1
864691135645080047,864691135526892891,1
864691135645130223,864691135519112586,1
864691135645350895,864691135519332234,1
864691135645356271,864691135517952906,1
864691135645367535,864691135526703451,1
864691135645389551,864691135516892115,1
864691135645393647,864691135516892115,1
864691135645435631,864691135526730587,2
864691135645605103,864691135526789723,1
864691135645750767,864691135526556763,1
864691135646239471,864691135522665924,1
864691135646337519,864691135516830931,1
864691135646430703,864691135519629194,1
864691135646616815,864691135520105610,1
864691135646705903,864691135517869962,7
864691135646705903,864691135518242186,1
864691135646705903,864691135518256010,2
864691135646705903,864691135526318171,8
864691135646705903,864691135526549851,2
864691135646796015,864691135518370698,2
864691135646796015,864691135519468170,1
864691135646833903,864691135519468170,1
864691135646958319,864691135518283475,1
864691135654024898,864691135518954634,1
864691135654043586,864691135526735707,1
864691135654047682,864691135520154250,1
864691135654055362,864691135518355082,1
864691135654065858,864691135516716499,1
864691135654067394,864691135516916691,1
864691135654073538,864691135518161034,1
864691135654084034,864691135518626954,1
864691135654106306,864691135522665924,1
864691135654106306,864691135524528882,2
864691135654159810,864691135516830931,1
864691135654354370,864691135526843227,4
864691135654408386,864691135526874971,1
864691135654417858,864691135516916691,1
864691135654417858,864691135526296667,1
864691135654447554,864691135526789723,1
864691135654453698,864691135516830931,1
864691135654453698,864691135526789723,1
864691135654544578,864691135518626954,2
864691135654586050,864691135526843227,1
864691135654676418,864691135518482899,2
864691135654948546,864691135518177930,1
864691135655013826,864691135516778707,1
864691135655069890,864691135524528882,2
864691135655070402,864691135517339786,1
864691135655126978,864691135526850395,1
864691135655136194,864691135518234506,1
864691135655140802,864691135518153866,1
864691135655360450,864691135518234506,1
864691135655400386,864691135518954634,1
864691135655535042,864691135517206739,1
864691135655535042,864691135520077450,4
864691135655572930,864691135519177610,3
864691135655779522,864691135516780243,1
864691135655933634,864691135524528882,1
864691135655938242,864691135518234506,1
864691135655938242,864691135520154250,1
864691135655940290,864691135518177930,1
864691135656073410,864691135516771027,1
864691135656073410,864691135518395274,2
864691135656073410,864691135518482899,1
864691135656073410,864691135518520531,1
864691135656073410,864691135526892891,1
864691135656397250,864691135518482899,1
864691135656397250,864691135526695771,1
864691135656453058,864691135518283475,1
864691135656504002,864691135518374538,1
864691135656631490,864691135520077450,1
864691135656654530,864691135519332234,2
864691135656704706,864691135518283475,1
864691135656746690,864691135520077450,1
864691135656778946,864691135516916691,2
864691135656778946,864691135517125075,1
864691135656778946,864691135525389042,1
864691135656778946,864691135526750299,1
864691135656799682,864691135519468170,1
864691135656800706,864691135518370698,2
864691135656800706,864691135519332234,1
864691135656800706,864691135520105610,1
864691135656812738,864691135526549851,1
864691135657781890,864691135516892115,1
864691135657802114,864691135518153866,1
864691135657810306,864691135520035722,1
864691135657817986,864691135519629194,1
864691135657836418,864691135524528882,2
864691135657836418,864691135526750299,1
864691135658163586,864691135526883419,1
864691135658266498,864691135526356827,2
864691135658416002,864691135516771027,1
864691135658596738,864691135526892891,2
864691135658689922,864691135520105610,2
864691135658737538,864691135526789723,1
864691135658776450,864691135518284938,1
864691135658858626,864691135518175882,1
864691135658882178,864691135518283475,1
864691135658926210,864691135526703451,1
864691135659207554,864691135519112586,1
864691135659207554,864691135520154250,2
864691135659207554,864691135526883419,1
864691135659219074,864691135517952906,1
864691135659358850,864691135517125075,1
864691135659498114,864691135516716499,1
864691135659579266,864691135518482899,1
864691135659637122,864691135516716499,1
864691135659687554,864691135517869962,1
864691135659687554,864691135520077450,3
864691135659732866,864691135518283475,1
864691135659732866,864691135518374538,1
864691135659732866,864691135520077450,2
864691135659853698,864691135517869962,1
864691135659853698,864691135520035722,1
864691135659869826,864691135518177930,2
864691135659869826,864691135519112586,1
864691135659869826,864691135520105610,1
864691135659921282,864691135519112586,1
864691135659921282,864691135520105610,1
864691135659976834,864691135526684763,1
864691135660108674,864691135519112586,1
864691135660108674,864691135520092810,1
864691135660108674,864691135520105610,1
864691135660160642,864691135526892891,1
864691135660163458,864691135518150538,1
864691135660504560,864691135518357642,1
864691135660507120,864691135526684763,1
864691135660508656,864691135516916691,1
864691135660722928,864691135517125075,1
864691135660728816,864691135526549851,1
864691135660768496,864691135516716499,2
864691135660830192,864691135519112586,1
864691135660831216,864691135518389130,6
864691135660831984,864691135526750299,2
864691135660876784,864691135526730587,1
864691135660882928,864691135526684763,1
864691135660886000,864691135518284938,3
864691135661139184,864691135518153866,2
864691135661308400,864691135526798939,1
864691135661381872,864691135520092810,1
864691135661381872,864691135526892891,2
864691135661454064,864691135518283475,1
864691135661870064,864691135518211466,1
864691135661880816,864691135526735707,1
864691135661919472,864691135516892115,1
864691135662000112,864691135518482899,10
864691135662008816,864691135517705939,4
864691135662008816,864691135519112586,1
864691135662008816,864691135526798939,1
864691135662059248,864691135520077450,2
864691135662352624,864691135526883419,1
864691135662423792,864691135526883419,1
864691135662448880,864691135518368394,1
864691135662448880,864691135526296667,1
864691135662750192,864691135516813011,1
864691135662924784,864691135526042715,1
864691135662948336,864691135517175763,2
864691135662978032,864691135518177930,1
864691135662978032,864691135519112586,1
864691135662978032,864691135519332234,3
864691135663965380,864691135518357642,1
864691135675870962,864691135526730587,1
864691135676779762,864691135517818506,1
864691135677500995,864691135516716499,1
864691135679641586,864691135526789723,1
864691135680393156,864691135518828426,1
864691135682723220,864691135518954634,1
864691135683212018,864691135516889299,1
864691135683223026,864691135518283475,1
864691135683244018,864691135526684763,1
864691135683670770,864691135518189706,1
864691135683738354,864691135516892115,1
864691135683777266,864691135518153866,1
864691135683777266,864691135518453642,3
864691135683936439,864691135526703451,1
864691135683945399,864691135526843227,1
864691135683945655,864691135516830931,1
864691135683946423,864691135517206739,1
864691135683964599,864691135518527626,1
864691135683968695,864691135518153866,1
864691135683968695,864691135526730587,1
864691135683980983,864691135519112586,1
864691135684158194,864691135516883667,3
864691135684189682,864691135519112586,2
864691135684206322,864691135518363018,1
864691135684269810,864691135526883419,1
864691135684284914,864691135517337738,2
864691135684319986,864691135516771027,1
864691135684334578,864691135526843227,1
864691135684334834,864691135526695771,1
864691135684345842,864691135526892891,1
864691135684395703,864691135519177610,2
864691135684464823,864691135516830931,2
864691135684464823,864691135526730587,1
864691135684468372,864691135518453642,1
864691135684564919,864691135518520531,1
864691135684574391,864691135518363018,1
864691135684574391,864691135526874971,1
864691135684663991,864691135520035722,1
864691135684663991,864691135520077450,1
864691135684981687,864691135526843227,1
864691135684983479,864691135518284938,1
864691135685078199,864691135526296667,1
864691135685095154,864691135526901851,1
864691135685098423,864691135518363018,1
864691135685098423,864691135526703451,2
864691135685291506,864691135518370698,1
864691135685357810,864691135520077450,1
864691135685357810,864691135526883419,1
864691135685396151,864691135516817619,2
864691135685598450,864691135519112586,1
864691135685645810,864691135526874971,1
864691135685691122,864691135517705939,1
864691135685691122,864691135518395274,1
864691135685720050,864691135517952906,1
864691135685720050,864691135518177930,1
864691135685720050,864691135518283475,7
864691135685720050,864691135518374538,2
864691135685720050,864691135519112586,3
864691135685720050,864691135519177610,1
864691135685720050,864691135519332234,4
864691135685720050,864691135519468170,2
864691135685720050,864691135520077450,1
864691135685720050,864691135520092810,1
864691135685720050,864691135520105610,6
864691135685773495,864691135516880595,1
864691135685773495,864691135525389042,1
864691135685773495,864691135526318171,3
864691135685844919,864691135518266323,1
864691135685954999,864691135518283475,1
864691135686091447,864691135518363018,6
864691135686091447,864691135526703451,1
864691135686199700,864691135526874971,1
864691135686208439,864691135520154250,1
864691135686296759,864691135519112586,2
864691135686386615,864691135520154250,1
864691135686404279,864691135518283475,1
864691135686559415,864691135518211466,3
864691135686559415,864691135518266323,1
864691135686568119,864691135517705939,1
864691135686568119,864691135518370698,1
864691135686568119,864691135519177610,1
864691135686568119,864691135520105610,1
864691135686568119,864691135526798939,2
864691135686568119,864691135526883419,1
864691135686633399,864691135519468170,1
864691135686664887,864691135520092810,1
864691135686703287,864691135518266323,1
864691135686743479,864691135520154250,1
864691135686743479,864691135526883419,1
864691135686755511,864691135518256010,1
864691135686755511,864691135520035722,1
864691135686755511,864691135526850395,2
864691135686793655,864691135518211466,1
864691135686800567,864691135520077450,2
864691135686800567,864691135526892891,1
864691135686818743,864691135520154250,1
864691135686889440,864691135518355082,1
864691135686905312,864691135518527626,1
864691135686905824,864691135526872667,1
864691135686919648,864691135518189706,1
864691135686932704,864691135518284938,1
864691135686933216,864691135516883667,1
864691135686945760,864691135518284938,1
864691135687217632,864691135517125075,2
864691135687217632,864691135518368394,1
864691135687217632,864691135525389042,2
864691135687217632,864691135526843227,5
864691135687236576,864691135526556763,1
864691135687268064,864691135526356827,2
864691135687364064,864691135526750299,1
864691135687575264,864691135516916691,1
864691135687577824,864691135516813011,1
864691135687601376,864691135518355082,1
864691135687761632,864691135518453642,1
864691135687811552,864691135519112586,1
864691135687863264,864691135526750299,2
864691135687893984,864691135516827347,1
864691135687898080,864691135516706259,1
864691135687985888,864691135516706259,1
864691135688293088,864691135518626954,1
864691135688419296,864691135517869962,1
864691135688419296,864691135520077450,1
864691135688500192,864691135519178378,1
864691135688826592,864691135518234506,1
864691135688891616,864691135517818506,1
864691135688915168,864691135526883419,1
864691135688960736,864691135517705939,1
864691135688960736,864691135518520531,1
864691135688960736,864691135519177610,1
864691135688960736,864691135526798939,1
864691135688967392,864691135520154250,1
864691135688967392,864691135526684763,2
864691135689062880,864691135517340554,1
864691135689062880,864691135518153866,3
864691135689062880,864691135518453642,2
864691135689062880,864691135526296667,3
864691135689175008,864691135520077450,1
864691135689288416,864691135519177610,1
864691135689318624,864691135520035722,1
864691135689554400,864691135518482899,1
864691135689606624,864691135518370698,1
864691135689646304,864691135519112586,1
864691135689646304,864691135520154250,1
864691135689646304,864691135526798939,1
864691135689692384,864691135516716499,1
864691135689692384,864691135520077450,2
864691135689692384,864691135526850395,1
864691135689700320,864691135518177930,1
864691135689724896,864691135518370698,1
864691135689724896,864691135519332234,2
864691135689735904,864691135516827347,2
864691135689735904,864691135517741194,3
864691135689735904,864691135518242186,1
864691135689735904,864691135518266323,1
864691135689735904,864691135526549851,1
864691135689735904,864691135526703451,1
864691135689787360,864691135518266323,1
864691135689787360,864691135520077450,2
864691135691309716,864691135518954634,1
864691135691309716,864691135526872667,1
864691135692709823,864691135524528882,1
864691135692709823,864691135526750299,1
864691135692740287,864691135518189706,1
864691135692740287,864691135526872667,1
864691135692744639,864691135518175882,2
864691135692744895,864691135516716499,1
864691135692847764,864691135516916691,3
864691135692847764,864691135525389042,1
864691135693497535,864691135526556763,1
864691135693509823,864691135516830931,1
864691135693556927,864691135518284938,1
864691135693558719,864691135526318171,1
864691135693629119,864691135518626954,2
864691135693629119,864691135526750299,1
864691135693646271,864691135516706259,1
864691135693657279,864691135518242186,1
864691135693691071,864691135520077450,2
864691135693705407,864691135518453642,1
864691135693705407,864691135526296667,1
864691135693710271,864691135518247306,2
864691135694014911,864691135526296667,2
864691135694097087,864691135519177610,6
864691135694119615,864691135520077450,1
864691135694341567,864691135520077450,2
864691135694642879,864691135519112586,2
864691135694753727,864691135519178378,1
864691135694753727,864691135526883419,8
864691135695042751,864691135519178378,2
864691135695197375,864691135518177930,1
864691135695197375,864691135526798939,1
864691135695237055,864691135518482899,1
864691135695308223,864691135519332234,1
864691135695308223,864691135520077450,1
864691135695957402,864691135518164106,2
864691135695980186,864691135526730587,1
864691135695987354,864691135518520531,1
864691135696254618,864691135516892115,2
864691135696254618,864691135518355082,1
864691135696412570,864691135516916691,1
864691135696505242,864691135516716499,1
864691135696617114,864691135517952906,1
864691135696712858,864691135526042715,1
864691135696720026,864691135516771027,1
864691135696876954,864691135526892891,1
864691135696898714,864691135516813011,1
864691135696898714,864691135526872667,1
864691135696900506,864691135516883667,2
864691135696900506,864691135516892115,1
864691135696935066,864691135518234506,1
864691135697234842,864691135526750299,1
864691135697297818,864691135519112586,1
864691135697392405,864691135526730587,1
864691135697397269,864691135517952906,1
864691135697400085,864691135518175882,2
864691135697410325,864691135518368394,1
864691135697410325,864691135526318171,1
864691135697410325,864691135526735707,13
864691135697629461,864691135526296667,1
864691135697634069,864691135518153866,1
864691135697703322,864691135518150538,1
864691135697780501,864691135518370698,1
864691135697788693,864691135526732635,1
864691135697865882,864691135516830931,1
864691135697865882,864691135526296667,4
864691135697865882,864691135526843227,1
864691135698016410,864691135516880595,1
864691135698108437,864691135526843227,1
864691135698116117,864691135516892115,1
864691135698160405,864691135526892891,1
864691135698344981,864691135516778707,1
864691135698363413,864691135516892115,2
864691135698391962,864691135518520531,1
864691135698412821,864691135517741194,1
864691135698457754,864691135526732635,2
864691135698462741,864691135518283475,1
864691135698462741,864691135518370698,1
864691135698462741,864691135519468170,1
864691135698480026,864691135519112586,1
864691135698529178,864691135518520531,1
864691135698529178,864691135520092810,1
864691135698565653,864691135520077450,4
864691135699133717,864691135517125075,1
864691135699133717,864691135526843227,1
864691135699270946,864691135518284938,1
864691135699274530,864691135518370698,1
864691135699276322,864691135518527626,1
864691135699277346,864691135516716499,1
864691135699286050,864691135516892115,1
864691135699299874,864691135516892115,1
864691135699306274,864691135516830931,2
864691135699346965,864691135517705939,2
864691135699346965,864691135519112586,2
864691135699346965,864691135519332234,1
864691135699346965,864691135520105610,1
864691135699356437,864691135520077450,1
864691135699389218,864691135520077450,2
864691135699520802,864691135518177930,1
864691135699525410,864691135516830931,2
864691135699552290,864691135518527626,1
864691135699562274,864691135518363018,1
864691135699818005,864691135518283475,2
864691135699818005,864691135518370698,2
864691135699818005,864691135518395274,1
864691135699818005,864691135519332234,2
864691135699818005,864691135520105610,2
864691135699818005,864691135526883419,2
864691135699905557,864691135518211466,4
864691135699905557,864691135518266323,1
864691135699905557,864691135518283475,2
864691135699905557,864691135520092810,2
864691135699905557,864691135526695771,2
864691135699928354,864691135518395274,1
864691135699958306,864691135517340554,1
864691135700149794,864691135517705939,1
864691135700149794,864691135526798939,2
864691135700218747,864691135518161034,1
864691135700252027,864691135517952906,1
864691135700254075,864691135518453642,1
864691135700254242,864691135516830931,2
864691135700256546,864691135526695771,1
864691135700261410,864691135518189706,1
864691135700262690,864691135526296667,1
864691135700265339,864691135518164106,1
864691135700272162,864691135517175763,1
864691135700272162,864691135518453642,4
864691135700281890,864691135517337738,1
864691135700312443,864691135522665924,1
864691135700566562,864691135520077450,1
864691135700683554,864691135526843227,1
864691135700750971,864691135518527626,1
864691135700951586,864691135518242186,1
864691135700951586,864691135526549851,1
864691135701027451,864691135518527626,3
864691135701145122,864691135518177930,1
864691135701147170,864691135520105610,1
864691135701226018,864691135518482899,2
864691135701245819,864691135516813011,2
864691135701270139,864691135526549851,1
864691135701351458,864691135516827347,1
864691135701351458,864691135517741194,5
864691135701351458,864691135526703451,4
864691135701404283,864691135518355082,1
864691135701424507,864691135518234506,1
864691135701624699,864691135516716499,1
864691135701624699,864691135516916691,1
864691135701761826,864691135519332234,1
864691135701898786,864691135519112586,1
864691135702246523,864691135526892891,1
864691135702246523,864691135526901851,2
864691135702278523,864691135519177610,2
864691135702516091,864691135518293898,1
864691135702609275,864691135518177930,6
864691135702609275,864691135519332234,4
864691135702609275,864691135519468170,1
864691135702609275,864691135520077450,1
864691135702609275,864691135520105610,7
864691135702609275,864691135526883419,1
864691135702887291,864691135519112586,1
864691135702887291,864691135520154250,3
864691135703055995,864691135518370698,8
864691135703055995,864691135519112586,4
864691135703055995,864691135519177610,1
864691135703055995,864691135519332234,1
864691135703302779,864691135519112586,1
864691135703349115,864691135520154250,1
864691135704408724,864691135526843227,1
864691135711594388,864691135516916691,4
864691135711594388,864691135526296667,2
864691135711594388,864691135526843227,2
864691135715213594,864691135526684763,1
864691135715215130,864691135516892115,1
864691135715236122,864691135516780243,1
864691135715236122,864691135518284938,1
864691135715300500,864691135516916691,1
864691135715300500,864691135526296667,1
864691135715300500,864691135526843227,11
864691135715309594,864691135518954634,1
864691135715312154,864691135516771027,1
864691135715471130,864691135517125075,1
864691135715477786,864691135518211466,1
864691135715480602,864691135526730587,1
864691135715685658,864691135516916691,1
864691135715946010,864691135518626954,1
864691135715988762,864691135516830931,2
864691135716124954,864691135518395274,1
864691135716134170,864691135516892115,1
864691135716147482,864691135516883667,4
864691135716157722,864691135516916691,1
864691135716157722,864691135526843227,1
864691135716237594,864691135516780243,1
864691135716237594,864691135518284938,1
864691135716237594,864691135526872667,1
864691135716476954,864691135517206739,1
864691135716476954,864691135520154250,1
864691135716791322,864691135526843227,1
864691135716843802,864691135519112586,1
864691135716869658,864691135519112586,3
864691135716869658,864691135526883419,2
864691135716929562,864691135517741194,4
864691135716929562,864691135518368394,1
864691135716929562,864691135522665924,1
864691135716929562,864691135526703451,1
864691135717059354,864691135520154250,1
864691135717140762,864691135518283475,1
864691135717171226,864691135522665924,1
864691135717174810,864691135519112586,1
864691135717275162,864691135520077450,1
864691135717308442,864691135526703451,1
864691135717326618,864691135518211466,1
864691135717345562,864691135518211466,1
864691135717365018,864691135518283475,1
864691135717442074,864691135520077450,1
864691135717457178,864691135517741194,1
864691135717528346,864691135517705939,5
864691135717528346,864691135518370698,4
864691135717528346,864691135519112586,2
864691135717528346,864691135519177610,3
864691135717545754,864691135517340554,1
864691135717931924,864691135516813011,1
864691135718467377,864691135526549851,1
864691135718473521,864691135517818506,1
864691135718815793,864691135520077450,1
864691135718815793,864691135522665924,1
864691135718905649,864691135516883667,2
864691135719017777,864691135517339786,1
864691135719092273,864691135526798939,1
864691135719194161,864691135516883667,1
864691135719274545,864691135520077450,1
864691135719344433,864691135518482899,1
864691135719420465,864691135517340554,1
864691135719436081,864691135516716499,1
864691135719445809,864691135518175882,1
864691135719688241,864691135526798939,1
864691135719717937,864691135517818506,1
864691135719738929,864691135519112586,1
864691135719744817,864691135517125075,1
864691135719762737,864691135517125075,2
864691135719762737,864691135518828426,1
864691135719762737,864691135525389042,2
864691135719782449,864691135516916691,2
864691135719946289,864691135518161034,1
864691135719990833,864691135516892115,1
864691135719990833,864691135518177930,1
864691135719990833,864691135519112586,3
864691135719990833,864691135520077450,1
864691135719990833,864691135520154250,1
864691135720335665,864691135516916691,2
864691135720335665,864691135526296667,1
864691135720335665,864691135526843227,1
864691135720337201,864691135518242186,3
864691135720337201,864691135526549851,2
864691135720343089,864691135520077450,1
864691135720638769,864691135526843227,1
864691135720759345,864691135518395274,1
864691135720759345,864691135518482899,5
864691135720759345,864691135526892891,6
864691135722979220,864691135516706259,1
864691135722979220,864691135516780243,3
864691135722979220,864691135516813011,1
864691135722979220,864691135517339786,2
864691135722979220,864691135526872667,5
864691135724217771,864691135516916691,1
864691135724233131,864691135516892115,1
864691135724233131,864691135526708315,1
864691135724241323,864691135526732635,1
864691135724585131,864691135517952906,1
864691135724585131,864691135526901851,1
864691135724597419,864691135518256010,1
864691135724597419,864691135526318171,1
864691135724597419,864691135526549851,2
864691135724725931,864691135526356827,1
864691135724769451,864691135518177930,1
864691135724807851,864691135518161034,1
864691135724847787,864691135516716499,2
864691135725013163,864691135519112586,1
864691135725022123,864691135517741194,1
864691135725038507,864691135518395274,1
864691135725191083,864691135518283475,1
864691135725193899,864691135526730587,1
864691135725334187,864691135520154250,1
864691135725481387,864691135518189706,2
864691135725481387,864691135518247306,2
864691135725481387,864691135518453642,1
864691135725481387,864691135526872667,2
864691135725594175,864691135516892115,1
864691135725627199,864691135518453642,1
864691135725627199,864691135526296667,1
864691135725639999,864691135526730587,2
864691135725643071,864691135516706259,1
864691135725643327,864691135526892891,1
864691135725697451,864691135518266323,1
864691135725697451,864691135520154250,1
864691135725929279,864691135517705939,4
864691135725929279,864691135518395274,2
864691135726033727,864691135526732635,5
864691135726113451,864691135518242186,1
864691135726113451,864691135518256010,4
864691135726113451,864691135518374538,1
864691135726113451,864691135526549851,4
864691135726290751,864691135518363018,1
864691135726292031,864691135517952906,1
864691135726318143,864691135518175882,1
864691135726320191,864691135516830931,1
864691135726474559,864691135518161034,1
864691135726476607,864691135517869962,10
864691135726476607,864691135519468170,1
864691135726481727,864691135525389042,1
864691135726599743,864691135517741194,1
864691135726599743,864691135526556763,1
864691135726627243,864691135519332234,2
864691135726627243,864691135520077450,1
864691135726772907,864691135518283475,1
864691135726772907,864691135526892891,1
864691135726772907,864691135526901851,1
864691135726773419,864691135517952906,2
864691135726773419,864691135518283475,5
864691135726773419,864691135518395274,1
864691135726773419,864691135518520531,1
864691135726773419,864691135520092810,8
864691135726773419,864691135526798939,1
864691135726773419,864691135526892891,7
864691135726840491,864691135519178378,2
864691135726869419,864691135519112586,2
864691135726869419,864691135520077450,1
864691135726940223,864691135518626954,1
864691135726947755,864691135518293898,2
864691135726947755,864691135526695771,1
864691135726960555,864691135524528882,1
864691135726961215,864691135517952906,1
864691135726969259,864691135517952906,1
864691135726969259,864691135518395274,1
864691135726969259,864691135519178378,1
864691135726969259,864691135526892891,1
864691135726969259,864691135526901851,2
864691135727459903,864691135526042715,2
864691135727546943,864691135517741194,2
864691135727546943,864691135518363018,1
864691135727546943,864691135526703451,1
864691135727591743,864691135518482899,1
864691135727591743,864691135520092810,1
864691135727684671,864691135519468170,1
864691135727684671,864691135520035722,1
864691135727738687,864691135516880595,1
864691135727799359,864691135517206739,1
864691135727955007,864691135518211466,1
864691135728018751,864691135518211466,2
864691135728018751,864691135518293898,1
864691135728018751,864691135526042715,1
864691135728018751,864691135526703451,1
864691135728098367,864691135519112586,1
864691135728119103,864691135517705939,1
864691135728119103,864691135526798939,3
864691135728127295,864691135519112586,1
864691135728127295,864691135526883419,1
864691135730098361,864691135517818506,1
864691135730105529,864691135526892891,1
864691135730105529,864691135526901851,1
864691135730138297,864691135517818506,1
864691135730146489,864691135516706259,1
864691135730168505,864691135518164106,1
864691135730170041,864691135519468170,1
864691135730170297,864691135526750299,2
864691135730802873,864691135518164106,1
864691135730914745,864691135520092810,2
864691135731008953,864691135518284938,1
864691135731078073,864691135526708315,1
864691135731145913,864691135517952906,1
864691135731185081,864691135520077450,1
864691135731190201,864691135516771027,3
864691135731192505,864691135526843227,1
864691135731238073,864691135518453642,1
864691135731260345,864691135516780243,1
864691135731958713,864691135526684763,1
864691135731965076,864691135526843227,1
864691135732038329,864691135517741194,1
864691135732066964,864691135526843227,1
864691135732142521,864691135518520531,2
864691135732142521,864691135519332234,1
864691135732172692,864691135516916691,3
864691135732172692,864691135518368394,1
864691135732172692,864691135525389042,4
864691135732172692,864691135526318171,1
864691135732172692,864691135526843227,2
864691135732209593,864691135518211466,2
864691135732212153,864691135519112586,1
864691135732263353,864691135526798939,1
864691135732324537,864691135526556763,1
864691135732392889,864691135518283475,1
864691135732392889,864691135519177610,1
864691135732587449,864691135518283475,1
864691135732587449,864691135518370698,3
864691135732587449,864691135518395274,1
864691135732587449,864691135518520531,1
864691135732587449,864691135519177610,3
864691135732587449,864691135519332234,1
864691135732587449,864691135526850395,1
864691135732587449,864691135526883419,1
864691135732591545,864691135520077450,1
864691135732616377,864691135518283475,2
864691135732616377,864691135518482899,1
864691135732616377,864691135520092810,2
864691135732715961,864691135517206739,1
864691135732715961,864691135518242186,5
864691135732715961,864691135520077450,1
864691135732877972,864691135517175763,5
864691135732877972,864691135518453642,2
864691135733004692,864691135517339786,2
864691135735960724,864691135525389042,1
864691135736296084,864691135516916691,1
864691135736296084,864691135517125075,1
864691135736296084,864691135526843227,1
864691135736876932,864691135520105610,1
864691135736886148,864691135526750299,1
864691135736903556,864691135518363018,1
864691135736911492,864691135518355082,1
864691135736921220,864691135526750299,1
864691135737101700,864691135518164106,5
864691135737101700,864691135518527626,1
864691135737101700,864691135526872667,1
864691135737125508,864691135526901851,2
864691135737126532,864691135520035722,1
864691135737246852,864691135518164106,1
864691135737262468,864691135526750299,1
864691135737272196,864691135516771027,1
864691135737484164,864691135526892891,1
864691135737489265,864691135518954634,1
864691135737501844,864691135516916691,5
864691135737501844,864691135526296667,1
864691135737501844,864691135526750299,2
864691135737501844,864691135526843227,1
864691135737508465,864691135518954634,1
864691135737533572,864691135516892115,1
864691135737533572,864691135518161034,1
864691135737540209,864691135526703451,3
864691135737578884,864691135526730587,1
864691135737616260,864691135518284938,1
864691135737643924,864691135526843227,1
864691135737736836,864691135516830931,1
864691135737741956,864691135518482899,1
864691135737743473,864691135516814803,1
864691135737743473,864691135517125075,1
864691135737743473,864691135526843227,1
864691135737744260,864691135516771027,1
864691135737758084,864691135516916691,1
864691135737837681,864691135516706259,1
864691135737899121,864691135526695771,1
864691135737988996,864691135518482899,2
864691135738017412,864691135520035722,1
864691135738112916,864691135517340554,1
864691135738112916,864691135526296667,3
864691135738151812,864691135526684763,1
864691135738168708,864691135526407515,1
864691135738256532,864691135516916691,2
864691135738256532,864691135525389042,1
864691135738309745,864691135518284938,1
864691135738387076,864691135516880595,1
864691135738387076,864691135518242186,4
864691135738387076,864691135518256010,8
864691135738387076,864691135526318171,2
864691135738387076,864691135526549851,9
864691135738387076,864691135526556763,2
864691135738403185,864691135526556763,1
864691135738495857,864691135526789723,1
864691135738522244,864691135517206739,1
864691135738529905,864691135518161034,2
864691135738529905,864691135526109531,1
864691135738572401,864691135518954634,1
864691135738784369,864691135524528882,1
864691135738833028,864691135519112586,2
864691135739047812,864691135519112586,1
864691135739047812,864691135526850395,1
864691135739080068,864691135518482899,5
864691135739080068,864691135526892891,4
864691135739149956,864691135517705939,1
864691135739149956,864691135519112586,7
864691135739149956,864691135519177610,8
864691135739149956,864691135526883419,1
864691135739249796,864691135518520531,1
864691135739315076,864691135519332234,2
864691135739320945,864691135518293898,5
864691135739320945,864691135526695771,2
864691135739429489,864691135517206739,1
864691135739429489,864691135520077450,1
864691135739429489,864691135524528882,1
864691135739538033,864691135519112586,1
864691135739566996,864691135516771027,1
864691135739567252,864691135518150538,1
864691135739572884,864691135522665924,2
864691135739575444,864691135519629194,1
864691135739602068,864691135518527626,1
864691135739602068,864691135518954634,1
864691135739602580,864691135518164106,1
864691135739614577,864691135516827347,1
864691135739614577,864691135518363018,2
864691135739614577,864691135526703451,2
864691135739616625,864691135522665924,1
864691135739623572,864691135516814803,1
864691135739627156,864691135516706259,1
864691135739627156,864691135518189706,1
864691135739670129,864691135518370698,1
864691135739670129,864691135520077450,1
864691135739675505,864691135522665924,1
864691135739686769,864691135518626954,1
864691135739753073,864691135518283475,1
864691135739753073,864691135518374538,4
864691135739753073,864691135526549851,2
864691135739870868,864691135526732635,1
864691135739896724,864691135518527626,1
864691135739897492,864691135526684763,1
864691135740009108,864691135516892115,3
864691135740009108,864691135526708315,1
864691135740206187,864691135516892115,1
864691135740215659,864691135516813011,1
864691135740218219,864691135516830931,1
864691135740270187,864691135517125075,1
864691135740367252,864691135518293898,1
864691135740457876,864691135516706259,1
864691135740496532,864691135516716499,1
864691135740551828,864691135518527626,1
864691135740551828,864691135526872667,1
864691135740660587,864691135518164106,2
864691135740692843,864691135517206739,2
864691135740752020,864691135516771027,1
864691135740939115,864691135526843227,1
864691135741138027,864691135518626954,1
864691135741182827,864691135517175763,1
864691135741182827,864691135518189706,1
864691135741218196,864691135516817619,3
864691135741218196,864691135516827347,2
864691135741218196,864691135518211466,1
864691135741218196,864691135518346634,2
864691135741218196,864691135518363018,2
864691135741218196,864691135526703451,3
864691135741232788,864691135517741194,1
864691135741232788,864691135526703451,1
864691135741255060,864691135520154250,1
864691135741314411,864691135516830931,1
864691135741351787,864691135526296667,2
864691135741371755,864691135517340554,1
864691135741371755,864691135518453642,1
864691135741439851,864691135524528882,1
864691135741439851,864691135526883419,1
864691135741458324,864691135520154250,1
864691135741757844,864691135520077450,1
864691135741810580,864691135518177930,3
864691135741810580,864691135519332234,2
864691135741810580,864691135526798939,3
864691135741817236,864691135518520531,4
864691135741817236,864691135519332234,3
864691135741817236,864691135520077450,1
864691135741817236,864691135520092810,1
864691135741883284,864691135526798939,2
864691135741994388,864691135524528882,1
864691135742027156,864691135526883419,1
864691135742189163,864691135516827347,1
864691135742255467,864691135520077450,1
864691135742366827,864691135526843227,1
864691135742429803,864691135518283475,1
864691135742609771,864691135520154250,1
864691135742664043,864691135518374538,1
864691135742664043,864691135519112586,1
864691135742664043,864691135526549851,1
864691135742668395,864691135518256010,1
864691135742668395,864691135520154250,2
864691135742668395,864691135522665924,1
864691135742753387,864691135518374538,1
864691135742753387,864691135520077450,1
864691135742826603,864691135518374538,1
864691135742867307,864691135518175882,3
864691135742867307,864691135519112586,1
864691135742895723,864691135518283475,1
864691135742895723,864691135518395274,1
864691135742998379,864691135519468170,7
864691135742998379,864691135520077450,1
864691135743183723,864691135519332234,1
864691135743183723,864691135520077450,1
864691135743196523,864691135520077450,1
864691135743269739,864691135517705939,2
864691135743269739,864691135526798939,4
864691135746106760,864691135526703451,1
864691135748546345,864691135526356827,1
864691135748553769,864691135517125075,1
864691135748588329,864691135526750299,1
864691135748589609,864691135526318171,1
864691135748962857,864691135516830931,1
864691135748977961,864691135518189706,1
864691135749009961,864691135518150538,1
864691135749011241,864691135518355082,1
864691135749141801,864691135526843227,1
864691135749279017,864691135526798939,1
864691135749535785,864691135516830931,3
864691135749570345,864691135526695771,3
864691135749590569,864691135518293898,1
864691135749592361,864691135522665924,4
864691135749805097,864691135518175882,1
864691135749805097,864691135519629194,1
864691135749815593,864691135520105610,1
864691135749853225,864691135518153866,1
864691135749859625,864691135517705939,3
864691135749946665,864691135519112586,1
864691135749995049,864691135526296667,1
864691135750452777,864691135518234506,1
864691135750452777,864691135526892891,1
864691135750487337,864691135520092810,1
864691135750642473,864691135520077450,1
864691135750779433,864691135526901851,2
864691135750799145,864691135520077450,1
864691135750799145,864691135520154250,1
864691135750800681,864691135519112586,1
864691135751064873,864691135518395274,1
864691135751064873,864691135519112586,1
864691135751064873,864691135520092810,1
864691135751064873,864691135526892891,2
864691135751074857,864691135526883419,1
864691135751132457,864691135520092810,1
864691135753617101,864691135526684763,1
864691135753633485,864691135518527626,3
864691135753636045,864691135518164106,2
864691135753636045,864691135518284938,1
864691135753636045,864691135518527626,2
864691135753667021,864691135516892115,1
864691135753677005,864691135516883667,1
864691135753682637,864691135516813011,2
864691135753690573,864691135518357642,1
864691135753712333,864691135519112586,1
864691135753712845,864691135519177610,1
864691135753712845,864691135526798939,2
864691135753727181,864691135518177930,1
864691135753727181,864691135526407515,1
864691135753744845,864691135516892115,1
864691135753751245,864691135518164106,2
864691135754230477,864691135516817619,1
864691135754230477,864691135518346634,6
864691135754465741,864691135517125075,1
864691135754465741,864691135525389042,1
864691135754492877,864691135518482899,1
864691135754537170,864691135516889299,1
864691135754558930,864691135518153866,1
864691135754581453,864691135518284938,1
864691135754584530,864691135518355082,1
864691135754615762,864691135518357642,1
864691135754688717,864691135526732635,1
864691135754707405,864691135518527626,1
864691135754985677,864691135518175882,1
864691135755043021,864691135519178378,1
864691135755043021,864691135520154250,3
864691135755062994,864691135517125075,1
864691135755062994,864691135526750299,1
864691135755115986,864691135526798939,1
864691135755237330,864691135520077450,1
864691135755369165,864691135519332234,1
864691135755388621,864691135518234506,1
864691135755517133,864691135520077450,1
864691135755528146,864691135518520531,1
864691135755632338,864691135516916691,1
864691135755632338,864691135526843227,2
864691135755632594,864691135519332234,1
864691135755647181,864691135518233482,1
864691135755707597,864691135518242186,1
864691135755707597,864691135518256010,1
864691135755707597,864691135526318171,1
864691135755714765,864691135518150538,1
864691135755723474,864691135516716499,1
864691135755850957,864691135519177610,1
864691135755850957,864691135526798939,2
864691135755983314,864691135517206739,1
864691135756014802,864691135518284938,1
864691135756096717,864691135517206739,1
864691135756096717,864691135520077450,1
864691135756096717,864691135520154250,1
864691135756096717,864691135522665924,1
864691135756096717,864691135524528882,1
864691135756096717,864691135526883419,1
864691135756279757,864691135518266323,1
864691135756279757,864691135518283475,1
864691135756279757,864691135520077450,1
864691135756311245,864691135520092810,1
864691135756381389,864691135516771027,1
864691135756630226,864691135526892891,1
864691135756681170,864691135517175763,1
864691135756681170,864691135518189706,3
864691135756681170,864691135518247306,1
864691135756681170,864691135518453642,1
864691135756844242,864691135517206739,1
864691135756844242,864691135517869962,2
864691135756844242,864691135519468170,1
864691135756844242,864691135526549851,2
864691135756968637,864691135526730587,1
864691135756990674,864691135526892891,1
864691135757118418,864691135519178378,1
864691135757157821,864691135526730587,1
864691135757188562,864691135519112586,1
864691135757196242,864691135520077450,1
864691135757239506,864691135520077450,1
864691135758179773,864691135516830931,2
864691135758310589,864691135516706259,1
864691135758496590,864691135519112586,1
864691135758498894,864691135518284938,1
864691135758501710,864691135518284938,1
864691135758502734,864691135518453642,1
864691135758517070,864691135516830931,1
864691135758540110,864691135516892115,1
864691135758672206,864691135526109531,4
864691135758975822,864691135516916691,1
864691135758981454,864691135516830931,1
864691135758981454,864691135526296667,3
864691135759201870,864691135516892115,1
864691135759201870,864691135518355082,1
864691135759257934,864691135518177930,1
864691135759381070,864691135526883419,1
864691135759428430,864691135520077450,1
864691135759616701,864691135516830931,1
864691135759616701,864691135526730587,1
864691135759815758,864691135519177610,2
864691135759840846,864691135517952906,1
864691135759866557,864691135526730587,1
864691135760120654,864691135518233482,1
864691135760194382,864691135518242186,1
864691135760319822,864691135520077450,1
864691135760374862,864691135520077450,1
864691135760441277,864691135516830931,7
864691135760441678,864691135526883419,1
864691135760464206,864691135518520531,1
864691135760540349,864691135516706259,1
864691135760577870,864691135516814803,2
864691135760577870,864691135518453642,1
864691135760674638,864691135519629194,1
864691135760962638,864691135518453642,1
864691135760996686,864691135520092810,1
864691135761502518,864691135526703451,1
864691135761502774,864691135518370698,1
864691135761516598,864691135516830931,1
864691135761523254,864691135518453642,1
864691135761539638,864691135516813011,1
864691135761539638,864691135518284938,2
864691135761543734,864691135518242186,2
864691135761553462,864691135526296667,1
864691135761826614,864691135516813011,1
864691135761826614,864691135518189706,1
864691135761826614,864691135518527626,1
864691135761994038,864691135526296667,1
864691135761994038,864691135526356827,1
864691135761994806,864691135518293898,1
864691135761994806,864691135526042715,1
864691135762106166,864691135518395274,1
864691135762778678,864691135518153866,1
864691135762869558,864691135526750299,1
864691135762950198,864691135518482899,1
864691135763127350,864691135517340554,1
864691135763137846,864691135519468170,1
864691135763137846,864691135520077450,1
864691135763549238,864691135520154250,1
864691135763760950,864691135517741194,1
864691135763812406,864691135526684763,1
864691135763941174,864691135526549851,1
864691135763975990,864691135518266323,1
864691135764263222,864691135516916691,5
864691135764263222,864691135517125075,2
864691135764464438,864691135520077450,1
864691135764678198,864691135518242186,1
864691135764678198,864691135520154250,1
864691135765023542,864691135518482899,1
864691135771603451,864691135518453642,2
864691135771620091,864691135518368394,1
864691135771656011,864691135518370698,1
864691135771699531,864691135526109531,1
864691135771702347,864691135526883419,1
864691135771703115,864691135526892891,1
864691135771718219,864691135518346634,1
864691135772014331,864691135518368394,1
864691135772014331,864691135526318171,1
864691135772053835,864691135526296667,1
864691135772054603,864691135518527626,1
864691135772131067,864691135526407515,1
864691135772188923,864691135518150538,1
864691135772202571,864691135516716499,1
864691135772238411,864691135518175882,1
864691135772261115,864691135519112586,1
864691135772336123,864691135518211466,1
864691135772371451,864691135516892115,1
864691135772479051,864691135518370698,1
864691135772507387,864691135516771027,1
864691135772508747,864691135526872667,1
864691135772542539,864691135526684763,1
864691135772577275,864691135518626954,1
864691135772590075,864691135526789723,1
864691135772608843,864691135517952906,1
864691135772712267,864691135526892891,1
864691135772728139,864691135518370698,1
864691135772771323,864691135519112586,1
864691135772771323,864691135519332234,1
864691135772906571,864691135516716499,1
864691135772906571,864691135518368394,2
864691135772906571,864691135526556763,2
864691135772906571,864691135526703451,1
864691135772906571,864691135526843227,1
864691135773209163,864691135516716499,1
864691135773209163,864691135520092810,1
864691135773509195,864691135518482899,1
864691135773694795,864691135519178378,1
864691135773694795,864691135526695771,1
864691135773761787,864691135518150538,1
864691135773779275,864691135526318171,1
864691135773779275,864691135526735707,2
864691135773910603,864691135526883419,1
864691135774022139,864691135517337738,1
864691135774085115,864691135518374538,1
864691135774139467,864691135516892115,2
864691135774164299,864691135518283475,1
864691135774178123,864691135518266323,1
864691135774221643,864691135516827347,1
864691135774221643,864691135518211466,3
864691135774221643,864691135518266323,3
864691135774221643,864691135518293898,2
864691135774221643,864691135520092810,1
864691135774275147,864691135520154250,3
864691135774389755,864691135520154250,2
864691135774414843,864691135518395274,1
864691135774414843,864691135518482899,3
864691135774414843,864691135520092810,1
864691135774414843,864691135526892891,2
864691135774414843,864691135526901851,1
864691135774482171,864691135526549851,1
864691135774514507,864691135517206739,3
864691135774514507,864691135518374538,1
864691135774549323,864691135517206739,1
864691135774581835,864691135518283475,1
864691135774581835,864691135518374538,1
864691135774581835,864691135518482899,2
864691135775778989,864691135520154250,1
864691135775778989,864691135522665924,1
864691135775803821,864691135526318171,1
864691135775906989,864691135520035722,1
864691135776120493,864691135520154250,1
864691135776130477,864691135516883667,2
864691135776235437,864691135516892115,1
864691135776235949,864691135516830931,1
864691135776249773,864691135516813011,1
864691135776541536,864691135517818506,1
864691135776544096,864691135517175763,1
864691135776544352,864691135516830931,1
864691135776550496,864691135526556763,1
864691135776558432,864691135518626954,1
864691135776558432,864691135526750299,2
864691135776588640,864691135518283475,1
864691135776588640,864691135519177610,1
864691135776601952,864691135526892891,1
864691135776605024,864691135526872667,1
864691135776613216,864691135520092810,1
864691135776617568,864691135526892891,1
864691135776634208,864691135517337738,1
864691135776643680,864691135519177610,1
864691135776649824,864691135518346634,1
864691135776661856,864691135516916691,4
864691135776661856,864691135526296667,2
864691135776661856,864691135526843227,1
864691135776664672,864691135518177930,1
864691135776664672,864691135519112586,1
864691135776870829,864691135518161034,1
864691135776887725,864691135516892115,1
864691135776899245,864691135526549851,2
864691135776904800,864691135518355082,1
864691135776913837,864691135518153866,4
864691135776915117,864691135517340554,1
864691135776915117,864691135518153866,2
864691135777030496,864691135518370698,1
864691135777083565,864691135516830931,2
864691135777099709,864691135516892115,2
864691135777100221,864691135518283475,1
864691135777129661,864691135526740315,1
864691135777150141,864691135518175882,1
864691135777153725,864691135519112586,2
864691135777166176,864691135516916691,1
864691135777166176,864691135517125075,1
864691135777166176,864691135526843227,1
864691135777167456,864691135516706259,1
864691135777176253,864691135518527626,1
864691135777263789,864691135526318171,1
864691135777381805,864691135520154250,2
864691135777381805,864691135526684763,1
864691135777502816,864691135526872667,1
864691135777597792,864691135526789723,1
864691135777606240,864691135519112586,1
864691135777606240,864691135519332234,3
864691135777608800,864691135516716499,2
864691135777623648,864691135518370698,2
864691135777678525,864691135518355082,1
864691135777733472,864691135517125075,1
864691135777733821,864691135526901851,1
864691135777819837,864691135518234506,1
864691135777900221,864691135517339786,1
864691135777900221,864691135526872667,1
864691135777933501,864691135516827347,1
864691135777982909,864691135516813011,1
864691135777987005,864691135516771027,1
864691135778037181,864691135519177610,1
864691135778055613,864691135526732635,1
864691135778059949,864691135526883419,1
864691135778072672,864691135518954634,1
864691135778116013,864691135518283475,1
864691135778116013,864691135519177610,5
864691135778117309,864691135516771027,1
864691135778121661,864691135526872667,1
864691135778135136,864691135518482899,1
864691135778136253,864691135516771027,1
864691135778279869,864691135520154250,2
864691135778435501,864691135526556763,1
864691135778435501,864691135526843227,1
864691135778473389,864691135516827347,1
864691135778473389,864691135526684763,1
864691135778563261,864691135518153866,2
864691135778572973,864691135520077450,1
864691135778610365,864691135518153866,6
864691135778610621,864691135518363018,1
864691135778668973,864691135526296667,1
864691135778701664,864691135526883419,2
864691135778716589,864691135517952906,4
864691135778716589,864691135520092810,1
864691135778716589,864691135526901851,2
864691135778725293,864691135518482899,1
864691135778784608,864691135517705939,1
864691135778784608,864691135518370698,1
864691135778792800,864691135519332234,1
864691135778794336,864691135518234506,2
864691135778794336,864691135518482899,2
864691135778794336,864691135520092810,3
864691135778815421,864691135520077450,1
864691135778815421,864691135520105610,1
864691135778815421,864691135526684763,1
864691135778825133,864691135518177930,1
864691135778825133,864691135518283475,1
864691135778826173,864691135522665924,1
864691135778934717,864691135519468170,1
864691135779161440,864691135517952906,3
864691135779161440,864691135518266323,2
864691135779161440,864691135518283475,7
864691135779161440,864691135518293898,2
864691135779161440,864691135518395274,2
864691135779161440,864691135518482899,4
864691135779161440,864691135518520531,1
864691135779161440,864691135520092810,3
864691135779161440,864691135526892891,1
864691135779199584,864691135518177930,1
864691135779199584,864691135520077450,2
864691135779199584,864691135520105610,2
864691135779384253,864691135516892115,3
864691135779449533,864691135516916691,8
864691135779449533,864691135518453642,1
864691135779449533,864691135526296667,2
864691135779705021,864691135518283475,1
864691135779857341,864691135519332234,1
864691135780795216,864691135520154250,1
864691135780799824,864691135517818506,5
864691135780824912,864691135526296667,1
864691135780832848,864691135518284938,1
864691135780836688,864691135516813011,1
864691135780844624,864691135518520531,1
864691135780846672,864691135516814803,3
864691135780846672,864691135525389042,6
864691135780986448,864691135526750299,1
864691135781081680,864691135516916691,5
864691135781081680,864691135518828426,1
864691135781081680,864691135526296667,3
864691135781081680,864691135526843227,1
864691135781194832,864691135516771027,1
864691135781219152,864691135518266323,1
864691135781258320,864691135526318171,2
864691135781263184,864691135519468170,1
864691135781535824,864691135517206739,1
864691135781725520,864691135517952906,1
864691135781796944,864691135518370698,1
864691135781816144,864691135520077450,1
864691135781827920,864691135526109531,1
864691135781835344,864691135526798939,1
864691135781844048,864691135526703451,5
864691135781848400,864691135517340554,1
864691135781958992,864691135518828426,1
864691135782062672,864691135526296667,1
864691135782265424,864691135518153866,2
864691135782392115,864691135517125075,1
864691135782392115,864691135526843227,1
864691135782398515,864691135526556763,1
864691135782425651,864691135526296667,1
864691135782563408,864691135517125075,1
864691135782603088,864691135518370698,2
864691135782615632,864691135516706259,1
864691135782620240,864691135524528882,1
864691135782620240,864691135526850395,1
864691135782821456,864691135517952906,2
864691135782821456,864691135518283475,1
864691135782821456,864691135518395274,1
864691135782821456,864691135518520531,1
864691135782821456,864691135526892891,13
864691135782821456,864691135526901851,1
864691135782865459,864691135525389042,2
864691135782865459,864691135526843227,4
864691135782870864,864691135518177930,1
864691135782870864,864691135518370698,1
864691135782890035,864691135518363018,1
864691135782915664,864691135519629194,1
864691135782918963,864691135518954634,1
864691135783084083,864691135516771027,2
864691135783221043,864691135517952906,1
864691135783296819,864691135517952906,1
864691135783322704,864691135518283475,1
864691135783330099,864691135518520531,1
864691135783339571,864691135518355082,1
864691135783359539,864691135518283475,1
864691135783359539,864691135520154250,1
864691135783359539,864691135526843227,1
864691135783378995,864691135516889299,3
864691135783378995,864691135517952906,1
864691135783436339,864691135518482899,1
864691135783436339,864691135520092810,1
864691135783441488,864691135518233482,1
864691135783441488,864691135518346634,1
864691135783441488,864691135526703451,2
864691135783570739,864691135518828426,1
864691135783744051,864691135520092810,1
864691135783764019,864691135518370698,1
864691135783764019,864691135519112586,1
864691135783764019,864691135520077450,1
864691135783781427,864691135517125075,1
864691135784120883,864691135516813011,1
864691135784225075,864691135526109531,1
864691135784225075,864691135526892891,1
864691135784354355,864691135526703451,1
864691135784359475,864691135518177930,1
864691135784359475,864691135518370698,2
864691135784359475,864691135519332234,1
864691135784359475,864691135519468170,1
864691135784359475,864691135526883419,1
864691135784363827,864691135520077450,1
864691135784363827,864691135520105610,1
864691135784893491,864691135519468170,1
864691135784944179,864691135519112586,1
864691135784944179,864691135520077450,1
864691135785049395,864691135518177930,1
864691135785233092,864691135516892115,1
864691135785241796,864691135520077450,2
864691135785245892,864691135516771027,1
864691135785251524,864691135526703451,2
864691135785252292,864691135519112586,1
864691135785269188,864691135518954634,1
864691135785290180,864691135518233482,2
864691135785432004,864691135526318171,2
864691135785483716,864691135518368394,1
864691135785664196,864691135526730587,1
864691135785722052,864691135518242186,1
864691135785793220,864691135518626954,1
864691135785816004,864691135526730587,1
864691135786050244,864691135517705939,1
864691135786162372,864691135517340554,1
864691135786326212,864691135526883419,1
864691135786334660,864691135526109531,2
864691135786340036,864691135526872667,1
864691135786344644,864691135526695771,1
864691135786353604,864691135518828426,1
864691135786357700,864691135516814803,1
864691135786647236,864691135516813011,1
864691135786912452,864691135526703451,1
864691135786943684,864691135520154250,1
864691135787204292,864691135526750299,1
864691135787226564,864691135518370698,1
864691135787226564,864691135519112586,2
864691135787264964,864691135522665924,1
864691135787363012,864691135526901851,1
864691135787574212,864691135517705939,1
864691135787684292,864691135518527626,1
864691135787692740,864691135520154250,1
864691135787722436,864691135526892891,1
864691135799736162,864691135518161034,1
864691135799743074,864691135516892115,1
864691135799745378,864691135520077450,1
864691135800026722,864691135518395274,1
864691135800026722,864691135526901851,1
864691135800040034,864691135516830931,1
864691135800040034,864691135526732635,1
864691135800107106,864691135526843227,2
864691135800135778,864691135518177930,1
864691135800178786,864691135520035722,1
864691135800178786,864691135526549851,2
864691135800192610,864691135518189706,1
864691135800273506,864691135517818506,1
864691135800620898,864691135519332234,1
864691135800625762,864691135516892115,1
864691135800635746,864691135516889299,1
864691135800652642,864691135516892115,1
864691135800680802,864691135518482899,1
864691135800691554,864691135526750299,1
864691135800706402,864691135518363018,1
864691135800709218,864691135518177930,1
864691135800713570,864691135518293898,1
864691135800715362,864691135518828426,1
864691135800717154,864691135518453642,1
864691135800717666,864691135516883667,1
864691135800717666,864691135518355082,1
864691135800721250,864691135516706259,1
864691135800755042,864691135516771027,1
864691135800968034,864691135526750299,1
864691135801039970,864691135518161034,1
864691135801088610,864691135517125075,3
864691135801088610,864691135518368394,1
864691135801088610,864691135526556763,2
864691135801088610,864691135526735707,1
864691135801088610,864691135526874971,1
864691135801112930,864691135516780243,1
864691135801160034,864691135520105610,1
864691135801604706,864691135520154250,1
864691135802036834,864691135520077450,2
864691135802105954,864691135520154250,2
864691135802105954,864691135526883419,1
864691135802389858,864691135518242186,1
864691135802389858,864691135520077450,1
864691135802389858,864691135526549851,1
864691135802447970,864691135518189706,1
864691135802482274,864691135518283475,1
864691135802482274,864691135519629194,1
864691135802521186,864691135520154250,1
864691135802567266,864691135517952906,2
864691135802683234,864691135526901851,1
864691135807191069,864691135517125075,1
864691135807191069,864691135517741194,1
864691135807191069,864691135518368394,1
864691135807194397,864691135518527626,1
864691135807233565,864691135516830931,2
864691135807244061,864691135518389130,1
864691135807244061,864691135526730587,1
864691135807244061,864691135526789723,2
864691135807248413,864691135526732635,1
864691135807261469,864691135516830931,1
864691135807286557,864691135516880595,1
864691135807292445,864691135526296667,1
864691135807303197,864691135519629194,2
864691135807311389,864691135520092810,1
864691135807311389,864691135526892891,3
864691135807315485,864691135516830931,1
864691135807340829,864691135517741194,1
864691135807346205,864691135526843227,1
864691135807368221,864691135526872667,1
864691135807487005,864691135518283475,1
864691135807487005,864691135520092810,1
864691135807487005,864691135526892891,4
864691135807813149,864691135520077450,1
864691135808367645,864691135516916691,5
864691135808367645,864691135526296667,2
864691135808379933,864691135516830931,1
864691135808383261,864691135518389130,1
864691135808401437,864691135518395274,2
864691135808409629,864691135518189706,1
864691135808474909,864691135526750299,1
864691135808625181,864691135518242186,3
864691135808625181,864691135518256010,1
864691135808625181,864691135526549851,3
864691135808658205,864691135526732635,2
864691135808847389,864691135519112586,1
864691135808847389,864691135520077450,1
864691135808877341,864691135516716499,1
864691135808925981,864691135516827347,1
864691135808925981,864691135526892891,1
864691135808942621,864691135522665924,1
864691135809016605,864691135526318171,1
864691135809375005,864691135519629194,1
864691135809415197,864691135526883419,1
864691135809432524,864691135518189706,1
864691135809432524,864691135518247306,5
864691135809479884,864691135516916691,1
864691135809483980,864691135516830931,1
864691135809509324,864691135516892115,1
864691135809509917,864691135526684763,1
864691135809511628,864691135517125075,2
864691135809511628,864691135517869962,1
864691135809511628,864691135518242186,1
864691135809511628,864691135526318171,17
864691135809511628,864691135526549851,2
864691135809511628,864691135526735707,1
864691135809512140,864691135526735707,5
864691135809684765,864691135516817619,1
864691135809832221,864691135516771027,2
864691135809861836,864691135520154250,1
864691135809863965,864691135519178378,1
864691135809945036,864691135519629194,1
864691135809954589,864691135526883419,1
864691135810079517,864691135517705939,4
864691135810079517,864691135518370698,1
864691135810079517,864691135519177610,2
864691135810265885,864691135516827347,1
864691135810265885,864691135518211466,1
864691135810265885,864691135518266323,2
864691135810269132,864691135518355082,1
864691135810300108,864691135526892891,1
864691135810339532,864691135526750299,1
864691135810345164,864691135518626954,1
864691135810347468,864691135518161034,1
864691135810347468,864691135518355082,1
864691135810348236,864691135520105610,1
864691135810352588,864691135517125075,1
864691135810361036,864691135519629194,2
864691135810370845,864691135516892115,3
864691135810371276,864691135526798939,1
864691135810372556,864691135516830931,1
864691135810378700,864691135518520531,1
864691135810507468,864691135519178378,1
864691135810514205,864691135519112586,1
864691135810514205,864691135520105610,1
864691135810527773,864691135518177930,1
864691135810527773,864691135519112586,1
864691135810557469,864691135518242186,2
864691135810557469,864691135526549851,1
864691135810618909,864691135526798939,1
864691135810643485,864691135517952906,1
864691135810643485,864691135518482899,2
864691135810643485,864691135526892891,1
864691135810656029,864691135518177930,4
864691135810656029,864691135519332234,8
864691135810656029,864691135520105610,1
864691135810656029,864691135526798939,5
864691135810656029,864691135526850395,1
864691135810670365,864691135516827347,1
864691135810982860,864691135518283475,1
864691135810982860,864691135518370698,2
864691135810990540,864691135516827347,1
864691135810990540,864691135526703451,1
864691135811439308,864691135526883419,1
864691135811567052,864691135518482899,1
864691135811646924,864691135518370698,2
864691135811646924,864691135518520531,1
864691135811646924,864691135519468170,1
864691135811646924,864691135520092810,1
864691135811734220,864691135526750299,1
864691135811734220,864691135526843227,1
864691135815482959,864691135518954634,2
864691135815488079,864691135516916691,1
864691135815507023,864691135516830931,1
864691135815575119,864691135526703451,1
864691135815823439,864691135517340554,1
864691135815967055,864691135518247306,1
864691135816473167,864691135519629194,1
864691135816488783,864691135526789723,1
864691135816508751,864691135518189706,2
864691135816508751,864691135518453642,2
864691135816514127,864691135516830931,3
864691135816635983,864691135518161034,1
864691135816693327,864691135526318171,1
864691135816878979,864691135518175882,2
864691135816980303,864691135526735707,1
864691135817399375,864691135519112586,1
864691135817411663,864691135519112586,1
864691135817535823,864691135519629194,1
864691135817552463,864691135519332234,1
864691135817643855,864691135518293898,1
864691135817684815,864691135520077450,1
864691135817993807,864691135518177930,1
864691135817993807,864691135519332234,3
864691135817993807,864691135520105610,3
864691135818071119,864691135519112586,1
864691135824289283,864691135518153866,1
864691135837178259,864691135518284938,1
864691135837183123,864691135518283475,1
864691135837201299,864691135519112586,1
864691135837201811,864691135516830931,3
864691135837469331,864691135518256010,1
864691135837529491,864691135517340554,1
864691135837535891,864691135526740315,1
864691135837587603,864691135518453642,1
864691135837587603,864691135526296667,2
864691135837627539,864691135519112586,1
864691135837627539,864691135520077450,1
864691135837678995,864691135526735707,2
864691135838029203,864691135519629194,1
864691135838052755,864691135516706259,2
864691135838150291,864691135518370698,1
864691135838215059,864691135516813011,1
864691135838220435,864691135516813011,1
864691135838220435,864691135517833354,1
864691135838220435,864691135518527626,6
864691135838231187,864691135519112586,1
864691135838237843,864691135516830931,1
864691135838237843,864691135518453642,1
864691135838363283,864691135526892891,1
864691135838440595,864691135516892115,1
864691135838454419,864691135516706259,1
864691135838494867,864691135520035722,1
864691135838494867,864691135526549851,5
864691135838640275,864691135518370698,1
864691135838640275,864691135518395274,1
864691135838648467,864691135520154250,1
864691135838672019,864691135520154250,1
864691135838674067,864691135526883419,1
864691135838704275,864691135516892115,1
864691135839012755,864691135518363018,1
864691135839272851,864691135526684763,1
864691135839276947,864691135516916691,1
864691135839413395,864691135518175882,2
864691135839577235,864691135518374538,2
864691135839593363,864691135519112586,1
864691135839593363,864691135519332234,1
864691135839630227,864691135516880595,1
864691135839630227,864691135526318171,7
864691135839630227,864691135526549851,1
864691135839753363,864691135518520531,1
864691135839921043,864691135522665924,1
864691135840145299,864691135519629194,1
864691135841070051,864691135517741194,1
864691135841354979,864691135518234506,1
864691135841371363,864691135518527626,1
864691135841410787,864691135516916691,3
864691135841410787,864691135526732635,1
864691135841429731,864691135525389042,1
864691135841493475,864691135519112586,1
864691135841629667,864691135518954634,1
864691135841662179,864691135516892115,3
864691135841825763,864691135518520531,1
864691135841941219,864691135516830931,1
864691135841947363,864691135518153866,1
864691135842122467,864691135518482899,1
864691135842153187,864691135517952906,1
864691135842153187,864691135526109531,2
864691135842153187,864691135526892891,4
864691135842160611,864691135516706259,2
864691135842670819,864691135518395274,1
864691135842670819,864691135519177610,1
864691135842920419,864691135518242186,4
864691135842920419,864691135526549851,5
864691135842920419,864691135526703451,1
864691135842984931,864691135518363018,1
864691135843077603,864691135518283475,1
864691135843118051,864691135517125075,1
864691135843118051,864691135525389042,1
864691135843242211,864691135518177930,1
864691135843275747,864691135518242186,2
864691135843275747,864691135526318171,2
864691135847900254,864691135526901851,1
864691135847913566,864691135518453642,1
864691135847916382,864691135520077450,3
864691135847931998,864691135518954634,1
864691135847931998,864691135526703451,1
864691135847934814,864691135518284938,1
864691135847936862,864691135526789723,8
864691135847970910,864691135526296667,2
864691135847984478,864691135516830931,1
864691135847984478,864691135526789723,1
864691135848227422,864691135519112586,1
864691135848227422,864691135520077450,1
864691135848308830,864691135525389042,1
864691135848346718,864691135526730587,1
864691135848671582,864691135518389130,2
864691135848671582,864691135526730587,2
864691135848815710,864691135516892115,1
864691135848842590,864691135516716499,1
864691135848843870,864691135518234506,1
864691135848848734,864691135526708315,1
864691135848874846,864691135517125075,1
864691135848874846,864691135526843227,3
864691135849179486,864691135526735707,1
864691135849487966,864691135519112586,1
864691135849487966,864691135520154250,1
864691135849613918,864691135519177610,1
864691135849720670,864691135516830931,3
864691135849720670,864691135526732635,2
864691135849768798,864691135526883419,1
864691135850021726,864691135519112586,2
864691135850036830,864691135526798939,1
864691135850040926,864691135519178378,1
864691135850134878,864691135518242186,1
864691135850145630,864691135517952906,1
864691135850448583,864691135518177930,2
864691135850850247,864691135526892891,1
864691135850884295,864691135526872667,1
864691135851002311,864691135518389130,3
864691135851037127,864691135516916691,1
864691135851044551,864691135526750299,1
864691135851384519,864691135517705939,1
864691135851415495,864691135517340554,1
864691135851515591,864691135518520531,1
864691135851519687,864691135518520531,1
864691135852600007,864691135520154250,1
864691135852600007,864691135522665924,1
864691135853034439,864691135518370698,1
864691135853093319,864691135519112586,1
864691135853143239,864691135517869962,1
864691135853198023,864691135520154250,1
864691135853204679,864691135526296667,1
864691135853204679,864691135526750299,1
864691135853269959,864691135520077450,2
864691135853288391,864691135520092810,1
864691135853316295,864691135526042715,1
864691135855566894,864691135518370698,2
864691135855594030,864691135524528882,1
864691135855614510,864691135516706259,1
864691135855630894,864691135518175882,1
864691135855648558,864691135516830931,1
864691135855659822,864691135518520531,1
864691135855660078,864691135526892891,2
864691135855660078,864691135526901851,1
864691135855664942,864691135519112586,1
864691135855675950,864691135518177930,1
864691135855692590,864691135526732635,2
864691135855710254,864691135518150538,2
864691135855724846,864691135517952906,2
864691135855724846,864691135518293898,1
864691135855788078,864691135520154250,1
864691135855890478,864691135519177610,2
864691135856000558,864691135516916691,4
864691135856044590,864691135518370698,1
864691135856185134,864691135516892115,1
864691135856611374,864691135516771027,1
864691135856760366,864691135526318171,1
864691135856792110,864691135518189706,1
864691135856792110,864691135526296667,1
864691135857327918,864691135526843227,1
864691135857450030,864691135516706259,1
864691135857450030,864691135526843227,4
864691135857647406,864691135518395274,1
864691135857647406,864691135519177610,2
864691135857806382,864691135522665924,1
864691135857881390,864691135517869962,1
864691135857881390,864691135518256010,5
864691135857881390,864691135519468170,2
864691135857881390,864691135520035722,1
864691135858009390,864691135526318171,3
864691135858216494,864691135520077450,1
864691135858282030,864691135518283475,2
864691135858282030,864691135518374538,1
864691135858282030,864691135519332234,2
864691135858282030,864691135520092810,1
864691135858282030,864691135520105610,3
864691135858298670,864691135518256010,1
864691135858363694,864691135518283475,5
864691135858363694,864691135518374538,4
864691135858363694,864691135520154250,1
864691135858465070,864691135526892891,1
864691135858491438,864691135516830931,1
864691135858491438,864691135516880595,1
864691135858491438,864691135517869962,1
864691135858491438,864691135518177930,1
864691135858491438,864691135518242186,1
864691135858491438,864691135518256010,1
864691135858491438,864691135518283475,1
864691135858491438,864691135518284938,1
864691135858491438,864691135518368394,1
864691135858491438,864691135518626954,1
864691135858491438,864691135518954634,1
864691135858491438,864691135519112586,1
864691135858491438,864691135519177610,1
864691135858491438,864691135519332234,1
864691135858491438,864691135519468170,1
864691135858491438,864691135520077450,3
864691135858491438,864691135520092810,1
864691135858491438,864691135520105610,1
864691135858491438,864691135522665924,1
864691135858491438,864691135526318171,1
864691135858491438,864691135526798939,3
864691135858522670,864691135516706259,1
864691135858526510,864691135518256010,1
864691135858586670,864691135519112586,1
864691135858603566,864691135520092810,1
864691135858604846,864691135519112586,1
864691135858604846,864691135526407515,1
864691135858626606,864691135518266323,2
864691135858626606,864691135526883419,1
864691135858696808,864691135517952906,1
864691135858920040,864691135520077450,1
864691135858957416,864691135518527626,1
864691135859005288,864691135516880595,5
864691135859005288,864691135516916691,4
864691135859005288,864691135526549851,1
864691135859122280,864691135518520531,1
864691135859381608,864691135518626954,1
864691135859461992,864691135526549851,1
864691135859602792,864691135526407515,1
864691135859692392,864691135516813011,1
864691135859696488,864691135526732635,1
864691135859714664,864691135517741194,1
864691135859777128,864691135518357642,1
864691135859777128,864691135518527626,1
864691135859777128,864691135518954634,2
864691135859777128,864691135526684763,1
864691135860215400,864691135516814803,1
864691135860296296,864691135517337738,1
864691135860351848,864691135518954634,2
864691135860515432,864691135519332234,1
864691135860866152,864691135519112586,1
864691135860866152,864691135519178378,1
864691135860948072,864691135518283475,1
864691135860948072,864691135518370698,3
864691135860948072,864691135519112586,1
864691135860948072,864691135526798939,1
864691135861311592,864691135526892891,1
864691135864072318,864691135516771027,1
864691135864073086,864691135519112586,1
864691135864083582,864691135516892115,1
864691135864089726,864691135516883667,1
864691135864091006,864691135526892891,1
864691135864385662,864691135524528882,1
864691135864470910,864691135517340554,1
864691135864485502,864691135516830931,1
864691135864485502,864691135516916691,1
864691135864485502,864691135517125075,2
864691135864507006,864691135516706259,1
864691135864671196,864691135518175882,1
864691135864674430,864691135518368394,1
864691135864674430,864691135526556763,1
864691135864674430,864691135526874971,1
864691135864682878,864691135526684763,1
864691135864713436,864691135518161034,1
864691135864716252,864691135516813011,1
864691135864738012,864691135518234506,1
864691135864740828,864691135516892115,1
864691135864740828,864691135518175882,1
864691135864745436,864691135518284938,1
864691135864753534,864691135516771027,1
864691135864802174,864691135526872667,1
864691135864824702,864691135520077450,1
864691135864835036,864691135518234506,1
864691135864857214,864691135517125075,2
864691135864925054,864691135516771027,1
864691135864971134,864691135520092810,1
864691135864978814,864691135517125075,3
864691135864978814,864691135526843227,1
864691135864983934,864691135516814803,1
864691135864983934,864691135525389042,1
864691135864996222,864691135518527626,1
864691135865020892,864691135516813011,1
864691135865050332,864691135517125075,1
864691135865056126,864691135518357642,1
864691135865070044,864691135516916691,1
864691135865106140,864691135516830931,1
864691135865199998,864691135526750299,1
864691135865214590,864691135516892115,2
864691135865214590,864691135518283475,1
864691135865237374,864691135518527626,1
864691135865411804,864691135526872667,1
864691135865480668,864691135519112586,1
864691135865517276,864691135519112586,1
864691135865535109,864691135518189706,1
864691135865535877,864691135517340554,1
864691135865543557,864691135516716499,1
864691135865550981,864691135518527626,1
864691135865554309,864691135516892115,2
864691135865561308,864691135518626954,2
864691135865561733,864691135517705939,1
864691135865562757,864691135516892115,1
864691135865562757,864691135518355082,4
864691135865589893,864691135516830931,1
864691135865596293,864691135516706259,1
864691135865597829,864691135516771027,1
864691135865600389,864691135526732635,1
864691135865602012,864691135518175882,2
864691135865608837,864691135518954634,2
864691135865681116,864691135518453642,1
864691135865690076,864691135519332234,1
864691135865694940,864691135518161034,1
864691135865704668,864691135518161034,1
864691135865705436,864691135526296667,1
864691135865705436,864691135526730587,1
864691135865707228,864691135518247306,1
864691135865866110,864691135516916691,3
864691135865866110,864691135526296667,1
864691135865866110,864691135526732635,1
864691135865866110,864691135526750299,1
864691135865964158,864691135516880595,1
864691135865964158,864691135518242186,2
864691135865964158,864691135518374538,3
864691135865964158,864691135526318171,2
864691135865969285,864691135518527626,1
864691135865997957,864691135526356827,1
864691135866022620,864691135518368394,1
864691135866064766,864691135516883667,1
864691135866064766,864691135516892115,1
864691135866086021,864691135516916691,6
864691135866086021,864691135526296667,5
864691135866089349,864691135518520531,3
864691135866097285,864691135519177610,2
864691135866097285,864691135526901851,1
864691135866143964,864691135516830931,2
864691135866143964,864691135526843227,3
864691135866223998,864691135519178378,1
864691135866355932,864691135518242186,1
864691135866361110,864691135517175763,1
864691135866364124,864691135526703451,1
864691135866370326,864691135526901851,1
864691135866381334,864691135516892115,1
864691135866384150,864691135518368394,1
864691135866384150,864691135518626954,1
864691135866384150,864691135526556763,1
864691135866391004,864691135520077450,1
864691135866393878,864691135518453642,1
864691135866397718,864691135516706259,1
864691135866399766,864691135518242186,1
864691135866403205,864691135520092810,1
864691135866406782,864691135516916691,4
864691135866409494,864691135516814803,1
864691135866409494,864691135525389042,1
864691135866409494,864691135526735707,1
864691135866410262,864691135517705939,1
864691135866416150,864691135518954634,2
864691135866519004,864691135516716499,3
864691135866519004,864691135516916691,1
864691135866519004,864691135518453642,2
864691135866529157,864691135526730587,1
864691135866577285,864691135518368394,1
864691135866637788,864691135522665924,1
864691135866637788,864691135524528882,3
864691135866751196,864691135517952906,2
864691135866751196,864691135526892891,3
864691135866751196,864691135526901851,2
864691135866751870,864691135520105610,1
864691135866751870,864691135526549851,1
864691135866777989,864691135526872667,1
864691135866807941,864691135518283475,1
864691135866809733,864691135518482899,1
864691135866815877,864691135516716499,1
864691135866853253,864691135519332234,1
864691135866963478,864691135526730587,1
864691135867002750,864691135519112586,1
864691135867002750,864691135519332234,2
864691135867002750,864691135526798939,1
864691135867022206,864691135518527626,1
864691135867033726,864691135518370698,2
864691135867033726,864691135518482899,1
864691135867033726,864691135519332234,5
864691135867033726,864691135520077450,2
864691135867033726,864691135520092810,1
864691135867033726,864691135526798939,3
864691135867050006,864691135516814803,1
864691135867058140,864691135518266323,1
864691135867058140,864691135518374538,1
864691135867058140,864691135522665924,1
864691135867077654,864691135518370698,1
864691135867084677,864691135518161034,1
864691135867084677,864691135518293898,1
864691135867274006,864691135519112586,3
864691135867412246,864691135518370698,2
864691135867514646,864691135518954634,1
864691135867590422,864691135526789723,1
864691135867646486,864691135518527626,1
864691135867649046,864691135526296667,5
864691135867649046,864691135526356827,1
864691135867652118,864691135518161034,1
864691135867754262,864691135516830931,2
864691135867905302,864691135526296667,2
864691135867970070,864691135526549851,1
864691135868025878,864691135526750299,1
864691135868036229,864691135518527626,1
864691135868043397,864691135520077450,1
864691135868060950,864691135519468170,1
864691135868075141,864691135518266323,1
864691135868077957,864691135516716499,1
864691135868116869,864691135517952906,1
864691135868466454,864691135517339786,1
864691135868684566,864691135517175763,1
864691135868904726,864691135518370698,1
864691135868904726,864691135526883419,1
864691135868906774,864691135517337738,1
864691135868916246,864691135520077450,1
864691135868916246,864691135525389042,1
864691135868993814,864691135519112586,1
864691135869457430,864691135517206739,4
864691135869457430,864691135517869962,1
864691135869457430,864691135518266323,3
864691135869457430,864691135518374538,2
864691135869457430,864691135519468170,1
864691135869457430,864691135526042715,1
864691135871870028,864691135516916691,1
864691135872962657,864691135526883419,1
864691135873607054,864691135518177930,1
864691135873610382,864691135516716499,1
864691135873610382,864691135517741194,2
864691135873610382,864691135518368394,1
864691135873610382,864691135526556763,2
864691135873614990,864691135526883419,1
864691135873615758,864691135526843227,1
864691135873629582,864691135526732635,1
864691135873642382,864691135517125075,1
864691135873772942,864691135518355082,1
864691135873823118,864691135526798939,1
864691135873823630,864691135526872667,1
864691135873841038,864691135516916691,5
864691135873841038,864691135525389042,1
864691135873841038,864691135526296667,1
864691135874091662,864691135517125075,1
864691135874091662,864691135518368394,1
864691135874288270,864691135517337738,1
864691135874290062,864691135526296667,1
864691135874320270,864691135518395274,1
864691135874320270,864691135526892891,1
864691135874340238,864691135520154250,1
864691135874571150,864691135518161034,5
864691135874736782,864691135518164106,1
864691135875065998,864691135519112586,1
864691135875065998,864691135520077450,1
864691135875065998,864691135522665924,2
864691135875081614,864691135516706259,1
864691135875274638,864691135516892115,1
864691135875274638,864691135518234506,1
864691135875402126,864691135518266323,1
864691135875402126,864691135520077450,1
864691135875569550,864691135517705939,1
864691135875569550,864691135518370698,5
864691135875569550,864691135519112586,1
864691135875569550,864691135519177610,1
864691135875773582,864691135524528882,1
864691135875813006,864691135520154250,1
864691135875961427,864691135520077450,1
864691135875965582,864691135519178378,1
864691135875970643,864691135526296667,1
864691135875970643,864691135526750299,1
864691135876015443,864691135518175882,2
864691135876040078,864691135520077450,1
864691135876105614,864691135518177930,1
864691135876105614,864691135519468170,3
864691135876161619,864691135518370698,1
864691135876161619,864691135519332234,1
864691135876304467,864691135526872667,1
864691135876446803,864691135526843227,2
864691135876459347,864691135518247306,1
864691135876463443,864691135526730587,1
864691135876737875,864691135519468170,1
864691135876742739,864691135517952906,1
864691135876812627,864691135518355082,1
864691135876892243,864691135518482899,1
864691135876935251,864691135517175763,1
864691135876940115,864691135526730587,1
864691135876942931,864691135516813011,4
864691135876942931,864691135518527626,2
864691135876952915,864691135520105610,1
864691135876953171,864691135518954634,1
864691135876959827,864691135526730587,1
864691135877099603,864691135518482899,2
864691135877396563,864691135526730587,1
864691135877620307,864691135517705939,1
864691135877620307,864691135526798939,1
864691135877620563,864691135518175882,1
864691135877620563,864691135519629194,1
864691135877784915,864691135518626954,1
864691135877885779,864691135520035722,1
864691135878346579,864691135520077450,2
864691135878346579,864691135520105610,1
864691135878665811,864691135518363018,1
864691135878665811,864691135526695771,2
864691135878780499,864691135526892891,4
864691135883881840,864691135518626954,1
864691135884076656,864691135518233482,1
864691135884161904,864691135526730587,1
864691135884207728,864691135516830931,1
864691135884239728,864691135517125075,1
864691135884239728,864691135526318171,1
864691135884239728,864691135526735707,1
864691135884254064,864691135517869962,1
864691135884254064,864691135526318171,1
864691135884254064,864691135526850395,1
864691135884302704,864691135526843227,1
864691135884460656,864691135518266323,1
864691135884460656,864691135518482899,1
864691135884604272,864691135516716499,1
864691135884757872,864691135518389130,1
864691135884765808,864691135518626954,1
864691135884808560,864691135518189706,1
864691135884824944,864691135526901851,1
864691135884875888,864691135518370698,2
864691135884875888,864691135520077450,1
864691135885207152,864691135518211466,1
864691135885322096,864691135520154250,1
864691135885326192,864691135519112586,2
864691135885572208,864691135518256010,1
864691135885572208,864691135526549851,1
864691135885572208,864691135526735707,3
864691135885609328,864691135518266323,1
864691135885639280,864691135519629194,1
864691135885674352,864691135516771027,1
864691135885764464,864691135518177930,5
864691135885764464,864691135519332234,2
864691135885764464,864691135520105610,1
864691135885764464,864691135526798939,3
864691135886099824,864691135526407515,1
864691135886199408,864691135520077450,2
864691135886293872,864691135516771027,2
864691135886345072,864691135520077450,1
864691135886415472,864691135518374538,1
864691135888472457,864691135518355082,1
864691135888478089,864691135520154250,1
864691135888486537,864691135516892115,1
864691135888502921,864691135518355082,1
864691135888514441,864691135518284938,1
864691135888514953,864691135518189706,1
864691135888521865,864691135516813011,2
864691135888523145,864691135518527626,2
864691135888577417,864691135516892115,1
864691135888905865,864691135517125075,2
864691135888905865,864691135526735707,1
864691135888983689,864691135517340554,3
864691135889411721,864691135518164106,1
864691135889411721,864691135518284938,1
864691135889411721,864691135518527626,3
864691135889411721,864691135526750299,1
864691135889475721,864691135517952906,1
864691135889773449,864691135516830931,1
864691135889893769,864691135518189706,1
864691135890141321,864691135520077450,1
864691135890197385,864691135519468170,1
864691135890197385,864691135520077450,1
864691135890197385,864691135520154250,1
864691135890268809,864691135524528882,1
864691135890948233,864691135526798939,1
864691135891510153,864691135517705939,4
864691135891510153,864691135518177930,1
864691135891510153,864691135518370698,1
864691135891510153,864691135518520531,2
864691135891510153,864691135519177610,1
864691135891510153,864691135526798939,8
864691135891719305,864691135517952906,11
864691135891719305,864691135518283475,2
864691135891719305,864691135518293898,1
864691135891874185,864691135516830931,9
864691135892055689,864691135526684763,1
864691135892228489,864691135518161034,1
864691135892234633,864691135520077450,1
864691135892234633,864691135526556763,1
864691135892333961,864691135519468170,1
864691135909729193,864691135526042715,1
864691135909734057,864691135518211466,1
864691135909762217,864691135516706259,1
864691135909785769,864691135517339786,3
864691135909985193,864691135518527626,1
864691135910098601,864691135518626954,1
864691135910386857,864691135520154250,1
864691135910510505,864691135518626954,1
864691135910609065,864691135518368394,1
864691135910633897,864691135518395274,1
864691135910871465,864691135526750299,3
864691135911242409,864691135516830931,1
864691135911242409,864691135517340554,2
864691135911433897,864691135520154250,1
864691135911939497,864691135516814803,1
864691135911939497,864691135516916691,3
864691135911939497,864691135517125075,1
864691135911939497,864691135525389042,1
864691135911939497,864691135526843227,2
864691135912195497,864691135518395274,1
864691135912195497,864691135519177610,1
864691135912195497,864691135520105610,3
864691135912195497,864691135526883419,1
864691135912266153,864691135520077450,3
864691135912367785,864691135518395274,1
864691135912367785,864691135518482899,2
864691135912367785,864691135518520531,3
864691135912367785,864691135519177610,1
864691135912367785,864691135519332234,2
864691135912367785,864691135520077450,1
864691135912367785,864691135520092810,1
864691135912367785,864691135526798939,1
864691135912410281,864691135518374538,1
864691135915157350,864691135526789723,1
864691135915159142,864691135518161034,1
864691135915161702,864691135526735707,1
864691135915164774,864691135526750299,1
864691135915165286,864691135518177930,1
864691135915181670,864691135516830931,1
864691135915181670,864691135518389130,1
864691135915636326,864691135517206739,1
864691135915636326,864691135526843227,1
864691135915787622,864691135526703451,1
864691135915875942,864691135519177610,1
864691135916038246,864691135526730587,1
864691135916098918,864691135516813011,1
864691135916106086,864691135516830931,2
864691135916240998,864691135517175763,1
864691135916356966,864691135518374538,1
864691135916584806,864691135526556763,1
864691135916813414,864691135526872667,1
864691135917058150,864691135519178378,1
864691135917122662,864691135517952906,1
864691135917174886,864691135517952906,2
864691135917381990,864691135518374538,1
864691135917583462,864691135516706259,1
864691135917596262,864691135526750299,1
864691135917648230,864691135518177930,1
864691135917650534,864691135518283475,3
864691135917650534,864691135519468170,1
864691135917650534,864691135520077450,1
864691135918320048,864691135526732635,1
864691135918344112,864691135526798939,1
864691135918344624,864691135520077450,2
864691135918345904,864691135518284938,1
864691135918348720,864691135517337738,1
864691135918352048,864691135525389042,1
864691135918597808,864691135518234506,1
864691135918600880,864691135518626954,1
864691135918652336,864691135516780243,2
864691135918652336,864691135526730587,1
864691135918811056,864691135517869962,1
864691135919169968,864691135526789723,1
864691135919170736,864691135516916691,2
864691135919170736,864691135517125075,1
864691135919170736,864691135526356827,1
864691135919170736,864691135526750299,1
864691135919211696,864691135526296667,1
864691135919275696,864691135516716499,1
864691135919283632,864691135520105610,1
864691135919381936,864691135518527626,1
864691135919394992,864691135526892891,1
864691135919463600,864691135520105610,1
864691135919614384,864691135518150538,1
864691135919729584,864691135519112586,1
864691135919901616,864691135526318171,1
864691135919901616,864691135526735707,1
864691135920492976,864691135517206739,2
864691135920492976,864691135518256010,2
864691135920492976,864691135520077450,1
864691135920492976,864691135526318171,4
864691135920792240,864691135519177610,2
864691135920880304,864691135518177930,1
864691135920880304,864691135526798939,2
864691135920880304,864691135526883419,1
864691135920894128,864691135517705939,1
864691135920894128,864691135517869962,2
864691135920894128,864691135518283475,1
864691135920894128,864691135519112586,1
864691135920894128,864691135522665924,1
864691135920930224,864691135518242186,1
864691135920930224,864691135518374538,2
864691135920930224,864691135520035722,1
864691135920930224,864691135520077450,1
864691135920930224,864691135526549851,1
864691135920930224,864691135526703451,1
864691135920930224,864691135526850395,3
864691135924087043,864691135516706259,1
864691135925500174,864691135526732635,1
864691135925504270,864691135516883667,2
864691135925541390,864691135518527626,1
864691135925553166,864691135519177610,1
864691135925893390,864691135520154250,1
864691135925922062,864691135518527626,1
864691135926026254,864691135518453642,1
864691135926067214,864691135518153866,1
864691135926123534,864691135526730587,1
864691135926129166,864691135526883419,2
864691135926341332,864691135518954634,1
864691135926407124,864691135518177930,1
864691135926438926,864691135516771027,1
864691135926440148,864691135516771027,1
864691135926440148,864691135526901851,1
864691135926486228,864691135516771027,1
864691135926488590,864691135518453642,1
864691135926557140,864691135519112586,1
864691135926595342,864691135526789723,1
864691135926597134,864691135516830931,1
864691135926604814,864691135517125075,1
864691135926605582,864691135526750299,1
864691135926610446,864691135517705939,1
864691135926610446,864691135519112586,1
864691135926721806,864691135526732635,1
864691135926795022,864691135526901851,2
864691135926873614,864691135518177930,1
864691135927121422,864691135520105610,1
864691135927127508,864691135518283475,1
864691135927181268,864691135526556763,1
864691135927195092,864691135518395274,1
864691135927224846,864691135516716499,1
864691135927224846,864691135526843227,2
864691135927224846,864691135526874971,1
864691135927245268,864691135516892115,1
864691135927291348,864691135524528882,1
864691135927295956,864691135518355082,1
864691135927329236,864691135518161034,1
864691135927336148,864691135517705939,1
864691135927347156,864691135518284938,1
864691135927362516,864691135518355082,2
864691135927484942,864691135518266323,1
864691135927515918,864691135518189706,1
864691135927515918,864691135518453642,1
864691135927639764,864691135516827347,4
864691135927639764,864691135526703451,1
864691135927647956,864691135518211466,1
864691135927651540,864691135518527626,1
864691135927766542,864691135519629194,1
864691135927880462,864691135519112586,1
864691135927896788,864691135518234506,2
864691135927995662,864691135522665924,1
864691135928366292,864691135518283475,1
864691135928366292,864691135519468170,1
864691135928376590,864691135518374538,1
864691135928377102,864691135518283475,1
864691135928518100,864691135516771027,2
864691135928518100,864691135518355082,1
864691135928839892,864691135526883419,1
864691135929158612,864691135518234506,1
864691135929158612,864691135518395274,3
864691135929158612,864691135519177610,2
864691135929185492,864691135516916691,1
864691135929185492,864691135517125075,1
864691135929206740,864691135518482899,1
864691135929206740,864691135520092810,2
864691135929207508,864691135518266323,1
864691135929207508,864691135519178378,3
864691135929207508,864691135524528882,1
864691135929207508,864691135526549851,2
864691135929229780,864691135519468170,1
864691135936463107,864691135518153866,1
864691135936595971,864691135516830931,3
864691135937054979,864691135518189706,1
864691135937161732,864691135519468170,1
864691135937170180,864691135518482899,1
864691135937193220,864691135516916691,1
864691135937193732,864691135526730587,1
864691135937338677,864691135516892115,1
864691135937365045,864691135517818506,1
864691135937374517,864691135518284938,1
864691135937383733,864691135526556763,1
864691135937410869,864691135517125075,1
864691135937410869,864691135526843227,1
864691135937411381,864691135526296667,1
864691135937411381,864691135526750299,1
864691135937413173,864691135516830931,1
864691135937520900,864691135516892115,1
864691135937520900,864691135518150538,1
864691135937638404,864691135526883419,1
864691135937654276,864691135517741194,1
864691135937654276,864691135518368394,1
864691135937654276,864691135526874971,1
864691135937703940,864691135520077450,1
864691135937752117,864691135519629194,1
864691135937774133,864691135517818506,1
864691135937837109,864691135519112586,1
864691135937837109,864691135520077450,1
864691135937855285,864691135522665924,1
864691135937915652,864691135516706259,1
864691135938020356,864691135526730587,1
864691135938058500,864691135526296667,1
864691135938058500,864691135526732635,1
864691135938077700,864691135526730587,1
864691135938080772,864691135516892115,1
864691135938105860,864691135516813011,1
864691135938194692,864691135526730587,1
864691135938236676,864691135518189706,1
864691135938237956,864691135518284938,1
864691135938291204,864691135519332234,1
864691135938360324,864691135517337738,1
864691135938398468,864691135516830931,1
864691135938398468,864691135526730587,2
864691135938404356,864691135516771027,1
864691135938430980,864691135516916691,1
864691135938455093,864691135518153866,1
864691135938467844,864691135518266323,1
864691135938467844,864691135522665924,1
864691135938484789,864691135526732635,1
864691135938491445,864691135524528882,1
864691135938499637,864691135518164106,3
864691135938507573,864691135516814803,1
864691135938507573,864691135517125075,1
864691135938509060,864691135516827347,1
864691135938569988,864691135518256010,1
864691135939008565,864691135520105610,1
864691135939072004,864691135516771027,1
864691135939103285,864691135518256010,9
864691135939103285,864691135526318171,3
864691135939103285,864691135526549851,1
864691135939110453,864691135518954634,1
864691135939179524,864691135519629194,1
864691135939271937,864691135517869962,1
864691135939276545,864691135518283475,1
864691135939289345,864691135518357642,2
864691135939289345,864691135518527626,1
864691135939289345,864691135518954634,2
864691135939289345,864691135526740315,2
864691135939292161,864691135518527626,1
864691135939293697,864691135526872667,1
864691135939295233,864691135526789723,1
864691135939297537,864691135526730587,1
864691135939323905,864691135516830931,1
864691135939328257,864691135520154250,1
864691135939328257,864691135524528882,2
864691135939332353,864691135516706259,1
864691135939333633,864691135526556763,1
864691135939337217,864691135516780243,1
864691135939350529,864691135516706259,2
864691135939355649,864691135518527626,1
864691135939360257,864691135517339786,1
864691135939366401,864691135518284938,1
864691135939368193,864691135518242186,2
864691135939371265,864691135518175882,2
864691135939435265,864691135516916691,1
864691135939469569,864691135518164106,1
864691135939493685,864691135520105610,2
864691135939555585,864691135516716499,1
864691135939555585,864691135526843227,1
864691135939592196,864691135518370698,1
864691135939592196,864691135520105610,2
864691135939604533,864691135518161034,1
864691135939604533,864691135526708315,2
864691135939612932,864691135520154250,1
864691135939631620,864691135519468170,1
864691135939633318,864691135516892115,1
864691135939645444,864691135516880595,2
864691135939645444,864691135517125075,1
864691135939645444,864691135517340554,1
864691135939645444,864691135526735707,1
864691135939645444,864691135526843227,1
864691135939653286,864691135522665924,1
864691135939669158,864691135526732635,1
864691135939703300,864691135518482899,1
864691135939704580,864691135518177930,1
864691135939704580,864691135519112586,1
864691135939704580,864691135519332234,3
864691135939704580,864691135520092810,1
864691135939704580,864691135520154250,1
864691135939704580,864691135526798939,2
864691135939799041,864691135518164106,1
864691135939867189,864691135516771027,1
864691135939883009,864691135526318171,2
864691135939905190,864691135520154250,1
864691135939931302,864691135526296667,1
864691135939973633,864691135518954634,2
864691135939974054,864691135526883419,1
864691135939975169,864691135526850395,1
864691135940068149,864691135517705939,1
864691135940068149,864691135522665924,1
864691135940083878,864691135526730587,1
864691135940086325,864691135518395274,2
864691135940210342,864691135518954634,1
864691135940217857,864691135517818506,1
864691135940217857,864691135526732635,1
864691135940347649,864691135518368394,1
864691135940347649,864691135518626954,1
864691135940372225,864691135526109531,1
864691135940372737,864691135520092810,2
864691135940384257,864691135518175882,1
864691135940403713,864691135519177610,1
864691135940469158,864691135518234506,1
864691135940498433,864691135517818506,1
864691135940533926,864691135518164106,1
864691135940546982,864691135526730587,1
864691135940595110,864691135524528882,1
864691135940602790,864691135519112586,1
864691135940615078,864691135516716499,4
864691135940616358,864691135516716499,7
864691135940616358,864691135526874971,2
864691135940618662,864691135517339786,1
864691135940635046,864691135526732635,1
864691135940640166,864691135516892115,1
864691135940867585,864691135516892115,1
864691135940871846,864691135518482899,1
864691135940885505,864691135518284938,1
864691135940887297,864691135518234506,1
864691135940904961,864691135518283475,2
864691135940972454,864691135526843227,1
864691135941122676,864691135516892115,1
864691135941123188,864691135526732635,1
864691135941127284,864691135526735707,1
864691135941128449,864691135518395274,1
864691135941143924,864691135526730587,1
864691135941150324,864691135526843227,3
864691135941165172,864691135518161034,1
864691135941185652,864691135519468170,1
864691135941185652,864691135520035722,1
864691135941303462,864691135519112586,1
864691135941303462,864691135526798939,1
864691135941374721,864691135526798939,1
864691135941435046,864691135522665924,1
864691135941482241,864691135517206739,1
864691135941518758,864691135518363018,1
864691135941530369,864691135518175882,1
864691135941530996,864691135526318171,1
864691135941679873,864691135518954634,2
864691135941847924,864691135526730587,1
864691135941866100,864691135518175882,1
864691135941899777,864691135526735707,1
864691135941899777,864691135526874971,1
864691135941984116,864691135520077450,2
864691135941993894,864691135520154250,1
864691135941994662,864691135520105610,1
864691135942044929,864691135518242186,1
864691135942044929,864691135526549851,1
864691135942044929,864691135526556763,1
864691135942048372,864691135518175882,1
864691135942056358,864691135519629194,2
864691135942112513,864691135520154250,1
864691135942130548,864691135516830931,1
864691135942133108,864691135526296667,1
864691135942133364,864691135520077450,1
864691135942142068,864691135518482899,1
864691135942158452,864691135518368394,1
864691135942163201,864691135518527626,1
864691135942322433,864691135517705939,1
864691135942322433,864691135518189706,1
864691135942345588,864691135516817619,1
864691135942345588,864691135526703451,1
864691135942404609,864691135519468170,1
864691135942686324,864691135518266323,1
864691135943029620,864691135519468170,2
864691135943029620,864691135520077450,2
864691135943147380,864691135519112586,2
864691135943168116,864691135518175882,1
864691135943566964,864691135517741194,1
864691135943566964,864691135518346634,1
864691135943622772,864691135520035722,1
864691135943623284,864691135518283475,1
864691135943623284,864691135526892891,1
864691135943743348,864691135519468170,1
864691135943820916,864691135517952906,7
864691135943820916,864691135518293898,1
864691135943868532,864691135519629194,1
864691135943896692,864691135517206739,1
864691135943913332,864691135517705939,1
864691135943913332,864691135518370698,1
864691135943913332,864691135519468170,1
864691135943943540,864691135526684763,1
864691135944010356,864691135520077450,1
864691135944010356,864691135520154250,2
864691135945234378,864691135526843227,1
864691135945400356,864691135518256010,1
864691135945400356,864691135520077450,1
864691135945410340,864691135526789723,1
864691135945440548,864691135518346634,2
864691135945462564,864691135516916691,1
864691135945476132,864691135518233482,1
864691135945486884,864691135516892115,1
864691135945503012,864691135518175882,1
864691135945511716,864691135516892115,1
864691135945513508,864691135516892115,3
864691135945513508,864691135518355082,1
864691135945517348,864691135517705939,1
864691135945517348,864691135518395274,1
864691135945519652,864691135516892115,1
864691135945521444,864691135516892115,2
864691135945526308,864691135516892115,1
864691135945528356,864691135526892891,1
864691135945548068,864691135518363018,1
864691135945550628,864691135518189706,1
864691135945931556,864691135518370698,2
864691135945998116,864691135516830931,1
864691135946032420,864691135526407515,4
864691135946285604,864691135518175882,1
864691135946301732,864691135517337738,1
864691135946367012,864691135526703451,1
864691135946389028,864691135526708315,1
864691135946412580,864691135516892115,1
864691135946463780,864691135518284938,1
864691135946532388,864691135517952906,1
864691135946620452,864691135520077450,1
864691135946625633,864691135526296667,1
864691135946628961,864691135517337738,1
864691135946629668,864691135526356827,1
864691135946631521,864691135516892115,2
864691135946634337,864691135526892891,1
864691135946642017,864691135517741194,1
864691135946663265,864691135516892115,2
864691135946665057,864691135518527626,1
864691135946704225,864691135526732635,3
864691135946706017,864691135518150538,1
864691135946832225,864691135519332234,1
864691135946937441,864691135517340554,2
864691135946980193,864691135519177610,1
864691135946994785,864691135524528882,1
864691135946994785,864691135526883419,5
864691135947002465,864691135519112586,1
864691135947044388,864691135517869962,1
864691135947053409,864691135517125075,1
864691135947158308,864691135517175763,1
864691135947158308,864691135518453642,2
864691135947158308,864691135526296667,1
864691135947167073,864691135526296667,1
864691135947175265,864691135525389042,2
864691135947175265,864691135526843227,1
864691135947509601,864691135518175882,1
864691135947562337,864691135519177610,1
864691135947572577,864691135518234506,1
864691135947580931,864691135518189706,1
864691135947615073,864691135517705939,3
864691135947615073,864691135519177610,1
864691135947626081,864691135518256010,1
864691135947629348,864691135518395274,1
864691135947630945,864691135518164106,1
864691135947650340,864691135518161034,7
864691135947650340,864691135518482899,1
864691135947763492,864691135518175882,1
864691135947787556,864691135522665924,1
864691135947805988,864691135518357642,2
864691135947805988,864691135518626954,1
864691135947805988,864691135518954634,1
864691135947843620,864691135518175882,1
864691135947907876,864691135520077450,1
864691135948179492,864691135526684763,1
864691135948433956,864691135519332234,1
864691135948617313,864691135526843227,1
864691135948807009,864691135518177930,1
864691135948814433,864691135519332234,1
864691135949041249,864691135519468170,2
864691135949056353,864691135519468170,1
864691135949056353,864691135520077450,2
864691135949111649,864691135517705939,2
864691135949111649,864691135518395274,1
864691135949111649,864691135519332234,1
864691135949111649,864691135526798939,2
864691135949112417,864691135518266323,1
864691135949112417,864691135518374538,1
864691135949112417,864691135520077450,4
864691135949112417,864691135520092810,1
864691135951989283,864691135526730587,1
864691135952006179,864691135516830931,2
864691135952018211,864691135518177930,2
864691135952018211,864691135519332234,1
864691135952018211,864691135520077450,1
864691135952022563,864691135517952906,1
864691135952022819,864691135518284938,1
864691135952492579,864691135516813011,1
864691135952800291,864691135518370698,1
864691135952843555,864691135526901851,1
864691135952917539,864691135516916691,7
864691135952917539,864691135526732635,1
864691135952926243,864691135518284938,1
864691135952952355,864691135516814803,1
864691135952952355,864691135517125075,1
864691135952952355,864691135518368394,3
864691135952952355,864691135526318171,2
864691135953110819,864691135518234506,3
864691135953712419,864691135526883419,1
864691135953735688,864691135518164106,1
864691135953762568,864691135518363018,1
864691135953764616,864691135516813011,1
864691135953765640,864691135518374538,1
864691135953796899,864691135526703451,1
864691135953853475,864691135517125075,2
864691135953853475,864691135526843227,1
864691135953856547,864691135517125075,1
864691135954194952,864691135516880595,3
864691135954443016,864691135520154250,1
864691135954635272,864691135516830931,1
864691135954637320,864691135526843227,1
864691135954640675,864691135518256010,1
864691135954699299,864691135516827347,6
864691135954699299,864691135517741194,1
864691135954714888,864691135516892115,1
864691135954767624,864691135516827347,1
864691135954769443,864691135520077450,1
864691135954781219,864691135518177930,1
864691135954793224,864691135517125075,1
864691135954844963,864691135518161034,1
864691135954961928,864691135516706259,1
864691135954961928,864691135517125075,1
864691135955320328,864691135518242186,1
864691135955574536,864691135516771027,1
864691135955817480,864691135518284938,1
864691135955919880,864691135517705939,1
864691135955919880,864691135518370698,2
864691135955919880,864691135519177610,1
864691135955919880,864691135519178378,1
864691135955919880,864691135519332234,2
864691135955919880,864691135520105610,3
864691135955924488,864691135526042715,2
864691135955970312,864691135520105610,1
864691135956014856,864691135518266323,1
864691135956412362,864691135516716499,1
864691135957223626,864691135516706259,1
864691135962552778,864691135516830931,1
864691135963906762,864691135516916691,5
864691135964023121,864691135518520531,1
864691135964837066,864691135516830931,1
864691135964837066,864691135518453642,1
864691135964837066,864691135526296667,1
864691135965047754,864691135518453642,1
864691135966688970,864691135518527626,1
864691135968896101,864691135519178378,1
864691135968897637,864691135518150538,1
864691135968907877,864691135526730587,2
864691135968928357,864691135517741194,1
864691135969250661,864691135518234506,1
864691135969423717,864691135518363018,1
864691135969582181,864691135526901851,1
864691135969850725,864691135516771027,1
864691135969850725,864691135518161034,1
864691135969998181,864691135520077450,1
864691135970206821,864691135519112586,1
864691135970744933,864691135516771027,6
864691135970744933,864691135516892115,1
864691135970744933,864691135517337738,1
864691135971252837,864691135519177610,1
864691135971252837,864691135520105610,1
864691135971552101,864691135526843227,1
864691135971725157,864691135518242186,1
864691135971725157,864691135518283475,1
864691135971725157,864691135526798939,1
864691135971734373,864691135518482899,1
864691135971734373,864691135519177610,1
864691135971841637,864691135519112586,1
864691135974742383,864691135517818506,3
864691135974742383,864691135526789723,3
864691135974857583,864691135516916691,3
864691135974872687,864691135526732635,1
864691135974883183,864691135518242186,1
864691135974883183,864691135518374538,1
864691135974906735,864691135526789723,1
864691135975291503,864691135526872667,1
864691135975438147,864691135526789723,1
864691135975438659,864691135520077450,1
864691135975446595,864691135526843227,1
864691135975449411,864691135517125075,1
864691135975461187,864691135526730587,1
864691135975480175,864691135526407515,1
864691135975484783,864691135526850395,1
864691135975499887,864691135526789723,3
864691135975515503,864691135526750299,1
864691135975539779,864691135518175882,1
864691135975539779,864691135518284938,1
864691135975577155,864691135517337738,1
864691135975720771,864691135518370698,1
864691135975764591,864691135516830931,1
864691135975764591,864691135518527626,1
864691135975764591,864691135518954634,1
864691135975764591,864691135526684763,1
864691135975764591,864691135526843227,3
864691135975817539,864691135526730587,1
864691135975825475,864691135518150538,1
864691135975836015,864691135518626954,1
864691135976002115,864691135526750299,1
864691135976164419,864691135526296667,1
864691135976343754,864691135526730587,2
864691135976343754,864691135526789723,2
864691135976348483,864691135517705939,1
864691135976376387,864691135526843227,1
864691135976472643,864691135518150538,1
864691135976572015,864691135520077450,2
864691135976616515,864691135516830931,1
864691135976628803,864691135526732635,1
864691135976759663,864691135526901851,2
864691135976762947,864691135517125075,1
864691135976813935,864691135516830931,1
864691135976888687,864691135520092810,1
864691135977024879,864691135520105610,1
864691135977114991,864691135517705939,1
864691135977114991,864691135519177610,1
864691135977151811,864691135520077450,1
864691135977151811,864691135526850395,1
864691135977167215,864691135518211466,1
864691135977636675,864691135519112586,1
864691135977666883,864691135520154250,6
864691135977736259,864691135517952906,1
864691135977736259,864691135518374538,1
864691135977768259,864691135517206739,3
864691135977768259,864691135519178378,1
864691135977768259,864691135520077450,1
864691135977768259,864691135520154250,5
864691135977807427,864691135519332234,1
864691135977807427,864691135520105610,2
864691135977880643,864691135520077450,3
864691135977925187,864691135516880595,2
864691135977925187,864691135518242186,1
864691135977925187,864691135518368394,1
864691135977925187,864691135526318171,5
864691135977925187,864691135526549851,2
864691135982474915,864691135516830931,1
864691135982714787,864691135526730587,1
864691135982917539,864691135517818506,1
864691135984000163,864691135516830931,1
864691135984348067,864691135526730587,1
864691135986210979,864691135526730587,2
864691135986210979,864691135526789723,2
864691135986896131,864691135519629194,1
864691135986903043,864691135526789723,1
864691135986904067,864691135526730587,1
864691135986918915,864691135516830931,1
864691135986921987,864691135516892115,1
864691135986937347,864691135526735707,5
864691135987382787,864691135516716499,8
864691135987382787,864691135517175763,1
864691135987382787,864691135518164106,1
864691135987809539,864691135520092810,1
864691135988161027,864691135526843227,1
864691135988292608,864691135516716499,5
864691135988314368,864691135518284938,1
864691135988314368,864691135526872667,1
864691135988318976,864691135518150538,2
864691135988403203,864691135526730587,1
864691135988644352,864691135518370698,1
864691135988692224,864691135525389042,1
864691135988800000,864691135520077450,3
864691135988801792,864691135517833354,1
864691135988805376,864691135519112586,2
864691135988824067,864691135526042715,1
864691135989017603,864691135516883667,1
864691135989017603,864691135516892115,1
864691135989059072,864691135520092810,1
864691135989076736,864691135518189706,1
864691135989131776,864691135517705939,2
864691135989131776,864691135518395274,1
864691135989155584,864691135526703451,1
864691135989198848,864691135519332234,1
864691135989246976,864691135526789723,1
864691135989272064,864691135526732635,1
864691135989297920,864691135518368394,3
864691135989301760,864691135518153866,2
864691135989317632,864691135518395274,1
864691135989321216,864691135516830931,6
864691135989321216,864691135526730587,1
864691135989321984,864691135518527626,2
864691135989321984,864691135526750299,1
864691135989332224,864691135518370698,1
864691135989573635,864691135516892115,1
864691135989573635,864691135519629194,1
864691135989581475,864691135526789723,1
864691135989688064,864691135526843227,1
864691135989688832,864691135518368394,1
864691135989694976,864691135518357642,1
864691135989699072,864691135518389130,1
864691135989729795,864691135518370698,1
864691135989739011,864691135518177930,2
864691135989739011,864691135519112586,2
864691135989739011,864691135519332234,2
864691135989739011,864691135526798939,1
864691135989817088,864691135516916691,1
864691135989817088,864691135526843227,1
864691135989860867,864691135518293898,1
864691135989860867,864691135520077450,2
864691135989860867,864691135526695771,2
864691135990009600,864691135518242186,1
864691135990148608,864691135519629194,1
864691135990202624,864691135526684763,1
864691135990277376,864691135519468170,1
864691135990277376,864691135526883419,1
864691135990450432,864691135526798939,2
864691135990620160,864691135519112586,1
864691135990729728,864691135519178378,1
864691135990793216,864691135519177610,9
864691135990793216,864691135519468170,1
864691135990851584,864691135516830931,1
864691135990890496,864691135517869962,1
864691135990890496,864691135518242186,14
864691135990890496,864691135518374538,2
864691135990890496,864691135526549851,7
864691135991049472,864691135518283475,1
864691135991091968,864691135520154250,1
864691135991165440,864691135519112586,1
864691135991197184,864691135518370698,4
864691135991476161,864691135526296667,1
864691135991488449,864691135526556763,1
864691135991488449,864691135526735707,1
864691135991502785,864691135518346634,1
864691135991502785,864691135526684763,2
864691135991506113,864691135516830931,1
864691135991506369,864691135526730587,1
864691135991513537,864691135526730587,2
864691135991523265,864691135517705939,1
864691135991523265,864691135518395274,1
864691135991523777,864691135526901851,1
864691135991658689,864691135516892115,1
864691135991800001,864691135517818506,2
864691135991800001,864691135526730587,1
864691135991801025,864691135517952906,1
864691135991806913,864691135519468170,1
864691135991863745,864691135519112586,2
864691135991865793,864691135519112586,1
864691135992411329,864691135516892115,1
864691135992463809,864691135519177610,1
864691135992477377,864691135518368394,2
864691135992485825,864691135520105610,1
864691135992486337,864691135518161034,1
864691135992814529,864691135518355082,1
864691135992899521,864691135516880595,2
864691135992906177,864691135520077450,1
864691135993113025,864691135518527626,1
864691135993486017,864691135519177610,1
864691135993698753,864691135517705939,1
864691135993698753,864691135518395274,3
864691135993698753,864691135526892891,1
864691135993698753,864691135526901851,1
864691135993787585,864691135516716499,1
864691135993787585,864691135518346634,1
864691135993787585,864691135526850395,1
864691135993807297,864691135516916691,1
864691135994055361,864691135518374538,1
864691135994112961,864691135517741194,1
864691135994222017,864691135520077450,2
864691135994226881,864691135517705939,1
864691135994229194,864691135516916691,2
864691135994229194,864691135518828426,1
864691135994229194,864691135526296667,1
864691135994229194,864691135526843227,1
864691135994453953,864691135516716499,8
864691135994453953,864691135518626954,1
864691135994470337,864691135516880595,1
864691135994470337,864691135526318171,5
864691135994473153,864691135518370698,3
864691135994473153,864691135519177610,6
864691135994473153,864691135520035722,1
864691135994483137,864691135518283475,1
864691135994483137,864691135518482899,1
864691135994483137,864691135520092810,1
864691135994542017,864691135526892891,1
864691135994554026,864691135525389042,1
864691135994558634,864691135526732635,1
864691135994562986,864691135518389130,1
864691135994673866,864691135516830931,1
864691135994815946,864691135517818506,2
864691135994815946,864691135518527626,4
864691135994815946,864691135518828426,1
864691135994819754,864691135517705939,1
864691135994819754,864691135518370698,2
864691135994819754,864691135519332234,2
864691135994874794,864691135516814803,1
864691135994874794,864691135526318171,2
864691135994943402,864691135518175882,1
864691135995019434,864691135518189706,1
864691135995019434,864691135526296667,2
864691135995104714,864691135516814803,2
864691135995104714,864691135516916691,3
864691135995104714,864691135517125075,1
864691135995287466,864691135518954634,1
864691135995473066,864691135516883667,1
864691135995586506,864691135516813011,1
864691135995586506,864691135518247306,1
864691135995730858,864691135519177610,4
864691135995909546,864691135518346634,1
864691135996158378,864691135518482899,1
864691135996249002,864691135516827347,1
864691135996249002,864691135518242186,2
864691135996249002,864691135526556763,3
864691135996633002,864691135526892891,1
864691135997153450,864691135518482899,1
864691135997413034,864691135520154250,1
864691135997425834,864691135518395274,1
864691135997425834,864691135519177610,1
864691135997528490,864691135520077450,1
864691135997616554,864691135524528882,2
864691135997680042,864691135517705939,1
864691135997680042,864691135519177610,7
864691135997680042,864691135526798939,1
864691135997703082,864691135520035722,2
864691135998797770,864691135526296667,1
864691135998797770,864691135526356827,1
864691135998915747,864691135518453642,1
864691136001738442,864691135526356827,1
864691136001931978,864691135516916691,2
864691136001931978,864691135526296667,2
864691136002433994,864691135517340554,1
864691136002788771,864691135517818506,1
864691136004733130,864691135520077450,2
864691136004734666,864691135517741194,2
864691136004734666,864691135518266323,1
864691136004755658,864691135526730587,1
864691136004763594,864691135516830931,1
864691136004776138,864691135516892115,1
864691136004779466,864691135516830931,1
864691136004789450,864691135519112586,1
864691136004885706,864691135518954634,1
864691136005069514,864691135526843227,1
864691136005150154,864691135526318171,1
864691136005150154,864691135526735707,1
864691136005203146,864691135518828426,2
864691136005610186,864691135516716499,1
864691136005680074,864691135516706259,1
864691136005695178,864691135518357642,1
864691136005758154,864691135520077450,1
864691136005765578,864691135516830931,1
864691136005816266,864691135518177930,1
864691136005816266,864691135519332234,3
864691136005821642,864691135516830931,1
864691136005826506,864691135516892115,1
864691136005835722,864691135526750299,2
864691136005840586,864691135518293898,1
864691136005890250,864691135516830931,1
864691136006161610,864691135518153866,3
864691136006161610,864691135526296667,2
864691136006174344,864691135518266323,1
864691136006353354,864691135516716499,2
864691136006353354,864691135516880595,1
864691136006460106,864691135519332234,1
864691136007308234,864691135519112586,1
864691136007308234,864691135526798939,1
864691136007339466,864691135520092810,1
864691136007339466,864691135526850395,1
864691136007393994,864691135518374538,1
864691136007393994,864691135518520531,1
864691136007393994,864691135519468170,2
864691136007393994,864691135520035722,1
864691136007393994,864691135520092810,3
864691136008439468,864691135516830931,1
864691136008461484,864691135518355082,1
864691136008463276,864691135518482899,1
864691136008488620,864691135517206739,1
864691136008488620,864691135524528882,1
864691136008490156,864691135518150538,1
864691136008551342,864691135517818506,1
864691136008551342,864691135526732635,1
864691136008582318,864691135526843227,1
864691136008689324,864691135517339786,2
864691136008724652,864691135518370698,1
864691136008881068,864691135516830931,2
864691136008958892,864691135518520531,4
864691136008962990,864691135517125075,1
864691136008962990,864691135526843227,1
864691136008966574,864691135518153866,4
864691136008966574,864691135526296667,1
864691136009217196,864691135526892891,1
864691136009229996,864691135517340554,1
864691136009415084,864691135516892115,1
864691136009415340,864691135516814803,1
864691136009415340,864691135526318171,1
864691136009428396,864691135525389042,1
864691136009433004,864691135516830931,1
864691136009444268,864691135526901851,1
864691136009448364,864691135518453642,1
864691136009506990,864691135518482899,1
864691136009890476,864691135518242186,3
864691136009890476,864691135526735707,1
864691136010026924,864691135519178378,1
864691136010028974,864691135526750299,1
864691136010246572,864691135520105610,1
864691136010375596,864691135520077450,1
864691136010376620,864691135526318171,2
864691136010495406,864691135517952906,1
864691136010513326,864691135518242186,4
864691136010651564,864691135518177930,1
864691136010651564,864691135519468170,1
864691136010687404,864691135518395274,2
864691136010687404,864691135518482899,4
864691136010687404,864691135526892891,1
864691136010735790,864691135518234506,1
864691136010800812,864691135520105610,1
864691136010802860,864691135526901851,2
864691136010886051,864691135520077450,3
864691136010889891,864691135516778707,1
864691136010902435,864691135517125075,1
864691136010906019,864691135526872667,1
864691136010906275,864691135526730587,1
864691136010913454,864691135520092810,1
864691136010928046,864691135518482899,1
864691136010934179,864691135518527626,1
864691136010935971,864691135516716499,1
864691136010941091,864691135516892115,2
864691136010946979,864691135516883667,1
864691136010954915,864691135526901851,1
864691136010963107,864691135516883667,1
864691136010963875,864691135518395274,1
864691136010963875,864691135518520531,1
864691136010973091,864691135517705939,1
864691136011002798,864691135518234506,1
864691136011067054,864691135518175882,1
864691136011067054,864691135519629194,1
864691136011209635,864691135516830931,1
864691136011324323,864691135526732635,1
864691136011361187,864691135517125075,2
864691136011458734,864691135517952906,4
864691136011458734,864691135518283475,6
864691136011458734,864691135519468170,1
864691136011458734,864691135520092810,1
864691136011468206,864691135518283475,1
864691136011485614,864691135518283475,1
864691136011485614,864691135518482899,1
864691136011485614,864691135520092810,1
864691136011485614,864691135526042715,3
864691136011485614,864691135526892891,1
864691136011596707,864691135516771027,1
864691136011600302,864691135519112586,1
864691136011600302,864691135526883419,1
864691136011622819,864691135518175882,1
864691136011667374,864691135526850395,2
864691136011684526,864691135518283475,1
864691136011733934,864691135518266323,2
864691136011733934,864691135520154250,1
864691136011742627,864691135519177610,1
864691136011766435,864691135517869962,1
864691136011782318,864691135517206739,1
864691136011782318,864691135518266323,1
864691136011807907,864691135518284938,1
864691136011838115,864691135519112586,1
864691136011842990,864691135519112586,1
864691136011900835,864691135520077450,2
864691136011901347,864691135516830931,1
864691136011903395,864691135518247306,1
864691136011905187,864691135516771027,1
864691136012007843,864691135520077450,1
864691136012167075,864691135526883419,1
864691136012173475,864691135520077450,1
864691136012495523,864691135517741194,2
864691136012563619,864691135518370698,1
864691136012948387,864691135526843227,1
864691136012948387,864691135526874971,1
864691136013147555,864691135526798939,1
864691136013242787,864691135517337738,1
864691136013242787,864691135518266323,1
864691136013367715,864691135519468170,1
864691136013367715,864691135526296667,1
864691136013653411,864691135517705939,2
864691136013653411,864691135518370698,2
864691136013653411,864691135519177610,9
864691136017576328,864691135518346634,1
864691136019227729,864691135526798939,1
864691136020241400,864691135518363018,1
864691136020244472,864691135526684763,1
864691136020260088,864691135516830931,3
864691136020268536,864691135526843227,4
864691136020287992,864691135516830931,1
864691136020287992,864691135526730587,1
864691136020295928,864691135526730587,1
864691136020305912,864691135526901851,1
864691136020313336,864691135518175882,1
864691136020314616,864691135518284938,1
864691136020317688,864691135526732635,1
864691136020318968,864691135518284938,1
864691136020328952,864691135516892115,1
864691136020328952,864691135518355082,1
864691136020707064,864691135518177930,1
864691136021014008,864691135518284938,1
864691136021266168,864691135517952906,2
864691136021287672,864691135517125075,1
864691136021296120,864691135518527626,1
864691136021297144,864691135519629194,1
864691136021297144,864691135520154250,1
864691136021416440,864691135526750299,1
864691136021587448,864691135520105610,1
864691136021592568,864691135516771027,1
864691136021895416,864691135526296667,1
864691136021895416,864691135526843227,5
864691136021961720,864691135519468170,1
864691136021961720,864691135520077450,1
864691136022254584,864691135518395274,1
864691136022435576,864691135519112586,1
864691136023765305,864691135518368394,1
864691136023775801,864691135518527626,2
864691136023811897,864691135519332234,1
864691136023813689,864691135519112586,1
864691136023825721,864691135518161034,2
864691136024329529,864691135526356827,1
864691136024622137,864691135516892115,1
864691136024627513,864691135516706259,1
864691136024717113,864691135518233482,1
864691136024751161,864691135518370698,1
864691136024810553,864691135518266323,1
864691136024813369,864691135516916691,1
864691136024813369,864691135526296667,1
864691136024813369,864691135526843227,2
864691136024826681,864691135518389130,1
864691136024928313,864691135516771027,1
864691136024984377,864691135526296667,1
864691136025093689,864691135526296667,1
864691136025093689,864691135526843227,1
864691136025913913,864691135519177610,4
864691136025932345,864691135522665924,1
864691136026059321,864691135517741194,1
864691136026117177,864691135518370698,1
864691136026117177,864691135526798939,1
864691136026263353,864691135519177610,1
864691136026263353,864691135526798939,1
864691136026317113,864691135516771027,1
864691136026317113,864691135517952906,2
864691136026317113,864691135518395274,1
864691136026317113,864691135519177610,2
864691136026356281,864691135520154250,1
864691136026374201,864691135516880595,2
864691136026374201,864691135518256010,1
864691136026374201,864691135526318171,1
864691136026382137,864691135518234506,2
864691136026394425,864691135518266323,1
864691136029893342,864691135516778707,1
864691136029893342,864691135516892115,3
864691136030962840,864691135518284938,1
864691136031641019,864691135520077450,1
864691136031699131,864691135526296667,1
864691136031707323,864691135517125075,1
864691136031715515,864691135518527626,1
864691136031723707,864691135516716499,2
864691136031733691,864691135516780243,1
864691136031752891,864691135516892115,2
864691136031753659,864691135518175882,1
864691136031775163,864691135524528882,1
864691136031787707,864691135516892115,4
864691136031787707,864691135526708315,1
864691136031788475,864691135519629194,1
864691136032156603,864691135520077450,5
864691136032269755,864691135517125075,1
864691136032374203,864691135520077450,2
864691136032380347,864691135526798939,1
864691136032603835,864691135526730587,1
864691136032651963,864691135517818506,1
864691136032651963,864691135526732635,1
864691136032653499,864691135526843227,2
864691136032654523,864691135516813011,1
864691136032654523,864691135518284938,1
864691136032654523,864691135518527626,4
864691136032654523,864691135526732635,2
864691136032658107,864691135520077450,1
864691136032680891,864691135517125075,1
864691136032837307,864691135518211466,1
864691136033332155,864691135518374538,1
864691136033414843,864691135516814803,3
864691136033414843,864691135517125075,6
864691136033414843,864691135526843227,8
864691136033465275,864691135516771027,1
864691136033763003,864691135526684763,2
864691136033989051,864691135520092810,1
864691136034011579,864691135518395274,1
864691136034195387,864691135518234506,1
864691136034454971,864691135519112586,2
864691136034454971,864691135519332234,1
864691136034478779,864691135519332234,1
864691136034487483,864691135520077450,3
864691136034487483,864691135526850395,2
864691136034573243,864691135517952906,1
864691136034592443,864691135519468170,2
864691136034626491,864691135519112586,1
864691136034662843,864691135520105610,1
864691136039381246,864691135516716499,1
864691136039386878,864691135526750299,1
864691136039387902,864691135518527626,1
864691136039396350,864691135526750299,1
864691136039670270,864691135517339786,1
864691136039685118,864691135518150538,1
864691136040143614,864691135516716499,1
864691136040148734,864691135526684763,2
864691136040834558,864691135518283475,1
864691136040873470,864691135518520531,1
864691136040989526,864691135518346634,1
864691136040993878,864691135526883419,1
864691136041019478,864691135518389130,1
864691136041021782,864691135518153866,1
864691136041037398,864691135516830931,1
864691136041045846,864691135518175882,3
864691136041049174,864691135517952906,1
864691136041065046,864691135526798939,1
864691136041076990,864691135518177930,3
864691136041076990,864691135519332234,1
864691136041076990,864691135520077450,1
864691136041076990,864691135520105610,2
864691136041080150,864691135526730587,1
864691136041081430,864691135518234506,1
864691136041085014,864691135516830931,1
864691136041498710,864691135518177930,1
864691136041504254,864691135518374538,1
864691136041504254,864691135519332234,1
864691136041504254,864691135520077450,3
864691136041504254,864691135522665924,1
864691136041604438,864691135518357642,2
864691136041604438,864691135524528882,1
864691136041604438,864691135526684763,1
864691136041608790,864691135520077450,1
864691136041642494,864691135518283475,5
864691136041642494,864691135518374538,1
864691136041642494,864691135520092810,2
864691136041679702,864691135517175763,1
864691136041679702,864691135518189706,3
864691136041679702,864691135518453642,2
864691136041689686,864691135516780243,1
864691136041689686,864691135518527626,1
864691136041695062,864691135526732635,1
864691136041701118,864691135519112586,1
864691136041737470,864691135517952906,1
864691136041737470,864691135526901851,3
864691136041897814,864691135526296667,1
864691136041913686,864691135518395274,1
864691136041923414,864691135518482899,1
864691136041939798,864691135526407515,1
864691136042026582,864691135518355082,1
864691136042051158,864691135518527626,1
864691136042151766,864691135516778707,1
864691136042151766,864691135518355082,1
864691136042166358,864691135526684763,1
864691136042241110,864691135526296667,1
864691136042275414,864691135526732635,1
864691136042341718,864691135516883667,1
864691136042350422,864691135516880595,8
864691136042350422,864691135516916691,3
864691136042350422,864691135517869962,2
864691136042350422,864691135518242186,1
864691136042350422,864691135518256010,1
864691136042526550,864691135526843227,2
864691136042859862,864691135522665924,1
864691136043245654,864691135516716499,2
864691136043245654,864691135526843227,1
864691136043384406,864691135519112586,1
864691136043601238,864691135520077450,1
864691136050803443,864691135516827347,1
864691136050814707,864691135517818506,1
864691136050817267,864691135518828426,1
864691136050827507,864691135526874971,1
864691136050839283,864691135518355082,2
864691136050844915,864691135516892115,2
864691136050846963,864691135517818506,1
864691136050862067,864691135526850395,1
864691136050872051,864691135522665924,1
864691136050873075,864691135516771027,1
864691136050904819,864691135517175763,5
864691136050904819,864691135518189706,1
864691136050913267,864691135517340554,1
864691136050913267,864691135526356827,1
864691136051119347,864691135516813011,1
864691136051274483,864691135519112586,1
864691136051522291,864691135518234506,1
864691136051589619,864691135516830931,1
864691136051626739,864691135516706259,1
864691136051756531,864691135516716499,1
864691136051762675,864691135518368394,1
864691136051806707,864691135517952906,1
864691136051811315,864691135517818506,2
864691136051811315,864691135526789723,1
864691136051830771,864691135518153866,2
864691136051830771,864691135518453642,1
864691136051830771,864691135526356827,1
864691136052772595,864691135519178378,1
864691136052806131,864691135526556763,1
864691136052923123,864691135517833354,1
864691136052923123,864691135518150538,1
864691136052963571,864691135516813011,1
864691136053040883,864691135516892115,2
864691136053201395,864691135516892115,1
864691136053225715,864691135519178378,1
864691136053225715,864691135526750299,1
864691136053263859,864691135526883419,1
864691136053305075,864691135518363018,1
864691136053419251,864691135519112586,3
864691136053537779,864691135526296667,1
864691136053645299,864691135517869962,1
864691136053645299,864691135518242186,3
864691136053645299,864691135518256010,1
864691136053645299,864691135520077450,2
864691136053645299,864691135526318171,2
864691136053829619,864691135526684763,1
864691136056311768,864691135518346634,1
864691136056324056,864691135517125075,2
864691136056324056,864691135525389042,1
864691136056335064,864691135526750299,1
864691136056337880,864691135518626954,1
864691136056367064,864691135516892115,1
864691136056367320,864691135516892115,2
864691136056375256,864691135518453642,1
864691136056378840,864691135517705939,1
864691136056378840,864691135526901851,1
864691136056385496,864691135518175882,2
864691136056387800,864691135518284938,1
864691136056523992,864691135517705939,2
864691136056523992,864691135519177610,4
864691136056523992,864691135520105610,1
864691136056791256,864691135526798939,1
864691136057147864,864691135516880595,1
864691136057166296,864691135518153866,1
864691136057180632,864691135516706259,1
864691136057211096,864691135526407515,1
864691136057332184,864691135517125075,2
864691136057332184,864691135518368394,1
864691136057332696,864691135518453642,1
864691136057345496,864691135516830931,1
864691136057353688,864691135516780243,1
864691136057353688,864691135518164106,3
864691136057353688,864691135518284938,2
864691136057353688,864691135518527626,1
864691136057353688,864691135526872667,1
864691136057357528,864691135516706259,2
864691136057723352,864691135520105610,1
864691136057904088,864691135516771027,1
864691136058116568,864691135519112586,1
864691136058116568,864691135519332234,1
864691136058116568,864691135526798939,1
864691136058242520,864691135519112586,1
864691136058459096,864691135526407515,1
864691136058690264,864691135520077450,1
864691136058752216,864691135519112586,1
864691136058810328,864691135518370698,4
864691136058810328,864691135519112586,1
864691136058810328,864691135519468170,2
864691136058810328,864691135520035722,2
864691136058810328,864691135520077450,3
864691136058810328,864691135520092810,2
864691136058828760,864691135519112586,16
864691136058963160,864691135519112586,1
864691136058963160,864691135520105610,2
864691136058965720,864691135526874971,1
864691136059003864,864691135518242186,1
864691136059003864,864691135520077450,1
864691136059003864,864691135526318171,1
864691136059004888,864691135518177930,2
864691136065215384,864691135518234506,1
864691136065216664,864691135518177930,1
864691136065219992,864691135518234506,1
864691136065220248,864691135526843227,1
864691136065229720,864691135517125075,1
864691136065252248,864691135518527626,1
864691136065258648,864691135526750299,1
864691136065260696,864691135526703451,1
864691136065270680,864691135516892115,1
864691136065661336,864691135518242186,1
864691136065683864,864691135517705939,1
864691136065683864,864691135518395274,1
864691136065725336,864691135519177610,1
864691136065819032,864691135518175882,1
864691136065821592,864691135518368394,1
864691136065821592,864691135525389042,1
864691136065821592,864691135526843227,1
864691136065923992,864691135516780243,1
864691136066398360,864691135516771027,1
864691136066454424,864691135518175882,1
864691136066459800,864691135518284938,1
864691136066506136,864691135517125075,1
864691136066506136,864691135526843227,1
864691136066509720,864691135516892115,1
864691136066516376,864691135526556763,1
864691136067294872,864691135518482899,1
864691136067294872,864691135519629194,1
864691136067300248,864691135516892115,1
864691136067418008,864691135526684763,1
864691136067615384,864691135520077450,1
864691136067718040,864691135519112586,1
864691136067803288,864691135526318171,1
864691136067803800,864691135519468170,1
864691136067819416,864691135517952906,2
864691136067819416,864691135518370698,1
864691136067819416,864691135518395274,4
864691136067819416,864691135526109531,1
864691136067819416,864691135526892891,2
864691136067866776,864691135519629194,1
864691136084037484,864691135526407515,1
864691136084040556,864691135519112586,2
864691136084052588,864691135516830931,1
864691136084053612,864691135526735707,3
864691136084056684,864691135526318171,4
864691136084056684,864691135526735707,1
864691136084059756,864691135526850395,1
864691136084062828,864691135518284938,1
864691136084075628,864691135518161034,1
864691136084077676,864691135526843227,2
864691136084079468,864691135526708315,1
864691136084258156,864691135518293898,1
864691136084313196,864691135518527626,1
864691136084373868,864691135526684763,1
864691136084428908,864691135518520531,2
864691136084428908,864691135526892891,1
864691136084664940,864691135516883667,1
864691136084664940,864691135516892115,1
864691136084664940,864691135518234506,1
864691136084664940,864691135518954634,1
864691136084944748,864691135526750299,1
864691136085030252,864691135526732635,1
864691136085185388,864691135526843227,1
864691136085255788,864691135518150538,2
864691136085271148,864691135519177610,1
864691136085293137,864691135518177930,1
864691136085449068,864691135520077450,1
864691136085458284,864691135518161034,1
864691136085458284,864691135526109531,2
864691136085468780,864691135516813011,2
864691136086206316,864691135518161034,1
864691136086239084,864691135516916691,1
864691136086239084,864691135526843227,1
864691136086239084,864691135526874971,2
864691136086631020,864691135519112586,1
864691136086632556,864691135520092810,1
864691136086639212,864691135522665924,1
864691136086645356,864691135520077450,1
864691136086645356,864691135520154250,1
864691136086667628,864691135516892115,3
864691136086667628,864691135518211466,1
864691136086667628,864691135520154250,1
864691136086705260,864691135518374538,1
864691136086705260,864691135519178378,1
864691136086705260,864691135526549851,2
864691136086755436,864691135518482899,3
864691136086772844,864691135518242186,1
864691136086772844,864691135518266323,2
864691136086840428,864691135522665924,1
864691136088927543,864691135518234506,1
864691136088969271,864691135518153866,2
864691136089450807,864691135517705939,5
864691136089450807,864691135518395274,1
864691136089450807,864691135519177610,1
864691136089560375,864691135516827347,1
864691136089575479,864691135516813011,1
864691136089845047,864691135517337738,1
864691136089879863,864691135516813011,1
864691136090001719,864691135517175763,1
864691136090104119,864691135517125075,1
864691136090116151,864691135518242186,1
864691136090123651,864691135516892115,1
864691136090479159,864691135516880595,1
864691136090479159,864691135518242186,1
864691136090479159,864691135526549851,1
864691136090632503,864691135519178378,1
864691136090728247,864691135520077450,1
864691136090911156,864691135526296667,1
864691136090941108,864691135526296667,1
864691136090948532,864691135526789723,1
864691136091074615,864691135520077450,1
864691136091235639,864691135526883419,1
864691136091310391,864691135518453642,1
864691136091333300,864691135518234506,1
864691136091341367,864691135516827347,1
864691136091430324,864691135519332234,1
864691136091526836,864691135519332234,2
864691136091532855,864691135526843227,1
864691136091620919,864691135518177930,1
864691136091708340,864691135518370698,1
864691136091764916,864691135526730587,1
864691136091771316,864691135526789723,1
864691136091799220,864691135516813011,1
864691136091876788,864691135518161034,1
864691136091973300,864691135518175882,1
864691136091987636,864691135519177610,1
864691136092008628,864691135526296667,1
864691136092044724,864691135526684763,2
864691136092200372,864691135516889299,1
864691136092646836,864691135517952906,1
864691136092646836,864691135518482899,2
864691136092922804,864691135526883419,1
864691136092950964,864691135518177930,1
864691136092950964,864691135518520531,1
864691136092950964,864691135519332234,3
864691136092950964,864691135520105610,2
864691136092950964,864691135526798939,1
864691136093071796,864691135518177930,1
864691136093071796,864691135526883419,1
864691136093111476,864691135519178378,2
864691136093111476,864691135520154250,2
864691136093298100,864691135518175882,1
864691136093298100,864691135519112586,1
864691136093396404,864691135517952906,1
864691136093396404,864691135518395274,4
864691136093396404,864691135518482899,1
864691136093396404,864691135520092810,1
864691136093396404,864691135526892891,2
864691136095392131,864691135516778707,1
864691136095392131,864691135516892115,1
864691136099774581,864691135519112586,1
864691136099778677,864691135518211466,1
864691136099791221,864691135516716499,1
864691136099791477,864691135526296667,1
864691136099819637,864691135518284938,1
864691136099824501,864691135518153866,1
864691136099824501,864691135518453642,1
864691136099827829,864691135518234506,1
864691136099900021,864691135518189706,1
864691136099994229,864691135519112586,1
864691136099994229,864691135526883419,1
864691136100014453,864691135519629194,1
864691136100014453,864691135522665924,4
864691136100070005,864691135518284938,1
864691136100585589,864691135518527626,1
864691136100585589,864691135518954634,2
864691136100643445,864691135526109531,1
864691136100650101,864691135518177930,1
864691136100767861,864691135516892115,2
864691136100789621,864691135526798939,1
864691136100822645,864691135519112586,1
864691136100882037,864691135520077450,1
864691136100885877,864691135526892891,1
864691136100896117,864691135526730587,1
864691136100919925,864691135526730587,3
864691136100921717,864691135516814803,1
864691136100924789,864691135516814803,1
864691136100924789,864691135517125075,1
864691136100940661,864691135517125075,1
864691136101069941,864691135516916691,1
864691136101136757,864691135517175763,1
864691136101277045,864691135516916691,1
864691136101295221,864691135516716499,1
864691136101370741,864691135526730587,1
864691136101618293,864691135519177610,1
864691136101732725,864691135526892891,1
864691136101767541,864691135526695771,1
864691136102163061,864691135520077450,1
864691136102267253,864691135519177610,1
864691136104521229,864691135516892115,1
864691136105455833,864691135519112586,2
864691136105475545,864691135516716499,1
864691136105477337,864691135518284938,1
864691136105509849,864691135516830931,1
864691136105509849,864691135526730587,2
864691136105513433,864691135516830931,1
864691136105522137,864691135526843227,1
864691136105812953,864691135518368394,1
864691136105833091,864691135516892115,1
864691136106335961,864691135517952906,1
864691136106344921,864691135518355082,1
864691136106452953,864691135526892891,1
864691136106474969,864691135516778707,2
864691136106522841,864691135526730587,1
864691136106523353,864691135518177930,1
864691136106523353,864691135520077450,1
864691136106586841,864691135524528882,1
864691136106671321,864691135516830931,1
864691136106671321,864691135517818506,2
864691136106855129,864691135518177930,1
864691136106879705,864691135526703451,1
864691136106935001,864691135526883419,1
864691136107108825,864691135519178378,1
864691136107283417,864691135517741194,1
864691136107980761,864691135516706259,1
864691136107980761,864691135517175763,1
864691136107980761,864691135518189706,2
864691136107980761,864691135518453642,1
864691136108411097,864691135517206739,1
864691136108411097,864691135519112586,6
864691136108519129,864691135518368394,3
864691136108519129,864691135526735707,1
864691136108611033,864691135518177930,4
864691136108611033,864691135519332234,7
864691136108627417,864691135516916691,2
864691136108698040,864691135526850395,1
864691136108703619,864691135518175882,1
864691136108710072,864691135518189706,1
864691136108712632,864691135526730587,14
864691136108718520,864691135517125075,1
864691136108726712,864691135526732635,1
864691136108733624,864691135519178378,1
864691136108739512,864691135518520531,1
864691136108753336,864691135517175763,1
864691136109032120,864691135526740315,1
864691136109133240,864691135516892115,1
864691136109148088,864691135518954634,1
864691136109164216,864691135518175882,1
864691136109371576,864691135526874971,1
864691136109645240,864691135520077450,2
864691136109648824,864691135526883419,1
864691136109767608,864691135517741194,1
864691136109815992,864691135518293898,1
864691136109842616,864691135519112586,1
864691136110005176,864691135518453642,1
864691136110005176,864691135526296667,3
864691136110024120,864691135518284938,1
864691136110037379,864691135516892115,1
864691136110196408,864691135526750299,1
864691136110206904,864691135516706259,2
864691136110206904,864691135526843227,1
864691136110685880,864691135518189706,1
864691136110703288,864691135519112586,1
864691136111084728,864691135517206739,1
864691136111176888,864691135518374538,1
864691136111176888,864691135520077450,1
864691136111185336,864691135517705939,4
864691136111185336,864691135518370698,1
864691136111185336,864691135519177610,2
864691136111185336,864691135520092810,1
864691136111185336,864691135526798939,2
864691136111331768,864691135516830931,2
864691136111403192,864691135516817619,1
864691136111602360,864691135518395274,3
864691136114400222,864691135516892115,5
864691136116148900,864691135518211466,1
864691136116148900,864691135526703451,1
864691136116152484,864691135516892115,1
864691136116154788,864691135517125075,1
864691136116155044,864691135517952906,1
864691136116170916,864691135519177610,1
864691136116186788,864691135517125075,1
864691136116186788,864691135526843227,2
864691136116443044,864691135520154250,1
864691136116447908,864691135518153866,1
864691136116447908,864691135526296667,1
864691136116789156,864691135516771027,1
864691136116859556,864691135518520531,1
864691136116942756,864691135518189706,1
864691136116954020,864691135516814803,2
864691136116962724,864691135519112586,1
864691136117007524,864691135518482899,1
864691136117039524,864691135518161034,2
864691136117045412,864691135518355082,1
864691136117061284,864691135526703451,1
864691136117069732,864691135526789723,1
864691136117080740,864691135526789723,1
864691136117081764,864691135516813011,1
864691136117220516,864691135516892115,1
864691136117228196,864691135518520531,1
864691136117228196,864691135520092810,1
864691136117260964,864691135516830931,1
864691136117363620,864691135518211466,1
864691136117470884,864691135519629194,1
864691136117470884,864691135526684763,1
864691136117589668,864691135518242186,2
864691136117695908,864691135517741194,1
864691136117770660,864691135526318171,1
864691136118133156,864691135518234506,1
864691136118161572,864691135520154250,2
864691136118370724,864691135520077450,3
864691136118419992,864691135516778707,1
864691136118430628,864691135526735707,1
864691136118438168,864691135518954634,1
864691136118441496,864691135518153866,1
864691136118441496,864691135518453642,1
864691136118441496,864691135526296667,3
864691136118444056,864691135518389130,1
864691136118450712,864691135526883419,1
864691136118451736,864691135518355082,1
864691136118457624,864691135517339786,1
864691136118457624,864691135518234506,1
864691136118466212,864691135519112586,2
864691136118674084,864691135518234506,1
864691136118809880,864691135519178378,1
864691136118851864,864691135520154250,1
864691136118878116,864691135518211466,1
864691136118878116,864691135518266323,2
864691136118878116,864691135518283475,1
864691136118878116,864691135518293898,1
864691136118878116,864691135518374538,1
864691136118905624,864691135516706259,1
864691136118952728,864691135526789723,1
864691136119017636,864691135518177930,4
864691136119017636,864691135518370698,2
864691136119120408,864691135518453642,1
864691136119178776,864691135517705939,1
864691136119409432,864691135516883667,1
864691136119423768,864691135526901851,1
864691136119426584,864691135518177930,2
864691136119431192,864691135517125075,1
864691136119809048,864691135518211466,1
864691136119862808,864691135519468170,1
864691136119862808,864691135520035722,1
864691136119907864,864691135525389042,1
864691136119929368,864691135516716499,1
864691136119929368,864691135518954634,1
864691136120137752,864691135526850395,1
864691136120159768,864691135520077450,1
864691136120366104,864691135520154250,1
864691136120642584,864691135516716499,1
864691136120642584,864691135518453642,2
864691136120658712,864691135518453642,1
864691136120658712,864691135519468170,1
864691136120658712,864691135526549851,1
864691136120733464,864691135517741194,1
864691136120832280,864691135520077450,1
864691136120834072,864691135518177930,1
864691136120834072,864691135518370698,1
864691136120834072,864691135526798939,1
864691136120844312,864691135519177610,1
864691136121048401,864691135518161034,1
864691136123270531,864691135518175882,1
864691136123396483,864691135518175882,1
864691136123673894,864691135519177610,1
864691136123673894,864691135526798939,1
864691136123694374,864691135516892115,2
864691136123708966,864691135526732635,1
864691136123729190,864691135526556763,1
864691136123729702,864691135526735707,1
864691136123734822,864691135526732635,1
864691136123737638,864691135517175763,1
864691136123737638,864691135518189706,1
864691136123755814,864691135518256010,1
864691136123761958,864691135526708315,1
864691136123768358,864691135526798939,1
864691136123769382,864691135518161034,2
864691136123772710,864691135516892115,1
864691136123773990,864691135518175882,1
864691136123779366,864691135518355082,1
864691136123793446,864691135518828426,1
864691136123794470,864691135526042715,1
864691136123937574,864691135518828426,1
864691136124234534,864691135518211466,1
864691136124467238,864691135518482899,1
864691136124488998,864691135520154250,1
864691136124582438,864691135518453642,2
864691136124588582,864691135519112586,3
864691136124593958,864691135518363018,2
864691136124603174,864691135516813011,1
864691136124672550,864691135518482899,1
864691136124889894,864691135516716499,1
864691136125032998,864691135518175882,1
864691136125034790,864691135520105610,1
864691136125195558,864691135520077450,1
864691136125352742,864691135516814803,1
864691136125352742,864691135517125075,2
864691136125352742,864691135526843227,1
864691136125440038,864691135519178378,1
864691136125698598,864691135518266323,1
864691136125765414,864691135517337738,1
864691136125821478,864691135516813011,1
864691136125994022,864691135519629194,1
864691136126104102,864691135526798939,2
864691136126397990,864691135518175882,1
864691136126499366,864691135526883419,1
864691136126664742,864691135518374538,1
864691136126700582,864691135519112586,1
864691136130351441,864691135526109531,1
864691136134397835,864691135517340554,1
864691136134411403,864691135516892115,1
864691136134413707,864691135516892115,1
864691136134427275,864691135526735707,1
864691136134438539,864691135526892891,1
864691136134718091,864691135516716499,1
864691136134718091,864691135526843227,1
864691136134834571,864691135517741194,1
864691136134866315,864691135526732635,1
864691136134904715,864691135518164106,1
864691136134904715,864691135518527626,1
864691136134942347,864691135517125075,2
864691136135208587,864691135517125075,1
864691136135316363,864691135518520531,1
864691136135454091,864691135526892891,1
864691136135512715,864691135526750299,1
864691136135519115,864691135520092810,1
864691136135752843,864691135526318171,2
864691136135752843,864691135526735707,1
864691136136104843,864691135520077450,1
864691136136248971,864691135518368394,1
864691136136248971,864691135526549851,1
864691136136564349,864691135520077450,1
864691136136572811,864691135516771027,1
864691136136597373,864691135526318171,1
864691136136599165,864691135518453642,1
864691136136603005,864691135526892891,1
864691136136625021,864691135518177930,3
864691136136625021,864691135526407515,1
864691136136639869,864691135518370698,1
864691136136640125,864691135519629194,2
864691136136640125,864691135526883419,2
864691136136647805,864691135516814803,1
864691136136647805,864691135517869962,1
864691136136647805,864691135518242186,1
864691136136647805,864691135518256010,1
864691136136647805,864691135526318171,8
864691136136696445,864691135526695771,1
864691136137006717,864691135518164106,3
864691136137006717,864691135518284938,2
864691136137017725,864691135526549851,1
864691136137044605,864691135526732635,1
864691136137050237,864691135520077450,1
864691136137109387,864691135518283475,1
864691136137109387,864691135518482899,3
864691136137381245,864691135520077450,1
864691136137401483,864691135517869962,1
864691136137401483,864691135518242186,4
864691136137401483,864691135518374538,1
864691136137401483,864691135520154250,1
864691136137401483,864691135526318171,1
864691136137401483,864691135526735707,1
864691136137463435,864691135519112586,1
864691136137463435,864691135520077450,1
864691136137584253,864691135518284938,1
864691136137644925,864691135526730587,1
864691136137647485,864691135516916691,1
864691136137647485,864691135526296667,1
864691136137655165,864691135517339786,1
864691136137655165,864691135518284938,3
864691136137655933,864691135526556763,1
864691136137655933,864691135526843227,1
864691136137662077,864691135526695771,1
864691136137749117,864691135518527626,1
864691136137906045,864691135519468170,1
864691136138131325,864691135519112586,1
864691136138622333,864691135518242186,1
864691136138622333,864691135518283475,1
864691136138622333,864691135518374538,2
864691136138622333,864691135519468170,4
864691136138622333,864691135520092810,1
864691136138801789,864691135520105610,1
864691136138879101,864691135516716499,1
864691136139009149,864691135518370698,1
864691136139009149,864691135519178378,1
864691136139009149,864691135519332234,8
864691136139009149,864691135520077450,1
864691136139018621,864691135518482899,2
864691136139074429,864691135519332234,1
864691136139119741,864691135516827347,1
864691136139119741,864691135518266323,1
864691136139119741,864691135526703451,1
864691136139180413,864691135518453642,5
864691136139202429,864691135520154250,1
864691136143350324,864691135517952906,1
864691136143358516,864691135516771027,1
864691136143358772,864691135516771027,1
864691136143377972,864691135518355082,1
864691136143391028,864691135517125075,1
864691136143393588,864691135516830931,1
864691136143395636,864691135516706259,1
864691136143397940,864691135518242186,1
864691136143397940,864691135526556763,1
864691136143412532,864691135518161034,1
864691136143414324,864691135522665924,1
864691136143688756,864691135520077450,1
864691136143875380,864691135526798939,1
864691136143964724,864691135517125075,1
864691136143964724,864691135526750299,1
864691136143965492,864691135516716499,2
864691136143984180,864691135517175763,1
864691136144249396,864691135516706259,1
864691136144320564,864691135518363018,1
864691136144481076,864691135516706259,1
864691136144547636,864691135518164106,1
864691136144610100,864691135516916691,1
864691136144610100,864691135518453642,1
864691136144631860,864691135520077450,1
864691136144649780,864691135519468170,1
864691136144649780,864691135526798939,1
864691136144695860,864691135518453642,1
864691136144827444,864691135519468170,1
864691136145176628,864691135526318171,1
864691136145176628,864691135526735707,1
864691136145255063,864691135526109531,1
864691136145351476,864691135518161034,1
864691136147471697,864691135519177610,1
864691136147471697,864691135526901851,1
864691136174949638,864691135526750299,1
864691136174949638,864691135526874971,1
864691136174993670,864691135518346634,1
864691136175019526,864691135516892115,1
864691136175024902,864691135516883667,1
864691136175029254,864691135518161034,1
864691136175042054,864691135516892115,1
864691136175042054,864691135518355082,1
864691136175044614,864691135526798939,1
864691136175047942,864691135518355082,1
864691136175074310,864691135519629194,1
864691136175232262,864691135516889299,1
864691136175395078,864691135518234506,1
864691136175501062,864691135518150538,1
864691136175581446,864691135519112586,1
864691136175582726,864691135518177930,1
864691136175606790,864691135520105610,1
864691136175696390,864691135518395274,1
864691136175781126,864691135516880595,2
864691136175980550,864691135526296667,1
864691136176121862,864691135519112586,2
864691136176197126,864691135517952906,3
864691136176197126,864691135526892891,1
864691136176217862,864691135526703451,1
864691136176372230,864691135516883667,4
864691136176529670,864691135518482899,1
864691136176677382,864691135526798939,2
864691136177254406,864691135526843227,1
864691136177300998,864691135517952906,1
864691136177312262,864691135518363018,1
864691136177312262,864691135526703451,1
864691136177312518,864691135516880595,1
864691136194023126,864691135518357642,1
864691136194023126,864691135526684763,2
864691136194029782,864691135526356827,1
864691136194037718,864691135518626954,1
864691136194039766,864691135518284938,1
864691136194052310,864691135526732635,1
864691136194081494,864691135526901851,1
864691136194082262,864691135525389042,1
864691136194083286,864691135516830931,1
864691136194083286,864691135526789723,2
864691136194087638,864691135517705939,1
864691136194088150,864691135516892115,1
864691136194104022,864691135522665924,1
864691136194110678,864691135518175882,1
864691136194166760,864691135517206739,1
864691136194169576,864691135516892115,1
864691136194176488,864691135518626954,1
864691136194191080,864691135526556763,1
864691136194191592,864691135517175763,1
864691136194191592,864691135518453642,1
864691136194191592,864691135526872667,1
864691136194194408,864691135516778707,1
864691136194207976,864691135526892891,1
864691136194284776,864691135518453642,1
864691136194299980,864691135516771027,1
864691136194317388,864691135519178378,2
864691136194333004,864691135518453642,1
864691136194338892,864691135516716499,1
864691136194347340,864691135520154250,1
864691136194412520,864691135518370698,1
864691136194435030,864691135526798939,1
864691136194489932,864691135519112586,1
864691136194498024,864691135525389042,2
864691136194514252,864691135526843227,1
864691136194529868,864691135517705939,1
864691136194529868,864691135518395274,1
864691136194570828,864691135518175882,1
864691136194744908,864691135526843227,1
864691136194887400,864691135518242186,1
864691136194888936,864691135516830931,1
864691136194899670,864691135516892115,1
864691136194976332,864691135526798939,1
864691136195052364,864691135526892891,1
864691136195064278,864691135517705939,3
864691136195064278,864691135518520531,1
864691136195082198,864691135526750299,1
864691136195087592,864691135518293898,1
864691136195090920,864691135526872667,1
864691136195094486,864691135526901851,1
864691136195095510,864691135516892115,1
864691136195153384,864691135519112586,1
864691136195162956,864691135516892115,1
864691136195174220,864691135518374538,1
864691136195174220,864691135519468170,3
864691136195182156,864691135518453642,1
864691136195195724,864691135518153866,2
864691136195227980,864691135526684763,1
864691136195265768,864691135517175763,1
864691136195455190,864691135522665924,1
864691136195526120,864691135520077450,1
864691136195617494,864691135516827347,1
864691136195633878,864691135519332234,2
864691136195634134,864691135519332234,1
864691136195634134,864691135520105610,1
864691136195714518,864691135518520531,1
864691136195735116,864691135517952906,7
864691136195735116,864691135526901851,1
864691136195783912,864691135516716499,1
864691136195783912,864691135517741194,1
864691136195783912,864691135526556763,2
864691136195783912,864691135526703451,1
864691136195796182,864691135519112586,1
864691136195802344,864691135516716499,3
864691136196009960,864691135526798939,1
864691136196023116,864691135526318171,1
864691136196045014,864691135520154250,1
864691136196057576,864691135518370698,1
864691136196127208,864691135526843227,1
864691136196141644,864691135520077450,3
864691136196202472,864691135518283475,1
864691136196300008,864691135516892115,1
864691136196391894,864691135518266323,1
864691136196391894,864691135518283475,2
864691136196391894,864691135519332234,1
864691136196391894,864691135520077450,1
864691136196391894,864691135520092810,2
864691136196391894,864691135520105610,1
864691136196425960,864691135519177610,2
864691136196443094,864691135518266323,1
864691136196458454,864691135518242186,1
864691136196484428,864691135518283475,1
864691136196484428,864691135519112586,1
864691136196979020,864691135519177610,1
864691136201203646,864691135518153866,9
864691136201203646,864691135526296667,1
864691136202911678,864691135518389130,5
864691136205324222,864691135517340554,1
864691136205324222,864691135518153866,2
864691136205491390,864691135517175763,5
864691136205491390,864691135518189706,4
864691136205491390,864691135526872667,1
864691136206944958,864691135517175763,1
864691136208988348,864691135526109531,1
864691136208988604,864691135516892115,3
864691136208993724,864691135518150538,1
864691136208995004,864691135520154250,1
864691136208995772,864691135517175763,1
864691136208995772,864691135518189706,1
864691136208995772,864691135518453642,1
864691136209007548,864691135518284938,1
864691136209011132,864691135518395274,2
864691136209011132,864691135519177610,2
864691136209023676,864691135517952906,1
864691136209023676,864691135518161034,1
864691136209034172,864691135526708315,1
864691136209038780,864691135518355082,1
864691136209043388,864691135526730587,1
864691136209376700,864691135516892115,1
864691136209482684,864691135526798939,1
864691136209530812,864691135526883419,1
864691136209615804,864691135526843227,1
864691136209963708,864691135526730587,1
864691136209972668,864691135526296667,5
864691136210087356,864691135516830931,1
864691136210126012,864691135520035722,1
864691136210143420,864691135518395274,1
864691136210178748,864691135526318171,1
864691136210199740,864691135519112586,1
864691136210269884,864691135526901851,1
864691136210344892,864691135518453642,1
864691136210547900,864691135519177610,2
864691136210547900,864691135526892891,1
864691136210733756,864691135518482899,1
864691136210885820,864691135518374538,1
864691136210885820,864691135519177610,2
864691136210915516,864691135519468170,1
864691136210963644,864691135517952906,2
864691136211076796,864691135520077450,2
864691136211076796,864691135522665924,1
864691136211411644,864691135518177930,2
864691136211411644,864691135519112586,1
864691136211430588,864691135520077450,1
864691136211430588,864691135526883419,1
864691136211522236,864691135526318171,1
864691136225203646,864691135516830931,1
864691136226954065,864691135526740315,1
864691136226954833,864691135526750299,1
864691136226958161,864691135517125075,1
864691136226974289,864691135516830931,2
864691136226980689,864691135518954634,1
864691136226985553,864691135516716499,1
864691136226990673,864691135520154250,1
864691136227146321,864691135518626954,1
864691136227406161,864691135516814803,1
864691136227746129,864691135526556763,1
864691136227789905,864691135516716499,1
864691136227902801,864691135526732635,1
864691136227906129,864691135518177930,4
864691136227934801,864691135518954634,1
864691136227938385,864691135518234506,1
864691136227940177,864691135526318171,1
864691136227941457,864691135517175763,1
864691136228235089,864691135526750299,1
864691136228367697,864691135517340554,1
864691136229395793,864691135518177930,1
864691136229395793,864691135519112586,1
864691136229395793,864691135519332234,3
864691136229395793,864691135526798939,2
864691136229460305,864691135520035722,1
864691136231675838,864691135518389130,1
864691136231675838,864691135526730587,1
864691136236659727,864691135518284938,1
864691136236663311,864691135516830931,1
864691136236663311,864691135526730587,2
864691136236667407,864691135526750299,1
864691136236678927,864691135518189706,1
864691136236684047,864691135526872667,1
864691136236690959,864691135518527626,1
864691136236706575,864691135516716499,3
864691136236713487,864691135516827347,1
864691136236713487,864691135517741194,2
864691136236713743,864691135517741194,1
864691136236713743,864691135518346634,1
864691136236722447,864691135516830931,1
864691136236731663,864691135517818506,1
864691136236735503,864691135518370698,1
864691136236738831,864691135519112586,1
864691136236910351,864691135518247306,1
864691136236942351,864691135518520531,1
864691136237446204,864691135526901851,1
864691136237463356,864691135516892115,1
864691136237466172,864691135516892115,1
864691136237467196,864691135516892115,1
864691136237469244,864691135518161034,1
864691136237476156,864691135516778707,1
864691136237476156,864691135516892115,1
864691136237477948,864691135516916691,1
864691136237489980,864691135517337738,1
864691136237490236,864691135516830931,1
864691136237491004,864691135526732635,1
864691136237494076,864691135518395274,1
864691136237499708,864691135518150538,1
864691136237514556,864691135526318171,1
864691136237517628,864691135518161034,1
864691136237523772,864691135518395274,1
864691136237572367,864691135517818506,1
864691136237601084,864691135520105610,1
864691136237601084,864691135526798939,1
864691136237606415,864691135526892891,1
864691136237613327,864691135518370698,1
864691136237613583,864691135516716499,1
864691136237620239,864691135516892115,1
864691136237704463,864691135525389042,1
864691136237861692,864691135526684763,2
864691136237948175,864691135516892115,1
864691136238211388,864691135526708315,1
864691136238319420,864691135519112586,1
864691136238343484,864691135518626954,1
864691136238359823,864691135519178378,1
864691136238359823,864691135520154250,1
864691136238368060,864691135525389042,1
864691136238389308,864691135516916691,1
864691136238456591,864691135519112586,5
864691136238456591,864691135519332234,1
864691136238531132,864691135517206739,2
864691136238531132,864691135524528882,5
864691136238573116,864691135517125075,1
864691136238694460,864691135518520531,1
864691136238694460,864691135520092810,1
864691136238697487,864691135520077450,1
864691136238702095,864691135518283475,1
864691136238715151,864691135526703451,1
864691136238731791,864691135517206739,1
864691136238776079,864691135518283475,1
864691136238776079,864691135519177610,1
864691136238777871,864691135520077450,1
864691136238777871,864691135526549851,1
864691136238792207,864691135518374538,1
864691136238806031,864691135517741194,1
864691136238806031,864691135518242186,1
864691136238806031,864691135518256010,1
864691136238806031,864691135518368394,2
864691136238806031,864691135526318171,6
864691136238806031,864691135526556763,2
864691136238829116,864691135517125075,1
864691136238829116,864691135526750299,2
864691136238829116,864691135526843227,4
864691136238841660,864691135518453642,1
864691136239032124,864691135520077450,1
864691136239466812,864691135517337738,1
864691136239510974,864691135518389130,1
864691136239607356,864691135518370698,1
864691136239914300,864691135517869962,1
864691136239914300,864691135520077450,2
864691136239917884,864691135519112586,3
864691136239917884,864691135520105610,3
864691136239980860,864691135516827347,1
864691136239980860,864691135517206739,3
864691136239980860,864691135520077450,1
864691136240028220,864691135518177930,1
864691136240041532,864691135517206739,1
864691136240041532,864691135517869962,4
864691136240041532,864691135518256010,7
864691136240041532,864691135519468170,1
864691136240041532,864691135520077450,1
864691136240041532,864691135522665924,1
864691136240041532,864691135526549851,3
864691136256217485,864691135516892115,1
864691136256217485,864691135518175882,1
864691136257934270,864691135518389130,4
864691136262322660,864691135518520531,1
864691136262527972,864691135526892891,1
864691136262575844,864691135517705939,1
864691136262575844,864691135518370698,1
864691136262575844,864691135526798939,1
864691136264144612,864691135518395274,1
864691136264959460,864691135518370698,1
864691136266408948,864691135516892115,1
864691136266409972,864691135522665924,1
864691136266439924,864691135526789723,1
864691136266458100,864691135518346634,1
864691136266460148,864691135526732635,1
864691136266488308,864691135517175763,1
864691136266811892,864691135525389042,1
864691136266830836,864691135517340554,1
864691136266886644,864691135526843227,1
864691136266973684,864691135520077450,1
864691136267066852,864691135518395274,1
864691136267216628,864691135516771027,1
864691136267217908,864691135519112586,1
864691136267382772,864691135518284938,1
864691136267386100,864691135526730587,1
864691136267393780,864691135526892891,1
864691136267393780,864691135526901851,1
864691136267404020,864691135526730587,1
864691136267447796,864691135520077450,2
864691136267650804,864691135526407515,1
864691136267869940,864691135517125075,1
864691136267869940,864691135518368394,1
864691136268046836,864691135520092810,1
864691136268234228,864691135519112586,1
864691136268234228,864691135519332234,1
864691136268234228,864691135520105610,1
864691136268274676,864691135518482899,2
864691136268419060,864691135518355082,1
864691136268586484,864691135518395274,1
864691136268889588,864691135518283475,1
864691136268889588,864691135518370698,1
864691136272928702,864691135519112586,1
864691136272933310,864691135516892115,2
864691136272943806,864691135526296667,1
864691136272954302,864691135519332234,2
864691136272955838,864691135518247306,1
864691136272964030,864691135518284938,1
864691136272967102,864691135518256010,1
864691136272985790,864691135518453642,1
864691136272991422,864691135516706259,1
864691136272994238,864691135518161034,1
864691136272999358,864691135516892115,1
864691136273004222,864691135518520531,2
864691136273013694,864691135516830931,2
864691136273013694,864691135526730587,1
864691136273198526,864691135520154250,1
864691136273317566,864691135518177930,1
864691136273476286,864691135525389042,1
864691136273629453,864691135518161034,1
864691136273637389,864691135526735707,1
864691136273637566,864691135518520531,1
864691136273643533,864691135526732635,1
864691136273643789,864691135516830931,1
864691136273649165,864691135516830931,2
864691136273682445,864691135518482899,1
864691136273685261,864691135518395274,1
864691136273707198,864691135518256010,1
864691136273729982,864691135518284938,1
864691136273753790,864691135518293898,2
864691136273786302,864691135516830931,1
864691136273786302,864691135526750299,1
864691136273818814,864691135526556763,1
864691136273842189,864691135519468170,1
864691136273888190,864691135526730587,4
864691136273902782,864691135516830931,1
864691136273906622,864691135518482899,1
864691136273906622,864691135526892891,1
864691136273908158,864691135516916691,3
864691136273908158,864691135526296667,7
864691136273915326,864691135517818506,1
864691136273925645,864691135518355082,2
864691136274005773,864691135526872667,1
864691136274016781,864691135518177930,1
864691136274024461,864691135526732635,1
864691136274035469,864691135519629194,1
864691136274035469,864691135520154250,1
864691136274192062,864691135516771027,1
864691136274450701,864691135526708315,1
864691136274483213,864691135518175882,1
864691136274527501,864691135518527626,1
864691136274546622,864691135516814803,1
864691136274557965,864691135518346634,1
864691136274661389,864691135518256010,1
864691136274682637,864691135518175882,1
864691136274751934,864691135518283475,1
864691136274755341,864691135526730587,1
864691136274778893,864691135526732635,1
864691136274812685,864691135526318171,1
864691136274948877,864691135517741194,1
864691136275201982,864691135526750299,3
864691136275217086,864691135519112586,1
864691136275217086,864691135520077450,1
864691136275218110,864691135519112586,1
864691136275313421,864691135516813011,1
864691136275323661,864691135517869962,1
864691136275431437,864691135526843227,1
864691136275771917,864691135519178378,1
864691136275869965,864691135519629194,1
864691136275890189,864691135526798939,1
864691136276126221,864691135518370698,1
864691136276126221,864691135526798939,1
864691136277480845,864691135516892115,1
864691136286540995,864691135520154250,1
864691136286541251,864691135518234506,1
864691136286541763,864691135526109531,1
864691136286562499,864691135516883667,1
864691136286589123,864691135518482899,1
864691136286591171,864691135518954634,1
864691136286599875,864691135518234506,1
864691136286627011,864691135518482899,1
864691136286819779,864691135518242186,1
864691136286819779,864691135518256010,1
864691136286854851,864691135516780243,3
864691136286973635,864691135517818506,1
864691136286973635,864691135526730587,1
864691136287391427,864691135522665924,1
864691136287457219,864691135526703451,1
864691136287512771,864691135518153866,1
864691136287512771,864691135526296667,1
864691136287526083,864691135517125075,1
864691136287526083,864691135525389042,1
864691136287529411,864691135516916691,9
864691136287529411,864691135526296667,2
864691136287530893,864691135516883667,6
864691136287736259,864691135526296667,2
864691136287751363,864691135522665924,1
864691136287840451,864691135522665924,1
864691136287987651,864691135517206739,1
864691136288079043,864691135517175763,1
864691136288145347,864691135518150538,1
864691136288527555,864691135518374538,1
864691136288592323,864691135519112586,1
864691136288727747,864691135517705939,2
864691136288727747,864691135518395274,2
864691136288727747,864691135518520531,2
864691136288727747,864691135520092810,1
864691136288727747,864691135526798939,4
864691136288727747,864691135526892891,1
864691136288807619,864691135516778707,1
864691136288807619,864691135518363018,1
864691136288807619,864691135518527626,2
864691136288807619,864691135519112586,1
864691136288807619,864691135519468170,1
864691136288807619,864691135520077450,1
864691136288807619,864691135520105610,4
864691136288807619,864691135522665924,1
864691136288807619,864691135526318171,1
864691136289134231,864691135518395274,2
864691136289134231,864691135518520531,1
864691136289482724,864691135517952906,1
864691136291075223,864691135518395274,1
864691136291075223,864691135526901851,1
864691136291479959,864691135526109531,1
864691136296646683,864691135518355082,1
864691136296648731,864691135517337738,1
864691136296650779,864691135518357642,1
864691136296654107,864691135518161034,2
864691136296673307,864691135516880595,1
864691136296688411,864691135526549851,1
864691136296697883,864691135518175882,2
864691136296705051,864691135517818506,2
864691136296720155,864691135518161034,2
864691136296727323,864691135518233482,1
864691136296727579,864691135516830931,2
864691136296971291,864691135517952906,1
864691136297194779,864691135518177930,1
864691136297320219,864691135517833354,1
864691136297492763,864691135518234506,1
864691136297576219,864691135519332234,1
864691136297779739,864691135517705939,2
864691136297779739,864691135518395274,2
864691136297782811,864691135517340554,1
864691136297782811,864691135518153866,1
864691136297790235,864691135516892115,1
864691136297790747,864691135526843227,1
864691136297792027,864691135516892115,1
864691136297792795,864691135518283475,1
864691136298045979,864691135526843227,1
864691136298061083,864691135517952906,1
864691136298061083,864691135526892891,1
864691136298115099,864691135516916691,1
864691136298115099,864691135517125075,2
864691136298115099,864691135518453642,2
864691136298115099,864691135526356827,1
864691136298115099,864691135526843227,1
864691136298115099,864691135526874971,1
864691136298576667,864691135522665924,1
864691136298624539,864691135517952906,1
864691136298624539,864691135519468170,1
864691136298624539,864691135520092810,1
864691136298670875,864691135519112586,3
864691136298913563,864691135517952906,1
864691136298913563,864691135518283475,4
864691136298913563,864691135519177610,4
864691136298913563,864691135526892891,1
864691136299026971,864691135519112586,1
864691136299136795,864691135517952906,1
864691136299136795,864691135518395274,3
864691136299136795,864691135526901851,1
864691136299163419,864691135517125075,1
864691136299163419,864691135526843227,1
864691136299219483,864691135526695771,1
864691136300046989,864691135516883667,1
864691136307143063,864691135526798939,1
864691136309643098,864691135519629194,1
864691136309670490,864691135516830931,1
864691136309680218,864691135518177930,2
864691136309690458,864691135516892115,2
864691136309699674,864691135518234506,1
864691136309786714,864691135518626954,1
864691136310300311,864691135526892891,2
864691136310440282,864691135516892115,2
864691136310494298,864691135516780243,1
864691136310642778,864691135516830931,1
864691136310663258,864691135526750299,1
864691136310666842,864691135526109531,1
864691136310672474,864691135516830931,2
864691136310681946,864691135526843227,5
864691136310682458,864691135519112586,1
864691136310685786,864691135516830931,3
864691136310685786,864691135526730587,6
864691136310691674,864691135517340554,1
864691136310694746,864691135518164106,6
864691136310759002,864691135520092810,1
864691136310843738,864691135518368394,1
864691136310870874,864691135516716499,1
864691136310892634,864691135526296667,1
864691136311213914,864691135518374538,5
864691136311213914,864691135519468170,5
864691136311213914,864691135520035722,1
864691136311213914,864691135520154250,1
864691136311213914,864691135526318171,1
864691136311213914,864691135526549851,1
864691136311529306,864691135516827347,1
864691136311736637,864691135516892115,1
864691136311765821,864691135518357642,1
864691136311771709,864691135518453642,1
864691136311772477,864691135518189706,1
864691136311780954,864691135518242186,1
864691136311780954,864691135518363018,1
864691136311780954,864691135520154250,1
864691136311784509,864691135526843227,1
864691136311807037,864691135516892115,5
864691136311818557,864691135526732635,1
864691136311831869,864691135526703451,1
864691136311987517,864691135518164106,1
864691136312024668,864691135516830931,1
864691136312024668,864691135517340554,1
864691136312057178,864691135518283475,3
864691136312057178,864691135519468170,1
864691136312057178,864691135526892891,1
864691136312074074,864691135519112586,2
864691136312150874,864691135518374538,1
864691136312211261,864691135526730587,1
864691136312212285,864691135516830931,1
864691136312284250,864691135519112586,2
864691136312445786,864691135518283475,5
864691136312445786,864691135518370698,2
864691136312445786,864691135518520531,1
864691136312445786,864691135520092810,1
864691136312445786,864691135526892891,2
864691136312516157,864691135516830931,1
864691136312520765,864691135519177610,1
864691136312528474,864691135517952906,4
864691136312528474,864691135518283475,1
864691136312528474,864691135526901851,2
864691136312554586,864691135518283475,1
864691136312554586,864691135518370698,1
864691136312554586,864691135519177610,1
864691136312785469,864691135526892891,1
864691136312802877,864691135526730587,1
864691136312827965,864691135518370698,1
864691136312829581,864691135518175882,3
864691136312963645,864691135518175882,1
864691136313153085,864691135518453642,1
864691136313213757,864691135520154250,1
864691136313445724,864691135526356827,1
864691136313833021,864691135518626954,1
864691136313847869,864691135518370698,1
864691136314078013,864691135517869962,1
864691136314078013,864691135518374538,2
864691136314078013,864691135518395274,1
864691136314078013,864691135519178378,5
864691136314078013,864691135519468170,2
864691136314078013,864691135526549851,1
864691136314114621,864691135526549851,1
864691136314120765,864691135517869962,1
864691136314120765,864691135518242186,5
864691136314120765,864691135518283475,1
864691136314120765,864691135518374538,1
864691136314120765,864691135519468170,5
864691136314120765,864691135526549851,1
864691136314126653,864691135520077450,1
864691136314126653,864691135526549851,1
864691136314485053,864691135518234506,1
864691136314485053,864691135519332234,1
864691136314485053,864691135520154250,1
864691136314485053,864691135522665924,1
864691136314491965,864691135520077450,1
864691136314593341,864691135517705939,2
864691136314593341,864691135518177930,1
864691136314593341,864691135519112586,1
864691136314593341,864691135519177610,1
864691136314593341,864691135520105610,1
864691136314615357,864691135518482899,1
864691136321830295,864691135526892891,1
864691136326192535,864691135517705939,1
864691136328886250,864691135518153866,1
864691136328899050,864691135526684763,1
864691136328904170,864691135516892115,1
864691136328922090,864691135518284938,1
864691136329067498,864691135516830931,1
864691136329390058,864691135518242186,1
864691136329729514,864691135516830931,1
864691136329759722,864691135518150538,1
864691136329871594,864691135526318171,1
864691136329872874,864691135516830931,1
864691136329892586,864691135516716499,1
864691136329904106,864691135518161034,1
864691136329904106,864691135526109531,1
864691136329908458,864691135518453642,1
864691136329911274,864691135516830931,2
864691136330117866,864691135517869962,1
864691136330500586,864691135526318171,1
864691136331215850,864691135517705939,1
864691136331421674,864691135519468170,4
864691136331421674,864691135520077450,6
864691136331448810,864691135518283475,1
864691136331448810,864691135518374538,1
864691136331448810,864691135520035722,1
864691136331512298,864691135517952906,1
864691136331512298,864691135520092810,2
864691136331512298,864691135526892891,1
864691136331610346,864691135518283475,1
864691136332854620,864691135517340554,1
864691136333767347,864691135518256010,1
864691136333842654,864691135516892115,2
864691136333973171,864691135526732635,1
864691136334170803,864691135517952906,1
864691136334213299,864691135526798939,1
864691136334544563,864691135517952906,1
864691136334650547,864691135519177610,1
864691136334653107,864691135518150538,1
864691136334765747,864691135526789723,1
864691136334844083,864691135516706259,1
864691136334855091,864691135526730587,3
864691136335027635,864691135516706259,1
864691136335027635,864691135518189706,2
864691136335027635,864691135526296667,1
864691136335027635,864691135526843227,1
864691136335041715,864691135519177610,6
864691136335041715,864691135519332234,1
864691136335434931,864691135519112586,4
864691136335633587,864691135522665924,1
864691136335689907,864691135526684763,1
864691136335964083,864691135516771027,1
864691136336019891,864691135518370698,1
864691136336019891,864691135519112586,1
864691136336204979,864691135522665924,1
864691136336252339,864691135516771027,2
864691136336252339,864691135517952906,2
864691136336252339,864691135518283475,3
864691136336252339,864691135518395274,2
864691136336252339,864691135520092810,1
864691136336252339,864691135526892891,9
864691136352772471,864691135526872667,1
864691136361491170,864691135526730587,1
864691136361491938,864691135518234506,1
864691136361492450,864691135520154250,1
864691136361507298,864691135516916691,1
864691136361520610,864691135522665924,1
864691136361774306,864691135516892115,3
864691136361775842,864691135518284938,1
864691136361856994,864691135519112586,1
864691136362313442,864691135517175763,1
864691136362328546,864691135517175763,1
864691136362394594,864691135518954634,1
864691136362414562,864691135526730587,1
864691136362431458,864691135518234506,1
864691136362442978,864691135519112586,2
864691136362479330,864691135518370698,1
864691136362485218,864691135516716499,1
864691136362485218,864691135517175763,3
864691136362485218,864691135518189706,1
864691136362485218,864691135518453642,1
864691136362579426,864691135526892891,1
864691136362585570,864691135518363018,1
864691136362637026,864691135526296667,2
864691136362775266,864691135518256010,1
864691136362829538,864691135526843227,1
864691136363061474,864691135526901851,1
864691136363202274,864691135526892891,1
864691136363473634,864691135518256010,1
864691136363473634,864691135520035722,1
864691136363473634,864691135520105610,1
864691136363567074,864691135516916691,1
864691136363769826,864691135520035722,3
864691136363999202,864691135520035722,2
864691136364040418,864691135520154250,1
864691136364239842,864691135517339786,1
864691136364239842,864691135518284938,1
864691136364239842,864691135518527626,2
864691136364332002,864691135517741194,1
864691136364353762,864691135519112586,1
864691136364353762,864691135520105610,1
864691136370783368,864691135526042715,3
864691136370790280,864691135518527626,1
864691136370793864,864691135518363018,1
864691136370804616,864691135518389130,10
864691136370818696,864691135518954634,1
864691136370820232,864691135516830931,1
864691136370827656,864691135519332234,1
864691136370833288,864691135518395274,1
864691136370833288,864691135518520531,1
864691136370834312,864691135518175882,1
864691136370839432,864691135526730587,2
864691136370842504,864691135517741194,1
864691136371223432,864691135516892115,4
864691136371223432,864691135526708315,1
864691136371340424,864691135516830931,2
864691136371340424,864691135526732635,1
864691136371437704,864691135526549851,1
864691136371525512,864691135518150538,1
864691136371649416,864691135526892891,1
864691136371725960,864691135526732635,1
864691136371725960,864691135526843227,1
864691136371729032,864691135518164106,1
864691136371836040,864691135518374538,1
864691136371836040,864691135520077450,1
864691136372326024,864691135518357642,2
864691136372326024,864691135526556763,1
864691136372463240,864691135519629194,1
864691136372855944,864691135518177930,1
864691136372855944,864691135520077450,1
864691136372945032,864691135520077450,2
864691136373149064,864691135519112586,3
864691136373149064,864691135520077450,1
864691136373149064,864691135520105610,2
864691136373155208,864691135519112586,2
864691136378740181,864691135519177610,1
864691136378756309,864691135516706259,1
864691136378765781,864691135517741194,1
864691136378780629,864691135526789723,1
864691136378798549,864691135518161034,2
864691136379048149,864691135518357642,1
864691136379058133,864691135526843227,1
864691136379228117,864691135517818506,1
864691136379590869,864691135526407515,1
864691136379805653,864691135518482899,1
864691136379811797,864691135517741194,1
864691136379876053,864691135516830931,1
864691136379876053,864691135518164106,1
864691136380062165,864691135516830931,1
864691136380105173,864691135516780243,1
864691136380109781,864691135526901851,3
864691136380160725,864691135520154250,1
864691136380217301,864691135516892115,1
864691136380217301,864691135526892891,2
864691136380314069,864691135518234506,1
864691136380324821,864691135526318171,1
864691136380324821,864691135526549851,1
864691136380522453,864691135517952906,1
864691136380773077,864691135516892115,2
864691136380924117,864691135518242186,1
864691136381089237,864691135517206739,1
864691136381089237,864691135518283475,1
864691136381089237,864691135519177610,1
864691136381089237,864691135519468170,1
864691136381089237,864691135520077450,1
864691136381089237,864691135526549851,1
864691136381198805,864691135519112586,3
864691136381227477,864691135520105610,1
864691136381243349,864691135518283475,1
864691136381243349,864691135520077450,1
864691136381324501,864691135517952906,3
864691136381324501,864691135518374538,1
864691136381324501,864691135520154250,2
864691136381324501,864691135526549851,1
864691136381454549,864691135518266323,1
864691136388247927,864691135517952906,1
864691136388258679,864691135516771027,1
864691136388559120,864691135526883419,3
864691136388560400,864691135516780243,1
864691136388560400,864691135526732635,1
864691136388561936,864691135518527626,2
864691136388569463,864691135518177930,1
864691136388577552,864691135519629194,1
864691136388591888,864691135517705939,3
864691136388594192,864691135518520531,1
864691136388768375,864691135519112586,1
864691136388956688,864691135516830931,1
864691136389034103,864691135526872667,1
864691136389080183,864691135518256010,1
864691136389115511,864691135526874971,2
864691136389126416,864691135517705939,1
864691136389126416,864691135519177610,2
864691136389152784,864691135516916691,3
864691136389152784,864691135526296667,2
864691136389176695,864691135516813011,1
864691136389274231,864691135516706259,1
864691136389274231,864691135526843227,2
864691136389297783,864691135516830931,1
864691136389460240,864691135526109531,1
864691136389613328,864691135518150538,1
864691136389641488,864691135518211466,1
864691136389673232,864691135518234506,1
864691136389683984,864691135526318171,1
864691136389687312,864691135519468170,1
864691136389831952,864691135520077450,1
864691136389887504,864691135519177610,1
864691136390078992,864691135526732635,1
864691136390085751,864691135518370698,2
864691136390119031,864691135518828426,1
864691136390261520,864691135520077450,1
864691136390289936,864691135516892115,1
864691136390289936,864691135517337738,2
864691136390289936,864691135519112586,1
864691136390364031,864691135519112586,1
864691136390391423,864691135517175763,1
864691136390394495,864691135517818506,1
864691136390396799,864691135526872667,1
864691136390434431,864691135518153866,2
864691136390676343,864691135516771027,1
864691136390676343,864691135518482899,1
864691136390676343,864691135520092810,4
864691136390676343,864691135526892891,3
864691136390677264,864691135522665924,1
864691136390695031,864691135517206739,1
864691136390695031,864691135520154250,1
864691136390697591,864691135520077450,6
864691136390718736,864691135518283475,1
864691136390718736,864691135526892891,1
864691136390739071,864691135519112586,2
864691136390808336,864691135518283475,2
864691136390808336,864691135518374538,1
864691136390875408,864691135520077450,1
864691136390905207,864691135518256010,1
864691136390905207,864691135518266323,1
864691136390905207,864691135518283475,1
864691136390905207,864691135518374538,1
864691136390905207,864691135519178378,1
864691136390905207,864691135519468170,1
864691136390905207,864691135520105610,2
864691136390905207,864691135526850395,1
864691136390918672,864691135518370698,2
864691136390918672,864691135520077450,1
864691136390919039,864691135518256010,1
864691136390920976,864691135518177930,2
864691136390920976,864691135518370698,1
864691136390920976,864691135520105610,1
864691136390920976,864691135526883419,1
864691136391011856,864691135519112586,1
864691136391012624,864691135518520531,1
864691136391012624,864691135519112586,1
864691136391023120,864691135517952906,1
864691136391023120,864691135519468170,1
864691136391023120,864691135520092810,2
864691136391023120,864691135520105610,1
864691136391023120,864691135526703451,1
864691136391039607,864691135516892115,5
864691136391042167,864691135520077450,2
864691136391072784,864691135516706259,3
864691136391076223,864691135518177930,1
864691136391132688,864691135518283475,1
864691136391132688,864691135519177610,1
864691136391144319,864691135518189706,1
864691136391161983,864691135519177610,2
864691136391165200,864691135518234506,2
864691136391197047,864691135520077450,1
864691136391212663,864691135519112586,1
864691136391212663,864691135522665924,1
864691136391242512,864691135518177930,2
864691136391264383,864691135526892891,1
864691136391307903,864691135526407515,1
864691136391376511,864691135516916691,2
864691136391376511,864691135526296667,2
864691136391381119,864691135524528882,1
864691136391381119,864691135526750299,2
864691136391383423,864691135518256010,2
864691136391384703,864691135526735707,1
864691136391399039,864691135518520531,2
864691136391572095,864691135517952906,1
864691136391628927,864691135516706259,4
864691136391832447,864691135517833354,2
864691136391832447,864691135518150538,1
864691136391969151,864691135517125075,1
864691136392087679,864691135520077450,1
864691136392381311,864691135519112586,2
864691136392461695,864691135518153866,1
864691136392608127,864691135518395274,1
864691136392608127,864691135526892891,1
864691136392608127,864691135526901851,1
864691136392754047,864691135517206739,1
864691136392885375,864691135519177610,1
864691136392885375,864691135526883419,1
864691136418610839,864691135516892115,2
864691136418641047,864691135526843227,1
864691136418642327,864691135516778707,1
864691136418648215,864691135526901851,1
864691136418648727,864691135516892115,2
864691136418890647,864691135518161034,1
864691136419002263,864691135516892115,1
864691136419045527,864691135519112586,1
864691136419485847,864691135526296667,1
864691136419487639,864691135524528882,1
864691136419546775,864691135517337738,1
864691136419554199,864691135518520531,1
864691136419760791,864691135518453642,1
864691136419793559,864691135518389130,1
864691136419958935,864691135519112586,1
864691136420236183,864691135517125075,1
864691136420378007,864691135520154250,1
864691136420774551,864691135522665924,2
864691136420790167,864691135518453642,1
864691136420986263,864691135520035722,1
864691136421164951,864691135526735707,2
864691136421242775,864691135518283475,1
864691136421271447,864691135518175882,1
864691136421271447,864691135518954634,1
864691136422813743,864691135518284938,1
864691136422825775,864691135517125075,3
864691136422825775,864691135518626954,1
864691136422825775,864691135525389042,3
864691136422825775,864691135526843227,2
864691136422834223,864691135517952906,1
864691136422834223,864691135518283475,1
864691136422842927,864691135518395274,1
864691136422861103,864691135526318171,2
864691136422868015,864691135524528882,1
864691136422871599,864691135517340554,1
864691136422899759,864691135519178378,1
864691136423126319,864691135516830931,1
864691136423138351,864691135516892115,2
864691136423474735,864691135518520531,1
864691136423493935,864691135516892115,1
864691136423708207,864691135516883667,4
864691136423711791,864691135519112586,1
864691136423894319,864691135517125075,1
864691136423920943,864691135526703451,1
864691136424241967,864691135519178378,1
864691136424241967,864691135520154250,3
864691136424289839,864691135519468170,1
864691136424289839,864691135526735707,1
864691136424309295,864691135517206739,1
864691136424309295,864691135520154250,3
864691136424437551,864691135518395274,1
864691136424516399,864691135518374538,3
864691136424516399,864691135519468170,1
864691136424516399,864691135520077450,1
864691136424737583,864691135518520531,3
864691136425394479,864691135520077450,1
864691136425556527,864691135518247306,1
864691136425671983,864691135516883667,3
864691136425749807,864691135518242186,1
864691136425749807,864691135526703451,1
864691136425751087,864691135518374538,1
864691136425751087,864691135519468170,2
864691136425751087,864691135520077450,1
864691136425782575,864691135518283475,1
864691136425793071,864691135519178378,1
864691136425793071,864691135519629194,1
864691136436368030,864691135518164106,1
864691136436370590,864691135526750299,1
864691136436400798,864691135518177930,1
864691136436402846,864691135526892891,1
864691136436743838,864691135518626954,1
864691136436763038,864691135518189706,1
864691136436788382,864691135520154250,2
864691136436848286,864691135518234506,1
864691136436875934,864691135516771027,1
864691136436941982,864691135520077450,3
864691136437178270,864691135518395274,2
864691136437239966,864691135518954634,1
864691136437409438,864691135516771027,1
864691136437409438,864691135516883667,1
864691136437413278,864691135518161034,1
864691136437428126,864691135517125075,1
864691136437434526,864691135516830931,1
864691136437633950,864691135517952906,1
864691136437633950,864691135518234506,1
864691136437633950,864691135518395274,1
864691136437673118,864691135520077450,1
864691136437724062,864691135519629194,1
864691136438011294,864691135517125075,1
864691136438054302,864691135520105610,1
864691136438311582,864691135519332234,1
864691136438311582,864691135519629194,2
864691136438372254,864691135518374538,1
864691136438426526,864691135517125075,1
864691136438443422,864691135526798939,1
864691136438462622,864691135518266323,1
864691136438537630,864691135519332234,1
864691136438584478,864691135518346634,1
864691136438584478,864691135518368394,1
864691136438584478,864691135526874971,1
864691136438585502,864691135526549851,1
864691136438728350,864691135519629194,1
864691136438775966,864691135517869962,1
864691136438820254,864691135520077450,1
864691136438854814,864691135518256010,1
864691136438854814,864691135522665924,1
864691136438871710,864691135520077450,1
864691136443724931,864691135516706259,1
864691136443752323,864691135519178378,1
864691136443909251,864691135520154250,1
864691136444090243,864691135517741194,1
864691136444193923,864691135526296667,1
864691136444560259,864691135526901851,1
864691136444660355,864691135519112586,1
864691136444693891,864691135516830931,1
864691136444708483,864691135520092810,1
864691136444740739,864691135518175882,1
864691136444744323,864691135518355082,1
864691136444744835,864691135516706259,3
864691136444749187,864691135516830931,1
864691136444749187,864691135518153866,1
864691136444757123,864691135517869962,1
864691136444757123,864691135518256010,3
864691136445259907,864691135518177930,1
864691136445259907,864691135520077450,1
864691136445458307,864691135519112586,1
864691136451082495,864691135522665924,1
864691136451084799,864691135518368394,1
864691136451086335,864691135519112586,1
864691136451096575,864691135517818506,1
864691136451106047,864691135516892115,1
864691136451111167,864691135526735707,1
864691136451448063,864691135518177930,1
864691136451448063,864691135519332234,1
864691136451484415,864691135517818506,3
864691136451496959,864691135520154250,1
864691136451543295,864691135519112586,1
864691136451811071,864691135516780243,1
864691136451886079,864691135526735707,1
864691136451891199,864691135516814803,1
864691136451972095,864691135516771027,1
864691136451990015,864691135526883419,2
864691136451992575,864691135526883419,1
864691136452081151,864691135520154250,2
864691136452139775,864691135518256010,2
864691136452313087,864691135526789723,1
864691136452341759,864691135516830931,1
864691136452341759,864691135518153866,1
864691136452841727,864691135519178378,1
864691136452920319,864691135520154250,4
864691136453017599,864691135522665924,1
864691136453085695,864691135518368394,2
864691136453085695,864691135526556763,1
864691136453085695,864691135526874971,2
864691136453186559,864691135518266323,3
864691136453395455,864691135517833354,1
864691136453395455,864691135518211466,4
864691136453395455,864691135518293898,1
864691136453395455,864691135526695771,1
864691136453495551,864691135518164106,2
864691136453546495,864691135520154250,1
864691136453565951,864691135525389042,2
864691136453565951,864691135526843227,1
864691136453641471,864691135520154250,3
864691136482857004,864691135522665924,1
864691136482857004,864691135524528882,3
864691136482859820,864691135518150538,1
864691136482877484,864691135516780243,1
864691136482877484,864691135516830931,1
864691136482877484,864691135526872667,2
864691136482878764,864691135526556763,2
864691136482882604,864691135518527626,1
864691136482885420,864691135518453642,1
864691136482919212,864691135516771027,1
864691136482921516,864691135518370698,1
864691136482921516,864691135526798939,3
864691136483195180,864691135526750299,1
864691136483288364,864691135518370698,1
864691136483729708,864691135526892891,2
864691136483800108,864691135516817619,1
864691136483851052,864691135518527626,1
864691136483888172,864691135526901851,1
864691136483899436,864691135518368394,5
864691136483899436,864691135526874971,1
864691136483920940,864691135517741194,1
864691136483920940,864691135526703451,1
864691136484052524,864691135526296667,1
864691136484080940,864691135517833354,1
864691136484080940,864691135518150538,1
864691136484207404,864691135518370698,2
864691136484207404,864691135518374538,1
864691136484207404,864691135518520531,1
864691136484207404,864691135520105610,1
864691136484402988,864691135518395274,1
864691136484613676,864691135520105610,1
864691136484849196,864691135519177610,1
864691136485145900,864691135520092810,5
864691136486752018,864691135516892115,1
864691136486762514,864691135518626954,1
864691136486769938,864691135526549851,1
864691136486775314,864691135520154250,1
864691136486775570,864691135518626954,1
864691136486775826,864691135516814803,1
864691136486787858,864691135516778707,1
864691136486787858,864691135516892115,1
864691136486793234,864691135516771027,1
864691136486807570,864691135518175882,1
864691136486808594,864691135516813011,1
864691136486928658,864691135517339786,1
864691136487494418,864691135516706259,1
864691136487741714,864691135518527626,1
864691136487851794,864691135517340554,1
864691136487851794,864691135526296667,1
864691136487933714,864691135516813011,3
864691136487992850,864691135519177610,1
864691136487999762,864691135526296667,1
864691136488012306,864691135526730587,1
864691136488019218,864691135526684763,1
864691136488029202,864691135518828426,1
864691136488029202,864691135524528882,1
864691136488439570,864691135520077450,1
864691136488570386,864691135517337738,1
864691136488988690,864691135520077450,1
864691136489055762,864691135516817619,2
864691136489087506,864691135516892115,1
864691136489087506,864691135518234506,1
864691136489259282,864691135519629194,1
864691136489263122,864691135518266323,1
864691136489452050,864691135518363018,2
864691136489712914,864691135516716499,7
864691136489712914,864691135518363018,1
864691136489712914,864691135520154250,1
864691136489874194,864691135516880595,1
864691136489874194,864691135518242186,1
864691136489874194,864691135518256010,1
864691136489874194,864691135518266323,1
864691136489874194,864691135520154250,5
864691136489874194,864691135524528882,1
864691136489874194,864691135526549851,1
864691136489880594,864691135518283475,2
864691136521561489,864691135522665924,1
864691136521567121,864691135526708315,2
864691136521597073,864691135516780243,1
864691136521597073,864691135517175763,3
864691136521601681,864691135517741194,1
864691136521601937,864691135517125075,1
864691136521601937,864691135518368394,2
864691136521772945,864691135519112586,2
864691136522077073,864691135518284938,1
864691136522247057,864691135526843227,1
864691136522285457,864691135520077450,1
864691136522373009,864691135518284938,1
864691136522397585,864691135516716499,1
864691136522545553,864691135526730587,1
864691136522563217,864691135518177930,1
864691136522571921,864691135518153866,1
864691136522721169,864691135520077450,1
864691136523216017,864691135517206739,1
864691136523216017,864691135518293898,1
864691136523889553,864691135517952906,4
864691136523889553,864691135519468170,1
864691136523889553,864691135520077450,1
864691136523889553,864691135520154250,1
864691136523889553,864691135526850395,2
864691136523889553,864691135526892891,2
864691136523971473,864691135517705939,1
864691136523971473,864691135518256010,1
864691136523971473,864691135526850395,1
864691136523974289,864691135519332234,1
864691136524057489,864691135526843227,1
864691136524130193,864691135519112586,1
864691136524177809,864691135518370698,2
864691136524177809,864691135519112586,2
864691136524177809,864691135519629194,1
864691136524348561,864691135519178378,1
864691136524348561,864691135520077450,1
864691136524371345,864691135517952906,2
864691136524371345,864691135518283475,5
864691136524372625,864691135516827347,1
864691136524430481,864691135519112586,1
864691136524430481,864691135526883419,1
864691136524445329,864691135526109531,1
864691136524448913,864691135517869962,1
864691136524448913,864691135518177930,1
864691136524448913,864691135519468170,1
864691136524448913,864691135520105610,1
864691136524448913,864691135526798939,5
864691136524472721,864691135526901851,1
864691136524481937,864691135520154250,1
864691136534303906,864691135526843227,1
864691136534964898,864691135516813011,1
864691136534964898,864691135518164106,1
864691136534964898,864691135518527626,1
864691136534964898,864691135518954634,1
864691136535060130,864691135526732635,1
864691136535529890,864691135518164106,1
864691136536121506,864691135516916691,3
864691136536253090,864691135526732635,1
864691136537349282,864691135517125075,1
864691136539683234,864691135526732635,2
864691136540364962,864691135518189706,1
864691136540452258,864691135516706259,1
864691136543315362,864691135526874971,1
864691136546439074,864691135516916691,1
864691136546496418,864691135516830931,4
864691136546496418,864691135526732635,1
864691136546496418,864691135526789723,2
864691136547653282,864691135516916691,1
864691136548027554,864691135526296667,1
864691136548027554,864691135526356827,1
864691136548294818,864691135526732635,1
864691136550649250,864691135517339786,1
864691136550649250,864691135526872667,1
864691136553125026,864691135518164106,1
864691136553125026,864691135526872667,2
864691136553557922,864691135516813011,1
864691136553724578,864691135516830931,2
864691136554277282,864691135516830931,2
864691136556146594,864691135518164106,1
864691136558078370,864691135516706259,1
864691136558078370,864691135516716499,2
864691136558078370,864691135518189706,1
864691136560783266,864691135518164106,1
864691136561256866,864691135526843227,2
864691136561501602,864691135516814803,1
864691136561501602,864691135517125075,1
864691136563810210,864691135517339786,1
864691136565846434,864691135518527626,1
864691136566571170,864691135518626954,1
864691136568735906,864691135526750299,1
864691136569816317,864691135516830931,1
864691136572380578,864691135516916691,1
864691136577474580,864691135517952906,1
864691136577486100,864691135517125075,1
864691136577521684,864691135518626954,1
864691136577522452,864691135526750299,2
864691136577527060,864691135516830931,1
864691136577696532,864691135518256010,1
864691136577816852,864691135516830931,1
864691136577816852,864691135526843227,1
864691136577821460,864691135516706259,1
864691136577854228,864691135520077450,1
864691136577907476,864691135518355082,1
864691136577957908,864691135517125075,1
864691136577957908,864691135525389042,1
864691136577957908,864691135526318171,2
864691136577957908,864691135526735707,1
864691136577971732,864691135526318171,1
864691136578290708,864691135518482899,1
864691136578382868,864691135526843227,1
864691136578406932,864691135526730587,1
864691136578566676,864691135526750299,1
864691136578573332,864691135516771027,1
864691136578712596,864691135526843227,1
864691136578752020,864691135520077450,1
864691136578752020,864691135520154250,1
864691136578982164,864691135526750299,1
864691136579014676,864691135519332234,1
864691136579325204,864691135516771027,1
864691136579327650,864691135518153866,4
864691136579327650,864691135518453642,1
864691136579327650,864691135526296667,1
864691136579327650,864691135526356827,1
864691136579353108,864691135518370698,1
864691136579538964,864691135516827347,1
864691136579538964,864691135518211466,1
864691136579984916,864691135518370698,1
864691136580071188,864691135518242186,1
864691136580085012,864691135516716499,1
864691136580085012,864691135517869962,1
864691136587818614,864691135518346634,1
864691136590394530,864691135518527626,1
864691136590474724,864691135520092810,1
864691136593436066,864691135518153866,1
864691136593436066,864691135526730587,1
864691136594491810,864691135516771027,1
864691136594494626,864691135516830931,1
864691136594898338,864691135518175882,1
864691136595040930,864691135516830931,1
864691136595252898,864691135516892115,2
864691136595383458,864691135518284938,1
864691136595488674,864691135518374538,1
864691136595488674,864691135526549851,1
864691136595492258,864691135516916691,4
864691136595492258,864691135525389042,1
864691136595500962,864691135516916691,1
864691136595534498,864691135516813011,1
864691136595999650,864691135518242186,1
864691136596161698,864691135516892115,1
864691136596161698,864691135517337738,1
864691136596335266,864691135517952906,1
864691136596335266,864691135520092810,1
864691136596378530,864691135518453642,1
864691136596964258,864691135518520531,2
864691136597043106,864691135517705939,3
864691136597043106,864691135518283475,2
864691136597043106,864691135518370698,1
864691136597043106,864691135519177610,10
864691136601559505,864691135516892115,1
864691136601559505,864691135518234506,2
864691136601577425,864691135525389042,1
864691136601577425,864691135526318171,1
864691136601595345,864691135518370698,1
864691136602078673,864691135516814803,1
864691136602078673,864691135525389042,1
864691136602228177,864691135518150538,1
864691136602687953,864691135526750299,1
864691136602779089,864691135526684763,1
864691136602781393,864691135526549851,1
864691136602787025,864691135518453642,1
864691136602797777,864691135516916691,2
864691136602899665,864691135517340554,1
864691136602899665,864691135526356827,1
864691136602919889,864691135520105610,1
864691136604104145,864691135518177930,1
864691136604119249,864691135519112586,1
864691136604242385,864691135517952906,1
864691136617108955,864691135516892115,3
864691136617108955,864691135518355082,1
864691136617116379,864691135518453642,1
864691136617137627,864691135516830931,1
864691136617144539,864691135518177930,1
864691136617146587,864691135518346634,1
864691136617291995,864691135516813011,1
864691136617403611,864691135526042715,1
864691136617444571,864691135517125075,1
864691136617444571,864691135518626954,1
864691136617528283,864691135518283475,1
864691136617528283,864691135518395274,1
864691136617666011,864691135517952906,1
864691136618048475,864691135517175763,1
864691136618048987,864691135516830931,1
864691136618101979,864691135517175763,1
864691136618102491,864691135526872667,2
864691136618129115,864691135519112586,1
864691136618145755,864691135526318171,1
864691136618201307,864691135518211466,1
864691136618230491,864691135518256010,1
864691136618232539,864691135517337738,1
864691136618246107,864691135520077450,2
864691136618392205,864691135526730587,2
864691136618396557,864691135518175882,1
864691136618431629,864691135517818506,1
864691136618435803,864691135519112586,1
864691136618441691,864691135526703451,1
864691136618444941,864691135518346634,1
864691136618457741,864691135522665924,1
864691136618463373,864691135516771027,1
864691136618465421,864691135517337738,1
864691136618470029,864691135518520531,1
864691136618481293,864691135517175763,1
864691136618488205,864691135517869962,2
864691136618488205,864691135526549851,2
864691136618489229,864691135517175763,1
864691136618797965,864691135519332234,1
864691136618808205,864691135516892115,1
864691136618894043,864691135520092810,1
864691136619117275,864691135516892115,1
864691136619119835,864691135519112586,1
864691136619200909,864691135520105610,1
864691136619342989,864691135516813011,1
864691136619342989,864691135518284938,1
864691136619354765,864691135517705939,1
864691136619354765,864691135518283475,1
864691136619354765,864691135519177610,1
864691136619369179,864691135520077450,1
864691136619372507,864691135522665924,1
864691136619592845,864691135518368394,1
864691136619592845,864691135526318171,4
864691136619592845,864691135526556763,1
864691136619592845,864691135526735707,1
864691136619729371,864691135516880595,3
864691136619729371,864691135518242186,1
864691136619729371,864691135518256010,4
864691136619729371,864691135520035722,1
864691136619729371,864691135526549851,20
864691136619750619,864691135518266323,1
864691136619750619,864691135519332234,2
864691136619939213,864691135519178378,1
864691136620096141,864691135526684763,1
864691136620234381,864691135526883419,1
864691136620486029,864691135516771027,1
864691136620486029,864691135518482899,1
864691136620486029,864691135526892891,1
864691136620535693,864691135520035722,1
864691136620576397,864691135518293898,1
864691136620681357,864691135519112586,1
864691136620681357,864691135519629194,1
864691136621082253,864691135518161034,2
864691136621082253,864691135518293898,1
864691136621082253,864691135518482899,1
864691136621082253,864691135526695771,1
864691136621082253,864691135526901851,1
864691136621099149,864691135517206739,2
864691136621099149,864691135526549851,1
864691136642802404,864691135518161034,1
864691136652239869,864691135526296667,3
864691136653156093,864691135518189706,1
864691136662175454,864691135518355082,1
864691136662194398,864691135526843227,1
864691136662202334,864691135526730587,1
864691136662217950,864691135526549851,1
864691136662232030,864691135518150538,1
864691136662363901,864691135518453642,1
864691136662437598,864691135516892115,1
864691136662437598,864691135518234506,1
864691136662437598,864691135519112586,1
864691136662440670,864691135516916691,1
864691136662440670,864691135526296667,6
864691136662440670,864691135526843227,1
864691136662536158,864691135526730587,1
864691136662550750,864691135517339786,1
864691136662623710,864691135516889299,1
864691136662659806,864691135516880595,3
864691136662659806,864691135518256010,3
864691136662659806,864691135526318171,1
864691136662659806,864691135526549851,1
864691136662860766,864691135516892115,1
864691136662877406,864691135518234506,1
864691136663056094,864691135526740315,1
864691136663080158,864691135516830931,1
864691136663176926,864691135516771027,1
864691136663212254,864691135518527626,1
864691136663216350,864691135526892891,1
864691136663348958,864691135516771027,1
864691136663348958,864691135518234506,1
864691136663348958,864691135526684763,1
864691136663459550,864691135520077450,1
864691136663690718,864691135516771027,1
864691136664648158,864691135518161034,1
864691136664648158,864691135518395274,1
864691136664648158,864691135526892891,3
864691136664868062,864691135520077450,1
864691136665155294,864691135518482899,1
864691136665155294,864691135526042715,1
864691136665194974,864691135518283475,1
864691136665194974,864691135519468170,1
864691136665194974,864691135520035722,1
864691136665210846,864691135518283475,1
864691136665210846,864691135518374538,1
864691136665210846,864691135519177610,1
864691136665210846,864691135520077450,1
864691136665220062,864691135518482899,1
864691136665220062,864691135520077450,1
864691136672630151,864691135516771027,1
864691136672630919,864691135518293898,1
864691136672647047,864691135526798939,1
864691136672647559,864691135526703451,1
864691136672673671,864691135517705939,1
864691136673091463,864691135518177930,1
864691136673098631,864691135518389130,1
864691136673592711,864691135517705939,2
864691136673915271,864691135526735707,1
864691136674065543,864691135517952906,1
864691136675020935,864691135517705939,1
864691136675020935,864691135518177930,1
864691136675020935,864691135518266323,1
864691136675020935,864691135518370698,3
864691136675020935,864691135519112586,6
864691136675020935,864691135520077450,1
864691136675151751,864691135517705939,2
864691136675151751,864691135519177610,3
864691136675151751,864691135519468170,1
864691136675287943,864691135516771027,1
864691136675409287,864691135516827347,1
864691136675476359,864691135517125075,1
864691136675573127,864691135517952906,1
864691136675573127,864691135518211466,2
864691136675573127,864691135518293898,7
864691136675573127,864691135526042715,3
864691136675573127,864691135526695771,2
864691136675875719,864691135517952906,1
864691136675909767,864691135518395274,1
864691136675921799,864691135519177610,1
864691136675980935,864691135518234506,1
864691136681300590,864691135518161034,1
864691136681300590,864691135518395274,2
864691136681300590,864691135518482899,1
864691136681300590,864691135526109531,2
864691136681300590,864691135526901851,2
864691136683211126,864691135518346634,1
864691136684812406,864691135526735707,1
864691136694123382,864691135526703451,1
864691136695243517,864691135518453642,1
864691136716771694,864691135517337738,2
864691136723331581,864691135518233482,1
864691136723364093,864691135516830931,1
864691136723364093,864691135526730587,1
864691136723371261,864691135518395274,1
864691136723371261,864691135518482899,1
864691136723378173,864691135526843227,1
864691136723383293,864691135518954634,1
864691136723388925,864691135516814803,1
864691136723388925,864691135516916691,2
864691136723388925,864691135518453642,3
864691136723388925,864691135525389042,1
864691136723395325,864691135518189706,1
864691136723399165,864691135518527626,1
864691136723407613,864691135517818506,1
864691136723409149,864691135518161034,1
864691136723415805,864691135526296667,1
864691136723420157,864691135526703451,1
864691136723444477,864691135516771027,1
864691136723495677,864691135518363018,1
864691136723509245,864691135516771027,1
864691136723556093,864691135522665924,1
864691136723561725,864691135518370698,3
864691136723564541,864691135520154250,2
864691136723566077,864691135526407515,1
864691136723567869,864691135519112586,1
864691136723580413,864691135526740315,1
864691136723585277,864691135516830931,1
864691136723585277,864691135526730587,4
864691136723596797,864691135518389130,3
864691136723598077,864691135516706259,1
864691136723600381,864691135526730587,1
864691136723657725,864691135526296667,1
864691136723943421,864691135526730587,1
864691136723976445,864691135518177930,1
864691136723976445,864691135526407515,1
864691136724037629,864691135518175882,1
864691136724092413,864691135524528882,1
864691136724171005,864691135526318171,1
864691136724441085,864691135526750299,1
864691136724456189,864691135520077450,1
864691136724459773,864691135517705939,1
864691136724568317,864691135518527626,2
864691136724831229,864691135517741194,1
864691136724856061,864691135516892115,3
864691136725114109,864691135516892115,4
864691136725114109,864691135518482899,1
864691136725119741,864691135516830931,1
864691136725177853,864691135518482899,1
864691136725391357,864691135526798939,1
864691136725455357,864691135517741194,2
864691136725455357,864691135518626954,1
864691136725455357,864691135526556763,2
864691136725800701,864691135519332234,1
864691136725800701,864691135520105610,2
864691136725819645,864691135519629194,1
864691136729335158,864691135526318171,1
864691136729335158,864691135526549851,1
864691136731992686,864691135517337738,2
864691136731992686,864691135517833354,6
864691136731992686,864691135518234506,3
864691136739845998,864691135517818506,1
864691136740403804,864691135516883667,1
864691136740403804,864691135518234506,1
864691136740408156,864691135520154250,1
864691136740414812,864691135519332234,1
864691136740435292,864691135518284938,2
864691136740442204,864691135517337738,1
864691136740547420,864691135518370698,1
864691136740790876,864691135517869962,1
864691136740804188,864691135518256010,1
864691136740818012,864691135520077450,1
864691136740841564,864691135517340554,1
864691136740851036,864691135517705939,1
864691136740890972,864691135516813011,1
864691136740924764,864691135518189706,2
864691136741305180,864691135526750299,1
864691136741384028,864691135517741194,1
864691136741452398,864691135526296667,1
864691136741470812,864691135517705939,1
864691136741475164,864691135519112586,1
864691136741482076,864691135518189706,1
864691136741497180,864691135518266323,1
864691136741513820,864691135526296667,1
864691136741774684,864691135518211466,1
864691136742071900,864691135526318171,1
864691136742071900,864691135526735707,1
864691136742393436,864691135518211466,1
864691136742422108,864691135519112586,3
864691136742667630,864691135526732635,1
864691136742685788,864691135516716499,1
864691136742800476,864691135516771027,1
864691136743169116,864691135518177930,3
864691136743319132,864691135518453642,1
864691136743319132,864691135526296667,2
864691136743319132,864691135526732635,1
864691136743438308,864691135526901851,1
864691136743452388,864691135526109531,1
864691136743457884,864691135516716499,9
864691136743457884,864691135517175763,1
864691136743457884,864691135518189706,1
864691136743483484,864691135520154250,1
864691136743826798,864691135518626954,1
864691136745965796,864691135519112586,1
864691136746178532,864691135518234506,1
864691136752821870,864691135516706259,1
864691136754050414,864691135516830931,2
864691136754050414,864691135518189706,1
864691136758199406,864691135520035722,6
864691136763884142,864691135518189706,1
864691136766683758,864691135518189706,1
864691136766683758,864691135518453642,3
864691136766683758,864691135526296667,4
864691136776702062,864691135519112586,1
864691136782115694,864691135526407515,2
864691136809746030,864691135526695771,1
864691136810003566,864691135518355082,1
864691136811779699,864691135518189706,1
864691136811792499,864691135518234506,1
864691136811794291,864691135518626954,1
864691136811810675,864691135518242186,1
864691136811828339,864691135516892115,1
864691136811830387,864691135518153866,1
864691136811982707,864691135518482899,1
864691136812039283,864691135519112586,1
864691136812222835,864691135516706259,1
864691136812513651,864691135516716499,1
864691136812811635,864691135518164106,1
864691136812955251,864691135517339786,2
864691136812955251,864691135518164106,2
864691136812955251,864691135526872667,5
864691136812964723,864691135526732635,1
864691136813085299,864691135519112586,1
864691136813128307,864691135520092810,1
864691136813389427,864691135518293898,1
864691136813428595,864691135520077450,1
864691136813619822,864691135517337738,1
864691136813763182,864691135518482899,1
864691136813807475,864691135519112586,1
864691136813846899,864691135519332234,1
864691136813846899,864691135526843227,1
864691136813911150,864691135526042715,1
864691136814108019,864691135518234506,1
864691136814315123,864691135519468170,1
864691136814343283,864691135520077450,1
864691136814343283,864691135520154250,1
864691136814575731,864691135518520531,2
864691136814575731,864691135526798939,1
864691136814606958,864691135517337738,1
864691136814606958,864691135526892891,1
864691136814703987,864691135519177610,1
864691136814703987,864691135526892891,1
864691136814703987,864691135526901851,8
864691136814761075,864691135517869962,10
864691136814761075,864691135518256010,4
864691136814761075,864691135518374538,2
864691136814761075,864691135520035722,2
864691136814761075,864691135522665924,1
864691136814761075,864691135526549851,1
864691136814970734,864691135517952906,1
864691136815591022,864691135520077450,1
864691136818701166,864691135518520531,2
864691136819492718,864691135518161034,1
864691136819498094,864691135518395274,1
864691136819672942,864691135518520531,2
864691136819672942,864691135526892891,1
864691136819672942,864691135526901851,2
864691136823947886,864691135516771027,1
864691136824430446,864691135518161034,1
864691136827683182,864691135519112586,1
864691136831754980,864691135516771027,1
864691136839836270,864691135517337738,1
864691136840277102,864691135526549851,1
864691136845390052,864691135517952906,1
864691136854186606,864691135516771027,1
864691136854232174,864691135518161034,3
864691136860339310,864691135516892115,2
864691136862801518,864691135518175882,1
864691136870678894,864691135526874971,1
864691136875762286,864691135518357642,1
864691136881094766,864691135518626954,1
864691136881094766,864691135526843227,1
864691136881607534,864691135518368394,1
864691136881607534,864691135526735707,3
864691136885541230,864691135518626954,1
864691136897149294,864691135517741194,1
864691136900804206,864691135516827347,1
864691136900804206,864691135518357642,1
864691136903008946,864691135518150538,1
864691136903023282,864691135520035722,1
864691136903030450,864691135518153866,1
864691136903042482,864691135518284938,1
864691136903046578,864691135516813011,1
864691136903387826,864691135526883419,1
864691136903487410,864691135517125075,2
864691136903649970,864691135526296667,1
864691136903884722,864691135526730587,1
864691136903944882,864691135516880595,1
864691136903944882,864691135526318171,1
864691136903945394,864691135526703451,1
864691136904071858,864691135526730587,2
864691136904078514,864691135518161034,1
864691136904083378,864691135526789723,1
864691136904135346,864691135526296667,1
864691136904349618,864691135519112586,1
864691136904349618,864691135519177610,2
864691136904349618,864691135519468170,1
864691136904354994,864691135519177610,1
864691136904561842,864691135520077450,1
864691136904582066,864691135517869962,1
864691136904656818,864691135518283475,1
864691136905147314,864691135518395274,2
864691136905203378,864691135516827347,1
864691136905290930,864691135516771027,1
864691136905343154,864691135516892115,3
864691136905373618,864691135520105610,1
864691136905570994,864691135519112586,1
864691136905791666,864691135519332234,1
864691136905852338,864691135522665924,1
864691136906176690,864691135518363018,1
864691136906243506,864691135520077450,1
864691136906559086,864691135526556763,1
864691136906761838,864691135516817619,3
864691136906761838,864691135518346634,4
864691136906988654,864691135518346634,1
864691136906988654,864691135526703451,1
864691136907591534,864691135516814803,1
864691136907591534,864691135516916691,4
864691136908080238,864691135516916691,1
864691136908080238,864691135526296667,1
864691136908845422,864691135518211466,1
864691136910393454,864691135517741194,1
864691136910393454,864691135526874971,1
864691136911623409,864691135520105610,1
864691136911638769,864691135520077450,1
864691136911644913,864691135517741194,1
864691136911650033,864691135516827347,1
864691136911650289,864691135518828426,2
864691136911662577,864691135516771027,1
864691136911670001,864691135526703451,1
864691136911821041,864691135519112586,1
864691136911864561,864691135526296667,2
864691136911909617,864691135518482899,1
864691136912055025,864691135518153866,1
864691136912116977,864691135516827347,1
864691136912172017,864691135518161034,1
864691136912407793,864691135526703451,1
864691136912690417,864691135516716499,3
864691136912690417,864691135517175763,1
864691136912698865,864691135518482899,1
864691136912783857,864691135520077450,1
864691136912828145,864691135526798939,1
864691136913209073,864691135516813011,1
864691136913383921,864691135519468170,1
864691136913383921,864691135520035722,1
864691136913401841,864691135516771027,1
864691136913401841,864691135517952906,1
864691136913485041,864691135518177930,1
864691136913748465,864691135520077450,1
864691136913993713,864691135522665924,1
864691136914038513,864691135516716499,1
864691136914081521,864691135516916691,1
864691136914081521,864691135518247306,1
864691136914081521,864691135518453642,3
864691136914081521,864691135526296667,1
864691136914081521,864691135526356827,1
864691136914081521,864691135526843227,1
864691136914235889,864691135519177610,1
864691136914248433,864691135519177610,1
864691136914398449,864691135520154250,1
864691136914426353,864691135517206739,1
864691136914541297,864691135520105610,1
864691136914555121,864691135518234506,1
864691136922722532,864691135518453642,1
864691136922740708,864691135518626954,1
864691136922755556,864691135518175882,1
864691136922766564,864691135526730587,1
864691136922767076,864691135517340554,1
864691136922780900,864691135517175763,1
864691136923165156,864691135524528882,1
864691136923310564,864691135516814803,1
864691136923469540,864691135517337738,1
864691136923469540,864691135518161034,1
864691136923469540,864691135518482899,1
864691136923570404,864691135516817619,1
864691136923770852,864691135516830931,3
864691136923773924,864691135518234506,2
864691136923776228,864691135516771027,1
864691136923782116,864691135518284938,1
864691136923783652,864691135520092810,1
864691136923788772,864691135526883419,1
864691136923789796,864691135518161034,2
864691136923791844,864691135517869962,1
864691136924297956,864691135518266323,1
864691136924297956,864691135520077450,1
864691136924584420,864691135519629194,1
864691136924736740,864691135518368394,15
864691136924736740,864691135525389042,1
864691136924736740,864691135526735707,4
864691136925033956,864691135526296667,6
864691136925033956,864691135526843227,1
864691136925089508,864691135518520531,4
864691136925089508,864691135526798939,1
864691136925111012,864691135517705939,2
864691136925111012,864691135518482899,3
864691136925111012,864691135519177610,1
864691136925182948,864691135519112586,1
864691136925184740,864691135520154250,1
864691136925328970,864691135526892891,1
864691136925350986,864691135519112586,1
864691136925358154,864691135526730587,1
864691136925358154,864691135526789723,1
864691136925364298,864691135516892115,1
864691136925370954,864691135516771027,1
864691136925373258,864691135526684763,1
864691136925382474,864691135520077450,1
864691136925727306,864691135526850395,1
864691136925777226,864691135516830931,1
864691136925780298,864691135516771027,1
864691136925785930,864691135516778707,1
864691136925861962,864691135516706259,1
864691136925928778,864691135516883667,1
864691136925981258,864691135526789723,1
864691136926153290,864691135520077450,1
864691136926266186,864691135520077450,1
864691136926321994,864691135517339786,1
864691136926332490,864691135516916691,1
864691136926341450,864691135526843227,1
864691136926414666,864691135517175763,1
864691136926414666,864691135518189706,1
864691136926426954,864691135518395274,1
864691136926427978,864691135526318171,1
864691136926438986,864691135516830931,1
864691136926789962,864691135518828426,4
864691136927127114,864691135518175882,1
864691136927187786,864691135519112586,1
864691136927373642,864691135516892115,1
864691136927393759,864691135516830931,1
864691136927393759,864691135526730587,1
864691136927431754,864691135520092810,1
864691136927455199,864691135518284938,1
864691136927491146,864691135517869962,1
864691136927491146,864691135518242186,2
864691136927491146,864691135518374538,1
864691136927491146,864691135520077450,3
864691136927491146,864691135526318171,1
864691136927491146,864691135526549851,1
864691136927714634,864691135520035722,1
864691136927732810,864691135520092810,1
864691136927782730,864691135518175882,2
864691136927782730,864691135518283475,1
864691136940658911,864691135526730587,1
864691136943044831,864691135517175763,1
864691136943721439,864691135526872667,2
864691136944084703,864691135526789723,2
864691136945612511,864691135526730587,2
864691136945772767,864691135526789723,1
864691136946468319,864691135526789723,1
864691136950756831,864691135516830931,1
864691136951554015,864691135517337738,1
864691136951558879,864691135518453642,1
864691136951563743,864691135520077450,1
864691136951566047,864691135518234506,1
864691136951612895,864691135516892115,1
864691136951613663,864691135517705939,1
864691136951613663,864691135518395274,1
864691136951615455,864691135526109531,1
864691136951628767,864691135526883419,1
864691136951644127,864691135520077450,2
864691136951651039,864691135517206739,2
864691136951711199,864691135526843227,1
864691136951754975,864691135516716499,1
864691136952298207,864691135518164106,1
864691136952366815,864691135526732635,1
864691136952366815,864691135526789723,1
864691136952830687,864691135516830931,1
864691136952940767,864691135518368394,1
864691136952960735,864691135526703451,1
864691136953134047,864691135518177930,1
864691136953254367,864691135526732635,1
864691136953386207,864691135526735707,1
864691136953928415,864691135526872667,1
864691136953952223,864691135518293898,1
864691136954001119,864691135517741194,1
864691136954077151,864691135519332234,1
864691136954129375,864691135518370698,1
864691136954178783,864691135518211466,1
864691136965787854,864691135526872667,1
864691136965807566,864691135526750299,1
864691136965822158,864691135516813011,1
864691136965830350,864691135518293898,3
864691136965830350,864691135526042715,1
864691136965830350,864691135526695771,1
864691136965846990,864691135526556763,1
864691136965986254,864691135516916691,1
864691136965986254,864691135517175763,1
864691136965986254,864691135518189706,3
864691136965986254,864691135526296667,2
864691136965988558,864691135519112586,1
864691136966133454,864691135517818506,1
864691136966133454,864691135526789723,4
864691136966416078,864691135519112586,1
864691136966429646,864691135517125075,1
864691136966544334,864691135518161034,1
864691136966545358,864691135526730587,1
864691136966673870,864691135517741194,2
864691136966673870,864691135518368394,7
864691136966673870,864691135526556763,1
864691136966673870,864691135526735707,1
864691136966694094,864691135526883419,1
864691136966899662,864691135519112586,1
864691136966951886,864691135519112586,1
864691136966951886,864691135519177610,4
864691136966995662,864691135520092810,1
864691136967634382,864691135519178378,1
864691136967796942,864691135519332234,1
864691136967840974,864691135519112586,1
864691136968099022,864691135518395274,1
864691136968099022,864691135518520531,3
864691136968152014,864691135518234506,1
864691136968152014,864691135518395274,1
864691136968447438,864691135516814803,1
864691136968568014,864691135517705939,1
864691136968568014,864691135518283475,1
864691136968568014,864691135518370698,3
864691136968568014,864691135519332234,1
864691136968568014,864691135526798939,1
864691136968654286,864691135517952906,1
864691136968930254,864691135519332234,3
864691136968930254,864691135520077450,5
864691136968930254,864691135520105610,2
864691136973709596,864691135518284938,2
864691136973718300,864691135518527626,1
864691136974073372,864691135517125075,1
864691136974111004,864691135518368394,1
864691136974289692,864691135526708315,1
864691136974395932,864691135518453642,1
864691136974464796,864691135516706259,1
864691136974470428,864691135517952906,1
864691136974545436,864691135518954634,1
864691136974561564,864691135516814803,1
864691136974561564,864691135516916691,3
864691136974561564,864691135517125075,3
864691136974561564,864691135525389042,1
864691136974561564,864691135526843227,4
864691136974572316,864691135519112586,3
864691136974572316,864691135520077450,1
864691136974640412,864691135518283475,1
864691136974841884,864691135518453642,1
864691136975161628,864691135520077450,1
864691136975364636,864691135520035722,1
864691136975671324,864691135520105610,1
864691136975671324,864691135526883419,1
864691136975857436,864691135520154250,2
864691136976019996,864691135520077450,2
864691136976119836,864691135526892891,1
864691136976129564,864691135518370698,1
864691136976129564,864691135519468170,1
864691136976129564,864691135520077450,1
864691136976146716,864691135517705939,1
864691136976146716,864691135518283475,3
864691136976146716,864691135518395274,1
864691136976146716,864691135519177610,4
864691136989947029,864691135520035722,2
864691136989947029,864691135520077450,1
864691136989954709,864691135518284938,1
864691136989957269,864691135526789723,1
864691136989958549,864691135520154250,1
864691136989960597,864691135517175763,6
864691136989960597,864691135518189706,6
864691136989962133,864691135518284938,1
864691136989974677,864691135526872667,1
864691136989978261,864691135518453642,1
864691136989995413,864691135526843227,1
864691136989999509,864691135526798939,1
864691136990415509,864691135517705939,1
864691136990778005,864691135518395274,1
864691136990805653,864691135526730587,2
864691136990840981,864691135518175882,1
864691136990843285,864691135518370698,1
864691136990947477,864691135518482899,1
864691136990956437,864691135519112586,1
864691136990958741,864691135518175882,3
864691136990958741,864691135518234506,1
864691136991202453,864691135518164106,1
864691136991202453,864691135520154250,10
864691136991213461,864691135519178378,4
864691136991307157,864691135517125075,1
864691136991400341,864691135518355082,1
864691136991400341,864691135519629194,1
864691136991400341,864691135520154250,1
864691136991445909,864691135516771027,3
864691136991445909,864691135518482899,1
864691136991606421,864691135518374538,1
864691136991606421,864691135522665924,1
864691136991666069,864691135518954634,1
864691136991986581,864691135516916691,1
864691136991986581,864691135518177930,1
864691136992004501,864691135519332234,1
864691136992007317,864691135517175763,3
864691136992007317,864691135518189706,2
864691136992007317,864691135518453642,4
864691136992007317,864691135526296667,1
864691136992208021,864691135516817619,2
864691136992208021,864691135518284938,1
864691136992208021,864691135518346634,3
864691136992208021,864691135526872667,1
864691136992208021,864691135526883419,1
864691136992294549,864691135517206739,1
864691136992294549,864691135518520531,1
864691136992294549,864691135519112586,1
864691136992294549,864691135520077450,1
864691136992383637,864691135519112586,1
864691136992383637,864691135526883419,1
864691136992612757,864691135516706259,1
864691136992612757,864691135517175763,1
864691136992612757,864691135526296667,1
864691137018050414,864691135516830931,1
864691137018056558,864691135526789723,1
864691137018277230,864691135526730587,1
864691137019551342,864691135526684763,1
864691137019552110,864691135518242186,2
864691137019552110,864691135526318171,7
864691137019552366,864691135516771027,2
864691137019555438,864691135518626954,1
864691137019561326,864691135526740315,1
864691137019576686,864691135518177930,7
864691137019576686,864691135519112586,1
864691137019576686,864691135526407515,1
864691137019577710,864691135526684763,2
864691137019578222,864691135517206739,1
864691137019578222,864691135520154250,1
864691137019764334,864691135519112586,1
864691137020078190,864691135526296667,1
864691137020123502,864691135519112586,3
864691137020539502,864691135526789723,1
864691137020663406,864691135517175763,1
864691137020671342,864691135518189706,1
864691137020821614,864691135526798939,1
864691137020883310,864691135526901851,1
864691137020972910,864691135517125075,1
864691137020972910,864691135525389042,1
864691137021178478,864691135518283475,1
864691137021178478,864691135526892891,1
864691137021188974,864691135516883667,1
864691137021682030,864691135518161034,1
864691137021910126,864691135518242186,1
864691137021910126,864691135519178378,2
864691137021910126,864691135526750299,1
864691137021936750,864691135526318171,2
864691137021936750,864691135526549851,1
864691137022180974,864691135518211466,4
864691137022180974,864691135518293898,2
864691137022180974,864691135526695771,3
864691137022215534,864691135519332234,1
864691137022244206,864691135518211466,1
864691137022244206,864691135518283475,9
864691137022244206,864691135520035722,1
864691137022244206,864691135520092810,1
864691137022244206,864691135526892891,2
864691137022263406,864691135518177930,1
864691137022263406,864691135519332234,1
864691137022275182,864691135526843227,2
864691137022278254,864691135516889299,1
864691137022278254,864691135518293898,1
864691137053644150,864691135518284938,1
864691137053647222,864691135526872667,1
864691137053659510,864691135524528882,1
864691137053662070,864691135516916691,1
864691137053662582,864691135518626954,2
864691137053670774,864691135518175882,2
864691137053954166,864691135517869962,2
864691137054009462,864691135518626954,1
864691137054099318,864691135518370698,1
864691137054226294,864691135517337738,1
864691137054522998,864691135526750299,1
864691137054570870,864691135517818506,1
864691137054695286,864691135517818506,1
864691137054706806,864691135516883667,1
864691137054709878,864691135526296667,6
864691137054807414,864691135526843227,1
864691137054824054,864691135518482899,2
864691137055571574,864691135518161034,2
864691137055668086,864691135526703451,1
864691137055668086,864691135526874971,1
864691137056053366,864691135516771027,1
864691137056053366,864691135517952906,1
864691137056053366,864691135518395274,1
864691137056053366,864691135520092810,1
864691137056053366,864691135526892891,4
864691137056098166,864691135516827347,1
864691137056098166,864691135522665924,2
864691137056230006,864691135518370698,1
864691137056230006,864691135519468170,2
864691137056469878,864691135519178378,1
864691137056564086,864691135526549851,1
864691137196880961,864691135519629194,1
864691137196881729,864691135518626954,2
864691137196912193,864691135516830931,1
864691137196918849,864691135516892115,1
864691137196923713,864691135518164106,1
864691137196935233,864691135519112586,2
864691137196981569,864691135516892115,1
864691137197275457,864691135518161034,2
864691137197298753,864691135526843227,1
864691137197441345,864691135519332234,1
864691137197719105,864691135517952906,1
864691137197857601,864691135518520531,1
864691137197875521,864691135518453642,2
864691137197877569,864691135526549851,1
864691137197941825,864691135526789723,1
864691137198462785,864691135516827347,1
864691137198754113,864691135517741194,1
864691137199038273,864691135520092810,1
864691137199177025,864691135519112586,1
864691137199359553,864691135518395274,6
864691137199359553,864691135518482899,1
864691137199725633,864691135518177930,1
864691137199772993,864691135519177610,5
864691137199772993,864691135526549851,2
864691137199914561,864691135518283475,1
864691137199914561,864691135519177610,2
864691137199973441,864691135518283475,2
864691137199973441,864691135519332234,2
864691137199973441,864691135520077450,1
864691137199973441,864691135522665924,5
864691137199973441,864691135526549851,1
