pre_pt_root_id,post_pt_root_id,n
864691134884762106,864691135468320396,1
864691134884762106,864691135469445202,1
864691134884855290,864691135468412498,2
864691134885022458,864691135467896204,1
864691134885605626,864691135468305036,1
864691134885753082,864691135473659186,1
864691134885783546,864691135469928332,1
864691134885792762,864691135468647250,1
864691134886037498,864691135468412498,1
864691134886037498,864691135468550540,1
864691134886037498,864691135468647250,4
864691134886037498,864691135468948364,1
864691134886037498,864691135469062738,3
864691134886037498,864691135469157970,2
864691134886037498,864691135469955154,5
864691134886037498,864691135472818226,2
864691134886037498,864691135472997682,2
864691134886037498,864691135473186610,1
864691134886080250,864691135472913970,1
864691134886210554,864691135470217298,1
864691134886280698,864691135469004882,2
864691134886288890,864691135473659186,1
864691134886295802,864691135472880178,1
864691134886434298,864691135468850514,1
864691134886434298,864691135472692786,1
864691134886624762,864691135469329804,1
864691134886770682,864691135469157970,2
864691134886770682,864691135469460876,1
864691134886791162,864691135474016562,1
864691134886997498,864691135470700626,1
864691134887175418,864691135468850514,2
864691134887236346,864691135469736076,1
864691134887397882,864691135469004882,1
864691134917387530,864691135468550540,1
864691134917434122,864691135468627026,1
864691134917645066,864691135470061394,1
864691134917794314,864691135469460876,1
864691134917794314,864691135469896274,1
864691134917794314,864691135470966354,2
864691134917923338,864691135472378930,1
864691134918307594,864691135467575436,1
864691134918382858,864691135468850514,1
864691134918528522,864691135468863826,1
864691134918590730,864691135469329804,2
864691134918614794,864691135468302220,1
864691134918614794,864691135468966994,1
864691134918746634,864691135468305036,1
864691134918947338,864691135469157970,1
864691134919570698,864691135470966354,1
864691134919748362,864691135470700626,1
864691134919869706,864691135470700626,2
864691134919869706,864691135474015026,1
864691134919902474,864691135468863826,4
864691134919902474,864691135468992338,6
864691134919967498,864691135468251276,2
864691134920072202,864691135467575180,1
864691134920072202,864691135468544396,1
864691134920103946,864691135469928332,1
864691134939986019,864691135469157970,1
864691134939989091,864691135472997938,1
864691134939991651,864691135472741170,1
864691134939992931,864691135472997682,1
864691134939998307,864691135472992050,1
864691134940025955,864691135468302220,1
864691134940025955,864691135468547724,1
864691134940025955,864691135469257042,6
864691134940246115,864691135472691762,1
864691134940933475,864691135468647250,4
864691134940933475,864691135469004882,2
864691134940946531,864691135468850514,1
864691134940957795,864691135472992050,1
864691134940967267,864691135468302220,1
864691134940967267,864691135469257042,2
864691134941173859,864691135469773906,1
864691134941346403,864691135468305036,1
864691134941488995,864691135470966354,2
864691134941714275,864691135468992338,1
864691134941750883,864691135468850514,1
864691134941906787,864691135470700626,1
864691134942250339,864691135469445202,2
864691134942498147,864691135468627026,2
864691134942498147,864691135472692786,2
864691134942659427,864691135470895186,1
864691134947449852,864691135472992050,1
864691134947838972,864691135467575436,1
864691134947847932,864691135468992338,1
864691134947906044,864691135468305036,3
864691134947959548,864691135468302220,1
864691134948359164,864691135472992050,1
864691134948605180,864691135468305036,1
864691134948605180,864691135468966994,1
864691134948605180,864691135472962610,1
864691134948605180,864691135472972594,2
864691134948788476,864691135467941260,1
864691134949059324,864691135470217298,1
864691134949221372,864691135469599884,1
864691134949221372,864691135473409074,1
864691134949346044,864691135469928332,1
864691134949391612,864691135468850514,1
864691134949568764,864691135467575436,1
864691134949568764,864691135472692786,1
864691134949774844,864691135468431244,1
864691134950123772,864691135469339474,1
864691134950149116,864691135468922962,1
864691134950149116,864691135469928332,1
864691134950149116,864691135472378930,1
864691134950149116,864691135473659186,1
864691134950228988,864691135469157970,2
864691134950228988,864691135469339474,1
864691134950228988,864691135469460876,6
864691134950228988,864691135469896274,3
864691134950228988,864691135469955154,7
864691134950228988,864691135472421938,1
864691134950248188,864691135469845388,1
864691134950395132,864691135469736076,1
864691134964448799,864691135469588306,1
864691134964466719,864691135468050828,1
864691134964699935,864691135469077330,1
864691134964699935,864691135472050994,1
864691134964997663,864691135468850514,1
864691134965134879,864691135470217298,2
864691134965141023,864691135469588306,3
864691134965188639,864691135470700626,1
864691134965250335,864691135468850514,1
864691134965270559,864691135467560844,1
864691134965306655,864691135473186610,2
864691134965433119,864691135472692786,1
864691134965433887,864691135469588306,1
864691134965447967,864691135469329804,1
864691134965579807,864691135469588306,1
864691134965618719,864691135472962610,1
864691134965718303,864691135472962610,3
864691134966063135,864691135469845388,1
864691134966306591,864691135468302220,1
864691134966306591,864691135468550540,1
864691134966306591,864691135469588306,1
864691134966306591,864691135472962610,2
864691134966306591,864691135472972594,1
864691134966403615,864691135473409074,1
864691134966495519,864691135470700626,3
864691134966510623,864691135468544396,1
864691134988375418,864691135468627026,2
864691134988388474,864691135474015026,1
864691134988408954,864691135468356236,1
864691134988423290,864691135468356236,1
864691134988431226,864691135469588306,1
864691134988437370,864691135468550540,1
864691134988437370,864691135469588306,1
864691134988443258,864691135468302220,1
864691134988462714,864691135472337970,2
864691134988472954,864691135468356236,2
864691134988477562,864691135472962610,1
864691134988596858,864691135468481874,1
864691134988596858,864691135468966994,5
864691134988596858,864691135472962610,4
864691134988941434,864691135472716338,1
864691134989024122,864691135468647250,1
864691134989260922,864691135469257042,1
864691134989260922,864691135469928332,1
864691134989283450,864691135468480908,1
864691134989461882,864691135468302220,1
864691134989461882,864691135468305036,1
864691134989461882,864691135468966994,2
864691134989461882,864691135469588306,1
864691134989461882,864691135472972594,1
864691134989471098,864691135469257042,2
864691134989472122,864691135468412498,1
864691134989745018,864691135468550540,1
864691134989745018,864691135469588306,3
864691134990091642,864691135468447884,1
864691134990124410,864691135470700626,1
864691134990309242,864691135472817970,1
864691134990322554,864691135467941260,1
864691134990380410,864691135472817970,1
864691134990380410,864691135472988722,1
864691134990544762,864691135469928332,1
864691134990544762,864691135470966354,1
864691134990544762,864691135473409074,2
864691134990596474,864691135472988722,1
864691134990621306,864691135467941260,1
864691134990817914,864691135468412498,1
864691134990847098,864691135473409074,1
864691134991032954,864691135468922962,1
864691134991040378,864691135468586636,2
864691134991040378,864691135468948364,4
864691134991040378,864691135469080402,1
864691134991040378,864691135469588306,1
864691134991040378,864691135469955154,1
864691134991100794,864691135469329804,1
864691134991161210,864691135469062738,1
864691134991229562,864691135467800204,1
864691135012356342,864691135468863826,1
864691135012369654,864691135468356236,1
864691135012372214,864691135473268786,1
864691135012376822,864691135468302220,1
864691135012380406,864691135468966994,1
864691135012425206,864691135468302220,1
864691135012455158,864691135469077330,1
864691135012455158,864691135472792626,1
864691135012458230,864691135472992050,1
864691135012494070,864691135467896204,1
864691135012494070,864691135472913970,1
864691135012534006,864691135468302220,1
864691135012564214,864691135469257042,1
864691135012565494,864691135472972594,1
864691135012566774,864691135472913970,1
864691135012614646,864691135469339474,1
864691135012814070,864691135468356236,1
864691135012857494,864691135468251276,1
864691135012865174,864691135467896204,2
864691135012865174,864691135472760370,1
864691135012884886,864691135469445202,1
864691135012889846,864691135472858418,1
864691135012922006,864691135469588306,1
864691135012968438,864691135468431244,1
864691135013188502,864691135468320396,1
864691135013188502,864691135469062738,1
864691135013304566,864691135468547724,2
864691135013304566,864691135472792626,1
864691135013359510,864691135470061394,1
864691135013399190,864691135468412498,1
864691135013437174,864691135468302220,1
864691135013464214,864691135473659186,1
864691135013503222,864691135474016562,1
864691135013503990,864691135474016562,1
864691135013517046,864691135468850514,3
864691135013528566,864691135469004882,1
864691135013541622,864691135468992338,1
864691135013544438,864691135469588306,1
864691135013554166,864691135468431244,1
864691135013636758,864691135470061394,1
864691135013677814,864691135469845388,1
864691135013688982,864691135472913970,1
864691135013692310,864691135468850514,1
864691135013799318,864691135468412498,1
864691135013889014,864691135470700626,2
864691135013894646,864691135467575436,2
864691135013895830,864691135469928332,1
864691135013895830,864691135470966354,1
864691135013930902,864691135470942290,1
864691135013934230,864691135468431244,1
864691135013957622,864691135468412498,1
864691135013958390,864691135468647250,16
864691135013958390,864691135472972594,3
864691135014181878,864691135468948364,1
864691135014181878,864691135470966354,1
864691135014199542,864691135472972594,2
864691135014208918,864691135468302220,1
864691135014258070,864691135467575180,1
864691135014258070,864691135468412498,2
864691135014258070,864691135469588306,5
864691135014258070,864691135472880178,1
864691135014265334,864691135468850514,1
864691135014268150,864691135472741170,1
864691135014276342,864691135472880178,3
864691135014276342,864691135472913970,1
864691135014442486,864691135472962610,1
864691135014549910,864691135472070450,3
864691135014672630,864691135468647250,2
864691135014751734,864691135468922962,3
864691135014751734,864691135470700626,1
864691135014810262,864691135472997938,1
864691135014867862,864691135469928332,1
864691135014902678,864691135469329804,1
864691135015095446,864691135470942290,1
864691135015096822,864691135472997938,1
864691135015154934,864691135470942290,1
864691135015176438,864691135472988722,1
864691135015350422,864691135469329804,1
864691135015358102,864691135468586636,1
864691135015364854,864691135473659186,3
864691135015369974,864691135468922962,1
864691135015369974,864691135472378930,1
864691135015437462,864691135468922962,1
864691135015437462,864691135469339474,1
864691135015437462,864691135469896332,1
864691135015437462,864691135472070450,2
864691135015475350,864691135467800204,2
864691135015605910,864691135468412498,1
864691135015605910,864691135472880178,2
864691135015652246,864691135473265714,1
864691135015755670,864691135472378930,1
864691135015792534,864691135469062738,2
864691135015792534,864691135469157970,1
864691135015792534,864691135469896274,1
864691135015792534,864691135472997682,1
864691135015795606,864691135470700626,1
864691135015822742,864691135469062738,1
864691135015822742,864691135469157970,5
864691135015822742,864691135469460876,1
864691135015822742,864691135469896274,6
864691135015822742,864691135469955154,1
864691135015822742,864691135472421938,1
864691135058536091,864691135469736076,1
864691135058541211,864691135468850514,6
864691135058562715,864691135472792626,1
864691135058564763,864691135472992050,1
864691135058582939,864691135469928332,2
864691135058844827,864691135469257042,2
864691135058889115,864691135472962610,1
864691135059294875,864691135468647250,1
864691135059373467,864691135468447884,1
864691135059398811,864691135468863826,1
864691135059539099,864691135468547724,1
864691135059744667,864691135469588306,1
864691135060020123,864691135469087570,1
864691135060055707,864691135474016562,1
864691135060067739,864691135472880178,1
864691135060204955,864691135472692786,1
864691135060603291,864691135474015026,2
864691135060651419,864691135470942290,1
864691135060740507,864691135469004882,1
864691135060772763,864691135469157970,1
864691135060772763,864691135469339474,2
864691135060772763,864691135469736076,1
864691135060772763,864691135469896274,2
864691135060772763,864691135469955154,1
864691135060772763,864691135473265714,1
864691135060882843,864691135473084210,1
864691135060886939,864691135472692786,1
864691135060968091,864691135469896274,6
864691135060968091,864691135473186610,4
864691135060968091,864691135473517874,2
864691135060968859,864691135470942290,1
864691135060975003,864691135470700626,1
864691135060992155,864691135468948364,1
864691135060992155,864691135469080402,1
864691135060992155,864691135469955154,1
864691135060992155,864691135470895186,3
864691135060992155,864691135470942290,3
864691135064987716,864691135469928332,3
864691135064994372,864691135468544396,1
864691135065001540,864691135467941260,1
864691135065008964,864691135470061394,1
864691135065020484,864691135467575436,1
864691135065090372,864691135468412498,1
864691135065128260,864691135472880178,1
864691135065128260,864691135472913970,1
864691135065250884,864691135472792626,2
864691135065267012,864691135472692786,1
864691135065387588,864691135472378930,1
864691135065407812,864691135468550540,2
864691135065691204,864691135472817970,1
864691135065782852,864691135472692786,1
864691135065784900,864691135468863826,1
864691135065851972,864691135469004882,1
864691135065986884,864691135472792626,1
864691135066000964,864691135468480908,2
864691135066000964,864691135469062738,1
864691135066000964,864691135469460876,1
864691135066016324,864691135472741170,1
864691135066018116,864691135468412498,1
864691135066114372,864691135470942290,2
864691135066282564,864691135469588306,1
864691135066293828,864691135472337970,1
864691135066293828,864691135472692786,1
864691135066349124,864691135468922962,1
864691135066349124,864691135470700626,1
864691135066891844,864691135472988722,1
864691135066978372,864691135472889650,1
864691135066978372,864691135472997938,1
864691135066978372,864691135473517874,1
864691135067053124,864691135468305036,1
864691135067053124,864691135468480908,1
864691135067053124,864691135468481874,1
864691135067053124,864691135468966994,1
864691135067053124,864691135469955154,1
864691135067053124,864691135472962610,9
864691135067058500,864691135469339474,1
864691135067066948,864691135468251276,1
864691135067084612,864691135469928332,1
864691135067192900,864691135467800204,1
864691135067192900,864691135469845388,1
864691135067252292,864691135468586636,1
864691135067344452,864691135467941260,1
864691135067476548,864691135468320396,1
864691135067476548,864691135468480908,2
864691135067476548,864691135468544396,8
864691135067476548,864691135468948364,1
864691135067476548,864691135469080402,1
864691135067476548,864691135469157970,1
864691135067476548,864691135469460876,1
864691135067476548,864691135469896274,1
864691135067476548,864691135472691762,3
864691135067476548,864691135472889650,1
864691135067559748,864691135468586636,1
864691135067559748,864691135474015026,1
864691135067645764,864691135469329804,1
864691135067645764,864691135470700626,4
864691135081638135,864691135472962610,1
864691135081640695,864691135467941260,1
864691135081640695,864691135469329804,1
864691135081640695,864691135470217298,1
864691135081649399,864691135473268786,1
864691135081656055,864691135468850514,1
864691135081688567,864691135468320396,2
864691135081688567,864691135472997682,3
864691135081698807,864691135469062738,1
864691135081705207,864691135470061394,1
864691135081708023,864691135468850514,1
864691135081708023,864691135469590457,1
864691135081732087,864691135469588306,1
864691135081739255,864691135472858418,2
864691135082002679,864691135468547724,1
864691135082003959,864691135468431244,1
864691135082003959,864691135469004882,1
864691135082007287,864691135468547724,1
864691135082007287,864691135468966994,1
864691135082074359,864691135468652428,2
864691135082113527,864691135473517874,1
864691135082121207,864691135468481874,1
864691135082291959,864691135472716338,1
864691135082328567,864691135468966994,1
864691135082328567,864691135472792626,1
864691135082510583,864691135468948364,1
864691135082510583,864691135472691762,1
864691135082525943,864691135469896332,2
864691135082584311,864691135468627026,1
864691135082584311,864691135468850514,1
864691135082615287,864691135468447884,1
864691135082636023,864691135469928332,1
864691135082636023,864691135472716338,1
864691135082686711,864691135468966994,1
864691135082690039,864691135472792626,1
864691135082697975,864691135470700626,1
864691135082698487,864691135469896332,1
864691135082714871,864691135469928332,1
864691135082864887,864691135468320396,1
864691135082864887,864691135469004882,1
864691135082891255,864691135472988722,1
864691135083103991,864691135470700626,1
864691135083410423,864691135469845388,1
864691135083524343,864691135468251276,1
864691135083524343,864691135472997938,1
864691135083524343,864691135473517874,1
864691135083619831,864691135469339474,1
864691135083812599,864691135468863826,1
864691135083812599,864691135472070450,1
864691135083812599,864691135472692786,1
864691135083812599,864691135472817970,2
864691135083816439,864691135467575436,1
864691135083846903,864691135469329804,6
864691135083846903,864691135470700626,3
864691135083846903,864691135472070450,5
864691135083929591,864691135468305036,1
864691135083929591,864691135468480908,1
864691135084003063,864691135469599884,1
864691135084148983,864691135474016562,1
864691135084196855,864691135467575436,1
864691135084196855,864691135469087570,1
864691135084196855,864691135469346188,1
864691135084196855,864691135469599884,1
864691135099850528,864691135473409074,1
864691135099863072,864691135472858418,1
864691135099864096,864691135472792626,1
864691135099864608,864691135469004882,4
864691135099868704,864691135469896332,1
864691135099901728,864691135468447884,3
864691135100291616,864691135468757586,1
864691135100344864,864691135469845388,1
864691135100879392,864691135469599884,1
864691135100921376,864691135468647250,1
864691135100936736,864691135472716338,1
864691135100936736,864691135472880178,3
864691135101045792,864691135468586636,1
864691135101045792,864691135474015026,1
864691135101061664,864691135470700626,1
864691135101101600,864691135468850514,1
864691135101225504,864691135472050994,2
864691135101684768,864691135470217298,2
864691135101904416,864691135474016562,1
864691135101921568,864691135468302220,1
864691135101921568,864691135472972594,1
864691135101924384,864691135468431244,1
864691135102072096,864691135469329804,1
864691135102192160,864691135467800204,1
864691135102228000,864691135468992338,1
864691135102249760,864691135470895186,1
864691135102385696,864691135468863826,2
864691135102385696,864691135468992338,2
864691135102385696,864691135472692786,2
864691135102492960,864691135468948364,3
864691135102492960,864691135469955154,1
864691135102531104,864691135474015026,1
864691135103991117,864691135472880178,1
864691135103992653,864691135468447884,1
864691135104009293,864691135469004882,1
864691135104027213,864691135468948364,2
864691135104148045,864691135472880178,1
864691135104244301,864691135472972594,1
864691135104347981,864691135467575180,1
864691135104485709,864691135469257042,1
864691135104956493,864691135469896332,1
864691135104964173,864691135468652428,1
864691135105009997,864691135470700626,1
864691135105015885,864691135468941394,2
864691135105048653,864691135468586636,1
864691135105052749,864691135468550540,1
864691135105052749,864691135469062738,1
864691135105052749,864691135472818226,1
864691135105052749,864691135472972594,1
864691135105052749,864691135472997682,2
864691135105052749,864691135473186610,1
864691135105524557,864691135469257042,1
864691135105779021,864691135473659186,1
864691135105812557,864691135467800204,1
864691135106189901,864691135467800204,1
864691135106189901,864691135469346188,4
864691135106189901,864691135469599884,3
864691135106189901,864691135472988722,5
864691135106189901,864691135474016562,1
864691135106468685,864691135468922962,2
864691135106468685,864691135469339474,1
864691135106468685,864691135472070450,5
864691135106574669,864691135468992338,1
864691135106574669,864691135474016562,1
864691135106597197,864691135468948364,1
864691135106697293,864691135467800204,1
864691135106718029,864691135472913970,1
864691135106730573,864691135473517874,1
864691135113152153,864691135470217298,1
864691135113153945,864691135472997682,1
864691135113161113,864691135468050828,1
864691135113441177,864691135468431244,1
864691135113531289,864691135469896332,1
864691135113531545,864691135472691762,1
864691135113588377,864691135468647250,1
864691135113649561,864691135472692786,2
864691135113709977,864691135469588306,2
864691135113915801,864691135468627026,1
864691135114134169,864691135467800204,1
864691135114134169,864691135469599884,1
864691135114153881,864691135468992338,2
864691135114154905,864691135472913970,1
864691135114164121,864691135469588306,2
864691135114169753,864691135468356236,1
864691135114169753,864691135469257042,1
864691135114169753,864691135470966354,5
864691135114582681,864691135472817970,1
864691135114605977,864691135469080402,1
864691135114911385,864691135468383116,2
864691135115058329,864691135474016562,1
864691135115122585,864691135473084210,1
864691135115145625,864691135467941260,1
864691135115164057,864691135468552588,1
864691135115164057,864691135470700626,1
864691135115225753,864691135468922962,1
864691135115225753,864691135472988722,1
864691135115345049,864691135473186610,2
864691135115402905,864691135470783218,1
864691135117782749,864691135472692786,1
864691135117799133,864691135469004882,1
864691135117801693,864691135472741170,6
864691135117803741,864691135472858418,1
864691135117813213,864691135468412498,1
864691135117818077,864691135468302220,1
864691135118127069,864691135472858418,1
864691135118129885,864691135469928332,1
864691135118197725,864691135468302220,1
864691135118298333,864691135469928332,1
864691135118298333,864691135470966354,1
864691135118298333,864691135472880178,13
864691135118298333,864691135472997682,1
864691135118456541,864691135467575436,1
864691135118457053,864691135468850514,1
864691135118648541,864691135468412498,1
864691135118648541,864691135468647250,1
864691135118658269,864691135469257042,1
864691135118754781,864691135467941260,1
864691135118756573,864691135468412498,1
864691135118817501,864691135469329804,1
864691135118899421,864691135468850514,1
864691135118902237,864691135468164178,1
864691135119436765,864691135469329804,4
864691135119436765,864691135469599884,1
864691135119436765,864691135470700626,4
864691135119506909,864691135468320396,2
864691135119506909,864691135468544396,1
864691135119506909,864691135468948364,1
864691135119506909,864691135472818226,1
864691135119506909,864691135472997682,3
864691135119524829,864691135472716338,1
864691135119636189,864691135467575180,5
864691135119636189,864691135468412498,2
864691135119636189,864691135470700626,3
864691135119647453,864691135470061394,1
864691135119836381,864691135472913970,1
864691135119877085,864691135470942290,1
864691135119877085,864691135473659186,2
864691135119920349,864691135472378930,1
864691135119930333,864691135469845388,1
864691135122299943,864691135474015026,2
864691135122303015,864691135468547724,1
864691135122307623,864691135469773906,1
864691135122335271,864691135469896332,1
864691135122417959,864691135468412498,1
864691135122469671,864691135469004882,1
864691135122625319,864691135469329804,1
864691135123025959,864691135469588306,1
864691135123070503,864691135472692786,1
864691135123147559,864691135470061394,1
864691135123174695,864691135468412498,1
864691135123316519,864691135472792626,1
864691135123334183,864691135469773906,1
864691135123334695,864691135467575180,1
864691135123334695,864691135473659186,1
864691135123335463,864691135468412498,1
864691135123341607,864691135469080402,1
864691135123508775,864691135469896332,1
864691135123528487,864691135468966994,4
864691135123605799,864691135468948364,4
864691135123605799,864691135473517874,2
864691135123653927,864691135469955154,1
864691135123670055,864691135469599884,1
864691135123793447,864691135468941394,1
864691135123807271,864691135468305036,2
864691135123807271,864691135469588306,1
864691135123807271,864691135470061394,1
864691135124023847,864691135469845388,1
864691135124209447,864691135472988722,1
864691135124404519,864691135469346188,1
864691135124538151,864691135470783218,1
864691135124547111,864691135468251276,1
864691135124547111,864691135470966354,2
864691135124608807,864691135468948364,3
864691135124690471,864691135469845388,1
864691135124690471,864691135470942290,2
864691135124690471,864691135473084210,1
864691135124690471,864691135473659186,2
864691135132647840,864691135468757586,1
864691135132656032,864691135468647250,1
864691135132684704,864691135472792626,1
864691135132763808,864691135468992338,1
864691135132937120,864691135470061394,1
864691135132955552,864691135470061394,2
864691135133008544,864691135468547724,1
864691135133112480,864691135474015026,1
864691135133533344,864691135469004882,1
864691135133584288,864691135472962610,1
864691135133593248,864691135468305036,1
864691135133846176,864691135468481874,1
864691135134016928,864691135469773906,1
864691135134016928,864691135469928332,1
864691135134114976,864691135469460876,1
864691135134146720,864691135469773906,1
864691135134146720,864691135472889650,1
864691135134155168,864691135472337970,1
864691135134201248,864691135470700626,2
864691135134671129,864691135472972594,1
864691135134674713,864691135472889650,1
864691135134686368,864691135468586636,1
864691135134695328,864691135468305036,2
864691135134695328,864691135468481874,1
864691135134697241,864691135472889650,1
864691135134697241,864691135472997938,1
864691135134697632,864691135468948364,1
864691135134697632,864691135472691762,2
864691135134705177,864691135468364940,1
864691135134711321,864691135472988722,2
864691135134760096,864691135469588306,2
864691135134852256,864691135468251276,11
864691135134852256,864691135472378930,1
864691135134895641,864691135467800204,1
864691135134921888,864691135470700626,1
864691135134957472,864691135470942290,1
864691135134957472,864691135473659186,1
864691135134985888,864691135469845388,2
864691135135036185,864691135468302220,1
864691135135085728,864691135468850514,1
864691135135087520,864691135468922962,2
864691135135087520,864691135469329804,1
864691135135098393,864691135472858418,1
864691135135127200,864691135472378930,1
864691135135181984,864691135472997938,2
864691135135411993,864691135472818226,1
864691135135451673,864691135468992338,1
864691135135467801,864691135468447884,1
864691135135471385,864691135472741170,1
864691135135485209,864691135474015026,2
864691135135492377,864691135467941260,1
864691135135557913,864691135468550540,1
864691135135603481,864691135468850514,2
864691135135661081,864691135469329804,1
864691135135669273,864691135469257042,1
864691135136056345,864691135468305036,1
864691135136445209,864691135470700626,1
864691135136564505,864691135472997938,1
864691135137105177,864691135470895186,3
864691135137357081,864691135468251276,1
864691135137357081,864691135469736076,2
864691135137357081,864691135469955154,3
864691135137357081,864691135472716338,1
864691135137357081,864691135472889650,2
864691135137357081,864691135472997938,1
864691135137357081,864691135473409074,1
864691135137357081,864691135473517874,2
864691135155535716,864691135472692786,1
864691135155543652,864691135472962610,1
864691135155544932,864691135470061394,1
864691135155879268,864691135468992338,1
864691135155979108,864691135472792626,1
864691135156428132,864691135468922962,1
864691135156498276,864691135468627026,1
864691135156580452,864691135467800204,1
864691135156774756,864691135468481874,1
864691135156839012,864691135469339474,1
864691135157194596,864691135469329804,1
864691135157652068,864691135468627026,2
864691135157652068,864691135468850514,1
864691135157784932,864691135469896332,1
864691135157784932,864691135472692786,1
864691135157893476,864691135473268786,1
864691135158055012,864691135468560524,1
864691135162198829,864691135468850514,1
864691135162198829,864691135468863826,1
864691135162200365,864691135469588306,1
864691135162224429,864691135467800204,1
864691135162224429,864691135469599884,1
864691135162226733,864691135472792626,1
864691135162265133,864691135472818226,1
864691135162741037,864691135473409074,1
864691135162767917,864691135472741170,1
864691135162908461,864691135472962610,1
864691135163107117,864691135468992338,1
864691135163256365,864691135468757586,1
864691135163259693,864691135468412498,1
864691135163344429,864691135468481874,2
864691135163371309,864691135472792626,1
864691135163379245,864691135468305036,2
864691135163379245,864691135472962610,2
864691135163569965,864691135468305036,3
864691135163588397,864691135469845388,1
864691135163596845,864691135468966994,1
864691135163686957,864691135472716338,1
864691135163734317,864691135467941260,1
864691135163734317,864691135469346188,1
864691135163752749,864691135469004882,1
864691135163912237,864691135468480908,2
864691135163912237,864691135469460876,3
864691135163912237,864691135470966354,1
864691135163952685,864691135472889650,1
864691135164100397,864691135468992338,2
864691135164186413,864691135469928332,5
864691135164186413,864691135470942290,1
864691135164186413,864691135472913970,1
864691135164229165,864691135468647250,1
864691135164408621,864691135468647250,3
864691135164408621,864691135472818226,2
864691135164408621,864691135472972594,2
864691135164641581,864691135472378930,1
864691135164772653,864691135469736076,1
864691135164772653,864691135470942290,1
864691135164804909,864691135469599884,1
864691135164857133,864691135468164178,2
864691135164857133,864691135469062738,1
864691135164857133,864691135472997682,1
864691135164857133,864691135473186610,1
864691135165014829,864691135467575180,1
864691135165036077,864691135474016562,1
864691135165062445,864691135470895186,1
864691135165062445,864691135470942290,1
864691135181692930,864691135470966354,1
864691135181696002,864691135467896204,1
864691135181700610,864691135472913970,1
864691135181724930,864691135472962610,1
864691135181763074,864691135468356236,1
864691135181763074,864691135470061394,2
864691135181796866,864691135468356236,1
864691135181803522,864691135472988722,1
864691135181804802,864691135468547724,1
864691135181855746,864691135469928332,1
864691135182075906,864691135468481874,1
864691135182207234,864691135469588306,1
864691135182539778,864691135470217298,1
864691135182539778,864691135472988722,2
864691135182594306,864691135469599884,1
864691135182713602,864691135468480908,1
864691135182713602,864691135472962610,1
864691135182756610,864691135468992338,1
864691135182801922,864691135469004882,1
864691135182812418,864691135467575436,1
864691135183269634,864691135469599884,1
864691135183789314,864691135468481874,3
864691135183789314,864691135468547724,4
864691135183789314,864691135469077330,1
864691135183789314,864691135472792626,2
864691135183866114,864691135468356236,1
864691135183866114,864691135468948364,1
864691135183968514,864691135472421938,2
864691135183968514,864691135472997938,1
864691135183982850,864691135469329804,1
864691135183999490,864691135468320396,1
864691135184104194,864691135467800204,1
864691135194395434,864691135472337970,1
864691135194410282,864691135473186610,1
864691135194434602,864691135468412498,1
864691135194916650,864691135468948364,1
864691135194916650,864691135469257042,1
864691135194916650,864691135472691762,1
864691135194940202,864691135468412498,1
864691135194940202,864691135468647250,1
864691135194970154,864691135468302220,1
864691135194970154,864691135472792626,1
864691135195039530,864691135469773906,1
864691135195039530,864691135472741170,1
864691135195139626,864691135468305036,1
864691135195357738,864691135473659186,1
864691135195361578,864691135472792626,1
864691135195400490,864691135467800204,1
864691135195424810,864691135472741170,3
864691135195428650,864691135468850514,1
864691135195530538,864691135472997938,1
864691135195809322,864691135468356236,2
864691135196291626,864691135469845388,1
864691135196291626,864691135472880178,2
864691135196385578,864691135472880178,1
864691135196632106,864691135468992338,4
864691135196632106,864691135473084210,1
864691135196676906,864691135468941394,1
864691135196692010,864691135473659186,1
864691135196752170,864691135469157970,1
864691135196752170,864691135469896274,2
864691135207714425,864691135469928332,1
864691135207734393,864691135472716338,1
864691135207749241,864691135472889650,1
864691135207749753,864691135468481874,1
864691135207754105,864691135467941260,1
864691135207758713,864691135468481874,1
864691135207758713,864691135468547724,1
864691135207917433,864691135468480908,1
864691135208560505,864691135474016562,1
864691135208673145,864691135472988722,1
864691135208674681,864691135467575180,1
864691135208703865,864691135469773906,1
864691135208707193,864691135472716338,2
864691135209080697,864691135468547724,3
864691135209080697,864691135472792626,1
864691135209096057,864691135469896332,1
864691135209134457,864691135472716338,1
864691135209300601,864691135468647250,1
864691135209300601,864691135469928332,1
864691135209300601,864691135472913970,1
864691135209651321,864691135468863826,1
864691135210001856,864691135472792626,1
864691135210005952,864691135470217298,1
864691135210015424,864691135469773906,1
864691135210017472,864691135468356236,1
864691135210035392,864691135468481874,1
864691135210047168,864691135468627026,1
864691135210048448,864691135468757586,1
864691135210058176,864691135468647250,1
864691135210074048,864691135468480908,1
864691135210074048,864691135472691762,3
864691135210076608,864691135469773906,1
864691135210178169,864691135469845388,5
864691135210261113,864691135474015026,1
864691135210317433,864691135469736076,1
864691135210364537,864691135472817970,1
864691135210372032,864691135469004882,1
864691135210400448,864691135468757586,1
864691135210426816,864691135472378930,1
864691135210446457,864691135468948364,1
864691135210446457,864691135469460876,1
864691135210446457,864691135469928332,1
864691135210446457,864691135472691762,1
864691135210446457,864691135472889650,9
864691135210446457,864691135472997938,6
864691135210446457,864691135473517874,5
864691135210478969,864691135469955154,1
864691135210568640,864691135468302220,1
864691135210785472,864691135472691762,1
864691135210791616,864691135467575180,1
864691135210854080,864691135472817970,3
864691135210866368,864691135468850514,1
864691135210884032,864691135468850514,1
864691135210884032,864691135468992338,1
864691135210916288,864691135472692786,1
864691135211122112,864691135472988722,1
864691135211306176,864691135472817970,1
864691135211542208,864691135472972594,2
864691135211591360,864691135469157970,1
864691135211591360,864691135469896274,1
864691135211599808,864691135470966354,1
864691135211724224,864691135467941260,1
864691135211772864,864691135472716338,1
864691135211926464,864691135474015026,2
864691135211956672,864691135467575436,1
864691135212292032,864691135470700626,1
864691135212363712,864691135468356236,1
864691135212363712,864691135470783218,1
864691135212363712,864691135470966354,1
864691135212363712,864691135473409074,1
864691135212363712,864691135473517874,1
864691135212398528,864691135468948364,4
864691135212398528,864691135470942290,1
864691135212398528,864691135473517874,6
864691135212508096,864691135469896274,6
864691135212535232,864691135469087570,1
864691135212535232,864691135469346188,1
864691135212535232,864691135473659186,1
864691135212607168,864691135470700626,1
864691135212607168,864691135472913970,1
864691135212607168,864691135473268786,1
864691135212616576,864691135468480908,1
864691135212634304,864691135468922962,1
864691135212643712,864691135472997682,1
864691135212664704,864691135467941260,2
864691135212669568,864691135469077330,1
864691135212691584,864691135472858418,1
864691135212702336,864691135469004882,2
864691135212726912,864691135472988722,1
864691135213001528,864691135473084210,1
864691135213029248,864691135472741170,1
864691135213049144,864691135468481874,1
864691135213058104,864691135469004882,1
864691135213070136,864691135472792626,1
864691135213078840,864691135468850514,1
864691135213078840,864691135469329804,1
864691135213081656,864691135468850514,1
864691135213109376,864691135468447884,1
864691135213207680,864691135468966994,2
864691135213386040,864691135468966994,1
864691135213537848,864691135468941394,1
864691135213610112,864691135472070450,1
864691135213619328,864691135472760370,1
864691135213682816,864691135468480908,1
864691135213702784,864691135468431244,1
864691135213708928,864691135469004882,1
864691135213717120,864691135468305036,1
864691135213724800,864691135468850514,1
864691135213726848,864691135468305036,1
864691135213841976,864691135473084210,1
864691135213937720,864691135468481874,1
864691135213992248,864691135468302220,1
864691135214034744,864691135469588306,1
864691135214040888,864691135472716338,1
864691135214123064,864691135467800204,1
864691135214130744,864691135472716338,1
864691135214155832,864691135468412498,1
864691135214158648,864691135468992338,1
864691135214246528,864691135468652428,1
864691135214328704,864691135468050828,1
864691135214328704,864691135469087570,1
864691135214340920,864691135469928332,1
864691135214381440,864691135468480908,1
864691135214381440,864691135469896274,1
864691135214381440,864691135469955154,1
864691135214381440,864691135472997682,1
864691135214392960,864691135470217298,2
864691135214467640,864691135472817970,1
864691135214697528,864691135467575436,1
864691135214697528,864691135469346188,1
864691135214900024,864691135470895186,1
864691135214931072,864691135468586636,1
864691135215117112,864691135469329804,1
864691135215126584,864691135468412498,1
864691135215142528,864691135470895186,1
864691135215148088,864691135468480908,4
864691135215148088,864691135469157970,2
864691135215148088,864691135469460876,3
864691135215148088,864691135472691762,6
864691135215170360,864691135468412498,2
864691135215175040,864691135468922962,1
864691135215175040,864691135472692786,1
864691135215192448,864691135472378930,1
864691135215192448,864691135473659186,1
864691135215217280,864691135468922962,1
864691135215217280,864691135470942290,4
864691135215218488,864691135470700626,1
864691135215229056,864691135473659186,1
864691135215360056,864691135467896204,3
864691135215391544,864691135468412498,3
864691135215403320,864691135473084210,1
864691135215403320,864691135473268786,4
864691135233119321,864691135472760370,1
864691135233124185,864691135472692786,1
864691135233135449,864691135468850514,1
864691135233347673,864691135468302220,1
864691135233406553,864691135468481874,1
864691135233406553,864691135468547724,1
864691135233406553,864691135469077330,1
864691135233529433,864691135473659186,1
864691135233538393,864691135468966994,1
864691135233568857,864691135472070450,1
864691135233568857,864691135473265714,7
864691135233866585,864691135468356236,1
864691135233963353,864691135469896274,1
864691135234030937,864691135472792626,1
864691135234034009,864691135470700626,1
864691135234068313,864691135472962610,1
864691135234089817,864691135469087570,1
864691135234193753,864691135469736076,1
864691135234402137,864691135468586636,1
864691135234402137,864691135468948364,1
864691135234402137,864691135472378930,1
864691135234759257,864691135469329804,2
864691135234794841,864691135469329804,3
864691135234840409,864691135467800204,1
864691135234998617,864691135468922962,1
864691135234998617,864691135469736076,2
864691135235196249,864691135469736076,2
864691135235196249,864691135472378930,1
864691135235344985,864691135468550540,1
864691135235363417,864691135469329804,3
864691135235386713,864691135468992338,5
864691135235386713,864691135472692786,2
864691135235425113,864691135467800204,3
864691135235425113,864691135468948364,1
864691135235425113,864691135470217298,2
864691135235437913,864691135469736076,1
864691135235437913,864691135470783218,1
864691135235496025,864691135468302220,1
864691135235496025,864691135468305036,3
864691135235496025,864691135468431244,4
864691135235496025,864691135468647250,2
864691135235509081,864691135470895186,1
864691135235527513,864691135467575180,1
864691135235527513,864691135468251276,1
864691135235527513,864691135468364940,1
864691135235527513,864691135469845388,1
864691135235527513,864691135470942290,3
864691135235527513,864691135470966354,1
864691135235527513,864691135472378930,4
864691135235527513,864691135473659186,1
864691135256123055,864691135468850514,1
864691135256132527,864691135467800204,1
864691135256138415,864691135469257042,2
864691135256138415,864691135470966354,2
864691135256142511,864691135472050994,2
864691135256175791,864691135469588306,1
864691135256176815,864691135468547724,1
864691135256958895,864691135470966354,1
864691135257076911,864691135472858418,1
864691135257139887,864691135467575436,1
864691135257139887,864691135470700626,1
864691135257177775,864691135468850514,2
864691135257207215,864691135474016562,1
864691135257225391,864691135468550540,1
864691135257507247,864691135468305036,1
864691135257589679,864691135472962610,1
864691135257674415,864691135467575436,1
864691135257674415,864691135468050828,1
864691135257916591,864691135474015026,1
864691135258169775,864691135469896332,1
864691135258169775,864691135472070450,1
864691135258274735,864691135468992338,1
864691135258359983,864691135473659186,1
864691135258540463,864691135472378930,1
864691135258635183,864691135469845388,1
864691135258635183,864691135472716338,1
864691135258635183,864691135473659186,1
864691135258655151,864691135468560524,1
864691135258757551,864691135469896274,1
864691135269681829,864691135467896204,1
864691135269686693,864691135470966354,1
864691135269729701,864691135468412498,1
864691135269797029,864691135467941260,1
864691135269806245,864691135469339474,1
864691135270063013,864691135469588306,1
864691135270572453,864691135472716338,1
864691135270590373,864691135468966994,1
864691135270626725,864691135470700626,1
864691135270628005,864691135469062738,1
864691135270628005,864691135473186610,1
864691135270868901,864691135468320396,2
864691135270868901,864691135469062738,1
864691135270898853,864691135468922962,1
864691135270898853,864691135472070450,1
864691135270957477,864691135472997682,1
864691135271101349,864691135468992338,1
864691135271343525,864691135467800204,2
864691135271343525,864691135469845388,1
864691135271343525,864691135470895186,1
864691135271383461,864691135469445202,1
864691135271383461,864691135472817970,1
864691135271394469,864691135468941394,1
864691135271394469,864691135469896332,1
864691135271394469,864691135470895186,1
864691135271394469,864691135470942290,3
864691135271394469,864691135472692786,4
864691135271394469,864691135474016562,1
864691135271435173,864691135468992338,1
864691135271671461,864691135470783218,1
864691135271915173,864691135468652428,1
864691135271915173,864691135469736076,3
864691135272098469,864691135469346188,1
864691135272098469,864691135470700626,1
864691135272151057,864691135470061394,1
864691135272163089,864691135470217298,1
864691135272183569,864691135468966994,1
864691135272218021,864691135468547724,1
864691135272285093,864691135468966994,1
864691135272359953,864691135469773906,1
864691135272377105,864691135469928332,1
864691135272844305,864691135472792626,1
864691135272964625,864691135468447884,1
864691135272988689,864691135469329804,1
864691135273032721,864691135468385618,1
864691135273141265,864691135468447884,1
864691135273177105,864691135468305036,1
864691135273219601,864691135468850514,2
864691135273243921,864691135468412498,1
864691135273260049,864691135468850514,1
864691135273260305,864691135472337970,1
864691135273287441,864691135469896332,9
864691135273289489,864691135473084210,1
864691135273655569,864691135470783218,1
864691135273735953,864691135472741170,1
864691135274076645,864691135468480908,1
864691135274082789,864691135468305036,1
864691135274091237,864691135470966354,1
864691135274118373,864691135468547724,1
864691135274118373,864691135472792626,1
864691135274124261,864691135472889650,2
864691135274124261,864691135472997938,1
864691135274146789,864691135468627026,2
864691135274309605,864691135469588306,1
864691135274403557,864691135472889650,1
864691135274506513,864691135469845388,1
864691135274520849,864691135473186610,1
864691135274524433,864691135468948364,1
864691135274537445,864691135469077330,1
864691135274546961,864691135468627026,1
864691135274546961,864691135468863826,1
864691135274546961,864691135469896332,1
864691135274546961,864691135472692786,1
864691135274675941,864691135472880178,1
864691135274738193,864691135468992338,1
864691135274770405,864691135472913970,1
864691135274830353,864691135470942290,1
864691135274854417,864691135468948364,1
864691135274860561,864691135473409074,1
864691135275053285,864691135472880178,2
864691135275173861,864691135468412498,1
864691135275185637,864691135469080402,1
864691135275392741,864691135469928332,1
864691135275939813,864691135468481874,4
864691135275939813,864691135468547724,5
864691135275983589,864691135468948364,1
864691135275983589,864691135469460876,1
864691135275983589,864691135472421938,1
864691135275983589,864691135472889650,3
864691135275983589,864691135473409074,1
864691135276152293,864691135469599884,1
864691135276152293,864691135469928332,1
864691135276307685,864691135469588306,1
864691135276749285,864691135467800204,3
864691135276749285,864691135469599884,1
864691135276759781,864691135472817970,1
864691135276776677,864691135469346188,1
864691135276776677,864691135469599884,1
864691135276776677,864691135470700626,1
864691135276917733,864691135468305036,1
864691135276917733,864691135472962610,3
864691135276975333,864691135469157970,1
864691135276975333,864691135469460876,2
864691135276975333,864691135470966354,2
864691135277221605,864691135469257042,1
864691135277224421,864691135468922962,1
864691135277337061,864691135468863826,1
864691135277337061,864691135468992338,1
864691135277337061,864691135470895186,1
864691135277337061,864691135473084210,1
864691135277479653,864691135474016562,1
864691135277615589,864691135468850514,11
864691135277615589,864691135468922962,2
864691135277615589,864691135470942290,1
864691135277615589,864691135473659186,1
864691135277673957,864691135467800204,1
864691135277673957,864691135469845388,1
864691135277673957,864691135470700626,3
864691135277673957,864691135470942290,1
864691135277674725,864691135472817970,1
864691135277713893,864691135468480908,1
864691135277713893,864691135468948364,2
864691135277713893,864691135468992338,1
864691135277713893,864691135469062738,1
864691135277713893,864691135469080402,3
864691135277713893,864691135469460876,7
864691135277713893,864691135469896274,2
864691135277713893,864691135469955154,1
864691135277713893,864691135473084210,1
864691135278195873,864691135469845388,3
864691135278201761,864691135472889650,1
864691135278202017,864691135468356236,2
864691135278213025,864691135469087570,1
864691135278229409,864691135469077330,2
864691135278391201,864691135468850514,1
864691135278527137,864691135468302220,1
864691135278830241,864691135469599884,1
864691135278952097,864691135468302220,2
864691135279101345,864691135467575436,1
864691135279132833,864691135472337970,2
864691135279137185,864691135467575180,1
864691135279137185,864691135470966354,1
864691135279137185,864691135472716338,1
864691135279137185,864691135472889650,3
864691135279137185,864691135472997938,1
864691135279319201,864691135467800204,1
864691135279454113,864691135472880178,1
864691135279457441,864691135469588306,1
864691135279472033,864691135469062738,1
864691135279472033,864691135469896274,1
864691135279472033,864691135469928332,1
864691135279591841,864691135467575436,3
864691135279606945,864691135472378930,1
864691135279848865,864691135467800204,1
864691135279996577,864691135467575436,1
864691135279996577,864691135474016562,1
864691135280416417,864691135468966994,1
864691135280583329,864691135473268786,1
864691135280844705,864691135469346188,1
864691135280844705,864691135470700626,1
864691135280852897,864691135470700626,1
864691135280860833,864691135472378930,3
864691135280871073,864691135467800204,1
864691135280879009,864691135468302220,1
864691135281078689,864691135468544396,2
864691135281078689,864691135468948364,1
864691135281078689,864691135469080402,3
864691135281078689,864691135469157970,2
864691135281078689,864691135469928332,1
864691135281078689,864691135469955154,2
864691135281078689,864691135470966354,1
864691135281078689,864691135472997682,1
864691135281208481,864691135468251276,1
864691135281218977,864691135469339474,1
864691135281218977,864691135473265714,1
864691135281227425,864691135467575180,5
864691135281227425,864691135470700626,1
864691135281227425,864691135470966354,1
864691135281227425,864691135472421938,1
864691135281227425,864691135472716338,2
864691135281227425,864691135473409074,9
864691135291749046,864691135468966994,1
864691135291762870,864691135470966354,1
864691135291762870,864691135473268786,2
864691135292692150,864691135468941394,1
864691135292739254,864691135472741170,1
864691135292849334,864691135469257042,1
864691135292888246,864691135468547724,1
864691135292892342,864691135472880178,1
864691135292892598,864691135472818226,1
864691135292915126,864691135469736076,1
864691135293062924,864691135472691762,1
864691135293065484,864691135472962610,1
864691135293119670,864691135467575180,1
864691135293343756,864691135472997938,1
864691135293345548,864691135468586636,1
864691135293478582,864691135468544396,1
864691135293486604,864691135468305036,1
864691135293605558,864691135468948364,1
864691135293605558,864691135472889650,1
864691135293605558,864691135473517874,1
864691135293678006,864691135469845388,1
864691135293678006,864691135472378930,1
864691135293767692,864691135468480908,1
864691135293767692,864691135469955154,1
864691135293801484,864691135468480908,1
864691135293885366,864691135467800204,1
864691135293993484,864691135470700626,1
864691135294056716,864691135468050828,2
864691135294056716,864691135469087570,1
864691135294076940,864691135472880178,1
864691135294115084,864691135469896332,1
864691135294115596,864691135468850514,1
864691135294146572,864691135469588306,1
864691135294146828,864691135468850514,1
864691135294151948,864691135468547724,3
864691135294181046,864691135469062738,1
864691135294181046,864691135472880178,1
864691135294184374,864691135470700626,2
864691135294184374,864691135474016562,1
864691135294334988,864691135468305036,1
864691135294335244,864691135469257042,1
864691135294430220,864691135472716338,2
864691135294430220,864691135473409074,2
864691135294633654,864691135468922962,4
864691135294633654,864691135469339474,8
864691135294633654,864691135469896274,6
864691135294695350,864691135469339474,1
864691135294695350,864691135469896332,1
864691135294695350,864691135472070450,3
864691135294708918,864691135468364940,1
864691135294708918,864691135469736076,1
864691135294708918,864691135473517874,2
864691135294719158,864691135468544396,3
864691135294719158,864691135468948364,8
864691135294719158,864691135469157970,1
864691135294719158,864691135469955154,1
864691135294719158,864691135470942290,1
864691135294719158,864691135472716338,1
864691135294719158,864691135472889650,1
864691135294719158,864691135472997938,4
864691135294719158,864691135473268786,1
864691135294719158,864691135473517874,4
864691135294761228,864691135470700626,1
864691135294950838,864691135468850514,7
864691135295013558,864691135470942290,1
864691135295013558,864691135473659186,2
864691135295021494,864691135473659186,1
864691135295058700,864691135470942290,1
864691135295058700,864691135473659186,1
864691135295389708,864691135472817970,1
864691135295389708,864691135472988722,3
864691135295389708,864691135474016562,1
864691135303142055,864691135472817970,1
864691135303157415,864691135469157970,1
864691135303168679,864691135469955154,1
864691135303170215,864691135472880178,2
864691135304027815,864691135472792626,1
864691135304088231,864691135469077330,1
864691135304150183,864691135472962610,1
864691135304158887,864691135468850514,1
864691135304184231,864691135467575436,1
864691135304184231,864691135474016562,1
864691135304509607,864691135470700626,1
864691135304560807,864691135469845388,1
864691135304679079,864691135468647250,1
864691135304754087,864691135469257042,1
864691135304836007,864691135469928332,2
864691135304836007,864691135470966354,3
864691135304996263,864691135468480908,1
864691135304996263,864691135469460876,1
864691135305066407,864691135469157970,5
864691135305066407,864691135469955154,1
864691135305437863,864691135469896332,1
864691135305437863,864691135472070450,1
864691135305488551,864691135468948364,1
864691135305488551,864691135469080402,1
864691135305488551,864691135469460876,1
864691135305488551,864691135472691762,8
864691135305488551,864691135472818226,2
864691135305488551,864691135472972594,1
864691135305512871,864691135472070450,1
864691135305585063,864691135468992338,1
864691135305590439,864691135469845388,1
864691135305628071,864691135469736076,2
864691135305665959,864691135472972594,1
864691135305730471,864691135468251276,1
864691135305730471,864691135469339474,4
864691135307076678,864691135468966994,1
864691135307097158,864691135468544396,1
864691135307121222,864691135468966994,1
864691135307123526,864691135470966354,3
864691135307123526,864691135472716338,2
864691135307454278,864691135468050828,1
864691135307518022,864691135473268786,1
864691135307859014,864691135472972594,1
864691135308006470,864691135468586636,1
864691135308060486,864691135468992338,1
864691135308073286,864691135468966994,1
864691135308077638,864691135468356236,1
864691135308089414,864691135469329804,1
864691135308319046,864691135473084210,1
864691135308375366,864691135472378930,1
864691135308648262,864691135468251276,2
864691135308741958,864691135469928332,1
864691135308782406,864691135472692786,1
864691135309045062,864691135468948364,1
864691135309045062,864691135473084210,1
864691135309045062,864691135473659186,1
864691135309153094,864691135467941260,1
864691135309325638,864691135468948364,1
864691135309325638,864691135469080402,1
864691135309325638,864691135469339474,1
864691135309325638,864691135473084210,3
864691135309325638,864691135474015026,2
864691135309331270,864691135472972594,1
864691135309722950,864691135467800204,1
864691135309722950,864691135472913970,1
864691135309848646,864691135470700626,1
864691135309922374,864691135469955154,1
864691135309922374,864691135472880178,1
864691135309922374,864691135473186610,1
864691135322922652,864691135472692786,1
864691135322943132,864691135472716338,1
864691135322955676,864691135468356236,1
864691135322978460,864691135469257042,1
864691135322995612,864691135469257042,1
864691135322996892,864691135467896204,1
864691135323001244,864691135468863826,1
864691135323202972,864691135472692786,1
864691135323244700,864691135473409074,2
864691135323244700,864691135473517874,1
864691135323951004,864691135472692786,1
864691135323955868,864691135467800204,1
864691135323955868,864691135473659186,1
864691135323962524,864691135468383116,1
864691135323962524,864691135468447884,1
864691135323962524,864691135469773906,3
864691135323970972,864691135469257042,1
864691135323984540,864691135468948364,1
864691135323984796,864691135472972594,1
864691135323986332,864691135468850514,1
864691135324135068,864691135469845388,1
864691135324399260,864691135468992338,1
864691135324437916,864691135470700626,1
864691135324551324,864691135467800204,1
864691135324864412,864691135470700626,2
864691135324967580,864691135468948364,1
864691135325064604,864691135470783218,1
864691135325064604,864691135473659186,1
864691135325331868,864691135472378930,1
864691135325561500,864691135472716338,1
864691135334489065,864691135470700626,1
864691135334501097,864691135468966994,1
864691135334501097,864691135472962610,1
864691135334521065,864691135468850514,1
864691135334529257,864691135469329804,1
864691135334529513,864691135469077330,1
864691135334541801,864691135468447884,1
864691135334544361,864691135467896204,1
864691135334797801,864691135472741170,3
864691135335254249,864691135468850514,1
864691135335290345,864691135469928332,1
864691135335383017,864691135472880178,1
864691135335395049,864691135469588306,1
864691135335543529,864691135468627026,1
864691135336616937,864691135473659186,1
864691135336814569,864691135470061394,1
864691135336814569,864691135472997938,2
864691135337004009,864691135467575436,2
864691135337004009,864691135469346188,4
864691135337004009,864691135470700626,2
864691135337004009,864691135472988722,3
864691135337004777,864691135470942290,1
864691135337047529,864691135469346188,1
864691135337702118,864691135469928332,1
864691135337737190,864691135472792626,1
864691135337753062,864691135467941260,1
864691135337825766,864691135469928332,1
864691135337899494,864691135470700626,1
864691135338204134,864691135468966994,2
864691135338262246,864691135472818226,1
864691135338262246,864691135472880178,1
864691135338335974,864691135473409074,2
864691135338709990,864691135468757586,1
864691135338722278,864691135468992338,1
864691135338802150,864691135468305036,6
864691135338803686,864691135468547724,2
864691135338803686,864691135469077330,1
864691135338803686,864691135472792626,1
864691135338816742,864691135468992338,1
864691135339066342,864691135468547724,2
864691135339544038,864691135469346188,1
864691135339631590,864691135470942290,1
864691135339826150,864691135469845388,1
864691135339826150,864691135472378930,1
864691135339826150,864691135473659186,1
864691135340055526,864691135472716338,1
864691135340160230,864691135469736076,2
864691135340160230,864691135472378930,3
864691135340203238,864691135472817970,1
864691135340958405,864691135469588306,1
864691135340961221,864691135472997682,1
864691135340974789,864691135470895186,1
864691135340983749,864691135468305036,1
864691135340983749,864691135468966994,1
864691135341022149,864691135472692786,1
864691135341042117,864691135472337970,1
864691135341052101,864691135472817970,1
864691135341123525,864691135468966994,1
864691135341123525,864691135472741170,1
864691135341123525,864691135472962610,1
864691135341136305,864691135468966994,1
864691135341145009,864691135468547724,6
864691135341154993,864691135472889650,2
864691135341503665,864691135468850514,1
864691135341505221,864691135469896332,2
864691135341505221,864691135472337970,1
864691135341505221,864691135472692786,1
864691135341742277,864691135472997682,1
864691135341758917,864691135469329804,1
864691135341768645,864691135469257042,1
864691135341781701,864691135473268786,1
864691135341934769,864691135472818226,1
864691135341960881,864691135472337970,1
864691135342006981,864691135468412498,1
864691135342089649,864691135468992338,1
864691135342091697,864691135468966994,1
864691135342158789,864691135468302220,1
864691135342188977,864691135473186610,1
864691135342207409,864691135468992338,1
864691135342208453,864691135468652428,1
864691135342208453,864691135470966354,1
864691135342211249,864691135468966994,1
864691135342233285,864691135468992338,1
864691135342310085,864691135469588306,1
864691135342311877,864691135468547724,1
864691135342318277,864691135467800204,1
864691135342389957,864691135468431244,2
864691135342476209,864691135468547724,1
864691135342476209,864691135468966994,2
864691135342476209,864691135469257042,1
864691135342628037,864691135473659186,1
864691135342711493,864691135469329804,1
864691135342744517,864691135468547724,1
864691135342822833,864691135468586636,1
864691135342822833,864691135472913970,2
864691135342876081,864691135468480908,1
864691135342876081,864691135469080402,2
864691135342876081,864691135469157970,2
864691135342876081,864691135469257042,1
864691135342876081,864691135469896274,3
864691135342876081,864691135469955154,3
864691135342876081,864691135470966354,1
864691135342876081,864691135472997938,2
864691135342876081,864691135473517874,1
864691135342930629,864691135472692786,1
864691135342958789,864691135473186610,1
864691135342995377,864691135472337970,3
864691135343071941,864691135468383116,1
864691135343263429,864691135473659186,1
864691135343402437,864691135467575180,1
864691135343419057,864691135468627026,1
864691135343569585,864691135468481874,1
864691135343569585,864691135468547724,2
864691135343583409,864691135470700626,1
864691135343588549,864691135468850514,2
864691135343588549,864691135468992338,2
864691135343616453,864691135472997938,1
864691135343618501,864691135469599884,6
864691135343618501,864691135472988722,2
864691135343663813,864691135470966354,1
864691135343675077,864691135468302220,1
864691135343706565,864691135469339474,2
864691135343967153,864691135469339474,1
864691135343967153,864691135469445202,4
864691135344015025,864691135472716338,1
864691135344133297,864691135472997682,1
864691135345103007,864691135469599884,1
864691135345116831,864691135472997682,1
864691135345126559,864691135472741170,7
864691135345174431,864691135469157970,1
864691135345186719,864691135468948364,1
864691135345189023,864691135467575436,1
864691135345210271,864691135472692786,2
864691135345235103,864691135468302220,1
864691135345245855,864691135468850514,1
864691135345689503,864691135469087570,1
864691135345689503,864691135472760370,1
864691135345771167,864691135467896204,1
864691135345771167,864691135468550540,6
864691135345771167,864691135472818226,2
864691135345900959,864691135469845388,1
864691135346063775,864691135472716338,1
864691135346096543,864691135468850514,1
864691135346162079,864691135472792626,1
864691135346167455,864691135468586636,1
864691135346180511,864691135472741170,1
864691135346692767,864691135468966994,11
864691135346692767,864691135472962610,8
864691135346887583,864691135469329804,1
864691135346907295,864691135472818226,1
864691135346962335,864691135469339474,1
864691135347037599,864691135472988722,1
864691135347123103,864691135469928332,1
864691135347123103,864691135470700626,1
864691135347511199,864691135469845388,1
864691135347593119,864691135469845388,1
864691135347627423,864691135467575180,1
864691135347627423,864691135472716338,1
864691135347633055,864691135468922962,1
864691135347633055,864691135469928332,1
864691135347672991,864691135467575180,2
864691135347672991,864691135473409074,1
864691135347733151,864691135470942290,1
864691135347849631,864691135469896332,1
864691135348290263,864691135472337970,1
864691135348298967,864691135468547724,3
864691135348298967,864691135472962610,1
864691135348336343,864691135473409074,1
864691135348718551,864691135472972594,2
864691135348724951,864691135470700626,1
864691135348726999,864691135472992050,1
864691135348829911,864691135467575436,1
864691135349171415,864691135468992338,1
864691135349272791,864691135470700626,1
864691135349292759,864691135468647250,2
864691135349307863,864691135468627026,1
864691135349307863,864691135470700626,5
864691135349572567,864691135469928332,1
864691135349611479,864691135474015026,1
864691135350179543,864691135472889650,1
864691135350400727,864691135469157970,1
864691135350400727,864691135469339474,1
864691135350400727,864691135469955154,2
864691135350476759,864691135467941260,1
864691135350650583,864691135470966354,1
864691135350828247,864691135469339474,1
864691135350977751,864691135469339474,6
864691135351055575,864691135470700626,1
864691135351137495,864691135474016562,1
864691135351153623,864691135473186610,1
864691135351207383,864691135468850514,1
864691135351207383,864691135469329804,1
864691135351291351,864691135473659186,4
864691135354349554,864691135470700626,1
864691135354899919,864691135468412498,3
864691135354910159,864691135470217298,1
864691135355267279,864691135469588306,1
864691135355345359,864691135469077330,1
864691135355545295,864691135469004882,1
864691135355568079,864691135467575180,1
864691135355568079,864691135472716338,1
864691135355755983,864691135468412498,1
864691135355904975,864691135468383116,1
864691135355988175,864691135472858418,1
864691135356091599,864691135472716338,1
864691135356497615,864691135468412498,1
864691135356717519,864691135467575436,1
864691135356765903,864691135468305036,1
864691135356765903,864691135468966994,1
864691135356765903,864691135472962610,4
864691135357012687,864691135468948364,2
864691135357012687,864691135469928332,1
864691135357078479,864691135467941260,3
864691135357078479,864691135469346188,1
864691135357089487,864691135467800204,1
864691135357197775,864691135470783218,1
864691135357283791,864691135468757586,1
864691135357283791,864691135468992338,2
864691135357283791,864691135472692786,3
864691135357328591,864691135472880178,6
864691135357429199,864691135468251276,1
864691135357429199,864691135469845388,1
864691135357429199,864691135470942290,6
864691135357517007,864691135470942290,6
864691135357517007,864691135472378930,1
864691135357517007,864691135473517874,1
864691135357517007,864691135474015026,1
864691135358810456,864691135469346188,1
864691135358810456,864691135469599884,3
864691135358816856,864691135470700626,2
864691135358840152,864691135470700626,1
864691135358848088,864691135469077330,1
864691135359161432,864691135468850514,3
864691135359161432,864691135472692786,1
864691135359411800,864691135469845388,1
864691135359411800,864691135472716338,1
864691135359585880,864691135472913970,1
864691135359753304,864691135472972594,2
864691135359790168,864691135469588306,1
864691135359820632,864691135468412498,1
864691135359945816,864691135468480908,1
864691135359945816,864691135469257042,4
864691135359945816,864691135469460876,3
864691135359945816,864691135473517874,1
864691135360037720,864691135468356236,2
864691135360037720,864691135470966354,1
864691135360037720,864691135473409074,1
864691135360108871,864691135473409074,1
864691135360112199,864691135469080402,1
864691135360118855,864691135467560844,1
864691135360120647,864691135469062738,1
864691135360120647,864691135472997682,2
864691135360124487,864691135468305036,1
864691135360126535,864691135469257042,1
864691135360127559,864691135469077330,5
864691135360134983,864691135470700626,1
864691135360136519,864691135468302220,1
864691135360136519,864691135468305036,1
864691135360142407,864691135469773906,1
864691135360149319,864691135468544396,2
864691135360154183,864691135468586636,1
864691135360434247,864691135468412498,1
864691135360494680,864691135470700626,1
864691135360558936,864691135472997682,1
864691135360622407,864691135469329804,1
864691135360644440,864691135469339474,1
864691135360810567,864691135468431244,1
864691135361052999,864691135468544396,1
864691135361052999,864691135469588306,1
864691135361108039,864691135472792626,1
864691135361183576,864691135472692786,1
864691135361199192,864691135468922962,2
864691135361199192,864691135468941394,1
864691135361199192,864691135469896274,1
864691135361199192,864691135470942290,1
864691135361199192,864691135472070450,1
864691135361206104,864691135472988722,2
864691135361225816,864691135470700626,1
864691135361231448,864691135469955154,1
864691135361231448,864691135473186610,1
864691135361247559,864691135468922962,1
864691135361247815,864691135469773906,1
864691135361532999,864691135472817970,1
864691135361619271,864691135469955154,3
864691135361619271,864691135473517874,1
864691135361778503,864691135468922962,1
864691135362052679,864691135469845388,1
864691135362209863,864691135469588306,1
864691135362432583,864691135470700626,1
864691135362526023,864691135470700626,1
864691135366936825,864691135468480908,2
864691135366936825,864691135472691762,3
864691135366936825,864691135472716338,1
864691135366936825,864691135473517874,1
864691135366941689,864691135470217298,1
864691135366957561,864691135468050828,1
864691135366990073,864691135468552588,1
864691135367007993,864691135469329804,1
864691135367007993,864691135469845388,1
864691135367020025,864691135469928332,1
864691135367020025,864691135472716338,1
864691135367309817,864691135467941260,1
864691135367436537,864691135468302220,1
864691135367436537,864691135468412498,3
864691135367436537,864691135468431244,1
864691135367666169,864691135467941260,1
864691135367830521,864691135468757586,1
864691135367833337,864691135468863826,1
864691135367836665,864691135469077330,1
864691135368096249,864691135469588306,1
864691135368425209,864691135468447884,2
864691135368512761,864691135470966354,1
864691135368601849,864691135467941260,1
864691135368791545,864691135473517874,1
864691135368866553,864691135469445202,1
864691135368901625,864691135469329804,1
864691135368949241,864691135472692786,1
864691135368950521,864691135468251276,1
864691135368950521,864691135473659186,2
864691135368954361,864691135468364940,6
864691135368954361,864691135472997938,1
864691135369049593,864691135472988722,1
864691135369049593,864691135474016562,1
864691135369075442,864691135469928332,2
864691135369261049,864691135469599884,1
864691135369261049,864691135472988722,1
864691135369593849,864691135468922962,1
864691135369616377,864691135469896332,1
864691135369616377,864691135473265714,1
864691135369635833,864691135469928332,1
864691135369713913,864691135470783218,1
864691135369713913,864691135473659186,1
864691135369764601,864691135469928332,1
864691135369764601,864691135470942290,1
864691135369764601,864691135472070450,1
864691135373376968,864691135468850514,4
864691135373407944,864691135468302220,1
864691135373426120,864691135472741170,1
864691135373631305,864691135472913970,1
864691135373668169,864691135468966994,1
864691135373673033,864691135468305036,1
864691135373741641,864691135468850514,1
864691135373751240,864691135469590457,1
864691135373776584,864691135468431244,1
864691135373820104,864691135467896204,3
864691135373820104,864691135472691762,1
864691135373827016,864691135469928332,2
864691135373827016,864691135472716338,1
864691135373890504,864691135468922962,1
864691135373891016,864691135472889650,1
864691135373891016,864691135472997938,1
864691135374117449,864691135473659186,1
864691135374126409,864691135467941260,1
864691135374225864,864691135469599884,1
864691135374241480,864691135468647250,1
864691135374268616,864691135468302220,1
864691135374389065,864691135468412498,1
864691135374389065,864691135468647250,2
864691135374398537,864691135472716338,1
864691135374405064,864691135473517874,1
864691135374456008,864691135469736076,1
864691135374456008,864691135470783218,1
864691135374457288,864691135467560844,3
864691135374462920,864691135472988722,1
864691135374493257,864691135469445202,1
864691135374619465,864691135468863826,1
864691135374635081,864691135467941260,2
864691135374685384,864691135472741170,2
864691135374698057,864691135468863826,1
864691135374711113,864691135467560844,1
864691135374711113,864691135469004882,1
864691135374917193,864691135468412498,2
864691135374917193,864691135469588306,1
864691135374922569,864691135469077330,1
864691135375107272,864691135474016562,1
864691135375135561,864691135469599884,1
864691135375135561,864691135470783218,1
864691135375179593,864691135468481874,1
864691135375179593,864691135472692786,1
864691135375287240,864691135469845388,1
864691135375287240,864691135474015026,1
864691135375430985,864691135468863826,1
864691135375430985,864691135468992338,3
864691135375430985,864691135472692786,3
864691135375473993,864691135468547724,3
864691135375473993,864691135472962610,2
864691135375554889,864691135470700626,2
864691135375765321,864691135468850514,1
864691135375804745,864691135469339474,1
864691135375822665,864691135469329804,1
864691135375822792,864691135468586636,1
864691135375893321,864691135469599884,1
864691135375919048,864691135473084210,1
864691135375962056,864691135468586636,1
864691135375986376,864691135472962610,1
864691135376030664,864691135469955154,1
864691135376057032,864691135468627026,1
864691135376399689,864691135470700626,5
864691135376416585,864691135469955154,1
864691135376429897,864691135472988722,4
864691135376508745,864691135468480908,1
864691135376508745,864691135472691762,1
864691135376567369,864691135473659186,1
864691135376575049,864691135470942290,1
864691135379650034,864691135473659186,1
864691135381372146,864691135473265714,1
864691135382469082,864691135468305036,1
864691135382501082,864691135468948364,1
864691135382501082,864691135469928332,1
864691135382509274,864691135472792626,1
864691135382590938,864691135469157970,3
864691135382590938,864691135472997682,1
864691135382590938,864691135473186610,1
864691135382818266,864691135469588306,1
864691135382853594,864691135473517874,1
864691135382911723,864691135470061394,1
864691135382922219,864691135468302220,1
864691135382922219,864691135472691762,1
864691135382926059,864691135472716338,1
864691135382926059,864691135472889650,2
864691135382942682,864691135468302220,1
864691135382942682,864691135468305036,1
864691135382942682,864691135468966994,1
864691135382942682,864691135472962610,1
864691135383072491,864691135468383116,1
864691135383197146,864691135470217298,3
864691135383280858,864691135467575436,1
864691135383290859,864691135472378930,1
864691135383296235,864691135468481874,2
864691135383326955,864691135472858418,1
864691135383388890,864691135468627026,1
864691135383516122,864691135469077330,1
864691135383516122,864691135472792626,1
864691135383741419,864691135469588306,1
864691135383771354,864691135468550540,1
864691135383775450,864691135470966354,1
864691135383789530,864691135468305036,1
864691135383825899,864691135467941260,1
864691135383833306,864691135473409074,1
864691135383858411,864691135468850514,2
864691135383858923,864691135472378930,1
864691135383936730,864691135469329804,1
864691135383936730,864691135470700626,1
864691135383936730,864691135470895186,1
864691135383963866,864691135468922962,1
864691135383963866,864691135469329804,1
864691135383994074,864691135468627026,1
864691135384118251,864691135469845388,1
864691135384165355,864691135472962610,1
864691135384226283,864691135468948364,1
864691135384251883,864691135469599884,1
864691135384290010,864691135469329804,1
864691135384290010,864691135470700626,1
864691135384295403,864691135469329804,1
864691135384465138,864691135468164178,2
864691135384526554,864691135469329804,1
864691135384758763,864691135472378930,1
864691135384790746,864691135469588306,1
864691135384790746,864691135470966354,1
864691135384790746,864691135472716338,1
864691135384925658,864691135467800204,1
864691135384926426,864691135467575180,1
864691135384926426,864691135469599884,2
864691135384926426,864691135472889650,1
864691135385000666,864691135469845388,3
864691135385000666,864691135470966354,1
864691135385011674,864691135470942290,1
864691135385020122,864691135470966354,1
864691135385061611,864691135469445202,1
864691135385126379,864691135468863826,1
864691135385126379,864691135468992338,2
864691135385126379,864691135472692786,1
864691135385187413,864691135467575180,1
864691135385222741,864691135472792626,1
864691135385225301,864691135472913970,1
864691135385237333,864691135469077330,1
864691135385243115,864691135472988722,1
864691135385249877,864691135467941260,3
864691135385256021,864691135467941260,1
864691135385263189,864691135468966994,1
864691135385270357,864691135467941260,1
864691135385272661,864691135468552588,1
864691135385273173,864691135468251276,1
864691135385286485,864691135468481874,1
864691135385346539,864691135468850514,1
864691135385346539,864691135470942290,1
864691135385346539,864691135472692786,4
864691135385355861,864691135469599884,1
864691135385356629,864691135472889650,1
864691135385356629,864691135473517874,2
864691135385366613,864691135472858418,1
864691135385394411,864691135468552588,1
864691135385394411,864691135468992338,1
864691135385394411,864691135469896332,1
864691135385394411,864691135472337970,1
864691135385532245,864691135469896332,1
864691135385683285,864691135470700626,1
864691135385806677,864691135468966994,1
864691135386057301,864691135469736076,1
864691135386057301,864691135472378930,1
864691135386214485,864691135467800204,1
864691135386231381,864691135472716338,1
864691135386231381,864691135473409074,1
864691135386232405,864691135468627026,1
864691135386271829,864691135474016562,1
864691135386355585,864691135472070450,1
864691135386364801,864691135470061394,1
864691135386383189,864691135472818226,1
864691135386383189,864691135472972594,8
864691135386389845,864691135469588306,1
864691135386469717,864691135468302220,1
864691135386498433,864691135468966994,2
864691135386498433,864691135469004882,1
864691135386498433,864691135472962610,1
864691135386637397,864691135468850514,1
864691135386757973,864691135468966994,1
864691135386845825,864691135469257042,1
864691135386872449,864691135472378930,1
864691135386891137,864691135468356236,1
864691135386910849,864691135469896332,2
864691135387076693,864691135470783218,1
864691135387362945,864691135468652428,1
864691135387410049,864691135472858418,2
864691135387529301,864691135468164178,1
864691135387529301,864691135468586636,1
864691135387529301,864691135469157970,1
864691135387529301,864691135469339474,1
864691135387529301,864691135469845388,2
864691135387529301,864691135473084210,1
864691135387529301,864691135474015026,2
864691135387557973,864691135468652428,1
864691135387557973,864691135468922962,2
864691135387557973,864691135469845388,1
864691135387557973,864691135470700626,1
864691135387559765,864691135472070450,1
864691135387610241,864691135469773906,1
864691135387622785,864691135468320396,2
864691135387674753,864691135469339474,2
864691135387753601,864691135467800204,1
864691135387753601,864691135470895186,1
864691135387753601,864691135470942290,1
864691135387805781,864691135468302220,1
864691135388590209,864691135472760370,1
864691135388742069,864691135472760370,1
864691135389004929,864691135472880178,1
864691135389231233,864691135468251276,1
864691135389231233,864691135473659186,2
864691135389296769,864691135468992338,2
864691135389296769,864691135472692786,2
864691135389328769,864691135469599884,1
864691135389328769,864691135469736076,1
864691135392223218,864691135469346188,1
864691135393950709,864691135468383116,1
864691135393955317,864691135472792626,1
864691135393959669,864691135468850514,1
864691135393959925,864691135468992338,1
864691135393976565,864691135470217298,1
864691135393991413,864691135468305036,2
864691135393991413,864691135468481874,1
864691135393991413,864691135468966994,1
864691135394015221,864691135472988722,1
864691135394018549,864691135472817970,1
864691135394024437,864691135472880178,2
864691135394027253,864691135469588306,1
864691135394532853,864691135468547724,1
864691135394655989,864691135472880178,1
864691135394831605,864691135470700626,1
864691135394869237,864691135470061394,1
864691135394963957,864691135468544396,1
864691135394967797,864691135469004882,1
864691135394969333,864691135468550540,3
864691135394969333,864691135468647250,1
864691135394969333,864691135472880178,1
864691135394969333,864691135472913970,3
864691135394980597,864691135472741170,2
864691135394982133,864691135468050828,1
864691135395092213,864691135468302220,1
864691135395206389,864691135472997682,1
864691135395410677,864691135468863826,1
864691135395410677,864691135468992338,1
864691135395410677,864691135472692786,1
864691135395465461,864691135468966994,1
864691135395952885,864691135470700626,1
864691135395957493,864691135468992338,1
864691135395957493,864691135472692786,1
864691135396172533,864691135472997938,2
864691135396342517,864691135468302220,1
864691135396342517,864691135468966994,1
864691135396342517,864691135469257042,5
864691135396389921,864691135467941260,1
864691135396389921,864691135469346188,1
864691135396389921,864691135472988722,1
864691135396533493,864691135469087570,1
864691135396570401,864691135472070450,1
864691135396622325,864691135470700626,2
864691135396642337,864691135473517874,1
864691135396701429,864691135469928332,1
864691135396702753,864691135469077330,1
864691135396702753,864691135472792626,1
864691135396719649,864691135467941260,2
864691135396720161,864691135468992338,1
864691135396721697,864691135468550540,1
864691135396721697,864691135469588306,1
864691135396821281,864691135469460876,1
864691135396922613,864691135473517874,1
864691135396931573,864691135469845388,1
864691135396931573,864691135473084210,1
864691135396931573,864691135474015026,1
864691135396940021,864691135467800204,1
864691135396940021,864691135469157970,1
864691135396940021,864691135469845388,1
864691135396940021,864691135470783218,1
864691135397055733,864691135469845388,1
864691135397103137,864691135470966354,1
864691135397115937,864691135470700626,1
864691135397370657,864691135469588306,1
864691135397385505,864691135472692786,1
864691135397419041,864691135469588306,1
864691135397455649,864691135469845388,1
864691135397455649,864691135470895186,2
864691135397528097,864691135469845388,1
864691135397618465,864691135468992338,1
864691135397846049,864691135469157970,1
864691135397896481,864691135472070450,1
864691135398560801,864691135469087570,1
864691135398560801,864691135472913970,1
864691135398620193,864691135468586636,1
864691135398717217,864691135468302220,2
864691135398717217,864691135472913970,1
864691135398717217,864691135472972594,1
864691135398868257,864691135469157970,1
864691135398925345,864691135469736076,1
864691135398955809,864691135472817970,1
864691135398985761,864691135469896274,1
864691135398987297,864691135470895186,1
864691135398987297,864691135473659186,4
864691135399079201,864691135469845388,1
864691135403751662,864691135468302220,1
864691135403764718,864691135468863826,1
864691135403772398,864691135472972594,1
864691135403772654,864691135467941260,2
864691135403991790,864691135469736076,1
864691135404021742,864691135469896332,1
864691135404049134,864691135472992050,1
864691135404077550,864691135467575436,1
864691135404355054,864691135468412498,2
864691135404582638,864691135469080402,2
864691135404630510,864691135472692786,1
864691135404765422,864691135470700626,1
864691135405071086,864691135467896204,1
864691135405071086,864691135469773906,1
864691135405071086,864691135469928332,1
864691135405071086,864691135472691762,1
864691135405071086,864691135472880178,1
864691135405071086,864691135473268786,3
864691135405108718,864691135467575436,1
864691135405108718,864691135474016562,1
864691135405224174,864691135469896274,1
864691135405224174,864691135472997938,1
864691135405325806,864691135469896332,1
864691135405337326,864691135468966994,1
864691135405480430,864691135472378930,1
864691135405602542,864691135467575180,1
864691135405691118,864691135468627026,1
864691135405767150,864691135468412498,1
864691135405767150,864691135468550540,1
864691135405767150,864691135469588306,1
864691135405794030,864691135468922962,1
864691135407304393,864691135468447884,1
864691135407316681,864691135472992050,2
864691135407553737,864691135472992050,1
864691135407557577,864691135468302220,1
864691135407558345,864691135472858418,1
864691135407641545,864691135468305036,1
864691135407801801,864691135469257042,2
864691135408073929,864691135468320396,1
864691135408209353,864691135472792626,2
864691135408211145,864691135472962610,1
864691135408228809,864691135473084210,1
864691135408445641,864691135467941260,1
864691135408494537,864691135468431244,1
864691135408641737,864691135468302220,1
864691135408641737,864691135472972594,1
864691135408983241,864691135468383116,1
864691135409523401,864691135474015026,1
864691135409554121,864691135468480908,6
864691135409554121,864691135469460876,2
864691135409554121,864691135469896274,3
864691135409554121,864691135469955154,2
864691135409554121,864691135472997682,2
864691135409775817,864691135472716338,1
864691135409856713,864691135468320396,1
864691135409856713,864691135469339474,2
864691135409856713,864691135469736076,1
864691135409856713,864691135470942290,3
864691135409856713,864691135472378930,2
864691135410077385,864691135468251276,1
864691135410077897,864691135469257042,1
864691135410077897,864691135472889650,1
864691135410077897,864691135472962610,8
864691135410077897,864691135472972594,2
864691135410077897,864691135473517874,1
864691135410116041,864691135472070450,1
864691135410186441,864691135472378930,2
864691135410186441,864691135473517874,1
864691135415449530,864691135467896204,1
864691135415452602,864691135468305036,1
864691135415481018,864691135472997682,1
864691135415483834,864691135472997938,1
864691135415491770,864691135468302220,2
864691135415503290,864691135470966354,1
864691135415928762,864691135468992338,2
864691135415928762,864691135469896332,1
864691135415989178,864691135468305036,1
864691135416106426,864691135468966994,1
864691135416106426,864691135469004882,1
864691135416117178,864691135468412498,1
864691135416164282,864691135469588306,1
864691135416423866,864691135472962610,1
864691135416459962,864691135472692786,1
864691135416514234,864691135468447884,1
864691135416583098,864691135470700626,1
864691135416651194,864691135469588306,1
864691135416663482,864691135472692786,1
864691135417253306,864691135473659186,1
864691135417406650,864691135473268786,2
864691135417443514,864691135473268786,1
864691135417478842,864691135468948364,1
864691135417478842,864691135469346188,1
864691135417497274,864691135469588306,1
864691135417830330,864691135469845388,1
864691135417847994,864691135467941260,2
864691135417948090,864691135469004882,1
864691135418002874,864691135468966994,4
864691135418018746,864691135468305036,1
864691135418176954,864691135468356236,1
864691135418176954,864691135469773906,1
864691135418240698,864691135468922962,1
864691135418343866,864691135469329804,2
864691135418399418,864691135468922962,1
864691135418399418,864691135469845388,1
864691135418399418,864691135469928332,1
864691135418399418,864691135470895186,1
864691135418399418,864691135470942290,5
864691135418399418,864691135470966354,1
864691135418399418,864691135472889650,1
864691135418399418,864691135473517874,1
864691135418449850,864691135468922962,3
864691135418449850,864691135469896332,1
864691135419304373,864691135468356236,1
864691135424169714,864691135472988722,1
864691135428491056,864691135469329804,1
864691135428499504,864691135468850514,1
864691135428504368,864691135470700626,1
864691135428511792,864691135468850514,1
864691135428515888,864691135472692786,1
864691135428521008,864691135472858418,1
864691135428538416,864691135468251276,2
864691135428771632,864691135468552588,1
864691135428771632,864691135472337970,4
864691135428839984,864691135469445202,1
864691135429361200,864691135468364940,1
864691135429570608,864691135468586636,1
864691135429570608,864691135474015026,1
864691135429576752,864691135468302220,1
864691135429578032,864691135472792626,2
864691135429586992,864691135472070450,1
864691135429586992,864691135472692786,1
864691135429593648,864691135468544396,1
864691135429597232,864691135468480908,4
864691135429597232,864691135469257042,5
864691135429624368,864691135472337970,1
864691135429753904,864691135468547724,1
864691135429857840,864691135472716338,1
864691135429875760,864691135468431244,1
864691135429912112,864691135470700626,1
864691135430038064,864691135469896332,1
864691135430131760,864691135470700626,1
864691135430204720,864691135472378930,1
864691135430484542,864691135472716338,1
864691135430561584,864691135470700626,1
864691135430569776,864691135467575436,1
864691135430923824,864691135469736076,2
864691135431070512,864691135467941260,1
864691135431242288,864691135472962610,2
864691135431456816,864691135469896274,1
864691135431456816,864691135469955154,5
864691135431456816,864691135472889650,2
864691135431456816,864691135473517874,4
864691135431579440,864691135467800204,1
864691135431660080,864691135473084210,2
864691135431677744,864691135472070450,1
864691135431677744,864691135473265714,4
864691135431710256,864691135473265714,1
864691135431794224,864691135468922962,1
864691135431794224,864691135472070450,2
864691135431812656,864691135469329804,1
864691135431812656,864691135472378930,1
864691135431812656,864691135472716338,1
864691135431870256,864691135467575180,1
864691135431870256,864691135468251276,1
864691135431870256,864691135469845388,4
864691135431870256,864691135470783218,1
864691135431931184,864691135469896332,1
864691135431931184,864691135472070450,3
864691135431976496,864691135470700626,1
864691135431978800,864691135468302220,3
864691135431993904,864691135473659186,4
864691135437587954,864691135468850514,2
864691135440456008,864691135472691762,1
864691135440463176,864691135468480908,1
864691135440463176,864691135468966994,1
864691135440463176,864691135469257042,1
864691135440463176,864691135469928332,1
864691135440463176,864691135470966354,1
864691135440492872,864691135469896274,1
864691135440517448,864691135472972594,1
864691135441472328,864691135470966354,1
864691135441480776,864691135473659186,2
864691135441525832,864691135473409074,1
864691135441705800,864691135467575436,1
864691135441778504,864691135472378930,1
864691135441787208,864691135469346188,3
864691135441787208,864691135470700626,1
864691135441787208,864691135472988722,5
864691135441787208,864691135474016562,2
864691135441788488,864691135469077330,3
864691135442453576,864691135472997682,1
864691135442591048,864691135470700626,3
864691135442682696,864691135468966994,1
864691135442839112,864691135468251276,2
864691135442839112,864691135468364940,1
864691135442839112,864691135469845388,2
864691135442839112,864691135470895186,3
864691135442839112,864691135470942290,5
864691135442839112,864691135473659186,2
864691135442858568,864691135472988722,1
864691135443007730,864691135473268786,2
864691135445541778,864691135469329804,2
864691135445541778,864691135472988722,1
864691135445554578,864691135472913970,1
864691135445634194,864691135468850514,1
864691135445634962,864691135468627026,1
864691135445638546,864691135472741170,2
864691135445912978,864691135472792626,1
864691135446037394,864691135468966994,1
864691135446049682,864691135468992338,1
864691135446049682,864691135469896332,1
864691135446065810,864691135468412498,1
864691135446065810,864691135472880178,2
864691135446112658,864691135469004882,1
864691135446400146,864691135468547724,1
864691135446494354,864691135468550540,1
864691135446561170,864691135473659186,1
864691135446610516,864691135469329804,1
864691135446791570,864691135469257042,1
864691135446791570,864691135472716338,1
864691135446808722,864691135468383116,1
864691135446808722,864691135473409074,3
864691135447069780,864691135469004882,1
864691135447239508,864691135468431244,1
864691135447321490,864691135468586636,1
864691135447321490,864691135469062738,1
864691135447399508,864691135468431244,1
864691135447402068,864691135469077330,1
864691135447402068,864691135472992050,2
864691135447412820,864691135468560524,1
864691135447536980,864691135469928332,1
864691135447554962,864691135470700626,2
864691135447581780,864691135472741170,1
864691135447686996,864691135473084210,1
864691135447701332,864691135468320396,1
864691135447701332,864691135469157970,1
864691135447701332,864691135469928332,1
864691135447777682,864691135472378930,1
864691135447820946,864691135472962610,1
864691135447888274,864691135470966354,1
864691135448165010,864691135468364940,1
864691135448212882,864691135469845388,1
864691135448216466,864691135473659186,2
864691135448256146,864691135468302220,1
864691135448256146,864691135469896332,1
864691135448309394,864691135469087570,1
864691135448316562,864691135473659186,1
864691135448374162,864691135469329804,1
864691135448374162,864691135470700626,1
864691135448394898,864691135468364940,1
864691135448520276,864691135469329804,1
864691135448811860,864691135467575180,1
864691135448811860,864691135470700626,2
864691135448850004,864691135473517874,1
864691135454056042,864691135472913970,1
864691135454069354,864691135472880178,1
864691135454075498,864691135468547724,1
864691135454091114,864691135468992338,1
864691135454458986,864691135468431244,1
864691135454799722,864691135469460876,1
864691135454817898,864691135469588306,1
864691135454913386,864691135469896332,1
864691135454969706,864691135469087570,1
864691135454973034,864691135470700626,1
864691135455040106,864691135472818226,1
864691135455054186,864691135469588306,1
864691135455123562,864691135469773906,1
864691135455264362,864691135469460876,1
864691135455365994,864691135468757586,1
864691135455689578,864691135468941394,1
864691135455689578,864691135472692786,1
864691135455971946,864691135470942290,1
864691135456054212,864691135468481874,1
864691135456054212,864691135468547724,3
864691135456095082,864691135473659186,1
864691135456172394,864691135469080402,1
864691135456172394,864691135472997938,1
864691135456172394,864691135473517874,1
864691135456207722,864691135470700626,1
864691135456216426,864691135472880178,1
864691135456534890,864691135467575180,1
864691135456535658,864691135468251276,1
864691135456535658,864691135468364940,2
864691135456535658,864691135469845388,3
864691135456535658,864691135469896274,1
864691135456535658,864691135470895186,7
864691135456535658,864691135470942290,5
864691135456535658,864691135473517874,3
864691135456714090,864691135473659186,2
864691135456873578,864691135469599884,1
864691135456873578,864691135472716338,1
864691135461801202,864691135470217298,1
864691135462252701,864691135472817970,1
864691135462265501,864691135467553164,1
864691135462691134,864691135469087570,1
864691135462709310,864691135473268786,1
864691135462716061,864691135472992050,1
864691135462716317,864691135468412498,1
864691135462722110,864691135469077330,1
864691135462725694,864691135472997682,1
864691135462740798,864691135468547724,2
864691135462749246,864691135468305036,1
864691135462749246,864691135468480908,6
864691135462749246,864691135469460876,1
864691135462749246,864691135472997938,1
864691135462786366,864691135468412498,1
864691135462864541,864691135467896204,1
864691135462943806,864691135468320396,1
864691135462943806,864691135472997682,2
864691135462948765,864691135469339474,1
864691135463128477,864691135470217298,1
864691135463257501,864691135469087570,1
864691135463337373,864691135468412498,1
864691135463417501,864691135469062738,1
864691135463454270,864691135467553164,1
864691135463481669,864691135468412498,1
864691135463521093,864691135472378930,1
864691135463531070,864691135469004882,1
864691135463533637,864691135472692786,1
864691135463537221,864691135468480908,1
864691135463546686,864691135468948364,1
864691135463589182,864691135472992050,1
864691135463639965,864691135472972594,1
864691135463696446,864691135469896274,1
864691135463696958,864691135468480908,3
864691135463696958,864691135469460876,1
864691135463696958,864691135472972594,7
864691135463700030,864691135468948364,1
864691135463700798,864691135468302220,1
864691135463704638,864691135472913970,1
864691135463795613,864691135472913970,1
864691135463801157,864691135468850514,1
864691135463804573,864691135468948364,1
864691135463826333,864691135467896204,1
864691135463826333,864691135472691762,1
864691135463826333,864691135472818226,1
864691135463930174,864691135468992338,1
864691135463950910,864691135468652428,16
864691135463982149,864691135472716338,1
864691135464076701,864691135469062738,2
864691135464165189,864691135468992338,1
864691135464273982,864691135468966994,1
864691135464273982,864691135472972594,1
864691135464322461,864691135468251276,1
864691135464328005,864691135470061394,1
864691135464397381,864691135472962610,1
864691135464398149,864691135468447884,1
864691135464456261,864691135472880178,1
864691135464471965,864691135472070450,4
864691135464476741,864691135469339474,1
864691135464593470,864691135468941394,1
864691135464593470,864691135468992338,1
864691135464709533,864691135472716338,1
864691135464709533,864691135472997938,1
864691135464726941,864691135469339474,1
864691135464726941,864691135469928332,1
864691135464789310,864691135470700626,1
864691135464828317,864691135472070450,4
864691135464862533,864691135468586636,1
864691135464921406,864691135468251276,2
864691135464921406,864691135468364940,1
864691135464921406,864691135468480908,1
864691135464921406,864691135468948364,1
864691135464921406,864691135469460876,1
864691135464921406,864691135469736076,1
864691135464921406,864691135469896274,1
864691135464921406,864691135472889650,4
864691135464921406,864691135472997938,1
864691135464921406,864691135473409074,1
864691135464921406,864691135473517874,3
864691135464932253,864691135472817970,1
864691135465001373,864691135473084210,2
864691135465001373,864691135474015026,3
864691135465005374,864691135469845388,1
864691135465036350,864691135470700626,1
864691135465098141,864691135470700626,2
864691135465101213,864691135472972594,1
864691135465107869,864691135468550540,1
864691135465138077,864691135470700626,1
864691135465142429,864691135467800204,1
864691135465142429,864691135473659186,1
864691135465220926,864691135470895186,1
864691135465254469,864691135472716338,1
864691135465292357,864691135469773906,1
864691135465614149,864691135469087570,1
864691135465880901,864691135468863826,2
864691135466025285,864691135469329804,1
864691135466229317,864691135467575436,1
864691135466236229,864691135472997938,1
864691135466405957,864691135469339474,1
864691135466405957,864691135469896332,1
864691135466405957,864691135472070450,3
864691135466405957,864691135472692786,1
864691135466440261,864691135468922962,1
864691135466440261,864691135469845388,1
864691135466440261,864691135470700626,1
864691135467542156,864691135467896204,2
864691135467553164,864691135467553164,1
864691135467560844,864691135467560844,5
864691135467572620,864691135473186610,1
864691135467573132,864691135469588306,1
864691135467575436,864691135467575436,16
864691135467589004,864691135472858418,1
864691135467941260,864691135467941260,14
864691135468164178,864691135468164178,4
864691135468283788,864691135469588306,1
864691135468302220,864691135468302220,18
864691135468305036,864691135468305036,12
864691135468385618,864691135468385618,7
864691135468407890,864691135469588306,2
864691135468407890,864691135472880178,1
864691135468408402,864691135468302220,1
864691135468408402,864691135468431244,4
864691135468408402,864691135469004882,2
864691135468412498,864691135468412498,39
864691135468431244,864691135468431244,9
864691135468447884,864691135468447884,8
864691135468480908,864691135468480908,6
864691135468481874,864691135468481874,8
864691135468491148,864691135468850514,1
864691135468493452,864691135472692786,1
864691135468519564,864691135469928332,1
864691135468547724,864691135468547724,13
864691135468550540,864691135468550540,12
864691135468550540,864691135469588306,1
864691135468552588,864691135468552588,6
864691135468560524,864691135468560524,3
864691135468586636,864691135468586636,7
864691135468627026,864691135468627026,12
864691135468647250,864691135468647250,7
864691135468666764,864691135468547724,1
864691135468690258,864691135472858418,1
864691135468706700,864691135469062738,3
864691135468706700,864691135472997682,5
864691135468706700,864691135473186610,3
864691135468757586,864691135468757586,4
864691135468787026,864691135467575180,1
864691135468794706,864691135469928332,1
864691135468850514,864691135468850514,6
864691135468863826,864691135468863826,3
864691135468922962,864691135468922962,10
864691135468926546,864691135468305036,1
864691135468941394,864691135468941394,4
864691135468948364,864691135468922962,1
864691135468948364,864691135468948364,11
864691135468952972,864691135472988722,1
864691135468966994,864691135468966994,14
864691135468992338,864691135468992338,19
864691135469073234,864691135472972594,1
864691135469077330,864691135469077330,11
864691135469079890,864691135469004882,1
864691135469087570,864691135469087570,19
864691135469090898,864691135468302220,3
864691135469090898,864691135468966994,1
864691135469090898,864691135472962610,1
864691135469329804,864691135469329804,11
864691135469460876,864691135469460876,7
864691135469460876,864691135470966354,2
864691135469490514,864691135472972594,1
864691135469512332,864691135473268786,1
864691135469566802,864691135469599884,1
864691135469566802,864691135469928332,1
864691135469566802,864691135470700626,2
864691135469590457,864691135469590457,3
864691135469651282,864691135470783218,1
864691135469651282,864691135473409074,1
864691135469773906,864691135469773906,12
864691135469802124,864691135468863826,2
864691135469802124,864691135468992338,3
864691135469895308,864691135469329804,2
864691135469895308,864691135469736076,1
864691135469895308,864691135469896274,2
864691135469895308,864691135470700626,1
864691135469896332,864691135469896332,7
864691135469955154,864691135469955154,10
864691135470061394,864691135468383116,1
864691135470061394,864691135469773906,1
864691135470061394,864691135470061394,26
864691135470097746,864691135474015026,3
864691135470127698,864691135469329804,1
864691135470235986,864691135472988722,1
864691135470430802,864691135472817970,1
864691135470680658,864691135470783218,1
864691135470700626,864691135470700626,61
864691135470776146,864691135469845388,1
864691135470787666,864691135468948364,1
864691135470820946,864691135468383116,1
864691135470820946,864691135470061394,2
864691135470820946,864691135472741170,3
864691135470850898,864691135468251276,1
864691135470883922,864691135470895186,1
864691135470942290,864691135470942290,8
864691135470966354,864691135470966354,15
864691135472011314,864691135468627026,1
864691135472016178,864691135468550540,1
864691135472017970,864691135468652428,1
864691135472044850,864691135468547724,1
864691135472050994,864691135472050994,10
864691135472053042,864691135468412498,1
864691135472064306,864691135469773906,1
864691135472069682,864691135469896332,3
864691135472070450,864691135472070450,15
864691135472281394,864691135468627026,3
864691135472337970,864691135472337970,5
864691135472691762,864691135472691762,6
864691135472692786,864691135472692786,12
864691135472721714,864691135474016562,1
864691135472741170,864691135472741170,15
864691135472792626,864691135472792626,9
864691135472807474,864691135468305036,1
864691135472817970,864691135472817970,20
864691135472880178,864691135472880178,26
864691135472967730,864691135467575180,1
864691135472967730,864691135469599884,1
864691135472970034,864691135468966994,1
864691135472972594,864691135472972594,16
864691135472973618,864691135469062738,1
864691135472973618,864691135472972594,1
864691135472978994,864691135469588306,1
864691135472985650,864691135468966994,1
864691135472988978,864691135469588306,2
864691135472992050,864691135472992050,7
864691135472997682,864691135472997682,19
864691135472997938,864691135472997938,6
864691135473001522,864691135468412498,2
864691135473084210,864691135473084210,7
864691135473236018,864691135472913970,1
864691135473265714,864691135473265714,11
864691135473340466,864691135468305036,1
864691135473383730,864691135468302220,1
864691135473409074,864691135473409074,19
864691135473417010,864691135469080402,1
864691135473444658,864691135469257042,3
864691135473517874,864691135473517874,10
864691135473659186,864691135473659186,7
864691135473893170,864691135468850514,1
864691135474199492,864691135468412498,1
864691135474312754,864691135472692786,1
864691135474312754,864691135473659186,1
864691135474481458,864691135474016562,1
864691135474488114,864691135468251276,1
864691135474591808,864691135468850514,1
864691135474606144,864691135469077330,1
864691135474615616,864691135468364940,1
864691135474615616,864691135470966354,1
864691135474623040,864691135472913970,1
864691135474627392,864691135468305036,4
864691135474641202,864691135469329804,1
864691135474698560,864691135467575436,1
864691135474702912,864691135467941260,2
864691135474703168,864691135467941260,1
864691135474711616,864691135467575436,1
864691135474754112,864691135470061394,3
864691135474777408,864691135472792626,1
864691135475004992,864691135472378930,1
864691135475039296,864691135472997682,1
864691135475126848,864691135468412498,1
864691135475147072,864691135467575436,1
864691135475184960,864691135468550540,1
864691135475536960,864691135470966354,1
864691135475575104,864691135469329804,1
864691135475673664,864691135468481874,1
864691135475679296,864691135468922962,1
864691135475713344,864691135472880178,1
864691135475770176,864691135469588306,1
864691135475786048,864691135472817970,1
864691135475914304,864691135472792626,1
864691135475914560,864691135469928332,1
864691135475914560,864691135472997682,1
864691135475914560,864691135473186610,1
864691135475995968,864691135468480908,1
864691135475995968,864691135468966994,1
864691135475995968,864691135472962610,1
864691135476041792,864691135469845388,1
864691135476064320,864691135467575180,1
864691135476091048,864691135472741170,1
864691135476129448,864691135468850514,1
864691135476146856,864691135469896332,2
864691135476161192,864691135473659186,1
864691135476234304,864691135469004882,1
864691135476239680,864691135468302220,2
864691135476335016,864691135468481874,1
864691135476388264,864691135470061394,1
864691135476431680,864691135469896332,2
864691135476523840,864691135469736076,2
864691135476523840,864691135470783218,1
864691135476528704,864691135470700626,1
864691135476561320,864691135469329804,2
864691135476566696,864691135468481874,1
864691135476566696,864691135468547724,1
864691135476566696,864691135468966994,1
864691135476575144,864691135472716338,2
864691135476604992,864691135472889650,1
864691135476604992,864691135473517874,1
864691135476669248,864691135470217298,1
864691135476898984,864691135467941260,1
864691135476926376,864691135468412498,1
864691135476968000,864691135468251276,2
864691135476968000,864691135468364940,5
864691135476968000,864691135469928332,1
864691135476968000,864691135470966354,3
864691135476968000,864691135472378930,2
864691135476968000,864691135472421938,1
864691135476968000,864691135472889650,5
864691135476968000,864691135472997938,6
864691135477022120,864691135472880178,1
864691135477022120,864691135472913970,2
864691135477023912,864691135469329804,1
864691135477034920,864691135468547724,1
864691135477034920,864691135472792626,1
864691135477183808,864691135468922962,1
864691135477216424,864691135474016562,1
864691135477292968,864691135469845388,1
864691135477292968,864691135474015026,2
864691135477460544,864691135472691762,2
864691135477460544,864691135472972594,1
864691135477469864,864691135472913970,2
864691135477469864,864691135473268786,1
864691135477474624,864691135473659186,1
864691135477511592,864691135472070450,1
864691135477535144,864691135468586636,1
864691135478171048,864691135468922962,1
864691135478175656,864691135469062738,1
864691135478175656,864691135469157970,2
864691135478175656,864691135469736076,1
864691135478175656,864691135469896274,13
864691135478175656,864691135469955154,1
864691135478175656,864691135472997682,1
864691135478189480,864691135474016562,1
864691135478257350,864691135468627026,1
864691135478280646,864691135472378930,3
864691135478284456,864691135472817970,1
864691135478289606,864691135469773906,1
864691135478326952,864691135469928332,1
864691135478344390,864691135468481874,1
864691135478433192,864691135472716338,1
864691135478492840,864691135469773906,1
864691135478492840,864691135472880178,8
864691135478492840,864691135472913970,3
864691135478492840,864691135473268786,1
864691135478492840,864691135474016562,1
864691135478543272,864691135470700626,1
864691135478625448,864691135469329804,1
864691135478663366,864691135468383116,1
864691135478663366,864691135472741170,3
864691135479183814,864691135467941260,1
864691135479192518,864691135467575436,4
864691135479238342,864691135469896332,1
864691135479243462,864691135468863826,4
864691135479243462,864691135472692786,1
864691135479248070,864691135468302220,1
864691135479253190,864691135468412498,1
864691135479254470,864691135469588306,1
864691135479395526,864691135472378930,1
864691135479440070,864691135468302220,1
864691135480182982,864691135474016562,1
864691135480311494,864691135468302220,1
864691135480537542,864691135469329804,2
864691135480553414,864691135468302220,2
864691135480553414,864691135468431244,5
864691135480553414,864691135468547724,2
864691135480553414,864691135468966994,10
864691135480553414,864691135472962610,2
864691135480592838,864691135468320396,2
864691135480671430,864691135468547724,1
864691135480849606,864691135470895186,1
864691135481007814,864691135468251276,1
864691135481007814,864691135472997938,1
864691135481144518,864691135468966994,7
864691135481144518,864691135472962610,1
864691135485627076,864691135469004882,1
864691135485826500,864691135472858418,1
864691135488122564,864691135472792626,1
864691135488210746,864691135468850514,1
864691135488227130,864691135468364940,1
864691135488227130,864691135472716338,3
864691135488254266,864691135469004882,1
864691135488256058,864691135469896274,1
864691135488256058,864691135469955154,1
864691135488282426,864691135468627026,1
864691135488427066,864691135468948364,1
864691135488580292,864691135468547724,1
864691135488956218,864691135469329804,1
864691135489048890,864691135468850514,1
864691135489090362,864691135468412498,1
864691135489177658,864691135468412498,1
864691135489467194,864691135467575180,3
864691135489467194,864691135470966354,1
864691135489486650,864691135469928332,1
864691135489486650,864691135473409074,1
864691135489943354,864691135469588306,1
864691135490054202,864691135467575436,1
864691135490110266,864691135468302220,2
864691135490110266,864691135468547724,2
864691135490110266,864691135472962610,1
864691135490208058,864691135467575436,1
864691135490216807,864691135472741170,2
864691135490221159,864691135469329804,2
864691135490250855,864691135469588306,1
864691135490256487,864691135469087570,1
864691135490442554,864691135470700626,1
864691135490461754,864691135468251276,1
864691135490483559,864691135468481874,1
864691135490483559,864691135468547724,2
864691135490552378,864691135468586636,1
864691135490552378,864691135470895186,2
864691135490552378,864691135470942290,2
864691135490552378,864691135473084210,1
864691135490552378,864691135474015026,1
864691135490562407,864691135469329804,1
864691135490578490,864691135468652428,1
864691135490582887,864691135469773906,1
864691135490584634,864691135472378930,2
864691135490584634,864691135472716338,1
864691135490588986,864691135469329804,1
864691135490588986,864691135472378930,3
864691135490589799,864691135468481874,2
864691135490589799,864691135468547724,6
864691135490597351,864691135472741170,2
864691135490635578,864691135472378930,1
864691135490635578,864691135472913970,1
864691135490702439,864691135469928332,1
864691135490821095,864691135473517874,1
864691135490886247,864691135467575436,1
864691135491040871,864691135468992338,1
864691135491043047,864691135468547724,2
864691135491043047,864691135472792626,1
864691135491084519,864691135468302220,1
864691135491084519,864691135468305036,1
864691135491084519,864691135468966994,1
864691135491084519,864691135472997682,2
864691135491135335,864691135468966994,2
864691135491217503,864691135472889650,1
864691135491217503,864691135473517874,1
864691135491222879,864691135468941394,1
864691135491223391,864691135469928332,1
864691135491226207,864691135467560844,1
864691135491226207,864691135469004882,6
864691135491239007,864691135470700626,1
864691135491239007,864691135472070450,1
864691135491314151,864691135469588306,1
864691135491347175,864691135472962610,1
864691135491418098,864691135470061394,1
864691135491516007,864691135470700626,2
864691135491522023,864691135467575436,1
864691135491532647,864691135472988722,1
864691135491566823,864691135468948364,1
864691135491568615,864691135472962610,1
864691135491571943,864691135472962610,3
864691135491667295,864691135470700626,1
864691135491684583,864691135469599884,1
864691135491684583,864691135472716338,2
864691135492050663,864691135472792626,1
864691135492111199,864691135468850514,2
864691135492111199,864691135472692786,1
864691135492156767,864691135472792626,1
864691135492219879,864691135468544396,1
864691135492219879,864691135472691762,3
864691135492219879,864691135472997682,1
864691135492219879,864691135473186610,1
864691135492224351,864691135467575436,1
864691135492224351,864691135468050828,1
864691135492349023,864691135469460876,1
864691135492368359,864691135469928332,1
864691135492398055,864691135468480908,1
864691135492398055,864691135469157970,3
864691135492398055,864691135469460876,7
864691135492405863,864691135468305036,1
864691135492405863,864691135468966994,1
864691135492405863,864691135472972594,2
864691135492423143,864691135472692786,3
864691135492431719,864691135468431244,1
864691135492431719,864691135468547724,2
864691135492431719,864691135469004882,1
864691135492431719,864691135472050994,1
864691135492481511,864691135469329804,1
864691135492595559,864691135467575180,1
864691135492595807,864691135468922962,1
864691135492595807,864691135470700626,2
864691135492616679,864691135470700626,1
864691135492623591,864691135468305036,5
864691135492623591,864691135468480908,1
864691135492623591,864691135469257042,3
864691135492623591,864691135472962610,1
864691135492633183,864691135470217298,1
864691135492640607,864691135469928332,1
864691135492640607,864691135472913970,1
864691135492665959,864691135469339474,1
864691135492665959,864691135472070450,1
864691135492665959,864691135473517874,1
864691135492706919,864691135468412498,1
864691135492830695,864691135468652428,1
864691135492830695,864691135470700626,1
864691135492835175,864691135472997682,1
864691135492855399,864691135468480908,1
864691135492855399,864691135469257042,1
864691135492855399,864691135469460876,2
864691135492855399,864691135472716338,1
864691135492906591,864691135474016562,1
864691135493041348,864691135473186610,1
864691135493079783,864691135468547724,1
864691135493108967,864691135469736076,1
864691135493112671,864691135469346188,1
864691135493191911,864691135467941260,4
864691135493217511,864691135469087570,1
864691135493222375,864691135468560524,1
864691135493222375,864691135470895186,1
864691135493222375,864691135470942290,1
864691135493224167,864691135468922962,1
864691135493224167,864691135469339474,1
864691135493224167,864691135470895186,1
864691135493224167,864691135472070450,1
864691135493241063,864691135469845388,1
864691135493241063,864691135469896332,1
864691135493280743,864691135469346188,1
864691135493312743,864691135468850514,2
864691135493593951,864691135470966354,1
864691135493593951,864691135472716338,1
864691135493665631,864691135469845388,1
864691135493690463,864691135472889650,1
864691135493952912,864691135469736076,1
864691135493957264,864691135469329804,1
864691135493974672,864691135469773906,1
864691135493997456,864691135472741170,1
864691135494000528,864691135468356236,1
864691135494001296,864691135468481874,1
864691135494023312,864691135468412498,1
864691135494067344,864691135468302220,1
864691135494067600,864691135469896332,1
864691135494070416,864691135468547724,1
864691135494071440,864691135468547724,1
864691135494576784,864691135470783218,1
864691135494585744,864691135468992338,1
864691135494876816,864691135472760370,1
864691135494881936,864691135468966994,1
864691135494908816,864691135468050828,1
864691135494963856,864691135469087570,1
864691135495047824,864691135467575180,2
864691135495053712,864691135468863826,2
864691135495057296,864691135473084210,3
864691135495137680,864691135468302220,1
864691135495140752,864691135468647250,1
864691135495141520,864691135468850514,5
864691135495164304,864691135467941260,1
864691135495167632,864691135472692786,1
864691135495184016,864691135469928332,1
864691135495314320,864691135468948364,1
864691135495334544,864691135467800204,1
864691135495529360,864691135472817970,5
864691135495529360,864691135472988722,1
864691135495561104,864691135469329804,1
864691135495779524,864691135472880178,2
864691135496111248,864691135469329804,1
864691135496333968,864691135468547724,1
864691135496333968,864691135472962610,1
864691135496354960,864691135469928332,1
864691135497607699,864691135469588306,1
864691135497618963,864691135472818226,2
864691135497651987,864691135468992338,1
864691135497743635,864691135468547724,1
864691135497942547,864691135472716338,1
864691135497962003,864691135468966994,1
864691135497962003,864691135472962610,1
864691135498059283,864691135469004882,1
864691135498064147,864691135473659186,1
864691135498384147,864691135468412498,2
864691135498384403,864691135468431244,1
864691135498450963,864691135469773906,1
864691135498450963,864691135472818226,5
864691135498461203,864691135472972594,1
864691135498544915,864691135467575180,1
864691135498544915,864691135470966354,2
864691135498860051,864691135469346188,2
864691135498860051,864691135473659186,1
864691135499231763,864691135473084210,1
864691135499364115,864691135470217298,1
864691135499364115,864691135472760370,1
864691135499379475,864691135472988722,1
864691135499385107,864691135468302220,1
864691135499385107,864691135468305036,1
864691135499385107,864691135468481874,1
864691135499490579,864691135469845388,1
864691135499490579,864691135472889650,1
864691135499616019,864691135468586636,3
864691135499616019,864691135468948364,1
864691135499616019,864691135470895186,5
864691135499616019,864691135470942290,4
864691135499616019,864691135473517874,1
864691135499616019,864691135474015026,4
864691135499804947,864691135467575180,1
864691135499804947,864691135469845388,1
864691135499804947,864691135470966354,1
864691135499964947,864691135468922962,1
864691135499964947,864691135470942290,1
864691135500020755,864691135469329804,1
864691135501548610,864691135472337970,1
864691135501564482,864691135468922962,1
864691135501598274,864691135472760370,1
864691135501800541,864691135468547724,1
864691135501819229,864691135472792626,1
864691135501821277,864691135469062738,1
864691135501827421,864691135473409074,1
864691135501839170,864691135468547724,1
864691135501862978,864691135468966994,1
864691135501862978,864691135472962610,1
864691135501963074,864691135468447884,1
864691135501971037,864691135468412498,2
864691135502028725,864691135472972594,1
864691135502034101,864691135472962610,1
864691135502043829,864691135467941260,1
864691135502050485,864691135468412498,1
864691135502050997,864691135472050994,1
864691135502105949,864691135472913970,1
864691135502188469,864691135470966354,1
864691135502188469,864691135472889650,1
864691135502195805,864691135469157970,1
864691135502309725,864691135468992338,1
864691135502309725,864691135472692786,1
864691135502315957,864691135469588306,1
864691135502376514,864691135469004882,1
864691135502396085,864691135469928332,1
864691135502396085,864691135470966354,2
864691135502426946,864691135470217298,1
864691135502449730,864691135469588306,1
864691135502457781,864691135473659186,1
864691135502463157,864691135469588306,2
864691135502545474,864691135468412498,1
864691135502585410,864691135469588306,1
864691135502591837,864691135469087570,1
864691135502601794,864691135469077330,1
864691135502604125,864691135469077330,1
864691135502610242,864691135468547724,1
864691135502610269,864691135469928332,1
864691135502610269,864691135470966354,1
864691135502610269,864691135472716338,1
864691135502610269,864691135472997938,1
864691135502618434,864691135468547724,1
864691135502618434,864691135469077330,2
864691135502618434,864691135472792626,2
864691135502629698,864691135469588306,1
864691135502721373,864691135468850514,1
864691135502744386,864691135474016562,1
864691135502744642,864691135469339474,1
864691135502763357,864691135469773906,1
864691135502774109,864691135468948364,3
864691135502774109,864691135469955154,4
864691135502774109,864691135472997682,9
864691135502799541,864691135468320396,1
864691135502799541,864691135473186610,1
864691135502836829,864691135468305036,1
864691135502958261,864691135472997938,1
864691135502989749,864691135468412498,3
864691135502990261,864691135468922962,1
864691135502991541,864691135468850514,2
864691135503007157,864691135468647250,1
864691135503150261,864691135470061394,1
864691135503262901,864691135468305036,1
864691135503313245,864691135468627026,1
864691135503361858,864691135472988722,1
864691135503367605,864691135470966354,2
864691135503443549,864691135472880178,1
864691135503443549,864691135473517874,2
864691135503455810,864691135468850514,1
864691135503465141,864691135470700626,2
864691135503501749,864691135468431244,1
864691135503501749,864691135468966994,6
864691135503554485,864691135469257042,3
864691135503582901,864691135469773906,1
864691135503584693,864691135468480908,1
864691135503593026,864691135469329804,3
864691135503644226,864691135468850514,1
864691135503681717,864691135468305036,1
864691135503681717,864691135469460876,1
864691135503681717,864691135472962610,2
864691135503724354,864691135467575180,1
864691135503724354,864691135468364940,1
864691135503724354,864691135473517874,1
864691135503744322,864691135469087570,1
864691135503959221,864691135468320396,1
864691135504073141,864691135469080402,1
864691135504073141,864691135469845388,3
864691135504073141,864691135469896274,1
864691135504073141,864691135472880178,1
864691135504122690,864691135469845388,1
864691135504202845,864691135472691762,2
864691135504217693,864691135468941394,3
864691135504217693,864691135469339474,1
864691135504272821,864691135469460876,1
864691135504279901,864691135467800204,1
864691135504330677,864691135474015026,1
864691135504357301,864691135472378930,1
864691135504411573,864691135473659186,1
864691135506615538,864691135472972594,1
864691135508702729,864691135468383116,1
864691135508708617,864691135472792626,1
864691135509434633,864691135469077330,1
864691135509440521,864691135469077330,3
864691135509678601,864691135468356236,1
864691135509684745,864691135472741170,1
864691135509788169,864691135472880178,1
864691135509800713,864691135469845388,1
864691135510138377,864691135472070450,1
864691135510161673,864691135469329804,1
864691135510161673,864691135470700626,1
864691135510161673,864691135472070450,1
864691135510191369,864691135469928332,1
864691135510357513,864691135469339474,1
864691135510411472,864691135470700626,3
864691135510436304,864691135472760370,1
864691135510480080,864691135469080402,1
864691135510488528,864691135472741170,3
864691135510493705,864691135468302220,1
864691135510596873,864691135469080402,1
864691135510607369,864691135468992338,1
864691135510806992,864691135467941260,1
864691135510858738,864691135472741170,1
864691135510887376,864691135469599884,1
864691135510888912,864691135468550540,1
864691135510959824,864691135469896332,3
864691135511077385,864691135473268786,2
864691135511183625,864691135469845388,1
864691135511199753,864691135469896332,1
864691135511199753,864691135472070450,1
864691135511199753,864691135472692786,3
864691135511253513,864691135467800204,1
864691135511253513,864691135468652428,2
864691135511253513,864691135469346188,1
864691135511256585,864691135468992338,1
864691135511256585,864691135474015026,1
864691135511256585,864691135474016562,1
864691135511283465,864691135469329804,1
864691135511297232,864691135473659186,1
864691135511325648,864691135472913970,1
864691135511396617,864691135472692786,1
864691135511465168,864691135468863826,1
864691135511465168,864691135474016562,1
864691135511469321,864691135469928332,1
864691135511530505,864691135472378930,1
864691135511709392,864691135469599884,1
864691135511804368,864691135469896332,1
864691135511804368,864691135472070450,1
864691135512026064,864691135468050828,2
864691135512045008,864691135469062738,1
864691135512100560,864691135470700626,1
864691135512118224,864691135469329804,1
864691135512170448,864691135472988722,1
864691135512448208,864691135469955154,1
864691135512541426,864691135469588306,1
864691135512677072,864691135469346188,1
864691135512677072,864691135469845388,1
864691135514927090,864691135469773906,1
864691135515910355,864691135473659186,1
864691135515911635,864691135472988722,1
864691135515911635,864691135474016562,1
864691135515928019,864691135468550540,1
864691135515928260,864691135467941260,2
864691135516195795,864691135469588306,2
864691135516372435,864691135468383116,1
864691135516740051,864691135469955154,1
864691135516740051,864691135472997682,1
864691135516812499,864691135468447884,1
864691135516879827,864691135468547724,5
864691135516884691,864691135472378930,1
864691135516896723,864691135472913970,3
864691135516909523,864691135469329804,1
864691135516996051,864691135469004882,1
864691135516999379,864691135474015026,1
864691135517224659,864691135472880178,1
864691135517224659,864691135472913970,1
864691135517229267,864691135470783218,1
864691135517338250,864691135468356236,1
864691135517348490,864691135472716338,1
864691135517349770,864691135472913970,2
864691135517376211,864691135468652428,3
864691135517376211,864691135470061394,1
864691135517376394,864691135468586636,1
864691135517611658,864691135468547724,1
864691135517629066,864691135468412498,1
864691135517773706,864691135470700626,1
864691135517773706,864691135473659186,1
864691135517843667,864691135470061394,1
864691135517849738,864691135472818226,1
864691135517873802,864691135469257042,1
864691135517936339,864691135472913970,1
864691135518212819,864691135472988722,2
864691135518241418,864691135469077330,1
864691135518261898,864691135470700626,1
864691135518268554,864691135467575180,2
864691135518283475,864691135468922962,1
864691135518283475,864691135469157970,1
864691135518283475,864691135470966354,1
864691135518333651,864691135472817970,2
864691135518346634,864691135472913970,1
864691135518495699,864691135469599884,1
864691135518495699,864691135469845388,1
864691135518495699,864691135470966354,1
864691135518495699,864691135473409074,1
864691135518694282,864691135473517874,1
864691135518844554,864691135468302220,1
864691135518928522,864691135468364940,3
864691135518928522,864691135470966354,1
864691135518928522,864691135472716338,1
864691135518928522,864691135472889650,2
864691135518991242,864691135468966994,1
864691135519062410,864691135470700626,1
864691135519307658,864691135473659186,1
864691135519404682,864691135468364940,2
864691135519404682,864691135468948364,1
864691135519404682,864691135469062738,4
864691135519404682,864691135469928332,3
864691135519404682,864691135472997682,1
864691135519432330,864691135468364940,1
864691135519629194,864691135472988722,1
864691135519632266,864691135468302220,1
864691135519632266,864691135468547724,2
864691135519632266,864691135468647250,2
864691135520071306,864691135470700626,1
864691135520092810,864691135468922962,1
864691135520146826,864691135472716338,1
864691135526076507,864691135468552588,1
864691135526085467,864691135472792626,1
864691135526091099,864691135468647250,1
864691135526092635,864691135470061394,1
864691135526109275,864691135468850514,1
864691135526375003,864691135472378930,1
864691135526405723,864691135468431244,1
864691135526639963,864691135467560844,1
864691135526666075,864691135467896204,1
864691135526732379,864691135469588306,1
864691135526795099,864691135469329804,1
864691135526883419,864691135469599884,1
864691135526884187,864691135467575436,1
864691135526912091,864691135472880178,1
864691135526919515,864691135468412498,1
864691135526922075,864691135468850514,1
864691135526922075,864691135472692786,1
864691135527289435,864691135468547724,1
864691135527531099,864691135474015026,1
864691135527711835,864691135469346188,1
864691135528229211,864691135469080402,1
864691135534558706,864691135469077330,1
864691135534567876,864691135468850514,1
864691135538066546,864691135470061394,2
864691135538067570,864691135467800204,1
864691135538070386,864691135472741170,3
864691135538083698,864691135469004882,1
864691135538116210,864691135468992338,1
864691135538116210,864691135469896332,1
864691135538124914,864691135469896332,1
864691135538132594,864691135470700626,1
864691135538133618,864691135473517874,1
864691135538134386,864691135468552588,2
864691135538145394,864691135472741170,1
864691135538172274,864691135469004882,1
864691135538305906,864691135472337970,1
864691135538554226,864691135468757586,1
864691135538905970,864691135468966994,1
864691135539019890,864691135470061394,1
864691135539118194,864691135468305036,1
864691135539118194,864691135468647250,3
864691135539130738,864691135472858418,1
864691135539132274,864691135472792626,1
864691135539140466,864691135468992338,1
864691135539140466,864691135472962610,1
864691135539187826,864691135472880178,1
864691135539317106,864691135474016562,1
864691135539634290,864691135470783218,1
864691135539663474,864691135468850514,1
864691135539923954,864691135472792626,2
864691135540002930,864691135468627026,1
864691135540002930,864691135468850514,3
864691135540002930,864691135468941394,1
864691135540002930,864691135472692786,5
864691135540028274,864691135469329804,1
864691135540028274,864691135473659186,1
864691135540439154,864691135469736076,1
864691135540439154,864691135470942290,1
864691135540454770,864691135472692786,2
864691135540458354,864691135472716338,1
864691135540473970,864691135468383116,2
864691135540473970,864691135469955154,1
864691135540488818,864691135468251276,1
864691135540488818,864691135468364940,1
864691135544352296,864691135468547724,1
864691135544356904,864691135472817970,1
864691135544362792,864691135472913970,1
864691135544365864,864691135468412498,1
864691135544368168,864691135468850514,1
864691135544369192,864691135472050994,1
864691135544373288,864691135469955154,1
864691135544381480,864691135472760370,1
864691135544391976,864691135468356236,2
864691135544396072,864691135468547724,1
864691135544433448,864691135474016562,1
864691135544771112,864691135469896332,3
864691135544771112,864691135472070450,2
864691135544809768,864691135472858418,1
864691135545185576,864691135470061394,1
864691135545266216,864691135469257042,1
864691135545266216,864691135472962610,1
864691135545388584,864691135469928332,1
864691135545408296,864691135469329804,1
864691135545408296,864691135469346188,1
864691135545409064,864691135472792626,1
864691135545409576,864691135469773906,1
864691135545411112,864691135468305036,1
864691135545417256,864691135472792626,2
864691135545464104,864691135472716338,1
864691135545917224,864691135468948364,1
864691135545971752,864691135468647250,1
864691135545971752,864691135472962610,1
864691135545971752,864691135472972594,2
864691135546142504,864691135469087570,1
864691135546142504,864691135472760370,1
864691135546142504,864691135472880178,1
864691135546142504,864691135473084210,1
864691135546460456,864691135469928332,1
864691135546497064,864691135468431244,1
864691135546635560,864691135467941260,2
864691135546635560,864691135470217298,1
864691135546694440,864691135472692786,1
864691135547063592,864691135467575436,1
864691135547150632,864691135468251276,2
864691135551415748,864691135469087570,2
864691135552225732,864691135468850514,1
864691135560492001,864691135469896332,1
864691135560497633,864691135472988722,1
864691135560506081,864691135474016562,1
864691135560524513,864691135472741170,1
864691135560821473,864691135468547724,1
864691135560857057,864691135468481874,1
864691135560857057,864691135468547724,3
864691135560863969,864691135470966354,7
864691135560937441,864691135470942290,1
864691135560937441,864691135473659186,1
864691135560938209,864691135468412498,4
864691135561010401,864691135468302220,1
864691135561016801,864691135472692786,1
864691135561048033,864691135468544396,2
864691135561048033,864691135472691762,3
864691135561048033,864691135472997682,1
864691135561381345,864691135468447884,1
864691135561529057,864691135468481874,1
864691135561529057,864691135468547724,1
864691135561529057,864691135469077330,1
864691135561529057,864691135472962610,1
864691135561549281,864691135468948364,1
864691135561549281,864691135472913970,1
864691135561568737,864691135472792626,1
864691135561637601,864691135469845388,1
864691135561721057,864691135468383116,1
864691135561781729,864691135472378930,2
864691135562001633,864691135468922962,8
864691135562001633,864691135469896332,2
864691135562001633,864691135470895186,4
864691135562001633,864691135470942290,6
864691135562474977,864691135470942290,2
864691135562558177,864691135470966354,1
864691135563024097,864691135468863826,3
864691135563024097,864691135472692786,5
864691135563031265,864691135468305036,1
864691135563031265,864691135468966994,2
864691135563031265,864691135472962610,2
864691135563052513,864691135468966994,1
864691135563052513,864691135469736076,1
864691135563071201,864691135473084210,1
864691135563071201,864691135474015026,1
864691135564538135,864691135470700626,1
864691135564549655,864691135469077330,1
864691135564551959,864691135469588306,1
864691135564557335,864691135473659186,1
864691135564558359,864691135470700626,1
864691135564564759,864691135472817970,1
864691135564627287,864691135472997682,1
864691135564643927,864691135468364940,1
864691135564643927,864691135473409074,1
864691135564664663,864691135467896204,1
864691135564734039,864691135468412498,2
864691135564734039,864691135469004882,1
864691135564777559,864691135468480908,1
864691135564862231,864691135472741170,3
864691135564936727,864691135473517874,1
864691135565010199,864691135467941260,1
864691135565062487,864691135469157970,1
864691135565064279,864691135470061394,1
864691135565296407,864691135472962610,1
864691135565318679,864691135469955154,1
864691135565318679,864691135472716338,1
864691135565343831,864691135468302220,2
864691135565343831,864691135468305036,2
864691135565343831,864691135468966994,1
864691135565343831,864691135469257042,1
864691135565358935,864691135469004882,1
864691135565379351,864691135468305036,2
864691135565407319,864691135468850514,1
864691135565433367,864691135468547724,2
864691135565433367,864691135472792626,1
864691135565449495,864691135472858418,1
864691135565470295,864691135473409074,1
864691135565485591,864691135472972594,1
864691135565510167,864691135472972594,1
864691135565536023,864691135470700626,1
864691135565538327,864691135472716338,3
864691135565539863,864691135468547724,1
864691135565544727,864691135468431244,3
864691135565544727,864691135468481874,1
864691135565546839,864691135468412498,1
864691135565547095,864691135473409074,1
864691135565553687,864691135468544396,1
864691135565580055,864691135469077330,1
864691135565618007,864691135468850514,3
864691135565664791,864691135468305036,1
864691135565664791,864691135468966994,1
864691135565770007,864691135468652428,3
864691135565791063,864691135468966994,1
864691135565820247,864691135468547724,1
864691135565872919,864691135472889650,1
864691135565878039,864691135469928332,1
864691135566115351,864691135470700626,1
864691135566125079,864691135468356236,2
864691135566499415,864691135474016562,1
864691135566562903,864691135470217298,1
864691135566587991,864691135467575436,1
864691135566705943,864691135469329804,5
864691135566705943,864691135469736076,1
864691135566761815,864691135469460876,5
864691135566761815,864691135469955154,1
864691135566761815,864691135470966354,1
864691135566825495,864691135470700626,2
864691135566855191,864691135469845388,2
864691135566855191,864691135470700626,1
864691135566945559,864691135469896332,1
864691135566965079,864691135472760370,1
864691135566979927,864691135468586636,1
864691135566979927,864691135469339474,2
864691135567103831,864691135469736076,1
864691135567123287,864691135472913970,1
864691135567123543,864691135468850514,1
864691135567137111,864691135470942290,1
864691135567192087,864691135473517874,1
864691135567206743,864691135470700626,1
864691135567206743,864691135470895186,1
864691135567206743,864691135472070450,1
864691135567206743,864691135473265714,1
864691135567206743,864691135474015026,1
864691135567726828,864691135470700626,1
864691135567727084,864691135467575436,1
864691135567738348,864691135467800204,1
864691135567739628,864691135472817970,1
864691135567746540,864691135468164178,1
864691135567754732,864691135468481874,1
864691135567754732,864691135468547724,1
864691135567755244,864691135467896204,1
864691135567765740,864691135473409074,1
864691135567765996,864691135468547724,1
864691135567950828,864691135468547724,5
864691135567950828,864691135468966994,3
864691135567950828,864691135472962610,1
864691135568178412,864691135469062738,2
864691135568178412,864691135472997682,4
864691135568568044,864691135472792626,1
864691135568610284,864691135470061394,1
864691135568833004,864691135468992338,2
864691135568897670,864691135468966994,1
864691135568904172,864691135470942290,1
864691135568905350,864691135468412498,1
864691135568925830,864691135470783218,1
864691135568929670,864691135469077330,1
864691135569282284,864691135468431244,1
864691135569298310,864691135469845388,1
864691135569300972,864691135470700626,1
864691135569520518,864691135472913970,1
864691135569520518,864691135472972594,1
864691135569520518,864691135472997682,1
864691135569535724,864691135472716338,2
864691135569690092,864691135473659186,1
864691135569724140,864691135469329804,1
864691135569772934,864691135469062738,1
864691135569779078,864691135472913970,1
864691135569791110,864691135469928332,1
864691135569811078,864691135469588306,1
864691135569815276,864691135469346188,1
864691135569910406,864691135469588306,1
864691135569910406,864691135470061394,1
864691135570002054,864691135468992338,1
864691135570003590,864691135472716338,1
864691135570004870,864691135468412498,1
864691135570021254,864691135472913970,1
864691135570037126,864691135472716338,1
864691135570045830,864691135467575180,1
864691135570046342,864691135472880178,1
864691135570078854,864691135468302220,1
864691135570110342,864691135468302220,1
864691135570271980,864691135472988722,1
864691135570320620,864691135469346188,1
864691135570320620,864691135470700626,1
864691135570502790,864691135468850514,2
864691135570502790,864691135468992338,1
864691135570679533,864691135472337970,1
864691135570703597,864691135468364940,4
864691135570703597,864691135470783218,1
864691135570703597,864691135472889650,1
864691135570703597,864691135472997938,5
864691135570704877,864691135470700626,1
864691135570722797,864691135470700626,1
864691135570730886,864691135469588306,1
864691135570730886,864691135472818226,1
864691135570730886,864691135472972594,1
864691135570730886,864691135472997682,1
864691135571051142,864691135467800204,1
864691135571051142,864691135469346188,1
864691135571108742,864691135468356236,1
864691135571108742,864691135468364940,4
864691135571108742,864691135469460876,1
864691135571108742,864691135472421938,4
864691135571108742,864691135472691762,1
864691135571108742,864691135472889650,3
864691135571108742,864691135473517874,1
864691135571193478,864691135470700626,2
864691135571193478,864691135470895186,1
864691135571248421,864691135469077330,1
864691135571262245,864691135468547724,1
864691135571270437,864691135472818226,1
864691135571270949,864691135467941260,1
864691135571277093,864691135470217298,1
864691135571406573,864691135469588306,1
864691135571524486,864691135469736076,1
864691135571524486,864691135472692786,2
864691135571604205,864691135468305036,1
864691135571628325,864691135469004882,1
864691135571628934,864691135468586636,1
864691135571628934,864691135472997682,1
864691135571628934,864691135473268786,1
864691135571632518,864691135469329804,1
864691135571649317,864691135472818226,1
864691135571651718,864691135469896332,1
864691135571651718,864691135472692786,1
864691135571691245,864691135468547724,1
864691135571806445,864691135468305036,1
864691135571820013,864691135469329804,1
864691135571820013,864691135473659186,1
864691135571820525,864691135472741170,1
864691135571941413,864691135468586636,3
864691135571979045,864691135472858418,1
864691135571997989,864691135472050994,1
864691135572077549,864691135470700626,1
864691135572098853,864691135468383116,1
864691135572112421,864691135469004882,1
864691135572136229,864691135472972594,1
864691135572155373,864691135468547724,2
864691135572179493,864691135472988722,1
864691135572273701,864691135472716338,1
864691135572276773,864691135472817970,1
864691135572278053,864691135469077330,1
864691135572280101,864691135467575436,1
864691135572373229,864691135469329804,1
864691135572373229,864691135469896332,2
864691135572373229,864691135470942290,1
864691135572373229,864691135472070450,4
864691135572373229,864691135472337970,3
864691135572385061,864691135469955154,1
864691135572510957,864691135469445202,1
864691135572530981,864691135468320396,1
864691135572530981,864691135473186610,1
864691135572537893,864691135468431244,1
864691135572609061,864691135472972594,1
864691135572787693,864691135472913970,1
864691135572912621,864691135469736076,1
864691135572991469,864691135470061394,1
864691135573261861,864691135469346188,1
864691135573296677,864691135468922962,1
864691135573301797,864691135469329804,1
864691135573315053,864691135469928332,1
864691135573374757,864691135474015026,1
864691135573421861,864691135468922962,3
864691135573421861,864691135469339474,2
864691135573421861,864691135469845388,1
864691135573421861,864691135469896332,1
864691135573421861,864691135469928332,1
864691135573421861,864691135470895186,7
864691135573421861,864691135470942290,1
864691135573421861,864691135472692786,1
864691135573436909,864691135469157970,1
864691135575085342,864691135468850514,1
864691135575122974,864691135472070450,1
864691135575207108,864691135467575436,4
864691135575449886,864691135472378930,2
864691135575550494,864691135468447884,1
864691135575594014,864691135470700626,1
864691135575613214,864691135468305036,1
864691135575613214,864691135468431244,4
864691135575613214,864691135468481874,1
864691135575613214,864691135468966994,2
864691135575613214,864691135472962610,1
864691135575743262,864691135472913970,1
864691135575884318,864691135470942290,1
864691135575894302,864691135469460876,1
864691135576062238,864691135472378930,2
864691135576099614,864691135468412498,1
864691135576100382,864691135468356236,1
864691135576140830,864691135468481874,1
864691135576142366,864691135472741170,1
864691135576150046,864691135468586636,1
864691135576176670,864691135472913970,1
864691135576179230,864691135469896332,1
864691135576182046,864691135472691762,1
864691135576231454,864691135470061394,1
864691135576231454,864691135472818226,1
864691135576303646,864691135468305036,1
864691135576548894,864691135473186610,1
864691135576894494,864691135468560524,1
864691135576991518,864691135469736076,1
864691135577031941,864691135467575436,1
864691135577104389,864691135468412498,1
864691135577202181,864691135469896332,1
864691135577202181,864691135472070450,1
864691135577202181,864691135472817970,1
864691135577240350,864691135468850514,1
864691135577240350,864691135469896332,11
864691135577240350,864691135472692786,2
864691135577246469,864691135469329804,1
864691135577248005,864691135468547724,1
864691135577269765,864691135469329804,9
864691135577400094,864691135469928332,2
864691135577486853,864691135469257042,2
864691135577592606,864691135468586636,3
864691135577592606,864691135473084210,1
864691135577592606,864691135474015026,2
864691135577607198,864691135468627026,1
864691135577607198,864691135468850514,9
864691135577674782,864691135474015026,1
864691135577744414,864691135469896274,1
864691135577750789,864691135470942290,1
864691135577855006,864691135467575436,1
864691135577855006,864691135468992338,2
864691135577856005,864691135468992338,1
864691135577857797,864691135468447884,1
864691135577924894,864691135469845388,1
864691135578032389,864691135472880178,1
864691135578098949,864691135469062738,1
864691135578098949,864691135469157970,1
864691135578098949,864691135469896274,1
864691135578098949,864691135469955154,1
864691135578156549,864691135468757586,1
864691135578156549,864691135472817970,2
864691135578345733,864691135468364940,2
864691135578345733,864691135472716338,1
864691135578866693,864691135469329804,1
864691135578866693,864691135470700626,1
864691135579081221,864691135473084210,1
864691135579100165,864691135468364940,1
864691135579289605,864691135469896332,1
864691135579307269,864691135470942290,1
864691135579381765,864691135468948364,1
864691135580230084,864691135470217298,1
864691135581577837,864691135472716338,1
864691135581604461,864691135472760370,1
864691135581798765,864691135469329804,1
864691135581798765,864691135469346188,1
864691135581798765,864691135470700626,2
864691135581870701,864691135468544396,1
864691135581993581,864691135470061394,1
864691135582333037,864691135468480908,1
864691135582410861,864691135468431244,3
864691135582481261,864691135468431244,1
864691135582481261,864691135468966994,1
864691135582496365,864691135469588306,1
864691135582529901,864691135474015026,1
864691135582634349,864691135472792626,1
864691135582973549,864691135468948364,1
864691135583033197,864691135468412498,1
864691135583033197,864691135468544396,1
864691135583051629,864691135469588306,1
864691135583063405,864691135468305036,1
864691135583184114,864691135470966354,1
864691135583210861,864691135473268786,1
864691135583342403,864691135473186610,1
864691135583674488,864691135468050828,1
864691135583677048,864691135468480908,1
864691135583688568,864691135467941260,1
864691135583692152,864691135472988722,1
864691135583693944,864691135472692786,1
864691135583697784,864691135468412498,1
864691135583698040,864691135469077330,3
864691135583698040,864691135472992050,1
864691135583702136,864691135467575436,1
864691135583719800,864691135472421938,1
864691135583731064,864691135468412498,1
864691135583815800,864691135472378930,1
864691135583907693,864691135470942290,1
864691135583957490,864691135472880178,2
864691135583988722,864691135468305036,1
864691135583988722,864691135469257042,1
864691135583988722,864691135473409074,1
864691135584019053,864691135468922962,1
864691135584019053,864691135469896274,1
864691135584019053,864691135470700626,1
864691135584019053,864691135470895186,1
864691135584019053,864691135472070450,1
864691135584140152,864691135472913970,1
864691135584186098,864691135472880178,2
864691135584266093,864691135468966994,1
864691135584272248,864691135469928332,1
864691135584536696,864691135468966994,1
864691135584548973,864691135469329804,1
864691135584635757,864691135469845388,1
864691135584635757,864691135469928332,1
864691135584701048,864691135472692786,1
864691135584771181,864691135469896332,4
864691135584771181,864691135472692786,1
864691135584796024,864691135472378930,1
864691135584858488,864691135468305036,1
864691135584930546,864691135468356236,1
864691135585087864,864691135473517874,1
864691135585114610,864691135470061394,1
864691135585130108,864691135470966354,1
864691135585135740,864691135469460876,1
864691135585149564,864691135468547724,1
864691135585154684,864691135472817970,2
864691135585157752,864691135472972594,1
864691135585161596,864691135468992338,1
864691135585213816,864691135470942290,1
864691135585213816,864691135470966354,2
864691135585307256,864691135472716338,1
864691135585307256,864691135473517874,1
864691135585317752,864691135469928332,1
864691135585422716,864691135468586636,1
864691135585503864,864691135469599884,1
864691135585628280,864691135472913970,1
864691135585628536,864691135472972594,1
864691135585814140,864691135470700626,1
864691135585814652,864691135468850514,1
864691135586012024,864691135469588306,1
864691135586012024,864691135470895186,1
864691135586012024,864691135470942290,8
864691135586012024,864691135472880178,3
864691135586012024,864691135472913970,3
864691135586039164,864691135468544396,1
864691135586039932,864691135468302220,2
864691135586039932,864691135469588306,1
864691135586054524,864691135468431244,1
864691135586059900,864691135469062738,1
864691135586069116,864691135472858418,1
864691135586080636,864691135472741170,1
864691135586097020,864691135468547724,1
864691135586176892,864691135467575180,1
864691135586176892,864691135470942290,1
864691135586202232,864691135468431244,1
864691135586283644,864691135472962610,1
864691135586298232,864691135469928332,1
864691135586366328,864691135470700626,1
864691135586403196,864691135468647250,1
864691135586491260,864691135468547724,1
864691135586491260,864691135468966994,1
864691135586491260,864691135472962610,1
864691135586504316,864691135467575180,1
864691135586504316,864691135469588306,1
864691135586830716,864691135469257042,1
864691135586830716,864691135470966354,1
864691135586830716,864691135472716338,2
864691135586830716,864691135472889650,1
864691135586830716,864691135472962610,1
864691135586830716,864691135473517874,1
864691135586865092,864691135473659186,1
864691135586876028,864691135468164178,2
864691135586876028,864691135468320396,5
864691135586876028,864691135469062738,6
864691135586876028,864691135473186610,3
864691135587026812,864691135468302220,1
864691135587026812,864691135469928332,1
864691135587146620,864691135468412498,1
864691135587288444,864691135470895186,1
864691135587472252,864691135468364940,1
864691135587472252,864691135468948364,3
864691135587472252,864691135472691762,1
864691135587472252,864691135473517874,1
864691135587714428,864691135468652428,1
864691135587714428,864691135470942290,2
864691135587867004,864691135468992338,3
864691135587867004,864691135469896332,1
864691135587867004,864691135470895186,1
864691135587867004,864691135474016562,1
864691135587877756,864691135472716338,2
864691135589889803,864691135472741170,2
864691135589922059,864691135468547724,1
864691135590266635,864691135468164178,1
864691135590266635,864691135469062738,1
864691135590387723,864691135473268786,1
864691135590435339,864691135468547724,1
864691135590435339,864691135469077330,5
864691135590435595,864691135468627026,1
864691135590456587,864691135468850514,1
864691135590479883,864691135468547724,1
864691135590515467,864691135469928332,1
864691135590552075,864691135473517874,1
864691135590803467,864691135468966994,1
864691135590856715,864691135468412498,3
864691135590928139,864691135469257042,1
864691135590978571,864691135469346188,1
864691135590983435,864691135472050994,1
864691135590985227,864691135472792626,1
864691135591195659,864691135467800204,2
864691135591398411,864691135469588306,1
864691135591473419,864691135469460876,1
864691135591473419,864691135469928332,1
864691135591473419,864691135469955154,1
864691135591807499,864691135472972594,1
864691135591822347,864691135467575436,1
864691135591854347,864691135468948364,1
864691135591854347,864691135469588306,1
864691135591854347,864691135469773906,1
864691135591861259,864691135469928332,1
864691135591959819,864691135469773906,1
864691135592063243,864691135469329804,1
864691135592444171,864691135468948364,1
864691135592595211,864691135468922962,1
864691135592830731,864691135468544396,1
864691135592830731,864691135470942290,1
864691135592837899,864691135469339474,2
864691135592837899,864691135470895186,1
864691135592837899,864691135473268786,1
864691135593093131,864691135472889650,1
864691135593126155,864691135473265714,1
864691135593133067,864691135469845388,1
864691135593133067,864691135470942290,1
864691135593200395,864691135468948364,1
864691135593200395,864691135469845388,5
864691135593200395,864691135470895186,1
864691135593200395,864691135470942290,1
864691135593200395,864691135472889650,1
864691135593200395,864691135473517874,3
864691135593519915,864691135469896332,1
864691135593541419,864691135469157970,1
864691135593541419,864691135470966354,1
864691135593557035,864691135468850514,2
864691135593659947,864691135468547724,1
864691135593659947,864691135472792626,1
864691135593829163,864691135468431244,3
864691135593829163,864691135469004882,2
864691135593965099,864691135468447884,1
864691135594101291,864691135468305036,1
864691135594101291,864691135469588306,1
864691135594241323,864691135469339474,1
864691135594606379,864691135472962610,2
864691135594721579,864691135470700626,1
864691135595025707,864691135468305036,3
864691135595120939,864691135472889650,1
864691135595712811,864691135469339474,1
864691135595712811,864691135470895186,1
864691135595712811,864691135473084210,1
864691135595810859,864691135469845388,4
864691135595810859,864691135470895186,3
864691135595810859,864691135470942290,3
864691135595810859,864691135472817970,1
864691135595947819,864691135468652428,1
864691135596033835,864691135470966354,1
864691135596067115,864691135469896274,1
864691135596089899,864691135469845388,1
864691135602727108,864691135469087570,1
864691135609155299,864691135472050994,1
864691135609422855,864691135467575436,1
864691135609423367,864691135468364940,1
864691135609425415,864691135472880178,1
864691135609432583,864691135468627026,1
864691135609452807,864691135468547724,1
864691135609459975,864691135472889650,1
864691135609464839,864691135472889650,1
864691135609939975,864691135472792626,1
864691135610035975,864691135473659186,1
864691135610250503,864691135469896332,1
864691135610257927,864691135468850514,3
864691135610339079,864691135468992338,2
864691135610462471,864691135469329804,1
864691135610504199,864691135472792626,1
864691135610523399,864691135472913970,1
864691135610718215,864691135469329804,1
864691135611153671,864691135472792626,1
864691135611378695,864691135469346188,1
864691135611378695,864691135472988722,1
864691135611451655,864691135473409074,1
864691135611491591,864691135469329804,1
864691135611592967,864691135467800204,1
864691135611592967,864691135470700626,1
864691135611592967,864691135474016562,1
864691135611789831,864691135467896204,4
864691135611789831,864691135468550540,1
864691135611789831,864691135469588306,2
864691135611789831,864691135472913970,1
864691135611789831,864691135472997682,1
864691135611823367,864691135468364940,1
864691135611853063,864691135468863826,1
864691135611869191,864691135467575180,1
864691135611879943,864691135468305036,1
864691135611879943,864691135472817970,1
864691135614124747,864691135473265714,1
864691135614131915,864691135469845388,1
864691135614131915,864691135473659186,1
864691135614132939,864691135468647250,2
864691135614139595,864691135472880178,1
864691135614143947,864691135469077330,2
864691135614161611,864691135472337970,1
864691135614361291,864691135469329804,1
864691135614429387,864691135468863826,1
864691135614517707,864691135472858418,1
864691135614525643,864691135468547724,1
864691135614525643,864691135469077330,6
864691135614824651,864691135468431244,1
864691135614842827,864691135473084210,1
864691135614909387,864691135472378930,1
864691135614997195,864691135472858418,1
864691135615003083,864691135472741170,1
864691135615057355,864691135469077330,10
864691135615103179,864691135467896204,1
864691135615115467,864691135472760370,1
864691135615331787,864691135468302220,1
864691135615331787,864691135469928332,1
864691135615363531,864691135472692786,1
864691135615438795,864691135468302220,2
864691135615438795,864691135468305036,1
864691135615438795,864691135468966994,5
864691135615438795,864691135469257042,3
864691135615438795,864691135472962610,2
864691135615438795,864691135472972594,2
864691135615530187,864691135472741170,2
864691135615737291,864691135468850514,2
864691135615759051,864691135468863826,1
864691135615785321,864691135472880178,1
864691135615803497,864691135468305036,1
864691135615803497,864691135468647250,1
864691135615803497,864691135468966994,1
864691135615803497,864691135472962610,1
864691135615805387,864691135469928332,1
864691135615805643,864691135469928332,1
864691135616070347,864691135473659186,1
864691135616106601,864691135469588306,1
864691135616106601,864691135472997682,1
864691135616134249,864691135472880178,1
864691135616227275,864691135468850514,1
864691135616235979,864691135472716338,4
864691135616359273,864691135470061394,1
864691135616361065,864691135468547724,1
864691135616385483,864691135469896332,1
864691135616414057,864691135470700626,1
864691135616466379,864691135472817970,1
864691135616500329,864691135469588306,1
864691135616533451,864691135468251276,1
864691135616533451,864691135470942290,1
864691135616568523,864691135470700626,2
864691135616639947,864691135468922962,1
864691135616717673,864691135472880178,1
864691135616824169,864691135468647250,1
864691135616867177,864691135468305036,1
864691135616907113,864691135473659186,1
864691135617000297,864691135473268786,2
864691135617099113,864691135469896332,1
864691135617099113,864691135472070450,1
864691135617099113,864691135472692786,1
864691135617259369,864691135469329804,1
864691135617504873,864691135470966354,1
864691135617737615,864691135469004882,1
864691135617740431,864691135468364940,8
864691135617740905,864691135472378930,1
864691135617744783,864691135469257042,1
864691135617751183,864691135468447884,1
864691135617756047,864691135472880178,1
864691135617757071,864691135472858418,1
864691135617780879,864691135469257042,1
864691135617781135,864691135469845388,1
864691135617781135,864691135470942290,1
864691135617784975,864691135468966994,1
864691135617787279,864691135472741170,1
864691135617802127,864691135472760370,2
864691135617872489,864691135467800204,1
864691135617880937,864691135469329804,1
864691135617890665,864691135469346188,1
864691135617890665,864691135472988722,1
864691135617890665,864691135474016562,1
864691135617989737,864691135468922962,1
864691135617989737,864691135470895186,1
864691135618011535,864691135472988722,1
864691135618185615,864691135472858418,1
864691135618219407,864691135473659186,1
864691135618295183,864691135470966354,1
864691135618339945,864691135469346188,1
864691135618356841,864691135468992338,1
864691135618375785,864691135468922962,4
864691135618375785,864691135472378930,1
864691135618577001,864691135469928332,1
864691135618612623,864691135470061394,1
864691135618653033,864691135469845388,1
864691135618695823,864691135472716338,1
864691135618718607,864691135468305036,4
864691135618718607,864691135468647250,1
864691135618720399,864691135468412498,1
864691135618925455,864691135469736076,2
864691135619030671,864691135468412498,1
864691135619317391,864691135469445202,1
864691135619403663,864691135468850514,1
864691135619403663,864691135472692786,1
864691135619493007,864691135470942290,1
864691135619501455,864691135470966354,1
864691135619865231,864691135470700626,1
864691135619986063,864691135472378930,2
864691135633490884,864691135469928332,1
864691135636984260,864691135470217298,1
864691135638981435,864691135468356236,1
864691135639228475,864691135472858418,1
864691135639249211,864691135468547724,1
864691135639442747,864691135472962610,1
864691135639443003,864691135472818226,2
864691135639620411,864691135470217298,2
864691135639830843,864691135472858418,1
864691135639873851,864691135468850514,1
864691135639874619,864691135468922962,1
864691135639876667,864691135469588306,1
864691135639885627,864691135468547724,1
864691135639901243,864691135469588306,1
864691135639901243,864691135472818226,1
864691135639910459,864691135469004882,1
864691135640074811,864691135467800204,1
864691135640074811,864691135469087570,1
864691135640089659,864691135468992338,1
864691135640488251,864691135470966354,1
864691135640617275,864691135469087570,2
864691135640699451,864691135470966354,1
864691135640851259,864691135467800204,1
864691135640985028,864691135468164178,1
864691135640985028,864691135468544396,1
864691135640985028,864691135472880178,1
864691135640985028,864691135472997682,1
864691135641070651,864691135468356236,1
864691135641123780,864691135469445202,1
864691135641354043,864691135473659186,1
864691135641402564,864691135472741170,3
864691135641460539,864691135469157970,1
864691135641460539,864691135473517874,1
864691135641491003,864691135470783218,1
864691135641510203,864691135469773906,1
864691135641518395,864691135469157970,2
864691135641528635,864691135469339474,1
864691135644359876,864691135469773906,1
864691135644566767,864691135468652428,1
864691135644570351,864691135468050828,1
864691135644607983,864691135467941260,1
864691135644629743,864691135469588306,1
864691135644634863,864691135469004882,1
864691135644637679,864691135468481874,1
864691135644641775,864691135472913970,1
864691135644646895,864691135472997682,1
864691135644714223,864691135469955154,1
864691135644720367,864691135469004882,3
864691135644804591,864691135468550540,6
864691135644804591,864691135469588306,3
864691135644804591,864691135472880178,2
864691135644804591,864691135472972594,3
864691135644804591,864691135473186610,1
864691135645080047,864691135468850514,1
864691135645080047,864691135468992338,1
864691135645143279,864691135467896204,1
864691135645143279,864691135468550540,1
864691135645143279,864691135472972594,1
864691135645358063,864691135468850514,1
864691135645588463,864691135470700626,1
864691135645812207,864691135469928332,2
864691135645926127,864691135470700626,1
864691135646337519,864691135472962610,1
864691135646423535,864691135472988722,1
864691135646705903,864691135468480908,1
864691135646705903,864691135469460876,1
864691135646705903,864691135470966354,1
864691135646760687,864691135469599884,1
864691135647000815,864691135468948364,1
864691135654032578,864691135470700626,1
864691135654043586,864691135468480908,1
864691135654047682,864691135468356236,1
864691135654047682,864691135470966354,1
864691135654054338,864691135472792626,1
864691135654069698,864691135468447884,1
864691135654084034,864691135467800204,1
864691135654106306,864691135468356236,3
864691135654106306,864691135470966354,1
864691135654108610,864691135472792626,1
864691135654159810,864691135469077330,3
864691135654354370,864691135468302220,7
864691135654354370,864691135468412498,1
864691135654417858,864691135468431244,1
864691135654483138,864691135472997682,1
864691135654538690,864691135468647250,1
864691135654538690,864691135472880178,2
864691135654931650,864691135468356236,1
864691135654931650,864691135470217298,1
864691135654948546,864691135473659186,1
864691135655013826,864691135467575436,4
864691135655134658,864691135468586636,1
864691135655149762,864691135469588306,1
864691135655168962,864691135469588306,1
864691135655168962,864691135472817970,1
864691135655168962,864691135472913970,3
864691135655168962,864691135473268786,1
864691135655390914,864691135469928332,1
864691135655414466,864691135468302220,1
864691135655414466,864691135468412498,1
864691135655508418,864691135469588306,1
864691135655535042,864691135469845388,1
864691135655572930,864691135470942290,1
864691135655779522,864691135468412498,1
864691135655933634,864691135468383116,1
864691135656073410,864691135468850514,4
864691135656073410,864691135468992338,1
864691135656073410,864691135469590457,1
864691135656073410,864691135472692786,1
864691135656102850,864691135467896204,1
864691135656129986,864691135467941260,1
864691135656229826,864691135474015026,1
864691135656397250,864691135468863826,1
864691135656397250,864691135468992338,2
864691135656631490,864691135467800204,1
864691135656654530,864691135473659186,1
864691135656778946,864691135468305036,3
864691135656778946,864691135468431244,5
864691135656778946,864691135472741170,1
864691135656778946,864691135472997682,1
864691135657767298,864691135472858418,1
864691135657770882,864691135470700626,2
864691135657800834,864691135468412498,2
864691135657805186,864691135468412498,1
864691135657828482,864691135468850514,1
864691135657828482,864691135472692786,1
864691135657836418,864691135468356236,1
864691135657836418,864691135472741170,1
864691135658153090,864691135472858418,1
864691135658651010,864691135468480908,2
864691135658686594,864691135468586636,1
864691135658773890,864691135472337970,1
864691135658858626,864691135470700626,1
864691135658858626,864691135472988722,1
864691135658869122,864691135469329804,1
864691135658889346,864691135468547724,1
864691135658889346,864691135468966994,1
864691135658896258,864691135472818226,1
864691135658913922,864691135472792626,1
864691135658954370,864691135473186610,1
864691135659207554,864691135472880178,2
864691135659207554,864691135472988722,1
864691135659219074,864691135468922962,1
864691135659428482,864691135468966994,1
864691135659465858,864691135467575180,1
864691135659465858,864691135468364940,1
864691135659498114,864691135468550540,3
864691135659498114,864691135468647250,1
864691135659498114,864691135468966994,1
864691135659498114,864691135469588306,1
864691135659498114,864691135472818226,1
864691135659579266,864691135468850514,3
864691135659637122,864691135468302220,1
864691135659637122,864691135468412498,4
864691135659976834,864691135472880178,1
864691135660108674,864691135469845388,1
864691135660108674,864691135470942290,1
864691135660499696,864691135468320396,1
864691135660499696,864691135469896274,1
864691135660504560,864691135472880178,2
864691135660507120,864691135469928332,1
864691135660521968,864691135468992338,1
864691135660538096,864691135468948364,2
864691135660538096,864691135469157970,1
864691135660540912,864691135472817970,1
864691135660721136,864691135469588306,1
864691135660831216,864691135472992050,1
864691135660882928,864691135472716338,1
864691135661130224,864691135468383116,1
864691135661130224,864691135468544396,1
864691135661281264,864691135468992338,1
864691135661288944,864691135473659186,1
864691135661303536,864691135468305036,1
864691135661347824,864691135472997682,1
864691135661415920,864691135470966354,1
864691135661416432,864691135467800204,1
864691135661429744,864691135472858418,1
864691135661441520,864691135468992338,1
864691135661494768,864691135469004882,1
864691135661581296,864691135468647250,1
864691135661715184,864691135468480908,1
864691135661919472,864691135467941260,1
864691135662199280,864691135468586636,1
864691135662312432,864691135472988722,1
864691135662423792,864691135469346188,1
864691135662448880,864691135468547724,1
864691135662785520,864691135473268786,1
864691135662978032,864691135469329804,1
864691135662978032,864691135470942290,1
864691135662978032,864691135473659186,7
864691135671588804,864691135472913970,2
864691135671588804,864691135472972594,1
864691135675768306,864691135472858418,1
864691135677500995,864691135468550540,1
864691135681012164,864691135472880178,1
864691135682723220,864691135468302220,1
864691135682723220,864691135468647250,1
864691135683210994,864691135472962610,1
864691135683218930,864691135468251276,1
864691135683229170,864691135472760370,1
864691135683513330,864691135469588306,1
864691135683513330,864691135472913970,1
864691135683513330,864691135473268786,1
864691135683745010,864691135468447884,1
864691135683777266,864691135468431244,2
864691135683790834,864691135470966354,1
864691135683945399,864691135468302220,1
864691135683946935,864691135468547724,3
864691135683968695,864691135468481874,2
864691135683968695,864691135472792626,1
864691135683976119,864691135470061394,1
864691135684060914,864691135472880178,1
864691135684085746,864691135468560524,1
864691135684148722,864691135472880178,1
864691135684277490,864691135468305036,1
864691135684328178,864691135468850514,1
864691135684474039,864691135469588306,1
864691135684474039,864691135472880178,1
864691135684474039,864691135472913970,3
864691135684520119,864691135472858418,4
864691135684564919,864691135473659186,1
864691135684573879,864691135472880178,1
864691135684574391,864691135472962610,1
864691135684574391,864691135472972594,1
864691135684657079,864691135468431244,1
864691135684663991,864691135468251276,1
864691135684778738,864691135468627026,1
864691135684844274,864691135472741170,1
864691135684869874,864691135468050828,1
864691135684917943,864691135468966994,1
864691135685082807,864691135468480908,1
864691135685095154,864691135474016562,1
864691135685098423,864691135469062738,1
864691135685098423,864691135472880178,2
864691135685098423,864691135472913970,4
864691135685098423,864691135473186610,1
864691135685178354,864691135473517874,1
864691135685357810,864691135469346188,5
864691135685357810,864691135469599884,1
864691135685357810,864691135472988722,2
864691135685396151,864691135468164178,2
864691135685461746,864691135469588306,2
864691135685529236,864691135468966994,1
864691135685598450,864691135470700626,1
864691135685679858,864691135472880178,1
864691135685720050,864691135469845388,1
864691135685720050,864691135470700626,1
864691135685720050,864691135470895186,3
864691135685720050,864691135470942290,5
864691135685720050,864691135473659186,1
864691135685727730,864691135472378930,7
864691135685757879,864691135472972594,1
864691135685773495,864691135468480908,1
864691135685773495,864691135469157970,1
864691135686091447,864691135468164178,3
864691135686091447,864691135469445202,1
864691135686091447,864691135472997682,3
864691135686287543,864691135470700626,1
864691135686296759,864691135470700626,3
864691135686386615,864691135469329804,2
864691135686386615,864691135470700626,2
864691135686449591,864691135468922962,1
864691135686449591,864691135473265714,1
864691135686471607,864691135472691762,1
864691135686521271,864691135468922962,1
864691135686559415,864691135468586636,1
864691135686559415,864691135473084210,6
864691135686559415,864691135474015026,4
864691135686568119,864691135469329804,2
864691135686568119,864691135470700626,1
864691135686664887,864691135469339474,1
864691135686664887,864691135472988722,1
864691135686743479,864691135469928332,2
864691135686755511,864691135468251276,3
864691135686755511,864691135468364940,11
864691135686755511,864691135472889650,6
864691135686755511,864691135472997938,6
864691135686755511,864691135473517874,3
864691135686758327,864691135472913970,1
864691135686800567,864691135473268786,1
864691135686898912,864691135468480908,1
864691135686898912,864691135469460876,1
864691135686901216,864691135467575436,1
864691135686912224,864691135468850514,1
864691135687217632,864691135468305036,7
864691135687217632,864691135469257042,12
864691135687312352,864691135468305036,1
864691135687575264,864691135472962610,1
864691135687624416,864691135468992338,1
864691135687631584,864691135469599884,1
864691135687818464,864691135469445202,1
864691135687863264,864691135470061394,2
864691135687884000,864691135468544396,1
864691135687918048,864691135469346188,1
864691135688230112,864691135470700626,1
864691135688277216,864691135469928332,2
864691135688277216,864691135472716338,1
864691135688344544,864691135470217298,1
864691135688419296,864691135470783218,1
864691135688500192,864691135473409074,1
864691135688805344,864691135469087570,1
864691135688807136,864691135468627026,1
864691135688807136,864691135470700626,2
864691135688807136,864691135472817970,1
864691135688915168,864691135468652428,3
864691135688915168,864691135469845388,1
864691135688915168,864691135472988722,10
864691135688915168,864691135474016562,1
864691135689062880,864691135468431244,5
864691135689062880,864691135468481874,1
864691135689062880,864691135468966994,1
864691135689106656,864691135469329804,1
864691135689187808,864691135468966994,1
864691135689318624,864691135472378930,1
864691135689605088,864691135469896332,1
864691135689613536,864691135469773906,1
864691135689617376,864691135467800204,1
864691135689617376,864691135469928332,3
864691135689617376,864691135472880178,5
864691135689617376,864691135473268786,1
864691135689646304,864691135473659186,1
864691135689692384,864691135472880178,1
864691135689692384,864691135472997938,1
864691135689692384,864691135473517874,1
864691135689724896,864691135473659186,1
864691135689735904,864691135468544396,1
864691135689735904,864691135468948364,2
864691135689735904,864691135469080402,2
864691135689735904,864691135469445202,1
864691135689735904,864691135469955154,1
864691135689735904,864691135470895186,1
864691135689735904,864691135473517874,1
864691135689735904,864691135474015026,2
864691135689787360,864691135469845388,9
864691135689787360,864691135470895186,1
864691135689787360,864691135470942290,9
864691135692709055,864691135469087570,1
864691135692729023,864691135472818226,1
864691135692733631,864691135473517874,1
864691135692746943,864691135472962610,1
864691135693025727,864691135472818226,1
864691135693117119,864691135468757586,1
864691135693239231,864691135468305036,1
864691135693533887,864691135469588306,1
864691135693623231,864691135470966354,1
864691135693623231,864691135472716338,1
864691135693629119,864691135472741170,1
864691135693677247,864691135472817970,1
864691135693705407,864691135468481874,5
864691135693705407,864691135472962610,2
864691135693708991,864691135470966354,1
864691135693710271,864691135467560844,9
864691135693710271,864691135468412498,1
864691135694014911,864691135468431244,5
864691135694014911,864691135468481874,1
864691135694014911,864691135468966994,1
864691135694046399,864691135469955154,1
864691135694046399,864691135470966354,1
864691135694341567,864691135469599884,2
864691135694604223,864691135473186610,1
864691135694642879,864691135472988722,1
864691135694753727,864691135469346188,2
864691135694902975,864691135469928332,1
864691135695042751,864691135467800204,2
864691135695042751,864691135470783218,1
864691135695237055,864691135474016562,1
864691135695244479,864691135472817970,1
864691135695941530,864691135472858418,1
864691135696250778,864691135468431244,1
864691135696412570,864691135468305036,1
864691135696617114,864691135473265714,1
864691135696645274,864691135472913970,1
864691135696645786,864691135468941394,1
864691135696645786,864691135472070450,1
864691135696684186,864691135468941394,1
864691135696763028,864691135468447884,1
864691135696836506,864691135469004882,1
864691135696852890,864691135469773906,1
864691135696870554,864691135468547724,1
864691135696900506,864691135472817970,1
864691135696921754,864691135468552588,9
864691135696921754,864691135472337970,9
864691135696929178,864691135469329804,1
864691135696929178,864691135472070450,1
864691135697400085,864691135467941260,1
864691135697406741,864691135468447884,4
864691135697410325,864691135468305036,1
864691135697410325,864691135468480908,4
864691135697410325,864691135469460876,1
864691135697508373,864691135473186610,1
864691135697618586,864691135469588306,1
864691135697865882,864691135468547724,1
864691135698016410,864691135468948364,4
864691135698016410,864691135469157970,1
864691135698016410,864691135473409074,1
864691135698177813,864691135468850514,1
864691135698243994,864691135468356236,1
864691135698243994,864691135472741170,1
864691135698270106,864691135472972594,1
864691135698341653,864691135468364940,1
864691135698361365,864691135469257042,1
864691135698457754,864691135468966994,1
864691135698480026,864691135469329804,4
864691135698529178,864691135468992338,1
864691135698529178,864691135470942290,2
864691135698533274,864691135470942290,1
864691135698565653,864691135470700626,1
864691135698565653,864691135470895186,1
864691135698718485,864691135468966994,1
864691135699133717,864691135468305036,1
864691135699238434,864691135472070450,2
864691135699242530,864691135472997682,1
864691135699249954,864691135473659186,1
864691135699254562,864691135470966354,2
864691135699285282,864691135468547724,1
864691135699295266,864691135468552588,1
864691135699305506,864691135472972594,1
864691135699346965,864691135473659186,3
864691135699356437,864691135468652428,1
864691135699356437,864691135469346188,1
864691135699356437,864691135472988722,1
864691135699356437,864691135473084210,1
864691135699417378,864691135473659186,1
864691135699562274,864691135469339474,1
864691135699607829,864691135468364940,1
864691135699767317,864691135473659186,1
864691135699818005,864691135470942290,2
864691135699818005,864691135473659186,3
864691135699905557,864691135468586636,2
864691135699905557,864691135469080402,1
864691135699905557,864691135470895186,7
864691135700111394,864691135472858418,2
864691135700132130,864691135469445202,1
864691135700146978,864691135469928332,1
864691135700159010,864691135468447884,1
864691135700171810,864691135468850514,2
864691135700223867,864691135469087570,1
864691135700231803,864691135467800204,1
864691135700231803,864691135469599884,2
864691135700236667,864691135470700626,2
864691135700237435,864691135467800204,1
864691135700244347,864691135469588306,1
864691135700248866,864691135472792626,1
864691135700254843,864691135468966994,1
864691135700259106,864691135473409074,1
864691135700262690,864691135468431244,1
864691135700262690,864691135468966994,1
864691135700264059,864691135468757586,1
864691135700272162,864691135468431244,1
864691135700409211,864691135468647250,1
864691135700457506,864691135469845388,1
864691135700457506,864691135470895186,1
864691135700497954,864691135468547724,2
864691135700502818,864691135468412498,1
864691135700566562,864691135469845388,1
864691135700597371,864691135468992338,2
864691135700945275,864691135473517874,1
864691135700951586,864691135469460876,1
864691135701027451,864691135469928332,1
864691135701027451,864691135472880178,1
864691135701200930,864691135470217298,1
864691135701200930,864691135474016562,1
864691135701228155,864691135468302220,1
864691135701270139,864691135470783218,1
864691135701351458,864691135468544396,3
864691135701351458,864691135469062738,2
864691135701351458,864691135469773906,1
864691135701351458,864691135472818226,1
864691135701351458,864691135472997682,5
864691135701396347,864691135468547724,1
864691135701400187,864691135469928332,1
864691135701420667,864691135472792626,1
864691135701592699,864691135472050994,1
864691135701624699,864691135468966994,1
864691135701876514,864691135468586636,1
864691135701876514,864691135473084210,1
864691135701882402,864691135469460876,1
864691135701897595,864691135470061394,1
864691135702246523,864691135468922962,1
864691135702246523,864691135469896332,5
864691135702246523,864691135472070450,2
864691135702246523,864691135472337970,3
864691135702246523,864691135472692786,1
864691135702261371,864691135468544396,1
864691135702444667,864691135467575436,2
864691135702516091,864691135468863826,1
864691135702516091,864691135468992338,1
864691135702516091,864691135469087570,1
864691135702609275,864691135473659186,12
864691135702887291,864691135467575180,1
864691135702887291,864691135469329804,1
864691135702887291,864691135473409074,1
864691135702914427,864691135468992338,2
864691135702914427,864691135469896332,1
864691135703055995,864691135468364940,1
864691135703055995,864691135469329804,1
864691135703276155,864691135470895186,1
864691135703291771,864691135469845388,1
864691135711594388,864691135468966994,1
864691135715300500,864691135468966994,4
864691135715300500,864691135472962610,1
864691135715469594,864691135468941394,1
864691135715480090,864691135468922962,1
864691135715905818,864691135473659186,1
864691135715928858,864691135473517874,1
864691135716129050,864691135467575436,1
864691135716157722,864691135472962610,1
864691135716159514,864691135468647250,1
864691135716159514,864691135472818226,1
864691135716161306,864691135472913970,1
864691135716476954,864691135467575180,5
864691135716476954,864691135469928332,2
864691135716476954,864691135470783218,1
864691135716476954,864691135472716338,1
864691135716476954,864691135473409074,8
864691135716553876,864691135468547724,3
864691135716709146,864691135470783218,1
864691135716744730,864691135472378930,1
864691135716929562,864691135468364940,1
864691135716929562,864691135468948364,2
864691135716929562,864691135469080402,1
864691135716929562,864691135469928332,3
864691135716929562,864691135470966354,2
864691135716929562,864691135472889650,4
864691135716929562,864691135472997682,2
864691135716929562,864691135472997938,1
864691135716929562,864691135473517874,5
864691135716975130,864691135472716338,1
864691135717059354,864691135467800204,1
864691135717059354,864691135469346188,1
864691135717159194,864691135472070450,1
864691135717171226,864691135470783218,1
864691135717171226,864691135472817970,1
864691135717174810,864691135470700626,2
864691135717248794,864691135472716338,1
864691135717271834,864691135469955154,1
864691135717275162,864691135468251276,1
864691135717275162,864691135469845388,1
864691135717308442,864691135469445202,1
864691135717308442,864691135469588306,1
864691135717308442,864691135473186610,1
864691135717345562,864691135470700626,1
864691135717424154,864691135468992338,1
864691135717424154,864691135472692786,4
864691135717457178,864691135472997938,1
864691135717528346,864691135468652428,1
864691135717528346,864691135468922962,2
864691135717528346,864691135473659186,1
864691135717931924,864691135468412498,1
864691135718228372,864691135468481874,1
864691135718459953,864691135469588306,1
864691135718459953,864691135472818226,1
864691135718485297,864691135468447884,1
864691135718593585,864691135468431244,1
864691135718815793,864691135472997938,1
864691135719441201,864691135472913970,1
864691135719447345,864691135469077330,1
864691135719990833,864691135467575180,1
864691135720015921,864691135469329804,2
864691135720015921,864691135470700626,1
864691135720118833,864691135468383116,1
864691135720335665,864691135468305036,2
864691135720335665,864691135468966994,5
864691135720337201,864691135469157970,2
864691135720337201,864691135469736076,1
864691135720337201,864691135469845388,2
864691135720337201,864691135469896274,17
864691135720337201,864691135469955154,2
864691135720559921,864691135469329804,1
864691135720725041,864691135468992338,1
864691135720759345,864691135468992338,1
864691135724207019,864691135469599884,1
864691135724209067,864691135469588306,1
864691135724212139,864691135472913970,1
864691135724237227,864691135469077330,1
864691135724557483,864691135470061394,1
864691135724570027,864691135467575436,1
864691135724585131,864691135472070450,1
864691135724769451,864691135468560524,1
864691135724847787,864691135468412498,1
864691135724847787,864691135468966994,1
864691135724847787,864691135469588306,1
864691135724945835,864691135472889650,2
864691135724945835,864691135472997938,1
864691135724981675,864691135468850514,1
864691135725048491,864691135469588306,1
864691135725124523,864691135468850514,1
864691135725142443,864691135467896204,1
864691135725193899,864691135472792626,1
864691135725213867,864691135470061394,1
864691135725255595,864691135468302220,1
864691135725481387,864691135468431244,1
864691135725481387,864691135469004882,1
864691135725613119,864691135467896204,1
864691135725613119,864691135472880178,1
864691135725633855,864691135468447884,1
864691135725643071,864691135469896332,1
864691135725643327,864691135472692786,1
864691135725667391,864691135472972594,1
864691135725766463,864691135468647250,1
864691135726033727,864691135472741170,1
864691135726076843,864691135469445202,1
864691135726113451,864691135469157970,3
864691135726113451,864691135469896274,1
864691135726211647,864691135469896332,1
864691135726214571,864691135473186610,2
864691135726270527,864691135469736076,1
864691135726335807,864691135468447884,1
864691135726389055,864691135468481874,1
864691135726426027,864691135472972594,1
864691135726442155,864691135472997682,6
864691135726451519,864691135467896204,1
864691135726473279,864691135469588306,1
864691135726476607,864691135472378930,3
864691135726479935,864691135469588306,2
864691135726481727,864691135469257042,1
864691135726597803,864691135468364940,1
864691135726597803,864691135472716338,2
864691135726599743,864691135469955154,1
864691135726599743,864691135470966354,1
864691135726599743,864691135472691762,1
864691135726599743,864691135472972594,1
864691135726599743,864691135472997682,1
864691135726709675,864691135469588306,1
864691135726772907,864691135469896332,1
864691135726772907,864691135470700626,1
864691135726773419,864691135468922962,1
864691135726773419,864691135469339474,4
864691135726773419,864691135469896332,1
864691135726773419,864691135470700626,1
864691135726773419,864691135470895186,1
864691135726773419,864691135472692786,1
864691135726773419,864691135474016562,2
864691135726840491,864691135467575180,1
864691135726840747,864691135468922962,1
864691135726869419,864691135472997938,1
864691135726960555,864691135472716338,1
864691135726969259,864691135467800204,1
864691135726969259,864691135469339474,2
864691135726969259,864691135472070450,2
864691135727546943,864691135473186610,1
864691135727546943,864691135473268786,1
864691135727546943,864691135474015026,1
864691135727591743,864691135472692786,1
864691135727613503,864691135469928332,1
864691135727684671,864691135469736076,2
864691135727684671,864691135472378930,1
864691135727741503,864691135468948364,1
864691135727799359,864691135469845388,1
864691135727929663,864691135468320396,1
864691135727929663,864691135473186610,1
864691135727993151,864691135472378930,1
864691135728018751,864691135468586636,7
864691135728018751,864691135472817970,1
864691135730098617,864691135467553164,1
864691135730108345,864691135468356236,1
864691135730117561,864691135468627026,1
864691135730132665,864691135468550540,1
864691135730167225,864691135468320396,1
864691135730175929,864691135472817970,1
864691135730188217,864691135472817970,1
864691135730190521,864691135470217298,3
864691135730191033,864691135469588306,1
864691135730198201,864691135469588306,1
864691135730199993,864691135469588306,1
864691135730409145,864691135470217298,1
864691135730655929,864691135469599884,1
864691135730655929,864691135470783218,2
864691135730655929,864691135472378930,1
864691135731078073,864691135467575436,1
864691135731120825,864691135468652428,1
864691135731190201,864691135472692786,1
864691135731207865,864691135468302220,1
864691135731225785,864691135468966994,1
864691135731228601,864691135468550540,1
864691135731229625,864691135468412498,1
864691135731238073,864691135468431244,4
864691135731238073,864691135468547724,5
864691135731238073,864691135472962610,1
864691135731918521,864691135468356236,1
864691135732038329,864691135469928332,1
864691135732142521,864691135469329804,1
864691135732172692,864691135468305036,1
864691135732172692,864691135468480908,2
864691135732172692,864691135468966994,3
864691135732172692,864691135472997682,1
864691135732175801,864691135469588306,1
864691135732175801,864691135472913970,2
864691135732209593,864691135468586636,2
864691135732324537,864691135473409074,1
864691135732392889,864691135468922962,1
864691135732392889,864691135469896332,1
864691135732440505,864691135473084210,1
864691135732715961,864691135467800204,1
864691135732715961,864691135469896274,2
864691135732715961,864691135472378930,1
864691135732715961,864691135473409074,1
864691135732877972,864691135468550540,1
864691135735690388,864691135468481874,1
864691135735960724,864691135472691762,1
864691135736296084,864691135468302220,1
864691135736296084,864691135468305036,1
864691135736296084,864691135468966994,2
864691135736296084,864691135469257042,1
864691135736296084,864691135472962610,7
864691135736883588,864691135468850514,1
864691135736889476,864691135468412498,1
864691135736898948,864691135469928332,1
864691135736903556,864691135468544396,1
864691135736904580,864691135467941260,1
864691135736921220,864691135472741170,1
864691135736934020,864691135472858418,1
864691135737034884,864691135470217298,3
864691135737125508,864691135469896332,1
864691135737125508,864691135472692786,1
864691135737198740,864691135470061394,1
864691135737255300,864691135468547724,1
864691135737262468,864691135468356236,1
864691135737280132,864691135468305036,1
864691135737288836,864691135468850514,1
864691135737489265,864691135469588306,1
864691135737491825,864691135468992338,1
864691135737501844,864691135468305036,1
864691135737501844,864691135468547724,1
864691135737501844,864691135468966994,2
864691135737501844,864691135472962610,2
864691135737593476,864691135469588306,1
864691135737643924,864691135468305036,7
864691135737644932,864691135472972594,1
864691135737736836,864691135468481874,1
864691135737743473,864691135468305036,2
864691135737773700,864691135468547724,1
864691135737787012,864691135469588306,2
864691135737837681,864691135468412498,1
864691135737972849,864691135472716338,1
864691135738112916,864691135468481874,1
864691135738112916,864691135468547724,2
864691135738112916,864691135468966994,5
864691135738112916,864691135472962610,2
864691135738151812,864691135472880178,1
864691135738151812,864691135473186610,3
864691135738199153,864691135472692786,2
864691135738256532,864691135468547724,1
864691135738256532,864691135468966994,1
864691135738256532,864691135472962610,3
864691135738325140,864691135468431244,6
864691135738325140,864691135468547724,6
864691135738325140,864691135472962610,4
864691135738359153,864691135472889650,1
864691135738387076,864691135468364940,2
864691135738387076,864691135469157970,3
864691135738387076,864691135469257042,1
864691135738387076,864691135469896274,1
864691135738387076,864691135469928332,5
864691135738387076,864691135469955154,1
864691135738387076,864691135472889650,1
864691135738387076,864691135473517874,1
864691135738515825,864691135468302220,2
864691135738528900,864691135469588306,1
864691135738529905,864691135468850514,1
864691135738572401,864691135469588306,1
864691135738756740,864691135469928332,1
864691135738784369,864691135468948364,1
864691135738784369,864691135469896274,1
864691135738974340,864691135468992338,1
864691135738994033,864691135470700626,1
864691135739013745,864691135472716338,1
864691135739013745,864691135473409074,1
864691135739080068,864691135468922962,3
864691135739080068,864691135472070450,1
864691135739080068,864691135474016562,1
864691135739088241,864691135468627026,1
864691135739093124,864691135469087570,1
864691135739149169,864691135470700626,1
864691135739149169,864691135472988722,1
864691135739149956,864691135470700626,5
864691135739151473,864691135467575436,1
864691135739182980,864691135472817970,1
864691135739215236,864691135468922962,1
864691135739222129,864691135469329804,2
864691135739315076,864691135473659186,2
864691135739320945,864691135468863826,1
864691135739429489,864691135469257042,1
864691135739429489,864691135472716338,1
864691135739567252,864691135470217298,1
864691135739576212,864691135469773906,1
864691135739595924,864691135474015026,1
864691135739614577,864691135468320396,1
864691135739614577,864691135469062738,3
864691135739614577,864691135469445202,1
864691135739614577,864691135473186610,3
864691135739616625,864691135470700626,2
864691135739627156,864691135469004882,4
864691135739670129,864691135467800204,2
864691135739670129,864691135467896204,1
864691135739670129,864691135469329804,1
864691135739675505,864691135467800204,1
864691135739686769,864691135470966354,1
864691135739753073,864691135469599884,1
864691135739753073,864691135469955154,1
864691135739753073,864691135470942290,1
864691135739753073,864691135473517874,6
864691135739896724,864691135470061394,1
864691135739897492,864691135472880178,1
864691135739897492,864691135472913970,1
864691135740126868,864691135468302220,1
864691135740182891,864691135469339474,1
864691135740506260,864691135470061394,1
864691135740508820,864691135472741170,1
864691135740555924,864691135468966994,1
864691135740560788,864691135472988722,1
864691135740561044,864691135468850514,1
864691135740571499,864691135467575436,1
864691135740619627,864691135468547724,2
864691135740621972,864691135469346188,1
864691135740692843,864691135468305036,1
864691135740692843,864691135468356236,1
864691135740692843,864691135468480908,1
864691135740692843,864691135472421938,1
864691135740692843,864691135472691762,1
864691135740848532,864691135469346188,1
864691135740865684,864691135468550540,1
864691135740936043,864691135468627026,2
864691135740936043,864691135468850514,2
864691135740939115,864691135468302220,1
864691135741004139,864691135468948364,1
864691135741004139,864691135472997938,1
864691135741090196,864691135470966354,1
864691135741182827,864691135468431244,1
864691135741206891,864691135470700626,1
864691135741207403,864691135470700626,1
864691135741218196,864691135468544396,3
864691135741218196,864691135469062738,1
864691135741218196,864691135472760370,1
864691135741218196,864691135472880178,5
864691135741218196,864691135472972594,1
864691135741232788,864691135468647250,1
864691135741232788,864691135468948364,4
864691135741232788,864691135472880178,1
864691135741232788,864691135472913970,1
864691135741232788,864691135473186610,3
864691135741314411,864691135472858418,1
864691135741351787,864691135468547724,1
864691135741360235,864691135472792626,1
864691135741428587,864691135473517874,1
864691135741439851,864691135467800204,1
864691135741495956,864691135468364940,1
864691135741512596,864691135467800204,2
864691135741512596,864691135469928332,1
864691135741512596,864691135473517874,1
864691135741524587,864691135469955154,1
864691135741619051,864691135468547724,1
864691135741659499,864691135472962610,1
864691135741666196,864691135470942290,1
864691135741801364,864691135467800204,1
864691135741810580,864691135473659186,2
864691135741817236,864691135468992338,3
864691135741817236,864691135469845388,3
864691135741817236,864691135470700626,1
864691135741817236,864691135470895186,1
864691135741817236,864691135473517874,2
864691135741998484,864691135470783218,1
864691135742154347,864691135468431244,1
864691135742154603,864691135468948364,1
864691135742189163,864691135468544396,1
864691135742189163,864691135469736076,1
864691135742365803,864691135469339474,1
864691135742366827,864691135468966994,1
864691135742366827,864691135470966354,5
864691135742488939,864691135470217298,1
864691135742609771,864691135469736076,1
864691135742664043,864691135469736076,1
864691135742668395,864691135467575180,1
864691135742668395,864691135467800204,2
864691135742668395,864691135469736076,1
864691135742668395,864691135470966354,1
864691135742753387,864691135468627026,1
864691135742753387,864691135468948364,1
864691135742753387,864691135472691762,1
864691135742826603,864691135470783218,1
864691135742867307,864691135469346188,2
864691135742867307,864691135470217298,2
864691135742867307,864691135472988722,3
864691135742867307,864691135474016562,2
864691135742895723,864691135470700626,2
864691135742998379,864691135468251276,2
864691135742998379,864691135468364940,1
864691135742998379,864691135470783218,1
864691135742998379,864691135472378930,1
864691135743079019,864691135469080402,1
864691135743079019,864691135469928332,2
864691135743079019,864691135469955154,2
864691135743079019,864691135474015026,1
864691135743093099,864691135469329804,2
864691135743183723,864691135468251276,1
864691135743183723,864691135469329804,1
864691135743196523,864691135468586636,1
864691135743196523,864691135469845388,1
864691135747065736,864691135469257042,1
864691135747065736,864691135469460876,1
864691135748559145,864691135467896204,1
864691135748591145,864691135469257042,1
864691135748598313,864691135469087570,1
864691135748893993,864691135468547724,1
864691135748977961,864691135468431244,1
864691135749020201,864691135468966994,1
864691135749020201,864691135469077330,1
864691135749021225,864691135468412498,2
864691135749141801,864691135469257042,1
864691135749328169,864691135468547724,1
864691135749482537,864691135469896332,1
864691135749548585,864691135469588306,1
864691135749565993,864691135469329804,1
864691135749595433,864691135472992050,1
864691135749595945,864691135468550540,1
864691135749595945,864691135469588306,4
864691135749595945,864691135472880178,1
864691135749595945,864691135472913970,2
864691135749805097,864691135467575436,1
864691135749815593,864691135468251276,1
864691135749936681,864691135469736076,1
864691135749936681,864691135470966354,1
864691135750258985,864691135469928332,1
864691135750258985,864691135470966354,1
864691135750258985,864691135472889650,1
864691135750377257,864691135468560524,1
864691135750377257,864691135472378930,1
864691135750452777,864691135468992338,3
864691135750468393,864691135470700626,1
864691135750474793,864691135474015026,1
864691135750642473,864691135469157970,1
864691135750668841,864691135474016562,1
864691135750779433,864691135469896332,2
864691135750779433,864691135472070450,2
864691135750779433,864691135472337970,1
864691135750779433,864691135473265714,1
864691135750799145,864691135470783218,1
864691135750799145,864691135472716338,1
864691135750799145,864691135473409074,1
864691135750800681,864691135469329804,1
864691135750800681,864691135469346188,2
864691135750800681,864691135469845388,1
864691135750800681,864691135470700626,1
864691135750803497,864691135468627026,1
864691135751064873,864691135469346188,3
864691135751064873,864691135470700626,4
864691135751100969,864691135469329804,1
864691135751100969,864691135470700626,1
864691135751117097,864691135470966354,2
864691135751132457,864691135468922962,1
864691135751735176,864691135469062738,3
864691135753559501,864691135468383116,1
864691135753575629,864691135468627026,1
864691135753575629,864691135468850514,1
864691135753587405,864691135468447884,1
864691135753595341,864691135469588306,3
864691135753636557,864691135472792626,1
864691135753666765,864691135472692786,1
864691135753744845,864691135467575436,1
864691135754185933,864691135472962610,2
864691135754230477,864691135469445202,1
864691135754510797,864691135468302220,1
864691135754532050,864691135467941260,1
864691135754558930,864691135472050994,1
864691135754609362,864691135470966354,1
864691135754609362,864691135472997938,1
864691135754615762,864691135469588306,1
864691135754676941,864691135469339474,2
864691135754676941,864691135469896332,1
864691135754676941,864691135472070450,1
864691135754676941,864691135472817970,1
864691135754683085,864691135473084210,1
864691135754696141,864691135469845388,1
864691135754697677,864691135472880178,3
864691135754707405,864691135472962610,1
864691135754709709,864691135468431244,1
864691135754980813,864691135467575436,2
864691135755043021,864691135469087570,1
864691135755425746,864691135473409074,1
864691135755462354,864691135468412498,2
864691135755464658,864691135469588306,1
864691135755517133,864691135469087570,1
864691135755517133,864691135470700626,1
864691135755517133,864691135473659186,1
864691135755546834,864691135468550540,1
864691135755632338,864691135468305036,3
864691135755707597,864691135469157970,1
864691135755707597,864691135469955154,1
864691135755723474,864691135468550540,2
864691135755723474,864691135468647250,3
864691135755723474,864691135469773906,2
864691135755723474,864691135472972594,1
864691135755761618,864691135468966994,2
864691135755771602,864691135470700626,1
864691135755850957,864691135468922962,1
864691135755874765,864691135472880178,1
864691135755885778,864691135469588306,1
864691135755983314,864691135469955154,1
864691135756075981,864691135468922962,1
864691135756075981,864691135472716338,1
864691135756075981,864691135473084210,1
864691135756096717,864691135467800204,4
864691135756096717,864691135468383116,1
864691135756096717,864691135469599884,4
864691135756096717,864691135470061394,4
864691135756096717,864691135470783218,2
864691135756109261,864691135467800204,1
864691135756246989,864691135467896204,1
864691135756246989,864691135472913970,1
864691135756246989,864691135473186610,1
864691135756381389,864691135467575436,1
864691135756630226,864691135469896332,2
864691135756681170,864691135468412498,2
864691135756681170,864691135468431244,2
864691135756681170,864691135469004882,2
864691135756844242,864691135469339474,1
864691135756844242,864691135469736076,3
864691135756844242,864691135469845388,4
864691135756844242,864691135469928332,1
864691135756844242,864691135470700626,1
864691135756844242,864691135472378930,2
864691135756844242,864691135473265714,6
864691135757157821,864691135472992050,1
864691135757239506,864691135468922962,1
864691135757239506,864691135473409074,2
864691135757244114,864691135469329804,1
864691135758310589,864691135468412498,2
864691135758500942,864691135468850514,1
864691135758508878,864691135472760370,2
864691135758520910,864691135467941260,1
864691135758526030,864691135470700626,1
864691135758528078,864691135469346188,1
864691135758559566,864691135470700626,1
864691135758981454,864691135468547724,1
864691135759253326,864691135468966994,1
864691135759410254,864691135468305036,1
864691135759421774,864691135468550540,1
864691135759422798,864691135468305036,2
864691135759611982,864691135468412498,1
864691135759616701,864691135468547724,1
864691135759616701,864691135469077330,5
864691135759628733,864691135469077330,1
864691135759779406,864691135468412498,1
864691135759815758,864691135469329804,1
864691135759815758,864691135470700626,1
864691135759815758,864691135472070450,3
864691135759815758,864691135474016562,1
864691135759840846,864691135469445202,1
864691135759900238,864691135469329804,1
864691135760120654,864691135472880178,1
864691135760120654,864691135472997682,1
864691135760368718,864691135468586636,1
864691135760368718,864691135474015026,1
864691135760441277,864691135469077330,1
864691135760441277,864691135472792626,1
864691135760441678,864691135469346188,1
864691135760441678,864691135473409074,1
864691135760577870,864691135468305036,1
864691135760577870,864691135468966994,2
864691135760593230,864691135472070450,1
864691135760614222,864691135468302220,1
864691135760614222,864691135472997682,1
864691135760674638,864691135472817970,1
864691135760791374,864691135468941394,1
864691135761080142,864691135467800204,1
864691135761506870,864691135470061394,1
864691135761523766,864691135468948364,1
864691135761528886,864691135472741170,1
864691135761531958,864691135467800204,1
864691135761543734,864691135469157970,1
864691135761549622,864691135468544396,1
864691135761549622,864691135472880178,1
864691135761549622,864691135473268786,1
864691135761553718,864691135473409074,1
864691135761555254,864691135472858418,1
864691135761994038,864691135468481874,3
864691135761994038,864691135468547724,1
864691135761996342,864691135469329804,1
864691135762003510,864691135472913970,1
864691135762109238,864691135468547724,1
864691135762418230,864691135467941260,3
864691135762572854,864691135468552588,1
864691135762668854,864691135468481874,1
864691135762774838,864691135469773906,1
864691135762779702,864691135468431244,1
864691135763058742,864691135468305036,1
864691135763362102,864691135469157970,1
864691135763362102,864691135469845388,1
864691135763549238,864691135469087570,1
864691135763892278,864691135468850514,1
864691135763975990,864691135469845388,2
864691135763975990,864691135473084210,3
864691135763977526,864691135469845388,1
864691135763977526,864691135470942290,1
864691135763987254,864691135469080402,1
864691135763987254,864691135469928332,1
864691135764156470,864691135469896332,1
864691135764263222,864691135468480908,3
864691135764263222,864691135472962610,2
864691135764678198,864691135469157970,1
864691135764678198,864691135469339474,1
864691135764678198,864691135470942290,1
864691135764890678,864691135469845388,1
864691135764890678,864691135470700626,2
864691135765018934,864691135469346188,1
864691135765018934,864691135470895186,2
864691135765023542,864691135472817970,1
864691135765038390,864691135469329804,1
864691135767342013,864691135468412498,1
864691135771603451,864691135468547724,1
864691135771607291,864691135472880178,1
864691135771614971,864691135472378930,1
864691135771680075,864691135472050994,1
864691135771696971,864691135469599884,1
864691135771697227,864691135468302220,1
864691135771702603,864691135469077330,1
864691135771703883,864691135467575436,1
864691135771705163,864691135468992338,1
864691135771725387,864691135472792626,1
864691135771741515,864691135472792626,1
864691135771783675,864691135468412498,1
864691135771824971,864691135470966354,1
864691135772101883,864691135472858418,1
864691135772155899,864691135469077330,1
864691135772243787,864691135468550540,4
864691135772405243,864691135473659186,1
864691135772428619,864691135469845388,1
864691135772435195,864691135470966354,1
864691135772459083,864691135468302220,1
864691135772459083,864691135470061394,1
864691135772466939,864691135468922962,1
864691135772495867,864691135472691762,1
864691135772577275,864691135472741170,1
864691135772579915,864691135468966994,1
864691135772608843,864691135468992338,1
864691135772675147,864691135472050994,1
864691135772702795,864691135469896332,1
864691135772711755,864691135469928332,1
864691135772771323,864691135469329804,1
864691135772799739,864691135468364940,1
864691135772809803,864691135467575436,1
864691135772810059,864691135468050828,1
864691135772906571,864691135472691762,1
864691135772906571,864691135472972594,2
864691135772906571,864691135473409074,1
864691135772970315,864691135472070450,1
864691135772987899,864691135472691762,1
864691135773108811,864691135472421938,1
864691135773208651,864691135469845388,1
864691135773209163,864691135469845388,1
864691135773310795,864691135469773906,1
864691135773357643,864691135468850514,1
864691135773536251,864691135470895186,1
864691135773694795,864691135468922962,1
864691135773724491,864691135467941260,1
864691135773779275,864691135468948364,1
864691135773779275,864691135469080402,4
864691135773779275,864691135469157970,1
864691135773779275,864691135472691762,1
864691135773779275,864691135472972594,6
864691135773779275,864691135473517874,1
864691135773986891,864691135468992338,1
864691135774022139,864691135467575436,1
864691135774216955,864691135469329804,1
864691135774221643,864691135468586636,5
864691135774221643,864691135469845388,2
864691135774221643,864691135470895186,7
864691135774221643,864691135470942290,3
864691135774221643,864691135472997938,2
864691135774221643,864691135473084210,4
864691135774221643,864691135474015026,9
864691135774360571,864691135468850514,1
864691135774413307,864691135470895186,1
864691135774414843,864691135468850514,1
864691135774414843,864691135468992338,7
864691135774414843,864691135469896332,1
864691135774514507,864691135469845388,3
864691135774514507,864691135470895186,4
864691135774514507,864691135470966354,1
864691135774514507,864691135473517874,4
864691135774581835,864691135472962610,1
864691135775782573,864691135470966354,1
864691135775817645,864691135472818226,2
864691135775885997,864691135468412498,1
864691135775906989,864691135469736076,1
864691135775964333,864691135472716338,1
864691135776120493,864691135473659186,2
864691135776162477,864691135472962610,1
864691135776536416,864691135467941260,1
864691135776540768,864691135473409074,1
864691135776544096,864691135468647250,2
864691135776558432,864691135469773906,1
864691135776559200,864691135468447884,1
864691135776568160,864691135472337970,1
864691135776587360,864691135468447884,1
864691135776596064,864691135472792626,1
864691135776613805,864691135472337970,1
864691135776634720,864691135468302220,1
864691135776645216,864691135469077330,1
864691135776661856,864691135468302220,1
864691135776661856,864691135468481874,1
864691135776661856,864691135468966994,3
864691135776663136,864691135468412498,1
864691135776672608,864691135469257042,1
864691135776781485,864691135468431244,2
864691135776839597,864691135469588306,1
864691135776873901,864691135468251276,1
864691135776882093,864691135468412498,1
864691135776899245,864691135468948364,1
864691135776909741,864691135470966354,1
864691135776915117,864691135472792626,1
864691135776925536,864691135472858418,2
864691135776948064,864691135472880178,1
864691135776982189,864691135468412498,1
864691135777095869,864691135469087570,1
864691135777130429,864691135469077330,1
864691135777155005,864691135468992338,1
864691135777166176,864691135468481874,4
864691135777166176,864691135468966994,1
864691135777166432,864691135468647250,1
864691135777166432,864691135469004882,1
864691135777248189,864691135469445202,1
864691135777248189,864691135473186610,1
864691135777249213,864691135470700626,1
864691135777263789,864691135470966354,1
864691135777432237,864691135469588306,5
864691135777432237,864691135472972594,3
864691135777460669,864691135468385618,1
864691135777467069,864691135467896204,1
864691135777483965,864691135469087570,1
864691135777517245,864691135468966994,2
864691135777597280,864691135468412498,1
864691135777599584,864691135472378930,1
864691135777608800,864691135468647250,3
864691135777608800,864691135472818226,1
864691135777613757,864691135469257042,1
864691135777617760,864691135470061394,1
864691135777623648,864691135468922962,1
864691135777678525,864691135467575436,2
864691135777706925,864691135472880178,1
864691135777733821,864691135469896332,4
864691135777789357,864691135469339474,1
864691135777840992,864691135470895186,1
864691135777851837,864691135468550540,1
864691135777974461,864691135468647250,1
864691135777976765,864691135472716338,1
864691135778094525,864691135468480908,2
864691135778115005,864691135469588306,1
864691135778115517,864691135469928332,1
864691135778115517,864691135470966354,1
864691135778116013,864691135468922962,2
864691135778116013,864691135469736076,1
864691135778116013,864691135470700626,13
864691135778116013,864691135470942290,1
864691135778118077,864691135468550540,7
864691135778118077,864691135469588306,1
864691135778118077,864691135472818226,1
864691135778135997,864691135468647250,2
864691135778231136,864691135473268786,1
864691135778435501,864691135469257042,1
864691135778435501,864691135472691762,5
864691135778473389,864691135468544396,1
864691135778473389,864691135468948364,2
864691135778568800,864691135472817970,1
864691135778572973,864691135468544396,1
864691135778659501,864691135469339474,1
864691135778665824,864691135472050994,1
864691135778668973,864691135468481874,3
864691135778668973,864691135468547724,6
864691135778668973,864691135468966994,1
864691135778716589,864691135470700626,1
864691135778716589,864691135470942290,1
864691135778716589,864691135472070450,1
864691135778716589,864691135473084210,1
864691135778716589,864691135474016562,2
864691135778784608,864691135468922962,1
864691135778784608,864691135469329804,2
864691135778794336,864691135468992338,2
864691135778825133,864691135467800204,1
864691135778825133,864691135470942290,2
864691135778826173,864691135470783218,1
864691135778917821,864691135468863826,1
864691135778931296,864691135470700626,1
864691135779020221,864691135469080402,1
864691135779073469,864691135470700626,1
864691135779073469,864691135472988722,1
864691135779161440,864691135468863826,1
864691135779161440,864691135468992338,1
864691135779161440,864691135473084210,2
864691135779161440,864691135474016562,1
864691135779199584,864691135469346188,1
864691135779199584,864691135469845388,1
864691135779199584,864691135470942290,1
864691135779199584,864691135473659186,1
864691135779295677,864691135469087570,1
864691135779384253,864691135468627026,1
864691135779411133,864691135473659186,2
864691135779449533,864691135468547724,6
864691135779449533,864691135468966994,4
864691135779449533,864691135472962610,2
864691135779705021,864691135469736076,1
864691135779796669,864691135468364940,1
864691135780802384,864691135470966354,1
864691135780802384,864691135472716338,1
864691135780803408,864691135472421938,1
864691135780803408,864691135472889650,1
864691135780821584,864691135468302220,1
864691135780824400,864691135469080402,1
864691135781081680,864691135468480908,1
864691135781081680,864691135468966994,4
864691135781081680,864691135469460876,1
864691135781081680,864691135472962610,2
864691135781194832,864691135468850514,1
864691135781219152,864691135469845388,1
864691135781263696,864691135469077330,1
864691135781548368,864691135469845388,2
864691135781774416,864691135470061394,1
864691135781789264,864691135468550540,1
864691135781835344,864691135468560524,1
864691135781887568,864691135473517874,1
864691135782062672,864691135468547724,1
864691135782143056,864691135472913970,1
864691135782361936,864691135470217298,1
864691135782384435,864691135468050828,2
864691135782392115,864691135468305036,1
864691135782398515,864691135468302220,1
864691135782467152,864691135472880178,2
864691135782474547,864691135468547724,1
864691135782477904,864691135468627026,2
864691135782603088,864691135469329804,2
864691135782615632,864691135468966994,1
864691135782620240,864691135469460876,1
864691135782620240,864691135469928332,1
864691135782708304,864691135468992338,2
864691135782737203,864691135468586636,2
864691135782752051,864691135472880178,1
864691135782821456,864691135468850514,1
864691135782821456,864691135468992338,1
864691135782821456,864691135469896332,10
864691135782821456,864691135472070450,7
864691135782821456,864691135472692786,1
864691135782865459,864691135468302220,1
864691135782889011,864691135468164178,1
864691135782890035,864691135469445202,1
864691135782890035,864691135472760370,1
864691135782890035,864691135474015026,1
864691135783077683,864691135468966994,2
864691135783096371,864691135467941260,1
864691135783139123,864691135469346188,1
864691135783154995,864691135473265714,1
864691135783368499,864691135472760370,1
864691135783377715,864691135468948364,1
864691135783377715,864691135469080402,1
864691135783378995,864691135473265714,2
864691135783441488,864691135469080402,1
864691135783548467,864691135469004882,2
864691135783764019,864691135470700626,1
864691135783827251,864691135469588306,1
864691135783848499,864691135469588306,1
864691135783848499,864691135472913970,1
864691135783897651,864691135469346188,1
864691135783909427,864691135468412498,1
864691135783909427,864691135469588306,1
864691135783909427,864691135469773906,1
864691135783909427,864691135472880178,1
864691135783909427,864691135472913970,4
864691135784210739,864691135472997938,1
864691135784320307,864691135468992338,1
864691135784359475,864691135470700626,3
864691135784363827,864691135472889650,1
864691135784378419,864691135470700626,1
864691135784812083,864691135469346188,1
864691135784997939,864691135469257042,1
864691135785079603,864691135470700626,1
864691135785240004,864691135470217298,1
864691135785241796,864691135469736076,1
864691135785255108,864691135472691762,1
864691135785286852,864691135467575436,1
864691135785483716,864691135472913970,1
864691135785522884,864691135472817970,1
864691135785698500,864691135468050828,1
864691135785718724,864691135472818226,1
864691135785718724,864691135472913970,1
864691135785718724,864691135473186610,2
864691135785720260,864691135469845388,1
864691135785845188,864691135469588306,2
864691135786087364,864691135468992338,2
864691135786124996,864691135468850514,1
864691135786148036,864691135468586636,1
864691135786161860,864691135472792626,1
864691135786189252,864691135472880178,3
864691135786189252,864691135472913970,1
864691135786323396,864691135470700626,1
864691135786361540,864691135468544396,1
864691135786489540,864691135473659186,1
864691135786647236,864691135468302220,1
864691135786647236,864691135469736076,1
864691135786938820,864691135473268786,1
864691135787363012,864691135469896332,1
864691135787363012,864691135472337970,1
864691135787495108,864691135469599884,1
864691135787684292,864691135469588306,1
864691135787692740,864691135470700626,1
864691135799742306,864691135468863826,1
864691135799770210,864691135469077330,1
864691135800625762,864691135468850514,1
864691135800632418,864691135469588306,1
864691135800684642,864691135468627026,2
864691135800706402,864691135469062738,1
864691135800706402,864691135473186610,5
864691135800708450,864691135468552588,1
864691135800708450,864691135472337970,1
864691135800713570,864691135468863826,1
864691135800715362,864691135472913970,1
864691135800717666,864691135468757586,1
864691135800738658,864691135473659186,1
864691135800836962,864691135470783218,1
864691135801039970,864691135472692786,1
864691135801088610,864691135469257042,5
864691135801088610,864691135469460876,2
864691135801088610,864691135470966354,1
864691135801088610,864691135472691762,1
864691135801088610,864691135472997938,1
864691135801112930,864691135468447884,1
864691135801604706,864691135468431244,2
864691135801604706,864691135472962610,1
864691135802030178,864691135468383116,1
864691135802146402,864691135467941260,1
864691135802389858,864691135469062738,1
864691135802389858,864691135469157970,3
864691135802389858,864691135469896274,1
864691135802389858,864691135469955154,1
864691135802389858,864691135470942290,1
864691135802415458,864691135469736076,1
864691135802482274,864691135469157970,1
864691135802482274,864691135469928332,1
864691135802521186,864691135469087570,1
864691135802647394,864691135470895186,1
864691135802683234,864691135472070450,1
864691135802722146,864691135469077330,1
864691135802762594,864691135469896274,1
864691135802787938,864691135469599884,1
864691135802815586,864691135472913970,1
864691135807184157,864691135468547724,1
864691135807191069,864691135468251276,1
864691135807191069,864691135468480908,6
864691135807191069,864691135469080402,3
864691135807191069,864691135469157970,2
864691135807191069,864691135472421938,1
864691135807191069,864691135472889650,1
864691135807232541,864691135468447884,1
864691135807233565,864691135472792626,3
864691135807236637,864691135467896204,1
864691135807242781,864691135468544396,2
864691135807255325,864691135469087570,1
864691135807277341,864691135470700626,1
864691135807285789,864691135468552588,2
864691135807285789,864691135472337970,6
864691135807287069,864691135467575436,1
864691135807287069,864691135467941260,5
864691135807307293,864691135468550540,1
864691135807315485,864691135472792626,1
864691135807487005,864691135468922962,2
864691135807487005,864691135469896332,2
864691135807487005,864691135472070450,1
864691135807697693,864691135468305036,1
864691135807750429,864691135472880178,2
864691135807774237,864691135472858418,1
864691135807813149,864691135474015026,1
864691135808102429,864691135472741170,2
864691135808236573,864691135467800204,1
864691135808299037,864691135468364940,1
864691135808367645,864691135468547724,3
864691135808367645,864691135468966994,1
864691135808379933,864691135472792626,1
864691135808391965,864691135469588306,2
864691135808401437,864691135472070450,1
864691135808401437,864691135472692786,1
864691135808598045,864691135469004882,2
864691135808625181,864691135469896274,1
864691135808625181,864691135469928332,2
864691135808634909,864691135469588306,1
864691135808658205,864691135468447884,1
864691135808684573,864691135468850514,2
864691135808847389,864691135469329804,1
864691135809308189,864691135472880178,1
864691135809415197,864691135474016562,1
864691135809432524,864691135468412498,1
864691135809432524,864691135469004882,1
864691135809436876,864691135468305036,1
864691135809444556,864691135469080402,1
864691135809475788,864691135467941260,1
864691135809487901,864691135472988722,1
864691135809511628,864691135469257042,1
864691135809511628,864691135469460876,2
864691135809511628,864691135473517874,1
864691135809512140,864691135468480908,1
864691135809568029,864691135469845388,1
864691135809608652,864691135468966994,1
864691135809626828,864691135469588306,1
864691135809684765,864691135469928332,1
864691135809903564,864691135468966994,1
864691135809954589,864691135467941260,1
864691135809954589,864691135469346188,1
864691135809954589,864691135469599884,1
864691135809954589,864691135470217298,2
864691135810079517,864691135470700626,1
864691135810088652,864691135469445202,1
864691135810107596,864691135474015026,1
864691135810225356,864691135469257042,1
864691135810265885,864691135468586636,1
864691135810265885,864691135468948364,2
864691135810265885,864691135469955154,1
864691135810265885,864691135473084210,1
864691135810265885,864691135474015026,1
864691135810273996,864691135473659186,1
864691135810315805,864691135469845388,1
864691135810315805,864691135470783218,1
864691135810315805,864691135470942290,1
864691135810315805,864691135470966354,1
864691135810345164,864691135472741170,1
864691135810527773,864691135473659186,1
864691135810597917,864691135472988722,1
864691135810618909,864691135469845388,1
864691135810618909,864691135473186610,1
864691135810643485,864691135468922962,1
864691135810656029,864691135468922962,1
864691135810656029,864691135470700626,1
864691135810656029,864691135473659186,5
864691135810982860,864691135470895186,1
864691135811338700,864691135472880178,1
864691135811439308,864691135467800204,1
864691135811567052,864691135469590457,1
864691135811692236,864691135468320396,1
864691135811692236,864691135469896274,3
864691135811692236,864691135469928332,1
864691135811734220,864691135468302220,2
864691135811734220,864691135468305036,1
864691135811734220,864691135469928332,1
864691135811734220,864691135470966354,2
864691135815441999,864691135468863826,1
864691135815449679,864691135470966354,1
864691135815456079,864691135469773906,1
864691135815457615,864691135467575180,1
864691135815472463,864691135468412498,1
864691135815474255,864691135468941394,1
864691135815481935,864691135468481874,1
864691135815904591,864691135468302220,3
864691135816179791,864691135473084210,1
864691135816207951,864691135468305036,1
864691135816284751,864691135468547724,1
864691135816331087,864691135472988722,1
864691135816356687,864691135468941394,1
864691135816473167,864691135468356236,1
864691135816514127,864691135472792626,1
864691135816516687,864691135472792626,1
864691135816519503,864691135468302220,2
864691135816588623,864691135472716338,1
864691135816689231,864691135468966994,1
864691135816693327,864691135472691762,1
864691135816693327,864691135473409074,1
864691135816980303,864691135468480908,3
864691135816982863,864691135469460876,1
864691135816982863,864691135469955154,1
864691135817132879,864691135468547724,2
864691135817132879,864691135469077330,1
864691135817132879,864691135472792626,1
864691135817223503,864691135468850514,1
864691135817488207,864691135468850514,1
864691135817552463,864691135470700626,1
864691135817622607,864691135472378930,1
864691135817643855,864691135468586636,1
864691135817737295,864691135470783218,2
864691135817885007,864691135469928332,1
864691135817993807,864691135473659186,1
864691135818016335,864691135467575180,1
864691135837183123,864691135474015026,1
864691135837198739,864691135468050828,1
864691135837201299,864691135467941260,1
864691135837201299,864691135469346188,1
864691135837201811,864691135469077330,1
864691135837201811,864691135472792626,1
864691135837212051,864691135470966354,2
864691135837587603,864691135468547724,2
864691135837587603,864691135468966994,1
864691135837587603,864691135469004882,1
864691135837627539,864691135473659186,1
864691135837679507,864691135473084210,1
864691135838052755,864691135468447884,1
864691135838140051,864691135468850514,1
864691135838231187,864691135474016562,1
864691135838494867,864691135468948364,1
864691135838494867,864691135469157970,1
864691135838494867,864691135469896274,2
864691135838494867,864691135472378930,1
864691135838648467,864691135469955154,1
864691135839072915,864691135468251276,1
864691135839272851,864691135468586636,1
864691135839418259,864691135474016562,1
864691135839577235,864691135469339474,1
864691135839577235,864691135469896332,1
864691135839593363,864691135473659186,1
864691135839630227,864691135468480908,1
864691135839630227,864691135469157970,1
864691135839753363,864691135469329804,1
864691135839950227,864691135469346188,1
864691135839984531,864691135472913970,1
864691135839999379,864691135469928332,1
864691135840082835,864691135470700626,1
864691135841083619,864691135468412498,1
864691135841307619,864691135469896332,1
864691135841410787,864691135468547724,2
864691135841483235,864691135467800204,1
864691135841658851,864691135468412498,1
864691135841674723,864691135469588306,1
864691135841930211,864691135470217298,1
864691135841941219,864691135472792626,3
864691135841977315,864691135468922962,1
864691135842125027,864691135470700626,1
864691135842153187,864691135468941394,1
864691135842153187,864691135468992338,1
864691135842153187,864691135469896332,1
864691135842153187,864691135473265714,1
864691135842670819,864691135470700626,1
864691135842673379,864691135470895186,1
864691135842920419,864691135468948364,1
864691135842920419,864691135469062738,2
864691135842920419,864691135469157970,1
864691135842920419,864691135469845388,1
864691135842920419,864691135469955154,2
864691135842920419,864691135473517874,1
864691135843077603,864691135470942290,1
864691135843118051,864691135468305036,1
864691135843118051,864691135469257042,1
864691135843118051,864691135470966354,1
864691135843242211,864691135469339474,1
864691135843242211,864691135472378930,1
864691135843338979,864691135467800204,2
864691135843338979,864691135469346188,1
864691135847931998,864691135472972594,1
864691135847931998,864691135472997682,1
864691135847936862,864691135472858418,1
864691135847940446,864691135468544396,1
864691135847984478,864691135472792626,2
864691135847994462,864691135468412498,1
864691135848300382,864691135472741170,2
864691135848306526,864691135469157970,1
864691135848306526,864691135470966354,1
864691135848308830,864691135472378930,1
864691135848359006,864691135469736076,1
864691135848646750,864691135468992338,1
864691135848671582,864691135469077330,1
864691135848723294,864691135473409074,1
864691135848735326,864691135467575436,1
864691135848766558,864691135472858418,1
864691135848803422,864691135468992338,1
864691135848854622,864691135468586636,1
864691135849078622,864691135469087570,1
864691135849261662,864691135467941260,1
864691135849261662,864691135470700626,2
864691135849720670,864691135468547724,1
864691135849768798,864691135470700626,1
864691135849931358,864691135472716338,1
864691135849931358,864691135472997938,1
864691135850134878,864691135469157970,1
864691135850159966,864691135469329804,1
864691135850427079,864691135469590457,1
864691135850428871,864691135469329804,1
864691135850466247,864691135468550540,1
864691135850466247,864691135469588306,1
864691135850986183,864691135468966994,1
864691135851002311,864691135472992050,1
864691135851025351,864691135468547724,1
864691135851044551,864691135470061394,1
864691135851044551,864691135472741170,1
864691135851470791,864691135468627026,1
864691135851470791,864691135468850514,1
864691135851606983,864691135469257042,1
864691135851754695,864691135468305036,1
864691135851754695,864691135468412498,1
864691135851754695,864691135468481874,1
864691135851823815,864691135468302220,1
864691135852138183,864691135468383116,1
864691135852138183,864691135469588306,1
864691135852168391,864691135470942290,1
864691135852548039,864691135468383116,1
864691135853034439,864691135472378930,1
864691135853204679,864691135468302220,1
864691135853355719,864691135468586636,1
864691135853382599,864691135469329804,2
864691135855556654,864691135468164178,1
864691135855556654,864691135469339474,1
864691135855629614,864691135469460876,1
864691135855649326,864691135469460876,1
864691135855659822,864691135468992338,1
864691135855660078,864691135472070450,1
864691135855692590,864691135472858418,4
864691135855710254,864691135468383116,1
864691135855890478,864691135470700626,1
864691135855890478,864691135472070450,1
864691135856370222,864691135468922962,1
864691135856580142,864691135473409074,1
864691135856735534,864691135467575436,1
864691135856788270,864691135468863826,1
864691135856788270,864691135468992338,1
864691135856806190,864691135468948364,1
864691135857327918,864691135468966994,1
864691135857450030,864691135468302220,6
864691135857450030,864691135468412498,5
864691135857647406,864691135472070450,1
864691135857834542,864691135470700626,1
864691135857881390,864691135469736076,1
864691135857942574,864691135473409074,1
864691135857976366,864691135472972594,1
864691135858007854,864691135467800204,1
864691135858007854,864691135470217298,1
864691135858009390,864691135469460876,1
864691135858216494,864691135470783218,1
864691135858282030,864691135469845388,5
864691135858282030,864691135469928332,1
864691135858282030,864691135470895186,1
864691135858282030,864691135470942290,9
864691135858282030,864691135473084210,1
864691135858282030,864691135474015026,1
864691135858298670,864691135469588306,2
864691135858298670,864691135469928332,1
864691135858354990,864691135468922962,1
864691135858363694,864691135468922962,1
864691135858363694,864691135470700626,4
864691135858363694,864691135470942290,1
864691135858395950,864691135473084210,1
864691135858491438,864691135468251276,1
864691135858491438,864691135468356236,1
864691135858491438,864691135468364940,1
864691135858491438,864691135469004882,1
864691135858491438,864691135469157970,5
864691135858491438,864691135469329804,1
864691135858491438,864691135469460876,1
864691135858491438,864691135469588306,1
864691135858491438,864691135470700626,1
864691135858491438,864691135470966354,1
864691135858491438,864691135472378930,1
864691135858491438,864691135472858418,4
864691135858491438,864691135472889650,1
864691135858491438,864691135472988722,1
864691135858491438,864691135472997682,1
864691135858491438,864691135473517874,1
864691135858491438,864691135473659186,1
864691135858626606,864691135468652428,1
864691135858626606,864691135469346188,1
864691135858626606,864691135469845388,2
864691135858626606,864691135470700626,2
864691135858641454,864691135470942290,1
864691135858697064,864691135472817970,1
864691135858963048,864691135468647250,1
864691135858963048,864691135472818226,1
864691135859005288,864691135468481874,1
864691135859420264,864691135468627026,1
864691135859642472,864691135472691762,1
864691135859643752,864691135468547724,1
864691135859698024,864691135472962610,1
864691135859703400,864691135469588306,1
864691135860116584,864691135468412498,1
864691135860119912,864691135472741170,2
864691135860215400,864691135469257042,1
864691135860215400,864691135469460876,3
864691135860515432,864691135473659186,1
864691135860743016,864691135470217298,1
864691135860948072,864691135468251276,2
864691135864066430,864691135469257042,1
864691135864083326,864691135468305036,1
864691135864090238,864691135470700626,1
864691135864347518,864691135472858418,2
864691135864349310,864691135473517874,1
864691135864448894,864691135472716338,1
864691135864504446,864691135468547724,1
864691135864674780,864691135468356236,1
864691135864676572,864691135470217298,1
864691135864699612,864691135468481874,1
864691135864728028,864691135472792626,2
864691135864731868,864691135472741170,1
864691135864739804,864691135469896332,1
864691135864739804,864691135472692786,1
864691135864748252,864691135469773906,2
864691135864755932,864691135474016562,1
864691135864851838,864691135473659186,1
864691135864857214,864691135469460876,1
864691135864857214,864691135470966354,1
864691135864935038,864691135472378930,1
864691135864969854,864691135468647250,2
864691135864977022,864691135467896204,2
864691135864978814,864691135468305036,1
864691135864978814,864691135469257042,1
864691135864981118,864691135469588306,1
864691135864981118,864691135472880178,1
864691135864981118,864691135472913970,4
864691135864985564,864691135469445202,1
864691135864985564,864691135472997682,1
864691135865090524,864691135469460876,1
864691135865119708,864691135472070450,1
864691135865163134,864691135468966994,1
864691135865214590,864691135467575436,1
864691135865214590,864691135468992338,1
864691135865231230,864691135470061394,1
864691135865377500,864691135469588306,2
864691135865489029,864691135468356236,1
864691135865489285,864691135468383116,1
864691135865535877,864691135468547724,1
864691135865543557,864691135468302220,1
864691135865543557,864691135468431244,1
864691135865543557,864691135468481874,1
864691135865543557,864691135469004882,1
864691135865544325,864691135468647250,9
864691135865545349,864691135468305036,1
864691135865553285,864691135470700626,1
864691135865558149,864691135468992338,1
864691135865562757,864691135467575436,1
864691135865570949,864691135472972594,1
864691135865576069,864691135472050994,1
864691135865576837,864691135472741170,1
864691135865579909,864691135472913970,1
864691135865580933,864691135472792626,1
864691135865596549,864691135470783218,1
864691135865597829,864691135468850514,2
864691135865597829,864691135468992338,1
864691135865600389,864691135472792626,1
864691135865611909,864691135473268786,1
864691135865612421,864691135468544396,1
864691135865628892,864691135469329804,1
864691135865681116,864691135468431244,2
864691135865681116,864691135472962610,4
864691135865687772,864691135468544396,1
864691135865689052,864691135468431244,2
864691135865689052,864691135473186610,1
864691135865700572,864691135470966354,1
864691135865700572,864691135473517874,1
864691135865707228,864691135469004882,3
864691135865713372,864691135472716338,1
864691135865866110,864691135468481874,1
864691135865866110,864691135468547724,1
864691135865866110,864691135472962610,3
864691135865912965,864691135468412498,1
864691135865964158,864691135469460876,1
864691135865997957,864691135468481874,1
864691135866052572,864691135468544396,2
864691135866052572,864691135469080402,1
864691135866054620,864691135468544396,1
864691135866086021,864691135468481874,1
864691135866086021,864691135468547724,4
864691135866086021,864691135468966994,6
864691135866086021,864691135472962610,4
864691135866097285,864691135469339474,2
864691135866097285,864691135472070450,2
864691135866097285,864691135473265714,1
864691135866110428,864691135469004882,1
864691135866143964,864691135468302220,2
864691135866238684,864691135468966994,1
864691135866365462,864691135469329804,2
864691135866370326,864691135472070450,7
864691135866381590,864691135469087570,1
864691135866384150,864691135472818226,9
864691135866391004,864691135469928332,1
864691135866391004,864691135470783218,1
864691135866391004,864691135472421938,1
864691135866391004,864691135472889650,1
864691135866406782,864691135468547724,1
864691135866416150,864691135469928332,1
864691135866428694,864691135468627026,1
864691135866510206,864691135467575180,2
864691135866519004,864691135468547724,2
864691135866519004,864691135472962610,1
864691135866579333,864691135469157970,1
864691135866582661,864691135472792626,2
864691135866592389,864691135468050828,1
864691135866595973,864691135469588306,1
864691135866603653,864691135468305036,1
864691135866603653,864691135472972594,1
864691135866606469,864691135468431244,1
864691135866606469,864691135469062738,1
864691135866606469,864691135472997682,1
864691135866628478,864691135472692786,1
864691135866630876,864691135468050828,1
864691135866751196,864691135468992338,1
864691135866751870,864691135472716338,1
864691135866777989,864691135468412498,3
864691135866879365,864691135472997682,1
864691135866930652,864691135469087570,1
864691135866945244,864691135469928332,1
864691135866965886,864691135469329804,2
864691135866965886,864691135470700626,1
864691135866975708,864691135473084210,1
864691135866975708,864691135474015026,1
864691135866987740,864691135468922962,1
864691135866987740,864691135470942290,1
864691135866987798,864691135468922962,1
864691135866992860,864691135469588306,1
864691135867002750,864691135469329804,1
864691135867002750,864691135470895186,1
864691135867022300,864691135470783218,2
864691135867033726,864691135470895186,1
864691135867033726,864691135470942290,4
864691135867033726,864691135473659186,2
864691135867033982,864691135469329804,9
864691135867033982,864691135470700626,3
864691135867058140,864691135468948364,3
864691135867058140,864691135469955154,1
864691135867058140,864691135472889650,4
864691135867058140,864691135472997938,5
864691135867058140,864691135473517874,2
864691135867072534,864691135468948364,1
864691135867072534,864691135469928332,1
864691135867074012,864691135467800204,1
864691135867074012,864691135472716338,1
864691135867084677,864691135468992338,1
864691135867084677,864691135473084210,1
864691135867139205,864691135472716338,2
864691135867139205,864691135472913970,1
864691135867146117,864691135473659186,1
864691135867274006,864691135472378930,1
864691135867274006,864691135473659186,1
864691135867386390,864691135469896332,1
864691135867406102,864691135469773906,2
864691135867406102,864691135472880178,1
864691135867406102,864691135472913970,1
864691135867417366,864691135469928332,1
864691135867470614,864691135469588306,1
864691135867529861,864691135468586636,1
864691135867536406,864691135469736076,1
864691135867544342,864691135469896332,1
864691135867546390,864691135468550540,2
864691135867546390,864691135469588306,1
864691135867551365,864691135468251276,1
864691135867625238,864691135472992050,2
864691135867649046,864691135468481874,1
864691135867649046,864691135468547724,5
864691135867666053,864691135472070450,1
864691135867799318,864691135472817970,1
864691135867802646,864691135472716338,1
864691135867966230,864691135472880178,1
864691135867970070,864691135469460876,1
864691135868025878,864691135468966994,1
864691135868043397,864691135467575180,1
864691135868060950,864691135470942290,1
864691135868075141,864691135468586636,1
864691135868145174,864691135472070450,1
864691135868169349,864691135470942290,1
864691135868169349,864691135470966354,1
864691135868205701,864691135470700626,1
864691135868210454,864691135469257042,1
864691135868228630,864691135470217298,1
864691135868679446,864691135469329804,1
864691135868684566,864691135469928332,1
864691135869214230,864691135468966994,1
864691135869457430,864691135469599884,1
864691135869457430,864691135469845388,9
864691135869457430,864691135470700626,1
864691135869457430,864691135470895186,5
864691135869509142,864691135472880178,1
864691135869671190,864691135469845388,1
864691135873603982,864691135468544396,1
864691135873610382,864691135468550540,1
864691135873610382,864691135469062738,1
864691135873610382,864691135469080402,2
864691135873610382,864691135472691762,2
864691135873610382,864691135472972594,1
864691135873610382,864691135472997682,1
864691135873616782,864691135470700626,1
864691135873617038,864691135469329804,1
864691135873632142,864691135468447884,1
864691135873633166,864691135468412498,1
864691135873644430,864691135472988722,1
864691135873822606,864691135468966994,1
864691135874294926,864691135472692786,1
864691135874320270,864691135472692786,5
864691135874331278,864691135470061394,1
864691135874389902,864691135474015026,1
864691135874393998,864691135468757586,1
864691135874488718,864691135468850514,1
864691135874668942,864691135469339474,1
864691135874782350,864691135469339474,1
864691135874861454,864691135468356236,1
864691135874935182,864691135469157970,1
864691135875065998,864691135472378930,6
864691135875081614,864691135469588306,1
864691135875081614,864691135472913970,1
864691135875184014,864691135472913970,1
864691135875402126,864691135468586636,2
864691135875402126,864691135469087570,1
864691135875569550,864691135468922962,1
864691135875569550,864691135473659186,1
864691135875673998,864691135473659186,1
864691135875762062,864691135472817970,1
864691135875863950,864691135470895186,1
864691135875964814,864691135468302220,1
864691135875965523,864691135469080402,1
864691135875976275,864691135469955154,1
864691135875980371,864691135469257042,1
864691135876004947,864691135468550540,1
864691135876040078,864691135467896204,1
864691135876040078,864691135469329804,1
864691135876040078,864691135470895186,1
864691135876040078,864691135472378930,1
864691135876040078,864691135473659186,2
864691135876099726,864691135469087570,1
864691135876105614,864691135472378930,2
864691135876161619,864691135473659186,2
864691135876446803,864691135470966354,2
864691135876446803,864691135472716338,1
864691135876662867,864691135468431244,2
864691135876685907,864691135468757586,1
864691135876853331,864691135468547724,1
864691135876935251,864691135469004882,2
864691135876937555,864691135468302220,1
864691135876953171,864691135468383116,1
864691135877099603,864691135468992338,1
864691135877099603,864691135472692786,1
864691135877398355,864691135472972594,2
864691135877606483,864691135473659186,1
864691135877955667,864691135468922962,1
864691135878047571,864691135469257042,2
864691135878047571,864691135473409074,1
864691135878577235,864691135469087570,1
864691135878665811,864691135468586636,3
864691135878665811,864691135469845388,1
864691135878665811,864691135470895186,1
864691135878707795,864691135472880178,2
864691135878729811,864691135467575436,1
864691135878780499,864691135467575436,1
864691135878780499,864691135470700626,1
864691135878780499,864691135472337970,1
864691135883844976,864691135469004882,1
864691135883861616,864691135470700626,1
864691135883880304,864691135468412498,1
864691135883898736,864691135468550540,1
864691135884346480,864691135468547724,2
864691135884604272,864691135472972594,1
864691135884804208,864691135469588306,1
864691135884807792,864691135472818226,1
864691135884833392,864691135472880178,2
864691135884871792,864691135469062738,1
864691135884882032,864691135470700626,1
864691135884882288,864691135468547724,1
864691135884890992,864691135472817970,1
864691135884897392,864691135468550540,1
864691135885194352,864691135468412498,10
864691135885194352,864691135472913970,1
864691135885221488,864691135468412498,1
864691135885572208,864691135468364940,1
864691135885572208,864691135472691762,1
864691135885572208,864691135472889650,1
864691135885572208,864691135472972594,1
864691135885572208,864691135472997938,3
864691135885674352,864691135469087570,1
864691135885674352,864691135469346188,1
864691135885674352,864691135470700626,1
864691135885674352,864691135474016562,1
864691135885764464,864691135473659186,8
864691135886293872,864691135468850514,6
864691135886293872,864691135468992338,1
864691135886293872,864691135472692786,5
864691135886345072,864691135467575180,1
864691135886345072,864691135469346188,2
864691135886345072,864691135469845388,4
864691135886345072,864691135470700626,1
864691135886345072,864691135470966354,5
864691135886345072,864691135473409074,1
864691135886415472,864691135469339474,1
864691135886415472,864691135470700626,1
864691135888483977,864691135468383116,1
864691135888484233,864691135470700626,1
864691135888486537,864691135474016562,1
864691135888489865,864691135472817970,1
864691135888510345,864691135468966994,1
864691135888514697,864691135468850514,2
864691135888531849,864691135470700626,1
864691135888577417,864691135467575436,1
864691135888684425,864691135468992338,1
864691135888841097,864691135469004882,1
864691135888905865,864691135469257042,1
864691135888905865,864691135470783218,1
864691135888907913,864691135469736076,1
864691135888983689,864691135468547724,2
864691135889044873,864691135472741170,1
864691135889283465,864691135468302220,1
864691135889283465,864691135468431244,1
864691135889307273,864691135472716338,1
864691135889424265,864691135469896332,1
864691135889893769,864691135468431244,1
864691135889893769,864691135469004882,1
864691135890079369,864691135472997938,1
864691135890141321,864691135472692786,2
864691135890197385,864691135469736076,1
864691135890197385,864691135470700626,1
864691135890229129,864691135470895186,1
864691135890472073,864691135469445202,1
864691135890582665,864691135468302220,1
864691135890695049,864691135468922962,1
864691135890726025,864691135473517874,1
864691135890781577,864691135472988722,1
864691135891022473,864691135468544396,1
864691135891510153,864691135468922962,1
864691135891510153,864691135469329804,1
864691135891719305,864691135468992338,1
864691135891719305,864691135472070450,2
864691135891719305,864691135473265714,1
864691135891874185,864691135472792626,1
864691135892006537,864691135470217298,1
864691135892048777,864691135470700626,1
864691135892234633,864691135470966354,1
864691135892319113,864691135469329804,1
864691135892415881,864691135472988722,1
864691135892441225,864691135468922962,1
864691135892441225,864691135469896332,1
864691135897254366,864691135468320396,1
864691135909762217,864691135468412498,1
864691135909770665,864691135468941394,1
864691135909770665,864691135469896332,1
864691135910217641,864691135472962610,1
864691135910465449,864691135472070450,1
864691135910560681,864691135467896204,1
864691135910616489,864691135468547724,1
864691135910676137,864691135468966994,1
864691135910690729,864691135472962610,1
864691135910871465,864691135472741170,2
864691135911384489,864691135469329804,1
864691135911433897,864691135469588306,1
864691135911505833,864691135469329804,1
864691135911903401,864691135472988722,1
864691135911939497,864691135468966994,1
864691135911939497,864691135469257042,1
864691135912055977,864691135468586636,1
864691135912055977,864691135468948364,1
864691135912055977,864691135473268786,1
864691135912114089,864691135467800204,1
864691135912195497,864691135468922962,1
864691135912195497,864691135472070450,1
864691135912195497,864691135472378930,2
864691135912275881,864691135470700626,1
864691135912293289,864691135470700626,2
864691135912293289,864691135472692786,1
864691135912356777,864691135470061394,1
864691135915191910,864691135467553164,1
864691135915191910,864691135468850514,1
864691135915343462,864691135472972594,1
864691135915467622,864691135468547724,1
864691135915467622,864691135472962610,1
864691135915636326,864691135472889650,1
864691135915894118,864691135470700626,1
864691135916041574,864691135473084210,1
864691135916052070,864691135472716338,1
864691135916117606,864691135468992338,1
864691135916240998,864691135468647250,1
864691135916561510,864691135469460876,4
864691135916576614,864691135468302220,1
864691135916576614,864691135472741170,1
864691135916576614,864691135472962610,1
864691135916676198,864691135470061394,1
864691135916813414,864691135468412498,1
864691135916925030,864691135472997938,1
864691135916925030,864691135473517874,1
864691135917381990,864691135469896274,3
864691135917535590,864691135469599884,1
864691135917610598,864691135473517874,1
864691135917664358,864691135472972594,1
864691135918311600,864691135474016562,1
864691135918315184,864691135468302220,1
864691135918334164,864691135472858418,1
864691135918342064,864691135468480908,1
864691135918598832,864691135472962610,1
864691135918652336,864691135468412498,2
864691135919069872,864691135468302220,1
864691135919104176,864691135467941260,1
864691135919356592,864691135472962610,3
864691135919406768,864691135468586636,3
864691135919407536,864691135472792626,1
864691135919585456,864691135469087570,1
864691135919585456,864691135470700626,1
864691135919601072,864691135469004882,1
864691135919720624,864691135468412498,1
864691135919901616,864691135468480908,4
864691135920136624,864691135469346188,1
864691135920254128,864691135467575180,1
864691135920348592,864691135472988722,1
864691135920380080,864691135469257042,1
864691135920492976,864691135467575180,1
864691135920492976,864691135468480908,2
864691135920492976,864691135468948364,1
864691135920492976,864691135469460876,2
864691135920492976,864691135473517874,3
864691135920755120,864691135472817970,1
864691135920755120,864691135473268786,1
864691135920894128,864691135469346188,2
864691135920894128,864691135469736076,1
864691135920894128,864691135472378930,3
864691135920930224,864691135468364940,1
864691135920930224,864691135469062738,1
864691135920930224,864691135469080402,1
864691135920930224,864691135469736076,1
864691135920930224,864691135472378930,1
864691135920930224,864691135472716338,1
864691135920930224,864691135473517874,13
864691135925014275,864691135469077330,1
864691135925517838,864691135469329804,1
864691135925524750,864691135469257042,1
864691135925922062,864691135470061394,1
864691135926067214,864691135468481874,1
864691135926129166,864691135469329804,1
864691135926304468,864691135472070450,1
864691135926313428,864691135469773906,1
864691135926314964,864691135469955154,1
864691135926321108,864691135473517874,1
864691135926465806,864691135474016562,1
864691135926488590,864691135468966994,1
864691135926752270,864691135468966994,1
864691135926752270,864691135469773906,1
864691135926950158,864691135468547724,1
864691135927046158,864691135468302220,1
864691135927127508,864691135472070450,1
864691135927224846,864691135468302220,5
864691135927224846,864691135468305036,4
864691135927224846,864691135469588306,1
864691135927325908,864691135468412498,1
864691135927325908,864691135469588306,1
864691135927325908,864691135472972594,1
864691135927329236,864691135468992338,1
864691135927361236,864691135468966994,1
864691135927361236,864691135472962610,1
864691135927372244,864691135468481874,1
864691135927372756,864691135468412498,1
864691135927408398,864691135472997682,1
864691135927468756,864691135468356236,2
864691135927468756,864691135472889650,1
864691135927523796,864691135468966994,2
864691135927647700,864691135473517874,1
864691135927651540,864691135467896204,1
864691135927750100,864691135468302220,1
864691135927750100,864691135468647250,1
864691135927750100,864691135469588306,1
864691135927774734,864691135469773906,1
864691135927925460,864691135469329804,1
864691135927984852,864691135469588306,1
864691135927995662,864691135468356236,1
864691135927995662,864691135469346188,1
864691135927995662,864691135470217298,1
864691135928151310,864691135468948364,1
864691135928151310,864691135469599884,1
864691135928366292,864691135470700626,4
864691135928376590,864691135469339474,1
864691135928420622,864691135470700626,1
864691135928839892,864691135470700626,2
864691135928839892,864691135472692786,1
864691135929158612,864691135469896332,2
864691135929206740,864691135469896332,1
864691135929207508,864691135467800204,2
864691135929207508,864691135468356236,1
864691135929207508,864691135468364940,2
864691135929207508,864691135469599884,1
864691135929207508,864691135472889650,1
864691135929680131,864691135472792626,1
864691135935006305,864691135468050828,1
864691135937193220,864691135472962610,1
864691135937215492,864691135468412498,1
864691135937353525,864691135472858418,1
864691135937362485,864691135468412498,1
864691135937362997,864691135468447884,1
864691135937372213,864691135468948364,1
864691135937375541,864691135468547724,1
864691135937402884,864691135472880178,1
864691135937402884,864691135472913970,1
864691135937403701,864691135470217298,2
864691135937404725,864691135472880178,1
864691135937409333,864691135473409074,1
864691135937410869,864691135468305036,1
864691135937411381,864691135468966994,1
864691135937547780,864691135467575180,1
864691135937595396,864691135469588306,1
864691135937654276,864691135468966994,1
864691135937654276,864691135469955154,1
864691135937654276,864691135472972594,4
864691135937855285,864691135467800204,1
864691135937892661,864691135467800204,1
864691135937904693,864691135472997682,1
864691135938002948,864691135472692786,1
864691135938066180,864691135468992338,1
864691135938071556,864691135472913970,1
864691135938177540,864691135472716338,1
864691135938220341,864691135469157970,1
864691135938238980,864691135469077330,2
864691135938268725,864691135468863826,1
864691135938268725,864691135472692786,1
864691135938277380,864691135472880178,1
864691135938308917,864691135468547724,1
864691135938384693,864691135468552588,1
864691135938397188,864691135468305036,1
864691135938404356,864691135467575436,1
864691135938430980,864691135468305036,2
864691135938430980,864691135468966994,18
864691135938467844,864691135468364940,1
864691135938467844,864691135468948364,2
864691135938467844,864691135469955154,1
864691135938467844,864691135472889650,4
864691135938467844,864691135472997938,1
864691135938467844,864691135473517874,2
864691135938474037,864691135469062738,1
864691135938484789,864691135472858418,1
864691135938497796,864691135470217298,1
864691135938509060,864691135469588306,2
864691135938614069,864691135469928332,1
864691135938614069,864691135472716338,1
864691135938721333,864691135469257042,1
864691135938797316,864691135472962610,5
864691135938804996,864691135472692786,1
864691135938997252,864691135468863826,1
864691135939008565,864691135468922962,1
864691135939072004,864691135468850514,1
864691135939072004,864691135470700626,1
864691135939103285,864691135472997938,1
864691135939179524,864691135467575436,1
864691135939179524,864691135470217298,1
864691135939261441,864691135470700626,1
864691135939276545,864691135469339474,1
864691135939289345,864691135467896204,1
864691135939297537,864691135469077330,1
864691135939328257,864691135470783218,1
864691135939329537,864691135469004882,1
864691135939350529,864691135468412498,1
864691135939351553,864691135472792626,2
864691135939355905,864691135468966994,1
864691135939395329,864691135472337970,1
864691135939409665,864691135468757586,1
864691135939423745,864691135469460876,1
864691135939469569,864691135468302220,1
864691135939492356,864691135472378930,1
864691135939493685,864691135473659186,1
864691135939499524,864691135469080402,1
864691135939499524,864691135469928332,1
864691135939555585,864691135468305036,1
864691135939592196,864691135469736076,1
864691135939604533,864691135468992338,1
864691135939612420,864691135467575180,1
864691135939633830,864691135472817970,1
864691135939638438,864691135468383116,2
864691135939638694,864691135468627026,1
864691135939641766,864691135469845388,1
864691135939645444,864691135468431244,1
864691135939645444,864691135468480908,1
864691135939645444,864691135468547724,1
864691135939645444,864691135469157970,1
864691135939645444,864691135472691762,1
864691135939645444,864691135472962610,1
864691135939658918,864691135469062738,1
864691135939658918,864691135469955154,1
864691135939660710,864691135468560524,1
864691135939661313,864691135472913970,1
864691135939669414,864691135468431244,1
864691135939704580,864691135468922962,1
864691135939704580,864691135470700626,1
864691135939704580,864691135473659186,1
864691135939758133,864691135470061394,3
864691135939801345,864691135472913970,1
864691135939814822,864691135472880178,1
864691135939871541,864691135469928332,1
864691135939975169,864691135468251276,1
864691135940027558,864691135468560524,1
864691135940086325,864691135468863826,1
864691135940086325,864691135468922962,1
864691135940086325,864691135469896332,5
864691135940086325,864691135472692786,2
864691135940123445,864691135473517874,1
864691135940128934,864691135468412498,1
864691135940289025,864691135472716338,1
864691135940346534,864691135473186610,1
864691135940530598,864691135472988722,1
864691135940595878,864691135468302220,1
864691135940606630,864691135468948364,1
864691135940608422,864691135468850514,1
864691135940616358,864691135468647250,1
864691135940616358,864691135472972594,1
864691135940620966,864691135473409074,1
864691135940631718,864691135468447884,1
864691135940895398,864691135468431244,1
864691135941039361,864691135468966994,1
864691135941039361,864691135472962610,2
864691135941088422,864691135469736076,1
864691135941088422,864691135470895186,1
864691135941108596,864691135468850514,2
864691135941122676,864691135472337970,1
864691135941130662,864691135472913970,1
864691135941163636,864691135472337970,1
864691135941164916,864691135468863826,1
864691135941171828,864691135469896332,2
864691135941185652,864691135472378930,2
864691135941189236,864691135467800204,1
864691135941233524,864691135468383116,1
864691135941277044,864691135468966994,1
864691135941282470,864691135468586636,1
864691135941303462,864691135469329804,1
864691135941421478,864691135468850514,1
864691135941441652,864691135472913970,1
864691135941530369,864691135470700626,1
864691135941569140,864691135469077330,5
864691135941655974,864691135468850514,6
864691135941708033,864691135468948364,1
864691135941708033,864691135469955154,1
864691135941749364,864691135468966994,1
864691135941752180,864691135468966994,2
864691135941800449,864691135468302220,1
864691135941851393,864691135468364940,1
864691135941885697,864691135468922962,1
864691135941885697,864691135470700626,1
864691135941899777,864691135468480908,5
864691135941899777,864691135469080402,1
864691135941899777,864691135469460876,3
864691135941899777,864691135472691762,2
864691135941899777,864691135472972594,4
864691135941904385,864691135467941260,2
864691135941956468,864691135468966994,1
864691135941993894,864691135470700626,1
864691135942007297,864691135472716338,1
864691135942044929,864691135469896274,1
864691135942055284,864691135472962610,1
864691135942055590,864691135467800204,1
864691135942056358,864691135470217298,1
864691135942063220,864691135467941260,1
864691135942112628,864691135468627026,1
864691135942133108,864691135468547724,2
864691135942133108,864691135468966994,2
864691135942133108,864691135469004882,1
864691135942133108,864691135472962610,1
864691135942133364,864691135472913970,1
864691135942144628,864691135468948364,1
864691135942163201,864691135470942290,1
864691135942345588,864691135473186610,1
864691135942402676,864691135468412498,1
864691135942417153,864691135472070450,1
864691135942500980,864691135468320396,1
864691135942611316,864691135470700626,1
864691135942794868,864691135469955154,1
864691135942796916,864691135469087570,1
864691135943566964,864691135468948364,1
864691135943566964,864691135469955154,1
864691135943566964,864691135472691762,4
864691135943566964,864691135472818226,2
864691135943566964,864691135472972594,1
864691135943566964,864691135472997682,3
864691135943622772,864691135469736076,1
864691135943623284,864691135468922962,1
864691135943820916,864691135468586636,1
864691135943820916,864691135469339474,1
864691135943826548,864691135470217298,1
864691135943896692,864691135468364940,1
864691135943896692,864691135473517874,1
864691135943913332,864691135468922962,2
864691135944005748,864691135468992338,1
864691135944010356,864691135468586636,1
864691135944010356,864691135469087570,1
864691135944010356,864691135469329804,8
864691135944010356,864691135469928332,1
864691135944010356,864691135470700626,4
864691135945234378,864691135468305036,1
864691135945371172,864691135469896274,1
864691135945379620,864691135468850514,2
864691135945406756,864691135468948364,1
864691135945433636,864691135467560844,1
864691135945443876,864691135469077330,1
864691135945453860,864691135468412498,1
864691135945461540,864691135468966994,1
864691135945478436,864691135468412498,1
864691135945487396,864691135468966994,1
864691135945513508,864691135467575436,1
864691135945904676,864691135472889650,1
864691135945931556,864691135472997938,1
864691135945951780,864691135468383116,1
864691135945964580,864691135470783218,1
864691135946262564,864691135468431244,1
864691135946285604,864691135474016562,1
864691135946299428,864691135473084210,2
864691135946339876,864691135468305036,1
864691135946393124,864691135473186610,1
864691135946585380,864691135468850514,1
864691135946616612,864691135470061394,1
864691135946639969,864691135474015026,1
864691135946642017,864691135469588306,2
864691135946645857,864691135470966354,1
864691135946645857,864691135472716338,1
864691135946647905,864691135468550540,1
864691135946671457,864691135469004882,1
864691135946679137,864691135472070450,1
864691135946689889,864691135473659186,1
864691135946699617,864691135469599884,1
864691135946994785,864691135469599884,1
864691135946994785,864691135470217298,1
864691135947145252,864691135472716338,2
864691135947145252,864691135473409074,1
864691135947146532,864691135468586636,1
864691135947158308,864691135468431244,2
864691135947158308,864691135468966994,1
864691135947175265,864691135469257042,2
864691135947191332,864691135472962610,1
864691135947292001,864691135468302220,1
864691135947509601,864691135467575436,1
864691135947617121,864691135467575436,1
864691135947626081,864691135469157970,1
864691135947626081,864691135469896274,2
864691135947626593,864691135472913970,3
864691135947650340,864691135468992338,1
864691135947653412,864691135469845388,2
864691135947653412,864691135473084210,2
864691135947749729,864691135470966354,2
864691135947773281,864691135469329804,1
864691135947787556,864691135470783218,2
864691135947805988,864691135468383116,1
864691135947816484,864691135472988722,1
864691135947819300,864691135469087570,1
864691135947889249,864691135473659186,1
864691135948010081,864691135469928332,2
864691135948382305,864691135467575436,1
864691135948415012,864691135473084210,1
864691135948446756,864691135468850514,1
864691135948458532,864691135472716338,1
864691135948462433,864691135468305036,1
864691135948617313,864691135468966994,1
864691135948814433,864691135473659186,1
864691135948907617,864691135472691762,1
864691135948962401,864691135469955154,1
864691135948962401,864691135470942290,1
864691135949030753,864691135470700626,4
864691135949041249,864691135472716338,1
864691135949056097,864691135470700626,1
864691135949056353,864691135467575180,1
864691135949111649,864691135472692786,1
864691135949112417,864691135467800204,1
864691135949112417,864691135469845388,2
864691135949112417,864691135470942290,3
864691135951971875,864691135468627026,3
864691135951980835,864691135470061394,1
864691135951998755,864691135468305036,2
864691135952010019,864691135468412498,1
864691135952215075,864691135472716338,1
864691135952843555,864691135468992338,1
864691135952858403,864691135468850514,1
864691135952860963,864691135472716338,1
864691135952917539,864691135468966994,2
864691135952917539,864691135472962610,5
864691135952936995,864691135468481874,4
864691135952936995,864691135469077330,1
864691135952952355,864691135468305036,1
864691135952952355,864691135468480908,3
864691135952952355,864691135469257042,1
864691135952952355,864691135469460876,2
864691135952952355,864691135470966354,1
864691135952952355,864691135472691762,3
864691135952952355,864691135472972594,1
864691135953110819,864691135469346188,1
864691135953110819,864691135472988722,1
864691135953110819,864691135474016562,2
864691135953233443,864691135469329804,1
864691135953666339,864691135472792626,1
864691135953712419,864691135470700626,1
864691135953761544,864691135473409074,2
864691135953762824,864691135470966354,1
864691135953771528,864691135472992050,1
864691135953853475,864691135469257042,1
864691135954133000,864691135469896274,1
864691135954194952,864691135472691762,1
864691135954393891,864691135474016562,1
864691135954443016,864691135468948364,1
864691135954537736,864691135474016562,1
864691135954637347,864691135472817970,1
864691135954640675,864691135470966354,1
864691135954665480,864691135468550540,1
864691135954665480,864691135468647250,2
864691135954699299,864691135468586636,6
864691135954699299,864691135468948364,2
864691135954699299,864691135469080402,1
864691135954699299,864691135470942290,1
864691135954699299,864691135474015026,3
864691135954729480,864691135468447884,1
864691135954746632,864691135472818226,1
864691135954767624,864691135474015026,1
864691135954769443,864691135469845388,1
864691135954769443,864691135470942290,1
864691135954792712,864691135468627026,1
864691135954792712,864691135468850514,2
864691135954795272,864691135469077330,2
864691135954844963,864691135468850514,3
864691135954844963,864691135472692786,2
864691135954937864,864691135470700626,1
864691135954961928,864691135469588306,7
864691135954961928,864691135472913970,1
864691135954982152,864691135472716338,1
864691135955148040,864691135468320396,1
864691135955262472,864691135469845388,3
864691135955262472,864691135470895186,2
864691135955268616,864691135468544396,2
864691135955268616,864691135472997682,1
864691135955268616,864691135473186610,2
864691135955320328,864691135469955154,1
864691135955398664,864691135470966354,1
864691135955574536,864691135472692786,1
864691135955707144,864691135468412498,1
864691135955912456,864691135470700626,1
864691135955919880,864691135468922962,6
864691135955919880,864691135469736076,1
864691135955919880,864691135469845388,1
864691135955919880,864691135473659186,4
864691135955954696,864691135469329804,7
864691135956014856,864691135470700626,1
864691135960960714,864691135472962610,1
864691135964837066,864691135468547724,3
864691135965047754,864691135468302220,1
864691135965047754,864691135468431244,1
864691135965047754,864691135469004882,1
864691135968868453,864691135469329804,1
864691135968897637,864691135469588306,1
864691135968914533,864691135467553164,1
864691135968926309,864691135470700626,1
864691135968928357,864691135469928332,1
864691135969368677,864691135472858418,1
864691135969423717,864691135469896274,1
864691135969423717,864691135473186610,1
864691135969582181,864691135468941394,1
864691135969582181,864691135472070450,2
864691135969636197,864691135472337970,1
864691135969735013,864691135472962610,1
864691135969778277,864691135472858418,1
864691135969785189,864691135468544396,1
864691135969845861,864691135472889650,1
864691135969921893,864691135467553164,1
864691135970175333,864691135469773906,1
864691135970376138,864691135467896204,1
864691135970376138,864691135468550540,1
864691135970376138,864691135472818226,1
864691135970916453,864691135472378930,5
864691135971154021,864691135472070450,1
864691135971154021,864691135472692786,1
864691135971252837,864691135468922962,1
864691135971252837,864691135469845388,1
864691135971252837,864691135470700626,1
864691135971252837,864691135470942290,1
864691135971252837,864691135472378930,1
864691135971552101,864691135473409074,1
864691135971725157,864691135468922962,1
864691135971725157,864691135469346188,1
864691135971725157,864691135470700626,2
864691135974430063,864691135472741170,1
864691135974434159,864691135470217298,1
864691135974785903,864691135472972594,2
864691135974857583,864691135468547724,1
864691135974857583,864691135468966994,1
864691135974870383,864691135469157970,1
864691135974871919,864691135468547724,1
864691135974883183,864691135469157970,1
864691135974883183,864691135469955154,1
864691135975438147,864691135472858418,2
864691135975453807,864691135468948364,1
864691135975475011,864691135469773906,1
864691135975476291,864691135470966354,1
864691135975539779,864691135469004882,2
864691135975539779,864691135472741170,1
864691135975639107,864691135468412498,1
864691135975739203,864691135470966354,1
864691135975764591,864691135468302220,1
864691135975777347,864691135470942290,1
864691135975822659,864691135472889650,1
864691135975850095,864691135469257042,2
864691135976163951,864691135468383116,1
864691135976212035,864691135472716338,1
864691135976241519,864691135468412498,1
864691135976343754,864691135468547724,1
864691135976343754,864691135469077330,1
864691135976343754,864691135472792626,1
864691135976425327,864691135469346188,1
864691135976425327,864691135469599884,1
864691135976472643,864691135468050828,1
864691135976518467,864691135472972594,1
864691135976563011,864691135468992338,1
864691135976616515,864691135469077330,2
864691135976621635,864691135468850514,1
864691135976714863,864691135470700626,1
864691135976759663,864691135469896332,2
864691135976759663,864691135472337970,1
864691135976813935,864691135472792626,4
864691135976984387,864691135469077330,1
864691135977114735,864691135469080402,1
864691135977134403,864691135468948364,1
864691135977151811,864691135469599884,1
864691135977151811,864691135469845388,1
864691135977309763,864691135468863826,1
864691135977342787,864691135469346188,1
864691135977542211,864691135470700626,1
864691135977768259,864691135468251276,4
864691135977768259,864691135469599884,1
864691135977768259,864691135469845388,2
864691135977768259,864691135470895186,4
864691135977768259,864691135470942290,2
864691135977888067,864691135470942290,1
864691135977888067,864691135473659186,1
864691135977925187,864691135469157970,4
864691135977925187,864691135469460876,1
864691135983638730,864691135469773906,1
864691135984521418,864691135468547724,1
864691135986210979,864691135469077330,4
864691135986887939,864691135472760370,1
864691135986894083,864691135472913970,1
864691135986896131,864691135467941260,1
864691135986905859,864691135469588306,1
864691135986916099,864691135468305036,4
864691135986930435,864691135469087570,1
864691135986937347,864691135469460876,3
864691135986937347,864691135470966354,1
864691135986937859,864691135468550540,1
864691135987766787,864691135469077330,1
864691135988021251,864691135472962610,2
864691135988026115,864691135472858418,1
864691135988029699,864691135472337970,1
864691135988289024,864691135473265714,1
864691135988292608,864691135472962610,2
864691135988343811,864691135469257042,1
864691135988412874,864691135472858418,1
864691135988438019,864691135469955154,1
864691135988438019,864691135472880178,1
864691135988468739,864691135469329804,1
864691135988755658,864691135472741170,1
864691135988766979,864691135468992338,1
864691135988800000,864691135470783218,1
864691135988814336,864691135470700626,1
864691135988824067,864691135468586636,1
864691135989017603,864691135467575436,1
864691135989080064,864691135472972594,1
864691135989246976,864691135472858418,1
864691135989272064,864691135468966994,1
864691135989297152,864691135468850514,1
864691135989297920,864691135468480908,1
864691135989332224,864691135470700626,1
864691135989344512,864691135468050828,1
864691135989344512,864691135469087570,2
864691135989344512,864691135469773906,1
864691135989372931,864691135469773906,1
864691135989386752,864691135469062738,1
864691135989573635,864691135468992338,1
864691135989573635,864691135472741170,1
864691135989591552,864691135469087570,1
864691135989699072,864691135472992050,1
864691135989717760,864691135472889650,1
864691135989729795,864691135472378930,1
864691135989739011,864691135468560524,1
864691135989739011,864691135473659186,1
864691135990093312,864691135473186610,1
864691135990277376,864691135473659186,2
864691135990452736,864691135470061394,1
864691135990793216,864691135468922962,1
864691135990851584,864691135468547724,3
864691135990890496,864691135469062738,2
864691135990890496,864691135469157970,5
864691135990890496,864691135469896274,2
864691135990890496,864691135469955154,3
864691135990890496,864691135472997938,1
864691135990916352,864691135470700626,1
864691135990972160,864691135470700626,1
864691135991049472,864691135468922962,1
864691135991049472,864691135472070450,1
864691135991162112,864691135469928332,1
864691135991162112,864691135473517874,1
864691135991171328,864691135469896332,1
864691135991171328,864691135472692786,2
864691135991197184,864691135469736076,1
864691135991197184,864691135470895186,1
864691135991221194,864691135468302220,1
864691135991481537,864691135467575436,1
864691135991500737,864691135472972594,1
864691135991502785,864691135468383116,1
864691135991502785,864691135469588306,1
864691135991502785,864691135469773906,1
864691135991502785,864691135472880178,1
864691135991502785,864691135472913970,2
864691135991504833,864691135468302220,1
864691135991510465,864691135468948364,1
864691135991652033,864691135468627026,1
864691135991740097,864691135472880178,1
864691135991801025,864691135468863826,1
864691135991801025,864691135468992338,1
864691135991879617,864691135468481874,1
864691135991879617,864691135468547724,1
864691135991879617,864691135472858418,2
864691135992312513,864691135470700626,1
864691135992463809,864691135473659186,1
864691135992477377,864691135469257042,1
864691135992784833,864691135470700626,1
864691135993113025,864691135470061394,1
864691135993333923,864691135468412498,1
864691135993403073,864691135468850514,1
864691135993698753,864691135468850514,1
864691135993698753,864691135468992338,1
864691135993698753,864691135469896332,1
864691135993739201,864691135473268786,1
864691135993787585,864691135468550540,1
864691135993787585,864691135468586636,1
864691135993787585,864691135472913970,8
864691135993787585,864691135473268786,8
864691135993807297,864691135468547724,1
864691135993815489,864691135469445202,1
864691135993872577,864691135467896204,1
864691135994055361,864691135469896274,2
864691135994144705,864691135468447884,1
864691135994222017,864691135470783218,1
864691135994222017,864691135472378930,1
864691135994226881,864691135470966354,1
864691135994229194,864691135468302220,2
864691135994229194,864691135468547724,1
864691135994229194,864691135468966994,4
864691135994407617,864691135472913970,1
864691135994453953,864691135469588306,1
864691135994473153,864691135469329804,1
864691135994473153,864691135469736076,1
864691135994483137,864691135468992338,1
864691135994518954,864691135468586636,1
864691135994520746,864691135469339474,1
864691135994535850,864691135472716338,1
864691135994549674,864691135467575180,1
864691135994557610,864691135472913970,1
864691135994574762,864691135469928332,1
864691135994574762,864691135473517874,3
864691135994643370,864691135468547724,2
864691135994673866,864691135468302220,1
864691135994819754,864691135468922962,1
864691135994819754,864691135473659186,1
864691135994874794,864691135472421938,1
864691135995019434,864691135468547724,1
864691135995104714,864691135468305036,1
864691135995104714,864691135468966994,2
864691135995104714,864691135469257042,1
864691135995104714,864691135472962610,2
864691135995275946,864691135470942290,1
864691135995318442,864691135472792626,3
864691135995361194,864691135470700626,1
864691135995361194,864691135474016562,1
864691135995372970,864691135472716338,1
864691135995495594,864691135468966994,2
864691135995675562,864691135472913970,1
864691135996158378,864691135468550540,1
864691135996158378,864691135468647250,1
864691135996249002,864691135468544396,1
864691135996249002,864691135468948364,6
864691135996249002,864691135469080402,1
864691135996249002,864691135472889650,1
864691135996249002,864691135473268786,1
864691135996249002,864691135473409074,1
864691135996747946,864691135469773906,1
864691135996891050,864691135468305036,2
864691135996891050,864691135468431244,1
864691135996891050,864691135469004882,1
864691135996891050,864691135472858418,1
864691135997080234,864691135469955154,1
864691135997177258,864691135469257042,1
864691135997425834,864691135470700626,1
864691135997453738,864691135468302220,1
864691135997458858,864691135469845388,1
864691135997567146,864691135473517874,1
864691135997673642,864691135469339474,1
864691135997680042,864691135468922962,1
864691135997703082,864691135472378930,4
864691135998728138,864691135470061394,1
864691135998759114,864691135472741170,1
864691135998805450,864691135468320396,1
864691135998915747,864691135472792626,1
864691135999717834,864691135468447884,1
864691136001315530,864691135468050828,1
864691136001738442,864691135468431244,1
864691136001738442,864691135468481874,1
864691136001738442,864691135468547724,6
864691136001931978,864691135468966994,1
864691136002345930,864691135468966994,2
864691136003918538,864691135468547724,1
864691136003918538,864691135468966994,1
864691136004747978,864691135468480908,1
864691136004755658,864691135469077330,1
864691136004796618,864691135472741170,1
864691136004885706,864691135472972594,1
864691136005095626,864691135469077330,3
864691136005104330,864691135472972594,1
864691136005150154,864691135468480908,4
864691136005150154,864691135468550540,1
864691136005150154,864691135469257042,1
864691136005150154,864691135472972594,1
864691136005330634,864691135473268786,1
864691136005561992,864691135469062738,1
864691136005569738,864691135468647250,1
864691136005608650,864691135472817970,1
864691136005765578,864691135469077330,1
864691136005822666,864691135470700626,1
864691136005830090,864691135468305036,1
864691136005831882,864691135468544396,1
864691136005831882,864691135468948364,1
864691136005831882,864691135469773906,1
864691136005831882,864691135472972594,1
864691136006619850,864691135470217298,1
864691136006669514,864691135472988722,2
864691136006718410,864691135473409074,1
864691136006739914,864691135474016562,1
864691136006940874,864691135468164178,1
864691136006987210,864691135468992338,1
864691136007183306,864691135469736076,1
864691136007237578,864691135469339474,1
864691136007339466,864691135469845388,1
864691136008464556,864691135472337970,1
864691136008486572,864691135468652428,1
864691136008565678,864691135469896332,1
864691136008588974,864691135467941260,2
864691136008770732,864691135469080402,1
864691136008770732,864691135469588306,1
864691136008834222,864691135468447884,1
864691136008881580,864691135468302220,1
864691136008887724,864691135468050828,1
864691136008958892,864691135468850514,1
864691136008962990,864691135468305036,1
864691136008962990,864691135469257042,1
864691136008966574,864691135468431244,1
864691136009167020,864691135469896274,1
864691136009188526,864691135472716338,1
864691136009299628,864691135469773906,1
864691136009345196,864691135469062738,1
864691136009355438,864691135472792626,2
864691136009393326,864691135469257042,3
864691136009415340,864691135472962610,1
864691136009425324,864691135469329804,1
864691136009428396,864691135472691762,1
864691136009430190,864691135469004882,1
864691136009440940,864691135472792626,2
864691136009452206,864691135472378930,1
864691136009476526,864691135467896204,1
864691136009506734,864691135469896332,1
864691136009506734,864691135472692786,1
864691136009515438,864691135470217298,1
864691136009517486,864691135468302220,1
864691136009612460,864691135470966354,1
864691136009658540,864691135472962610,4
864691136009883054,864691135473517874,3
864691136009890476,864691135468364940,1
864691136009890476,864691135468480908,2
864691136009890476,864691135469955154,1
864691136009905070,864691135472880178,1
864691136010018220,864691135469845388,1
864691136010054572,864691135470217298,1
864691136010227118,864691135473659186,1
864691136010228398,864691135468364940,1
864691136010318510,864691135472421938,2
864691136010339747,864691135472858418,1
864691136010434732,864691135473265714,1
864691136010483886,864691135472692786,1
864691136010487982,864691135473186610,1
864691136010513326,864691135468948364,1
864691136010513326,864691135469157970,1
864691136010593198,864691135469845388,1
864691136010593198,864691135472716338,1
864691136010687404,864691135468850514,1
864691136010687404,864691135468992338,1
864691136010687404,864691135469896332,1
864691136010687404,864691135472692786,1
864691136010730412,864691135469087570,1
864691136010730412,864691135473084210,1
864691136010730412,864691135474015026,1
864691136010878883,864691135470700626,1
864691136010893731,864691135472741170,1
864691136010915491,864691135472817970,1
864691136010926755,864691135468550540,1
864691136010928046,864691135472817970,1
864691136011067054,864691135467575436,1
864691136011121070,864691135469346188,1
864691136011208611,864691135468627026,1
864691136011209635,864691135469077330,1
864691136011307171,864691135469004882,1
864691136011309475,864691135469928332,1
864691136011339939,864691135468550540,1
864691136011379107,864691135470700626,1
864691136011401379,864691135468364940,2
864691136011444899,864691135468966994,1
864691136011458734,864691135468922962,1
864691136011458734,864691135470895186,2
864691136011458734,864691135470942290,1
864691136011485614,864691135468863826,1
864691136011485614,864691135468992338,3
864691136011485614,864691135470895186,4
864691136011485614,864691135470942290,2
864691136011485614,864691135472070450,1
864691136011485614,864691135473659186,1
864691136011600302,864691135469329804,1
864691136011600302,864691135470966354,3
864691136011707566,864691135472378930,1
864691136011733934,864691135469339474,1
864691136011733934,864691135469845388,2
864691136011733934,864691135469928332,1
864691136011733934,864691135470895186,1
864691136011733934,864691135473084210,1
864691136011733934,864691135473186610,1
864691136011733934,864691135473268786,1
864691136011776686,864691135470700626,1
864691136011782318,864691135468364940,1
864691136011782318,864691135469845388,1
864691136011782318,864691135472889650,2
864691136011782318,864691135472997938,14
864691136011791267,864691135470966354,1
864691136011791267,864691135473186610,1
864691136011793582,864691135472889650,3
864691136011793582,864691135472997938,1
864691136011869091,864691135473659186,1
864691136011900835,864691135470700626,1
864691136011901091,864691135468850514,1
864691136011901347,864691135472792626,1
864691136011903395,864691135467560844,7
864691136011903395,864691135469004882,5
864691136012349603,864691135468966994,1
864691136012349603,864691135472962610,1
864691136012429987,864691135469329804,1
864691136012495523,864691135468544396,1
864691136012495523,864691135473517874,1
864691136012563619,864691135472378930,1
864691136012948387,864691135468302220,1
864691136012948387,864691135468305036,2
864691136012948387,864691135468647250,1
864691136012948387,864691135468966994,2
864691136012973731,864691135469845388,1
864691136012973731,864691135470700626,1
864691136013000867,864691135472760370,1
864691136013160611,864691135468850514,1
864691136013184163,864691135472792626,2
864691136013242787,864691135468544396,2
864691136013242787,864691135468948364,2
864691136013242787,864691135469080402,1
864691136013242787,864691135469157970,1
864691136013242787,864691135469955154,1
864691136013242787,864691135470061394,1
864691136013242787,864691135472691762,1
864691136013242787,864691135472818226,1
864691136013367715,864691135468547724,1
864691136013367715,864691135470966354,1
864691136013367715,864691135472050994,1
864691136013458595,864691135473659186,1
864691136013554851,864691135468586636,1
864691136013590179,864691135472716338,1
864691136013653411,864691135469329804,1
864691136013733283,864691135472692786,1
864691136013734307,864691135473084210,1
864691136020241144,864691135468948364,1
864691136020242168,864691135468320396,1
864691136020244472,864691135472880178,1
864691136020260088,864691135469077330,1
864691136020260088,864691135472792626,1
864691136020284408,864691135468412498,1
864691136020295160,864691135468850514,1
864691136020324856,864691135469257042,1
864691136020326904,864691135468552588,1
864691136020578711,864691135472070450,5
864691136021014008,864691135468547724,1
864691136021050360,864691135468302220,1
864691136021262584,864691135470942290,1
864691136021266168,864691135472817970,1
864691136021273336,864691135473268786,1
864691136021296888,864691135468305036,1
864691136021299448,864691135468992338,1
864691136021392632,864691135472913970,1
864691136021448184,864691135468412498,1
864691136021448184,864691135472880178,1
864691136021448184,864691135472913970,2
864691136021571064,864691135468412498,1
864691136021669880,864691135468586636,1
864691136021895416,864691135468305036,1
864691136021938168,864691135469346188,1
864691136021945336,864691135468992338,1
864691136022242040,864691135469087570,3
864691136022435576,864691135469329804,4
864691136022435576,864691135469346188,2
864691136022684408,864691135468992338,1
864691136022735608,864691135469845388,1
864691136023764025,864691135468302220,1
864691136023764025,864691135468966994,1
864691136023766329,864691135468550540,1
864691136023779641,864691135472818226,1
864691136023919161,864691135468547724,1
864691136023998265,864691135467575180,2
864691136024211769,864691135472070450,1
864691136024234553,864691135470061394,1
864691136024678969,864691135470217298,1
864691136024810553,864691135468544396,1
864691136024968505,864691135470700626,1
864691136024984377,864691135468431244,1
864691136024984377,864691135468547724,2
864691136024984377,864691135468966994,2
864691136024985657,864691135468552588,1
864691136025093689,864691135468547724,1
864691136025093689,864691135468966994,7
864691136025162041,864691135467575180,1
864691136025164601,864691135468302220,1
864691136025164601,864691135468305036,1
864691136025164601,864691135468647250,1
864691136025266233,864691135472691762,1
864691136025504569,864691135469339474,1
864691136025996601,864691135470700626,2
864691136025996601,864691135472988722,1
864691136026013497,864691135467800204,1
864691136026137145,864691135468652428,1
864691136026183993,864691135473409074,1
864691136026198585,864691135473517874,1
864691136026216505,864691135468544396,1
864691136026216505,864691135469445202,1
864691136026234169,864691135469845388,1
864691136026266937,864691135473659186,1
864691136026317113,864691135468922962,2
864691136026317113,864691135470700626,3
864691136026317113,864691135472070450,1
864691136031195985,864691135468992338,3
864691136031653819,864691135473186610,1
864691136031668155,864691135467575180,1
864691136031668155,864691135468364940,2
864691136031668155,864691135470966354,2
864691136031691963,864691135472741170,3
864691136031695291,864691135468481874,1
864691136031699131,864691135468481874,1
864691136031699131,864691135468547724,3
864691136031709883,864691135468412498,1
864691136031720891,864691135468447884,1
864691136031727291,864691135468050828,2
864691136031787707,864691135468050828,1
864691136031970747,864691135467800204,1
864691136031970747,864691135470700626,1
864691136032269755,864691135468302220,2
864691136032498619,864691135469928332,1
864691136032609467,864691135468850514,2
864691136032650939,864691135469896274,2
864691136032653499,864691135468305036,2
864691136032658107,864691135469845388,1
864691136032659387,864691135468550540,1
864691136032663483,864691135472818226,1
864691136032663483,864691135472913970,1
864691136032664507,864691135473517874,1
864691136032675515,864691135469928332,1
864691136032682683,864691135468850514,1
864691136032682683,864691135472692786,1
864691136032683963,864691135468412498,1
864691136033166011,864691135472070450,1
864691136033300155,864691135469080402,1
864691136033301435,864691135469339474,1
864691136033332155,864691135469845388,1
864691136033335227,864691135469257042,1
864691136033335227,864691135473409074,1
864691136033414843,864691135469257042,2
864691136033414843,864691135469928332,1
864691136033494715,864691135468850514,1
864691136033560763,864691135470700626,1
864691136033763003,864691135472880178,1
864691136034171323,864691135469346188,1
864691136034195387,864691135468850514,1
864691136034487483,864691135468544396,1
864691136034487483,864691135468948364,4
864691136034487483,864691135470895186,2
864691136034487483,864691135470942290,8
864691136034592955,864691135469845388,1
864691136034592955,864691135470783218,2
864691136039352830,864691135473517874,1
864691136039365630,864691135468627026,2
864691136039370238,864691135472889650,1
864691136039381246,864691135468647250,1
864691136039397886,864691135469896332,1
864691136039406334,864691135468948364,1
864691136039406334,864691135472889650,1
864691136039406334,864691135473517874,1
864691136039666942,864691135468850514,3
864691136039683326,864691135468547724,2
864691136039711742,864691135470061394,2
864691136039734270,864691135472962610,1
864691136039792126,864691135467575180,1
864691136040542718,864691135470700626,1
864691136040691454,864691135470783218,1
864691136040879102,864691135473659186,1
864691136040892158,864691135469928332,1
864691136041045334,864691135468992338,1
864691136041048062,864691135473659186,1
864691136041054806,864691135472792626,1
864691136041058390,864691135472992050,1
864691136041076990,864691135468251276,2
864691136041076990,864691135473659186,12
864691136041083990,864691135468966994,1
864691136041086806,864691135472050994,1
864691136041394518,864691135468850514,1
864691136041438550,864691135468966994,1
864691136041504254,864691135469845388,1
864691136041504254,864691135472997938,1
864691136041604438,864691135468356236,1
864691136041604438,864691135470061394,1
864691136041604438,864691135472716338,1
864691136041604438,864691135472741170,2
864691136041604438,864691135472889650,1
864691136041642494,864691135468922962,5
864691136041642494,864691135470700626,1
864691136041642494,864691135470942290,1
864691136041679702,864691135468431244,1
864691136041679702,864691135469004882,3
864691136041737470,864691135468941394,2
864691136041737470,864691135472070450,2
864691136041897814,864691135468966994,1
864691136041988950,864691135472818226,1
864691136042164310,864691135468412498,1
864691136042241110,864691135468966994,1
864691136042275414,864691135472792626,2
864691136042350422,864691135468547724,1
864691136042350422,864691135469460876,1
864691136042462038,864691135469346188,1
864691136042526550,864691135468302220,1
864691136042704214,864691135472741170,8
864691136043044182,864691135474015026,1
864691136043173974,864691135473084210,1
864691136043175510,864691135472988722,2
864691136043205462,864691135468305036,1
864691136043245654,864691135468302220,1
864691136043245654,864691135468647250,2
864691136043245654,864691135472972594,4
864691136043352150,864691135467941260,1
864691136043352150,864691135469329804,1
864691136043352150,864691135469346188,2
864691136043384406,864691135469599884,1
864691136043384406,864691135469928332,1
864691136043524182,864691135472817970,1
864691136043601238,864691135468948364,1
864691136043604822,864691135468922962,2
864691136050838771,864691135469896332,1
864691136050864371,864691135468627026,1
864691136050875123,864691135468305036,1
864691136050904819,864691135468302220,1
864691136051113715,864691135469077330,1
864691136051266803,864691135473659186,1
864691136051584755,864691135468560524,1
864691136051650547,864691135472858418,1
864691136051750387,864691135467941260,2
864691136051750899,864691135469445202,1
864691136051800563,864691135467800204,1
864691136051804915,864691135468627026,2
864691136051804915,864691135469590457,1
864691136051806707,864691135472070450,3
864691136051806707,864691135473265714,3
864691136051811315,864691135472858418,1
864691136051830771,864691135468481874,1
864691136051830771,864691135468547724,1
864691136051917299,864691135473186610,1
864691136052772595,864691135469346188,1
864691136052806131,864691135469955154,2
864691136052860403,864691135469773906,1
864691136052860403,864691135472997682,1
864691136052973811,864691135469599884,1
864691136053039347,864691135468586636,1
864691136053085427,864691135472817970,1
864691136053263859,864691135469346188,1
864691136053419251,864691135470700626,1
864691136053537779,864691135468966994,3
864691136053537779,864691135469004882,1
864691136053537779,864691135472962610,1
864691136053537779,864691135472972594,1
864691136053645299,864691135468356236,1
864691136053645299,864691135468966994,1
864691136053645299,864691135469257042,2
864691136053645299,864691135469460876,3
864691136053645299,864691135469773906,1
864691136053645299,864691135469845388,1
864691136053645299,864691135469955154,1
864691136053645299,864691135470942290,1
864691136053645299,864691135470966354,2
864691136053645299,864691135472421938,3
864691136053645299,864691135472889650,2
864691136053645299,864691135473517874,1
864691136056324056,864691135469257042,1
864691136056331736,864691135474016562,1
864691136056344280,864691135468412498,1
864691136056359896,864691135468550540,1
864691136056367064,864691135467575436,1
864691136056375000,864691135472050994,1
864691136056377816,864691135469077330,1
864691136056378840,864691135472337970,1
864691136056386008,864691135468941394,2
864691136056387032,864691135468412498,1
864691136056773592,864691135472913970,1
864691136056852440,864691135468302220,1
864691136057103576,864691135472889650,1
864691136057147864,864691135470966354,2
864691136057332184,864691135468480908,1
864691136057332184,864691135468966994,1
864691136057332184,864691135469257042,1
864691136057332184,864691135469460876,1
864691136057332184,864691135472691762,2
864691136057332696,864691135469004882,1
864691136057333976,864691135470966354,1
864691136057340632,864691135472337970,1
864691136057345496,864691135468302220,3
864691136057345496,864691135468305036,1
864691136057348568,864691135468412498,2
864691136057403352,864691135470700626,1
864691136058023640,864691135469928332,1
864691136058116568,864691135470700626,2
864691136058116568,864691135470942290,1
864691136058127064,864691135470700626,1
864691136058398424,864691135472988722,3
864691136058459096,864691135470942290,1
864691136058619608,864691135469736076,1
864691136058752216,864691135469845388,1
864691136058810328,864691135469845388,1
864691136058810328,864691135470942290,7
864691136058810328,864691135472070450,1
864691136058810328,864691135472378930,3
864691136058810328,864691135473659186,1
864691136058828760,864691135469346188,1
864691136058963160,864691135468922962,1
864691136058963160,864691135469736076,1
864691136058963160,864691135473659186,2
864691136059000792,864691135472378930,2
864691136059003864,864691135468251276,1
864691136065229208,864691135469329804,2
864691136065237144,864691135470966354,1
864691136065237144,864691135472889650,1
864691136065252248,864691135468302220,1
864691136065254296,864691135468966994,1
864691136065257880,864691135468447884,1
864691136065258648,864691135468302220,1
864691136065262488,864691135468383116,1
864691136065262488,864691135470061394,1
864691136065276312,864691135468992338,1
864691136065276312,864691135469896332,1
864691136065661336,864691135469460876,1
864691136065821592,864691135468305036,1
864691136065821592,864691135472962610,5
864691136065821592,864691135472972594,1
864691136065862808,864691135468305036,1
864691136065925784,864691135470061394,1
864691136065951896,864691135472858418,1
864691136066225048,864691135469588306,1
864691136066258072,864691135469896332,1
864691136066290840,864691135468627026,1
864691136066413208,864691135468251276,1
864691136066507672,864691135468850514,2
864691136066513560,864691135467896204,1
864691136066518424,864691135472716338,1
864691136066518936,864691135470966354,2
864691136066762136,864691135467575436,1
864691136066762648,864691135469329804,2
864691136066832792,864691135468966994,1
864691136067716504,864691135469599884,2
864691136067718040,864691135470700626,1
864691136067803288,864691135468480908,1
864691136067803288,864691135472421938,1
864691136067803288,864691135472691762,1
864691136067819416,864691135469896332,3
864691136067819416,864691135472692786,6
864691136067819416,864691135472988722,1
864691136067886488,864691135472913970,1
864691136067886488,864691135472988722,1
864691136067891096,864691135469955154,1
864691136067891096,864691135473186610,1
864691136074513544,864691135472818226,1
864691136084053612,864691135468550540,3
864691136084053612,864691135472818226,1
864691136084060524,864691135469004882,1
864691136084063084,864691135468586636,1
864691136084069484,864691135472050994,1
864691136084077676,864691135468305036,2
864691136084077676,864691135468966994,2
864691136084077676,864691135472962610,7
864691136084080492,864691135469588306,1
864691136084428908,864691135467553164,1
864691136084428908,864691135468850514,3
864691136084466028,864691135472858418,1
864691136084664940,864691135470061394,1
864691136084684396,864691135469773906,1
864691136084684396,864691135472913970,1
864691136084721260,864691135468412498,1
864691136084970860,864691135468544396,1
864691136084997484,864691135468586636,1
864691136085012332,864691135468948364,1
864691136085030252,864691135472741170,1
864691136085043308,864691135472817970,1
864691136085145452,864691135468302220,1
864691136085177452,864691135468302220,1
864691136085205868,864691135468164178,1
864691136085240428,864691135467941260,1
864691136085458284,864691135468850514,1
864691136085468780,864691135468305036,1
864691136085518188,864691135468547724,1
864691136085810028,864691135472913970,1
864691136086239084,864691135468544396,1
864691136086239084,864691135469157970,1
864691136086239084,864691135472818226,1
864691136086239084,864691135472962610,1
864691136086239084,864691135472972594,4
864691136086239084,864691135472997682,1
864691136086631020,864691135473659186,1
864691136086639212,864691135469599884,1
864691136086639212,864691135472716338,1
864691136086645356,864691135469928332,1
864691136086645356,864691135470895186,1
864691136086667628,864691135468586636,1
864691136086667628,864691135470217298,1
864691136086755436,864691135470700626,1
864691136086772844,864691135468948364,1
864691136086772844,864691135469080402,3
864691136086772844,864691135469157970,3
864691136086772844,864691135469896274,3
864691136086772844,864691135469955154,7
864691136086772844,864691135470966354,1
864691136086772844,864691135472889650,1
864691136086772844,864691135472997938,5
864691136086772844,864691135473517874,1
864691136088935479,864691135472692786,1
864691136089869623,864691135468305036,1
864691136089938231,864691135473265714,1
864691136089943607,864691135469004882,2
864691136090095671,864691135472792626,1
864691136090124087,864691135470966354,2
864691136090477367,864691135473186610,1
864691136090479159,864691135469080402,1
864691136090479159,864691135469157970,2
864691136090479159,864691135469928332,2
864691136090479159,864691135469955154,2
864691136090479159,864691135470966354,1
864691136090479159,864691135473186610,1
864691136090632503,864691135469157970,1
864691136090689847,864691135470217298,4
864691136090814775,864691135468305036,1
864691136090896820,864691135472858418,1
864691136090914996,864691135472880178,1
864691136090936756,864691135468431244,1
864691136090936887,864691135472880178,1
864691136090938036,864691135468447884,1
864691136090943924,864691135468412498,1
864691136090948532,864691135472858418,3
864691136091074615,864691135469955154,1
864691136091074615,864691135472889650,1
864691136091074615,864691135473517874,1
864691136091310391,864691135468547724,3
864691136091353911,864691135468586636,1
864691136091526836,864691135470700626,2
864691136091532855,864691135473517874,1
864691136091578167,864691135468652428,1
864691136091597111,864691135472692786,1
864691136091626807,864691135472070450,1
864691136091697076,864691135472880178,1
864691136091708596,864691135468627026,1
864691136091718711,864691135468383116,1
864691136091718711,864691135468480908,1
864691136091718711,864691135469460876,3
864691136091718711,864691135469955154,1
864691136091718711,864691135472421938,1
864691136091718711,864691135472716338,1
864691136091718711,864691135473409074,1
864691136091718711,864691135473517874,1
864691136091777847,864691135468922962,1
864691136091777847,864691135470895186,1
864691136091777847,864691135472817970,2
864691136091777847,864691135472818226,1
864691136091850164,864691135468302220,1
864691136091850164,864691135468966994,1
864691136091876788,864691135468992338,1
864691136091981236,864691135472880178,1
864691136091987380,864691135468302220,1
864691136091993268,864691135468383116,1
864691136092483508,864691135469080402,6
864691136092483508,864691135472889650,1
864691136092483508,864691135472972594,1
864691136092483508,864691135472997938,1
864691136092483508,864691135473517874,1
864691136092603572,864691135472741170,1
864691136092646836,864691135468863826,1
864691136092646836,864691135468992338,2
864691136092646836,864691135474015026,1
864691136092653236,864691135469062738,1
864691136092753588,864691135469460876,2
864691136092811700,864691135472716338,1
864691136092950964,864691135473659186,4
864691136093111476,864691135469346188,1
864691136093231540,864691135473409074,1
864691136093339828,864691135469346188,1
864691136093396404,864691135469896332,1
864691136093396404,864691135472692786,1
864691136093465524,864691135468480908,1
864691136099761269,864691135469773906,1
864691136099769717,864691135472337970,1
864691136099770485,864691135472741170,1
864691136099770997,864691135472913970,1
864691136099774325,864691135469257042,3
864691136099774325,864691135470966354,1
864691136099774581,864691135469329804,2
864691136099778677,864691135473084210,1
864691136099784309,864691135474016562,2
864691136099785077,864691135472988722,1
864691136099786357,864691135472972594,2
864691136099791221,864691135472962610,1
864691136099824501,864691135468431244,2
864691136099824501,864691135469004882,1
864691136099825013,864691135468383116,1
864691136099827829,864691135467575436,1
864691136099836021,864691135468948364,1
864691136099892853,864691135469346188,1
864691136099994229,864691135472988722,1
864691136100014453,864691135467800204,1
864691136100014453,864691135468356236,1
864691136100014453,864691135469077330,1
864691136100014453,864691135469346188,2
864691136100188533,864691135468302220,1
864691136100209781,864691135469845388,1
864691136100585589,864691135467896204,1
864691136100734581,864691135468850514,1
864691136100778613,864691135469087570,1
864691136100885877,864691135468850514,1
864691136100924277,864691135468412498,2
864691136101295221,864691135468647250,1
864691136101370741,864691135469077330,1
864691136101441909,864691135470966354,1
864691136101441909,864691135472997938,1
864691136101564789,864691135469087570,2
864691136101618293,864691135468922962,1
864691136101718133,864691135472988722,1
864691136101718133,864691135474016562,1
864691136101732725,864691135472070450,1
864691136102289013,864691135469896332,1
864691136102289013,864691135472070450,1
864691136102311797,864691135472880178,3
864691136102311797,864691135472913970,1
864691136105453529,864691135470061394,1
864691136105463001,864691135470061394,3
864691136105478361,864691135468050828,1
864691136105513433,864691135468547724,1
864691136105853913,864691135468447884,1
864691136106333401,864691135468544396,1
864691136106510809,864691135469599884,1
864691136106541785,864691135472716338,1
864691136106586585,864691135472792626,1
864691136106586841,864691135468356236,1
864691136106855129,864691135473659186,1
864691136107045593,864691135468922962,1
864691136107283417,864691135468948364,1
864691136107283417,864691135470783218,1
864691136107283417,864691135472972594,1
864691136107761113,864691135467575180,1
864691136107761113,864691135472716338,1
864691136108370905,864691135472716338,8
864691136108411097,864691135467575180,1
864691136108519129,864691135468480908,2
864691136108519129,864691135469257042,3
864691136108611033,864691135470700626,1
864691136108611033,864691135470942290,1
864691136108611033,864691135473659186,4
864691136108611289,864691135469773906,1
864691136108698040,864691135468251276,2
864691136108702392,864691135473659186,1
864691136108703107,864691135467941260,1
864691136108706488,864691135469773906,1
864691136108710072,864691135468412498,1
864691136108710072,864691135469004882,1
864691136108712632,864691135469077330,1
864691136108726712,864691135472792626,1
864691136108736440,864691135467896204,2
864691136108736440,864691135469773906,1
864691136108739512,864691135468850514,1
864691136108747960,864691135472913970,1
864691136108754104,864691135470061394,1
864691136108938168,864691135468302220,1
864691136109091512,864691135469896332,1
864691136109091512,864691135472692786,1
864691136109148088,864691135470061394,1
864691136109294008,864691135468966994,1
864691136109347256,864691135468356236,1
864691136109347256,864691135470966354,2
864691136109371576,864691135468320396,1
864691136109371576,864691135469157970,1
864691136109385912,864691135472716338,1
864691136109685432,864691135468757586,1
864691136109729976,864691135469077330,1
864691136109729976,864691135472050994,1
864691136109767608,864691135472818226,1
864691136109815992,864691135472817970,1
864691136109892024,864691135468948364,1
864691136109896632,864691135468552588,2
864691136109896632,864691135472337970,7
864691136109898936,864691135468305036,1
864691136109899448,864691135469077330,1
864691136109918136,864691135470895186,1
864691136109918136,864691135470942290,1
864691136110005176,864691135468431244,3
864691136110005176,864691135468547724,1
864691136110024120,864691135468547724,1
864691136110162616,864691135469004882,1
864691136110206392,864691135468302220,1
864691136110206904,864691135468302220,3
864691136110206904,864691135468412498,1
864691136110206904,864691135468550540,1
864691136110217400,864691135473659186,1
864691136110298296,864691135468948364,1
864691136110362296,864691135468305036,1
864691136110362296,864691135468480908,1
864691136110362296,864691135468966994,1
864691136110362296,864691135472962610,4
864691136110685880,864691135468431244,1
864691136110853457,864691135468992338,1
864691136110853457,864691135472692786,1
864691136110951864,864691135470217298,1
864691136111176120,864691135469339474,1
864691136111176888,864691135469736076,3
864691136111176888,864691135472378930,1
864691136111185336,864691135469329804,3
864691136111185336,864691135472692786,1
864691136111251896,864691135473517874,1
864691136111331768,864691135472792626,8
864691136111403192,864691135468647250,1
864691136111403192,864691135469087570,1
864691136111428792,864691135469773906,1
864691136111461048,864691135468652428,1
864691136111461560,864691135473409074,1
864691136111602360,864691135472692786,1
864691136112778206,864691135467941260,1
864691136113296977,864691135468552588,1
864691136113296977,864691135472337970,1
864691136116155044,864691135468863826,2
864691136116155044,864691135468992338,1
864691136116158372,864691135469157970,1
864691136116170916,864691135469329804,1
864691136116171172,864691135472858418,1
864691136116177572,864691135468480908,2
864691136116184228,864691135469087570,2
864691136116186788,864691135468302220,3
864691136116186788,864691135468305036,1
864691136116401316,864691135468966994,1
864691136116402340,864691135468412498,1
864691136116422564,864691135472972594,2
864691136116447652,864691135468647250,1
864691136116447908,864691135468966994,1
864691136116486308,864691135472792626,2
864691136116531364,864691135468966994,1
864691136116556452,864691135472378930,4
864691136116665508,864691135468302220,1
864691136116884644,864691135470061394,1
864691136117069220,864691135469896332,1
864691136117229476,864691135468431244,1
864691136117577380,864691135468992338,1
864691136117579940,864691135469955154,1
864691136117589668,864691135469157970,1
864691136117596836,864691135469339474,2
864691136118370724,864691135472792626,1
864691136118414104,864691135467575436,1
864691136118419992,864691135468757586,1
864691136118421784,864691135470966354,1
864691136118427928,864691135472692786,1
864691136118430628,864691135468966994,1
864691136118430628,864691135472962610,1
864691136118431768,864691135470966354,2
864691136118441496,864691135468431244,1
864691136118442520,864691135469588306,1
864691136118444568,864691135469077330,1
864691136118618136,864691135469339474,1
864691136118667428,864691135474015026,1
864691136118669848,864691135472913970,1
864691136118746392,864691135472913970,1
864691136118809880,864691135472988722,1
864691136118820632,864691135473659186,1
864691136118851864,864691135474016562,1
864691136118878116,864691135468586636,1
864691136118878116,864691135469845388,5
864691136118878116,864691135470895186,3
864691136118878116,864691135470942290,6
864691136118878116,864691135472889650,1
864691136118878116,864691135473084210,3
864691136119003300,864691135470700626,1
864691136119178776,864691135468941394,1
864691136119178776,864691135469896332,1
864691136119394840,864691135469588306,1
864691136119394840,864691135472913970,2
864691136119405848,864691135468966994,1
864691136119414040,864691135469955154,2
864691136119423768,864691135472692786,1
864691136119426584,864691135469329804,1
864691136119531288,864691135469588306,1
864691136119692824,864691135467896204,1
864691136119692824,864691135468356236,2
864691136119692824,864691135468383116,2
864691136119692824,864691135469773906,1
864691136119692824,864691135470061394,2
864691136119701272,864691135469329804,1
864691136119701272,864691135473659186,1
864691136119809048,864691135469339474,1
864691136119929368,864691135468647250,1
864691136119929368,864691135469004882,1
864691136120137752,864691135468364940,8
864691136120137752,864691135472997938,3
864691136120313880,864691135470942290,1
864691136120642584,864691135468412498,1
864691136120658712,864691135469004882,1
864691136123680038,864691135467575436,1
864691136123680806,864691135469329804,1
864691136123686438,864691135467575436,1
864691136123691814,864691135467896204,1
864691136123691814,864691135469773906,2
864691136123705894,864691135472858418,1
864691136123710502,864691135472792626,1
864691136123711526,864691135468547724,1
864691136123733030,864691135468305036,3
864691136123737638,864691135468431244,9
864691136123737638,864691135469004882,5
864691136123752486,864691135470700626,1
864691136123760422,864691135469157970,1
864691136123761190,864691135472997682,1
864691136123765798,864691135468992338,1
864691136123773734,864691135472050994,1
864691136123785510,864691135467941260,1
864691136123791142,864691135472858418,1
864691136123793446,864691135472741170,6
864691136124034086,864691135468302220,1
864691136124045606,864691135472760370,1
864691136124392998,864691135470061394,1
864691136124603174,864691135468305036,1
864691136124604710,864691135469077330,1
864691136124604710,864691135472792626,1
864691136124672550,864691135474016562,2
864691136124717350,864691135468550540,1
864691136124832806,864691135469845388,1
864691136124851238,864691135468992338,1
864691136125279526,864691135468447884,1
864691136125352742,864691135469257042,1
864691136125411622,864691135469329804,1
864691136125411622,864691135472880178,3
864691136125411622,864691135472972594,1
864691136125440038,864691135472817970,2
864691136125594406,864691135469928332,1
864691136125594406,864691135470966354,1
864691136125840678,864691135470700626,1
864691136125994022,864691135470783218,1
864691136126144294,864691135468948364,1
864691136126586918,864691135470783218,1
864691136126700582,864691135473659186,1
864691136130351441,864691135468992338,1
864691136134405771,864691135469329804,2
864691136134430603,864691135468305036,1
864691136134683787,864691135469896332,1
864691136134929291,864691135469588306,1
864691136134942347,864691135469257042,1
864691136134942347,864691135469460876,1
864691136135208587,864691135468302220,3
864691136135365259,864691135470783218,1
864691136135403915,864691135472692786,1
864691136135454091,864691135469896332,1
864691136135457419,864691135472378930,1
864691136135508619,864691135469346188,1
864691136135508619,864691135470700626,1
864691136135509131,864691135473409074,1
864691136135530891,864691135472962610,1
864691136135535243,864691135468850514,1
864691136135535243,864691135468992338,1
864691136135535243,864691135472692786,1
864691136135536011,864691135468586636,1
864691136135752843,864691135468480908,3
864691136136020619,864691135470700626,9
864691136136038539,864691135470942290,1
864691136136248971,864691135472716338,1
864691136136326283,864691135468652428,1
864691136136326283,864691135472070450,2
864691136136326283,864691135473265714,1
864691136136564349,864691135470966354,1
864691136136586877,864691135468431244,2
864691136136588413,864691135472858418,1
864691136136625021,864691135468560524,5
864691136136631933,864691135468863826,1
864691136136635517,864691135474016562,1
864691136136639869,864691135473659186,1
864691136136645757,864691135468966994,1
864691136136647805,864691135469460876,1
864691136136647805,864691135470966354,1
864691136136647805,864691135472421938,1
864691136136647805,864691135472889650,2
864691136136647805,864691135472997938,1
864691136137012107,864691135469339474,1
864691136137107837,864691135468302220,1
864691136137140093,864691135468302220,1
864691136137140093,864691135468431244,1
864691136137152395,864691135474015026,1
864691136137168779,864691135470700626,1
864691136137186941,864691135469460876,1
864691136137243019,864691135472817970,3
864691136137344395,864691135468302220,1
864691136137344395,864691135469588306,1
864691136137401483,864691135468364940,2
864691136137401483,864691135469460876,6
864691136137401483,864691135469773906,1
864691136137401483,864691135472378930,3
864691136137401483,864691135472421938,1
864691136137401483,864691135473409074,1
864691136137424267,864691135473517874,2
864691136137488253,864691135467575436,1
864691136137591421,864691135468850514,1
864691136137611901,864691135468992338,1
864691136137643645,864691135472692786,2
864691136137650301,864691135473186610,1
864691136137658493,864691135472691762,1
864691136137903485,864691135469928332,1
864691136137903485,864691135472913970,1
864691136137942397,864691135467941260,1
864691136138131325,864691135469157970,1
864691136138335101,864691135470217298,1
864691136138476925,864691135472716338,1
864691136138622333,864691135470895186,1
864691136138622333,864691135470942290,1
864691136138622333,864691135472378930,1
864691136138622333,864691135473517874,4
864691136138933885,864691135468922962,1
864691136139009149,864691135469928332,3
864691136139009149,864691135470895186,3
864691136139009149,864691135470942290,1
864691136139009149,864691135473659186,1
864691136139119741,864691135469845388,1
864691136139119741,864691135474015026,1
864691136139155837,864691135470700626,1
864691136139180413,864691135468431244,1
864691136139180413,864691135469004882,1
864691136139202429,864691135469588306,1
864691136139202429,864691135470700626,1
864691136139261821,864691135468302220,1
864691136143345204,864691135467575436,1
864691136143371828,864691135468966994,1
864691136143387956,864691135468481874,1
864691136143392564,864691135467896204,1
864691136143400500,864691135468627026,1
864691136143420212,864691135469257042,1
864691136143422516,864691135468305036,5
864691136143535156,864691135469588306,1
864691136143535156,864691135470061394,1
864691136143665204,864691135472992050,1
864691136143688756,864691135469845388,1
864691136143824180,864691135472858418,2
864691136143886644,864691135468850514,1
864691136143965492,864691135468383116,1
864691136143965492,864691135472962610,2
864691136144057908,864691135469460876,2
864691136144364340,864691135472716338,1
864691136144366388,864691135468305036,1
864691136144401204,864691135467896204,1
864691136144465460,864691135468647250,1
864691136144533812,864691135472716338,1
864691136144547636,864691135468302220,2
864691136144547636,864691135469588306,2
864691136144547636,864691135472913970,2
864691136144547636,864691135473268786,3
864691136144610100,864691135468431244,1
864691136144610100,864691135468966994,10
864691136144968500,864691135469928332,1
864691136145176628,864691135468480908,1
864691136145176628,864691135469157970,1
864691136145176628,864691135469955154,1
864691136145181748,864691135473268786,1
864691136145351476,864691135468850514,1
864691136145351476,864691135472337970,1
864691136145641012,864691135469845388,1
864691136147528599,864691135468850514,1
864691136174949638,864691135472997682,1
864691136174957830,864691135468850514,2
864691136174958854,864691135468992338,2
864691136174976262,864691135470966354,1
864691136174999046,864691135468447884,1
864691136174999302,864691135468412498,1
864691136175014918,864691135469588306,1
864691136175018246,864691135468992338,1
864691136175034374,864691135468302220,2
864691136175042054,864691135467575436,1
864691136175058182,864691135469329804,1
864691136175069446,864691135470700626,1
864691136175078662,864691135468550540,1
864691136175085830,864691135472858418,1
864691136175143686,864691135473268786,1
864691136175501062,864691135472913970,1
864691136175540742,864691135468305036,1
864691136175950854,864691135470061394,1
864691136176088838,864691135468447884,1
864691136176209414,864691135468320396,2
864691136176209414,864691135472880178,1
864691136176211206,864691135470942290,1
864691136176211206,864691135472817970,1
864691136176339718,864691135472913970,1
864691136176529670,864691135468850514,1
864691136176975110,864691135469928332,1
864691136177054470,864691135470700626,1
864691136177254406,864691135468550540,1
864691136177300998,864691135469896332,1
864691136177312262,864691135469062738,4
864691136177312262,864691135472818226,1
864691136177312262,864691135473186610,1
864691136177312518,864691135468305036,1
864691136177312518,864691135468966994,1
864691136177312518,864691135469157970,1
864691136177312518,864691135469928332,1
864691136177691910,864691135472880178,1
864691136177892870,864691135472988722,1
864691136194007254,864691135470783218,1
864691136194009814,864691135469773906,1
864691136194009814,864691135472913970,2
864691136194010582,864691135467941260,1
864691136194012630,864691135472858418,2
864691136194028502,864691135472880178,1
864691136194037718,864691135472741170,3
864691136194081494,864691135468941394,1
864691136194194408,864691135468757586,2
864691136194206184,864691135474016562,1
864691136194207976,864691135468850514,1
864691136194208232,864691135467800204,1
864691136194208232,864691135469346188,1
864691136194216424,864691135472741170,2
864691136194296908,864691135469329804,1
864691136194312012,864691135472880178,1
864691136194317900,864691135472716338,1
864691136194326348,864691135468922962,1
864691136194328652,864691135468547724,1
864691136194331468,864691135469077330,1
864691136194347340,864691135472988722,1
864691136194350156,864691135472858418,1
864691136194366284,864691135469004882,1
864691136194736460,864691135468544396,1
864691136194825430,864691135472378930,2
864691136194831830,864691135468922962,1
864691136194898902,864691135468431244,1
864691136194946536,864691135467575436,1
864691136194967254,864691135467575436,1
864691136194975720,864691135469773906,1
864691136194985942,864691135468302220,1
864691136195002838,864691135472880178,1
864691136195060712,864691135468627026,1
864691136195060950,864691135470966354,1
864691136195092182,864691135468447884,1
864691136195110988,864691135472716338,1
864691136195110988,864691135472997938,1
864691136195131980,864691135472913970,2
864691136195175500,864691135468251276,4
864691136195175500,864691135473659186,3
864691136195194838,864691135468547724,1
864691136195195724,864691135472050994,1
864691136195227980,864691135469080402,1
864691136195227980,864691135473517874,1
864691136195391208,864691135468251276,1
864691136195391208,864691135469599884,1
864691136195400150,864691135470700626,1
864691136195455190,864691135470966354,1
864691136195503574,864691135469080402,1
864691136195526120,864691135468251276,1
864691136195617494,864691135468544396,2
864691136195617494,864691135468550540,2
864691136195617494,864691135468948364,1
864691136195617494,864691135469588306,1
864691136195617494,864691135469928332,2
864691136195617494,864691135469955154,1
864691136195617494,864691135472818226,1
864691136195617494,864691135473517874,2
864691136195634134,864691135473659186,1
864691136195652328,864691135469845388,2
864691136195666152,864691135469329804,2
864691136195714518,864691135472692786,4
864691136195735116,864691135468922962,1
864691136195735116,864691135468941394,1
864691136195735116,864691135472070450,3
864691136195783912,864691135468320396,1
864691136195783912,864691135468550540,1
864691136195783912,864691135468647250,2
864691136195783912,864691135469062738,1
864691136195783912,864691135469773906,1
864691136195783912,864691135472818226,6
864691136195783912,864691135472972594,6
864691136195787240,864691135469599884,2
864691136195802344,864691135468647250,3
864691136195802344,864691135472962610,2
864691136195928652,864691135470217298,1
864691136196023116,864691135469157970,1
864691136196023116,864691135469460876,3
864691136196023116,864691135472716338,1
864691136196023116,864691135472997682,1
864691136196057576,864691135470895186,1
864691136196057576,864691135470942290,1
864691136196069846,864691135468544396,1
864691136196073548,864691135473084210,1
864691136196120396,864691135472889650,1
864691136196127208,864691135468302220,1
864691136196127208,864691135468383116,1
864691136196141644,864691135468251276,1
864691136196213068,864691135472913970,1
864691136196391894,864691135469339474,1
864691136196391894,864691135469845388,1
864691136196391894,864691135473265714,1
864691136196458454,864691135469845388,1
864691136196458454,864691135469896274,2
864691136196458454,864691135469955154,1
864691136196520524,864691135469087570,1
864691136196736332,864691135472817970,1
864691136196886604,864691135470783218,1
864691136196979020,864691135469087570,1
864691136196979020,864691135469588306,1
864691136201203646,864691135472050994,1
864691136201630142,864691135468412498,1
864691136202911678,864691135469077330,1
864691136202911678,864691135472992050,1
864691136205324222,864691135472050994,1
864691136205491390,864691135469077330,1
864691136205539006,864691135468547724,1
864691136208995772,864691135468647250,1
864691136209002684,864691135469087570,1
864691136209008060,864691135472962610,1
864691136209011132,864691135469896332,3
864691136209011132,864691135472070450,4
864691136209025212,864691135468850514,1
864691136209303740,864691135472913970,1
864691136209377468,864691135472972594,1
864691136209540028,864691135469896274,1
864691136209615804,864691135473409074,2
864691136209918908,864691135468627026,1
864691136209918908,864691135468850514,1
864691136209963708,864691135472858418,1
864691136209970364,864691135468586636,1
864691136209972668,864691135468481874,1
864691136209972668,864691135468547724,2
864691136210087356,864691135472792626,1
864691136210109116,864691135467553164,1
864691136210109116,864691135468627026,1
864691136210178748,864691135472716338,1
864691136210178748,864691135472889650,1
864691136210185660,864691135469588306,1
864691136210191292,864691135468992338,1
864691136210344892,864691135468550540,1
864691136210344892,864691135474016562,1
864691136210547900,864691135468941394,1
864691136210547900,864691135469896332,1
864691136210733756,864691135474015026,1
864691136210885820,864691135469588306,1
864691136210998972,864691135467941260,1
864691136210998972,864691135469329804,1
864691136211076796,864691135470700626,2
864691136211187900,864691135469062738,1
864691136211187900,864691135469157970,1
864691136211187900,864691135472997682,1
864691136211349692,864691135472913970,1
864691136211430588,864691135469599884,1
864691136211430588,864691135470895186,1
864691136211477436,864691135470700626,1
864691136211522236,864691135469460876,2
864691136215051198,864691135469004882,1
864691136225203646,864691135472792626,1
864691136226982481,864691135472858418,1
864691136226986577,864691135468647250,1
864691136227146321,864691135468383116,1
864691136227770705,864691135468480908,1
864691136227882833,864691135469896274,1
864691136227928401,864691135473084210,2
864691136227928401,864691135474015026,1
864691136227931729,864691135468992338,1
864691136227934801,864691135467896204,1
864691136227934801,864691135469588306,1
864691136228044625,864691135469346188,2
864691136228087889,864691135473084210,1
864691136228210001,864691135472792626,1
864691136228367697,864691135468547724,1
864691136228367697,864691135472050994,1
864691136229395793,864691135469329804,2
864691136229395793,864691135473659186,2
864691136229435217,864691135468251276,1
864691136229435217,864691135469928332,1
864691136229435217,864691135472378930,1
864691136229436497,864691135468547724,2
864691136231675838,864691135469077330,6
864691136236651791,864691135469329804,1
864691136236663311,864691135472792626,1
864691136236673807,864691135467575436,1
864691136236676623,864691135469257042,1
864691136236688143,864691135472741170,1
864691136236706575,864691135468647250,1
864691136236706831,864691135468447884,1
864691136236710159,864691135472972594,1
864691136236713743,864691135468948364,2
864691136236724495,864691135472741170,1
864691136236730895,864691135472817970,1
864691136236733967,864691135472337970,1
864691136236874511,864691135467800204,1
864691136236910351,864691135468431244,2
864691136236910351,864691135469004882,5
864691136236938767,864691135468850514,1
864691136237113871,864691135468850514,1
864691136237114127,864691135468481874,1
864691136237114127,864691135469588306,1
864691136237148943,864691135468480908,1
864691136237337359,864691135469062738,1
864691136237455420,864691135470061394,1
864691136237477948,864691135468547724,2
864691136237487932,864691135468412498,1
864691136237497148,864691135469346188,1
864691136237609487,864691135473409074,1
864691136237620239,864691135467575436,1
864691136237654844,864691135472337970,1
864691136237667855,864691135468364940,1
864691136237785404,864691135467941260,1
864691136237806140,864691135472997682,1
864691136237808956,864691135473084210,1
864691136237888060,864691135472880178,1
864691136238114831,864691135472691762,1
864691136238345788,864691135469588306,1
864691136238359823,864691135472988722,1
864691136238389308,864691135469257042,1
864691136238456591,864691135473659186,1
864691136238531132,864691135468356236,1
864691136238531132,864691135469346188,1
864691136238651964,864691135469928332,4
864691136238651964,864691135473268786,1
864691136238715151,864691135473186610,1
864691136238731791,864691135473409074,2
864691136238777871,864691135469955154,1
864691136238777871,864691135472997938,1
864691136238806031,864691135468480908,7
864691136238806031,864691135468966994,1
864691136238806031,864691135469157970,1
864691136238806031,864691135469460876,7
864691136238806031,864691135469896274,1
864691136238806031,864691135469955154,1
864691136238806031,864691135472421938,1
864691136238806031,864691135472691762,2
864691136238806031,864691135472997938,1
864691136238806031,864691135473517874,2
864691136238891324,864691135468547724,1
864691136239608636,864691135468547724,1
864691136239793212,864691135469928332,1
864691136239793212,864691135470700626,1
864691136239892284,864691135470966354,1
864691136239914300,864691135468647250,1
864691136239914300,864691135469257042,1
864691136239914300,864691135469588306,1
864691136239914300,864691135470942290,1
864691136239914300,864691135470966354,2
864691136239914300,864691135473409074,2
864691136239914300,864691135473517874,1
864691136239917884,864691135469329804,1
864691136239917884,864691135469346188,1
864691136239917884,864691135470700626,1
864691136239980860,864691135469845388,7
864691136239980860,864691135470966354,1
864691136239980860,864691135472997938,1
864691136240028220,864691135470700626,1
864691136240041532,864691135468948364,1
864691136240041532,864691135469896274,1
864691136240041532,864691135469928332,1
864691136240041532,864691135470783218,1
864691136240041532,864691135472378930,1
864691136240071996,864691135468850514,2
864691136255240382,864691135472792626,1
864691136257934270,864691135472992050,3
864691136261402340,864691135472692786,2
864691136262786788,864691135468552588,1
864691136263951588,864691135467553164,1
864691136266408436,864691135473659186,1
864691136266436852,864691135468550540,1
864691136266436852,864691135472818226,1
864691136266439668,864691135468447884,1
864691136266445812,864691135472992050,1
864691136266756340,864691135468431244,1
864691136266886644,864691135468305036,1
864691136267140596,864691135468586636,1
864691136267175924,864691135468050828,1
864691136267390964,864691135468966994,2
864691136267390964,864691135472962610,1
864691136267390964,864691135472997938,1
864691136267447796,864691135469588306,1
864691136267470324,864691135472913970,1
864691136267578100,864691135470966354,1
864691136267650804,864691135473659186,1
864691136267726068,864691135469588306,1
864691136267782644,864691135470700626,1
864691136267946996,864691135473659186,1
864691136268046836,864691135468941394,1
864691136268046836,864691135473265714,1
864691136268234228,864691135470942290,1
864691136268300788,864691135472997938,1
864691136268521460,864691135473084210,1
864691136268889588,864691135470966354,1
864691136268898292,864691135469845388,1
864691136268937972,864691135468948364,1
864691136268937972,864691135472889650,1
864691136270628237,864691135468757586,3
864691136272949950,864691135469445202,1
864691136272981182,864691135469077330,1
864691136272992958,864691135472880178,2
864691136272998334,864691135469588306,1
864691136273005502,864691135469257042,1
864691136273007038,864691135468992338,1
864691136273008574,864691135472337970,1
864691136273621517,864691135472913970,1
864691136273624077,864691135468992338,1
864691136273679117,864691135468164178,1
864691136273681677,864691135468966994,1
864691136273685261,864691135469896332,1
864691136273699518,864691135469329804,1
864691136273899966,864691135468544396,1
864691136273899966,864691135472972594,1
864691136273900222,864691135472741170,4
864691136273906622,864691135468850514,1
864691136273908158,864691135468481874,2
864691136273908158,864691135468547724,10
864691136273908158,864691135472962610,2
864691136273957054,864691135472880178,1
864691136273975821,864691135467941260,1
864691136273981453,864691135469077330,2
864691136274110989,864691135468302220,1
864691136274110989,864691135468412498,1
864691136274219198,864691135468431244,1
864691136274238989,864691135468302220,1
864691136274243774,864691135472880178,1
864691136274546622,864691135472997682,1
864691136274559678,864691135474015026,1
864691136274633485,864691135469329804,1
864691136274640653,864691135468302220,1
864691136274642189,864691135469329804,1
864691136274746381,864691135468412498,3
864691136274746381,864691135468647250,1
864691136274759693,864691135470966354,1
864691136274772749,864691135469845388,1
864691136274868158,864691135469896332,1
864691136274948877,864691135469087570,1
864691136275031565,864691135468302220,1
864691136275077133,864691135468412498,1
864691136275218110,864691135470942290,1
864691136275218110,864691135473659186,1
864691136275223821,864691135467575436,1
864691136275253950,864691135468941394,1
864691136275255309,864691135472889650,1
864691136275309758,864691135472378930,1
864691136275323661,864691135468364940,1
864691136275375806,864691135467800204,1
864691136275497406,864691135468850514,1
864691136275795725,864691135472692786,1
864691136275869965,864691135470217298,2
864691136275883021,864691135469339474,3
864691136275890189,864691135469329804,1
864691136276010765,864691135472716338,1
864691136276309773,864691135468966994,1
864691136276454413,864691135470895186,1
864691136286536387,864691135472741170,1
864691136286541763,864691135467575436,1
864691136286562499,864691135472792626,1
864691136286563011,864691135468547724,1
864691136286576835,864691135468302220,1
864691136286576835,864691135468547724,1
864691136286583747,864691135469955154,1
864691136286819779,864691135469157970,2
864691136287323331,864691135468302220,1
864691136287427779,864691135472880178,1
864691136287441859,864691135472997938,1
864691136287518147,864691135472913970,1
864691136287526083,864691135468305036,1
864691136287529411,864691135468481874,1
864691136287529411,864691135468547724,3
864691136287529411,864691135468966994,4
864691136287529411,864691135472962610,1
864691136287736259,864691135468481874,1
864691136287736259,864691135468966994,1
864691136287840451,864691135469599884,1
864691136287987651,864691135469257042,1
864691136287987651,864691135470966354,3
864691136288067267,864691135472378930,1
864691136288079043,864691135468480908,3
864691136288079043,864691135468547724,1
864691136288079043,864691135469460876,1
864691136288079043,864691135469928332,2
864691136288079043,864691135472691762,1
864691136288079043,864691135472962610,1
864691136288080323,864691135470783218,1
864691136288145347,864691135472817970,1
864691136288160195,864691135470966354,1
864691136288592323,864691135470700626,1
864691136288604355,864691135468164178,2
864691136288604355,864691135469339474,1
864691136288727747,864691135468922962,2
864691136288727747,864691135468992338,1
864691136288727747,864691135469329804,1
864691136288727747,864691135469896332,3
864691136288727747,864691135472692786,1
864691136288787351,864691135469896332,1
864691136288807619,864691135467800204,1
864691136288807619,864691135468305036,2
864691136288807619,864691135468356236,1
864691136288807619,864691135469087570,1
864691136288807619,864691135473409074,1
864691136288807619,864691135473659186,2
864691136288910275,864691135468992338,1
864691136288920259,864691135470700626,1
864691136289008535,864691135472337970,1
864691136289134231,864691135469896332,2
864691136291075223,864691135469896332,1
864691136291083671,864691135472692786,1
864691136291479959,864691135468992338,1
864691136296648219,864691135468863826,3
864691136296648219,864691135468992338,1
864691136296652315,864691135472792626,1
864691136296654107,864691135468850514,1
864691136296673307,864691135468550540,1
864691136296673307,864691135472691762,1
864691136296692763,864691135468547724,1
864691136296705051,864691135472741170,1
864691136296740379,864691135473659186,1
864691136296797979,864691135468412498,1
864691136296971291,864691135473265714,1
864691136297320219,864691135472880178,2
864691136297446683,864691135467575436,1
864691136297457947,864691135468305036,1
864691136297492507,864691135469896332,1
864691136297589787,864691135469896332,1
864691136297668379,864691135468992338,1
864691136297696283,864691135472988722,1
864691136297701147,864691135468850514,1
864691136297937435,864691135468550540,1
864691136297937435,864691135472818226,2
864691136298045979,864691135472913970,1
864691136298061083,864691135468992338,1
864691136298115099,864691135468431244,4
864691136298115099,864691135468481874,1
864691136298115099,864691135472972594,1
864691136298466587,864691135472716338,1
864691136298501659,864691135472741170,1
864691136298896155,864691135469928332,1
864691136298913563,864691135468922962,4
864691136298913563,864691135470700626,2
864691136298913563,864691135472070450,1
864691136298997275,864691135469329804,1
864691136299136795,864691135469896332,1
864691136299136795,864691135472692786,1
864691136299136795,864691135473265714,1
864691136299163419,864691135469257042,3
864691136303465879,864691135468941394,1
864691136309643354,864691135472880178,1
864691136309645402,864691135467575436,1
864691136309647962,864691135468356236,1
864691136309648474,864691135469257042,2
864691136309682522,864691135469157970,1
864691136309684314,864691135469329804,2
864691136309685082,864691135468992338,1
864691136309690202,864691135474016562,1
864691136309705306,864691135472972594,1
864691136310252634,864691135468305036,1
864691136310666842,864691135468850514,1
864691136310672474,864691135472792626,1
864691136310680666,864691135472880178,1
864691136310683994,864691135468966994,1
864691136310689626,864691135468412498,1
864691136310695514,864691135472792626,1
864691136310697050,864691135473409074,1
864691136310723930,864691135468922962,1
864691136310723930,864691135472070450,1
864691136310774362,864691135467575180,1
864691136310774362,864691135469928332,1
864691136310774362,864691135472716338,2
864691136310843738,864691135468647250,3
864691136310870874,864691135468302220,1
864691136310892634,864691135472913970,1
864691136310917466,864691135467896204,1
864691136310917466,864691135468305036,1
864691136310917466,864691135468647250,1
864691136310917466,864691135469928332,1
864691136310931034,864691135468302220,1
864691136310931034,864691135468305036,3
864691136311098970,864691135469062738,5
864691136311098970,864691135469445202,4
864691136311098970,864691135470942290,2
864691136311098970,864691135473084210,1
864691136311098970,864691135473186610,2
864691136311106650,864691135468481874,1
864691136311106650,864691135468966994,1
864691136311213914,864691135469339474,2
864691136311213914,864691135469736076,1
864691136311213914,864691135469896274,2
864691136311213914,864691135473186610,1
864691136311330906,864691135468364940,1
864691136311330906,864691135472889650,6
864691136311330906,864691135472997938,1
864691136311343706,864691135469928332,1
864691136311384922,864691135468850514,3
864691136311515226,864691135469845388,1
864691136311539546,864691135470700626,1
864691136311610202,864691135469329804,8
864691136311736893,864691135469588306,1
864691136311737405,864691135468992338,1
864691136311746621,864691135472962610,1
864691136311759706,864691135469928332,1
864691136311762778,864691135467800204,1
864691136311780954,864691135469157970,1
864691136311780954,864691135469339474,1
864691136311780954,864691135470966354,1
864691136311780954,864691135472716338,1
864691136311780954,864691135473268786,2
864691136311792218,864691135472880178,7
864691136311832893,864691135467575436,1
864691136311836221,864691135468547724,1
864691136311841597,864691135472997682,2
864691136311842621,864691135469329804,1
864691136312057178,864691135468922962,1
864691136312057178,864691135470895186,1
864691136312057178,864691135470942290,5
864691136312074074,864691135469599884,1
864691136312214618,864691135472378930,1
864691136312312893,864691135469257042,1
864691136312445786,864691135468922962,1
864691136312445786,864691135469339474,1
864691136312445786,864691135470942290,1
864691136312466010,864691135469955154,1
864691136312507197,864691135472792626,1
864691136312518461,864691135472858418,1
864691136312528474,864691135467800204,1
864691136312528474,864691135472070450,3
864691136312584282,864691135468550540,1
864691136312608061,864691135468850514,1
864691136312671037,864691135468447884,1
864691136312850237,864691135470217298,1
864691136312963645,864691135472988722,1
864691136312992061,864691135468966994,1
864691136313828669,864691135470895186,1
864691136313833021,864691135468544396,1
864691136313833021,864691135472716338,1
864691136313833021,864691135472889650,1
864691136313833021,864691135473268786,3
864691136314078013,864691135468652428,1
864691136314078013,864691135469736076,1
864691136314078013,864691135469896332,1
864691136314078013,864691135472070450,1
864691136314120765,864691135469339474,2
864691136314120765,864691135469736076,2
864691136314120765,864691135472378930,6
864691136314126653,864691135469339474,1
864691136314456125,864691135469588306,1
864691136314485053,864691135467800204,1
864691136314516797,864691135469339474,1
864691136314548285,864691135469062738,1
864691136321830295,864691135472337970,1
864691136321830295,864691135472692786,1
864691136321885335,864691135470700626,1
864691136324898711,864691135472692786,1
864691136328879850,864691135472378930,2
864691136328883434,864691135468586636,1
864691136328883434,864691135473084210,1
864691136328891370,864691135468992338,1
864691136328899050,864691135472913970,1
864691136328922858,864691135468305036,1
864691136328933610,864691135472988722,1
864691136329210090,864691135470217298,1
864691136329210090,864691135472760370,1
864691136329353962,864691135468305036,1
864691136329540074,864691135472972594,1
864691136329692906,864691135468992338,2
864691136329715946,864691135474016562,2
864691136329911274,864691135472792626,1
864691136329950442,864691135468652428,1
864691136329950442,864691135469346188,1
864691136329950442,864691135470700626,1
864691136330101226,864691135473409074,1
864691136330117866,864691135472421938,1
864691136330611690,864691135469329804,1
864691136330805994,864691135469257042,1
864691136331421674,864691135469955154,2
864691136331421674,864691135472889650,1
864691136331448810,864691135472378930,1
864691136331512298,864691135469339474,1
864691136331512298,864691135469896332,1
864691136331537130,864691135470700626,1
864691136331610346,864691135469736076,1
864691136333763507,864691135468966994,1
864691136333763507,864691135472962610,1
864691136333810355,864691135472760370,1
864691136334033843,864691135468412498,1
864691136334652851,864691135469445202,1
864691136334653107,864691135470217298,1
864691136334655155,864691135469588306,1
864691136334819763,864691135474016562,2
864691136334850483,864691135469339474,1
864691136335027635,864691135468547724,2
864691136335079603,864691135468922962,1
864691136335130035,864691135472988722,1
864691136335208883,864691135467575180,1
864691136335434931,864691135470700626,1
864691136335597235,864691135470061394,1
864691136335597235,864691135472741170,2
864691136335604147,864691135468586636,1
864691136335604147,864691135468948364,1
864691136335899059,864691135472792626,1
864691136335964083,864691135468850514,1
864691136336204979,864691135469845388,1
864691136336252339,864691135468922962,1
864691136336252339,864691135468992338,1
864691136336252339,864691135469896332,6
864691136336252339,864691135472070450,1
864691136336252339,864691135472692786,3
864691136336274867,864691135474015026,1
864691136336279987,864691135472378930,2
864691136336411315,864691135470942290,1
864691136361485282,864691135472817970,1
864691136361491938,864691135474016562,2
864691136361492450,864691135469588306,1
864691136361520610,864691135467800204,1
864691136361521634,864691135468850514,1
864691136362432738,864691135468992338,1
864691136362432994,864691135468412498,1
864691136362480610,864691135468850514,1
864691136362585570,864691135468164178,1
864691136362585570,864691135469445202,1
864691136362585570,864691135472760370,3
864691136362585570,864691135473186610,1
864691136362775266,864691135467800204,1
864691136362775266,864691135473268786,1
864691136363207394,864691135474015026,1
864691136363393506,864691135468850514,1
864691136363769826,864691135468251276,1
864691136363769826,864691135468364940,4
864691136363769826,864691135472889650,3
864691136363769826,864691135472997938,5
864691136363769826,864691135473517874,1
864691136363999202,864691135469736076,1
864691136364027362,864691135468586636,1
864691136364166370,864691135469329804,1
864691136364166370,864691135470700626,1
864691136364441314,864691135469062738,1
864691136370787976,864691135473268786,1
864691136370793864,864691135472997682,1
864691136370793864,864691135473186610,1
864691136370796936,864691135469588306,1
864691136370804616,864691135469077330,1
864691136370805384,864691135468757586,1
864691136370842504,864691135469588306,2
864691136371182216,864691135470700626,1
864691136371472264,864691135472691762,1
864691136371482760,864691135469157970,1
864691136371701384,864691135468547724,1
864691136371761544,864691135467575436,1
864691136372208008,864691135468480908,1
864691136372208008,864691135469257042,1
864691136372357256,864691135472817970,1
864691136372513160,864691135468652428,1
864691136372513160,864691135470700626,1
864691136372820360,864691135468364940,1
864691136372820360,864691135470966354,1
864691136372820360,864691135472997938,1
864691136372820360,864691135473409074,1
864691136372945032,864691135468251276,1
864691136373149064,864691135469329804,7
864691136373149064,864691135470700626,2
864691136378750421,864691135472741170,1
864691136378752981,864691135468412498,1
864691136378765781,864691135468544396,2
864691136378769621,864691135468356236,1
864691136378769621,864691135472741170,1
864691136378774741,864691135472972594,1
864691136378799829,864691135468627026,1
864691136379048149,864691135469773906,1
864691136379058133,864691135472962610,1
864691136379126485,864691135472858418,1
864691136379198677,864691135468850514,2
864691136379227093,864691135468481874,1
864691136379227093,864691135468547724,1
864691136379227093,864691135472792626,2
864691136379558613,864691135469955154,1
864691136379587541,864691135468560524,2
864691136379590869,864691135468560524,1
864691136379638485,864691135472760370,1
864691136379654613,864691135473186610,1
864691136379789525,864691135467575436,1
864691136379798997,864691135468850514,2
864691136379805653,864691135468992338,1
864691136379811797,864691135469157970,1
864691136379811797,864691135472972594,2
864691136379811797,864691135472997682,2
864691136379816149,864691135468627026,1
864691136380109781,864691135469896332,1
864691136380245205,864691135473186610,1
864691136380264149,864691135468302220,1
864691136380400341,864691135469928332,1
864691136380732629,864691135472378930,1
864691136380773077,864691135474016562,1
864691136380789717,864691135470217298,2
864691136380813525,864691135470700626,1
864691136380910037,864691135467575180,1
864691136380916949,864691135469346188,1
864691136380916949,864691135470700626,1
864691136380924117,864691135472716338,2
864691136381089237,864691135469599884,2
864691136381122773,864691135469599884,1
864691136381197525,864691135472716338,1
864691136381198805,864691135469329804,1
864691136381198805,864691135470700626,1
864691136381227477,864691135470217298,1
864691136381227477,864691135473659186,1
864691136381243349,864691135469845388,1
864691136381243349,864691135472880178,1
864691136381243349,864691135473517874,1
864691136381324501,864691135469339474,9
864691136381324501,864691135469896274,1
864691136381324501,864691135470700626,1
864691136381454549,864691135469845388,8
864691136388265847,864691135474016562,1
864691136388275831,864691135467575180,1
864691136388275831,864691135470783218,1
864691136388278135,864691135468431244,1
864691136388289911,864691135468948364,1
864691136388375671,864691135472378930,4
864691136388559120,864691135469346188,5
864691136388565264,864691135472760370,1
864691136388577552,864691135467941260,1
864691136388600592,864691135468627026,1
864691136388605047,864691135469588306,1
864691136388660087,864691135468992338,1
864691136388956688,864691135472792626,1
864691136389103223,864691135469157970,1
864691136389103223,864691135472913970,1
864691136389112183,864691135472992050,1
864691136389115511,864691135472972594,1
864691136389152784,864691135468481874,1
864691136389152784,864691135468547724,3
864691136389152784,864691135468966994,2
864691136389152784,864691135472962610,2
864691136389180791,864691135468647250,1
864691136389261687,864691135469599884,1
864691136389262199,864691135468863826,1
864691136389263735,864691135469062738,2
864691136389263735,864691135469445202,1
864691136389274231,864691135468302220,4
864691136389274231,864691135468412498,1
864691136389279095,864691135469329804,1
864691136389280887,864691135472913970,1
864691136389313399,864691135469004882,1
864691136389460240,864691135468850514,1
864691136389460240,864691135468992338,2
864691136389460240,864691135472692786,2
864691136389463312,864691135472817970,1
864691136389467920,864691135468412498,1
864691136389551991,864691135472337970,1
864691136389552503,864691135472880178,1
864691136389627408,864691135468050828,1
864691136389627408,864691135469087570,1
864691136389679223,864691135470700626,1
864691136389706768,864691135468481874,1
864691136389712656,864691135472716338,1
864691136390034704,864691135470061394,1
864691136390136592,864691135468948364,1
864691136390136592,864691135472716338,1
864691136390261520,864691135470942290,1
864691136390289936,864691135472988722,1
864691136390367615,864691135470700626,1
864691136390378367,864691135469773906,1
864691136390381183,864691135468383116,1
864691136390391423,864691135468966994,1
864691136390392191,864691135469588306,1
864691136390417535,864691135472817970,2
864691136390454135,864691135469896274,1
864691136390484599,864691135472913970,1
864691136390515583,864691135468547724,3
864691136390676343,864691135469329804,1
864691136390676343,864691135469896332,1
864691136390677264,864691135469845388,1
864691136390677264,864691135470783218,1
864691136390677264,864691135470966354,3
864691136390695031,864691135467800204,1
864691136390697591,864691135472716338,1
864691136390718736,864691135468922962,1
864691136390718736,864691135469339474,1
864691136390718736,864691135473265714,1
864691136390749047,864691135472716338,1
864691136390769791,864691135472858418,1
864691136390808336,864691135470895186,1
864691136390818679,864691135470966354,1
864691136390905207,864691135469599884,2
864691136390905207,864691135469845388,7
864691136390918672,864691135467800204,1
864691136390918672,864691135469736076,1
864691136390920976,864691135468251276,1
864691136391011856,864691135470700626,1
864691136391023120,864691135472692786,2
864691136391023120,864691135472972594,3
864691136391023120,864691135473517874,1
864691136391042167,864691135468992338,1
864691136391042167,864691135469736076,1
864691136391042167,864691135469845388,1
864691136391072127,864691135468547724,1
864691136391107711,864691135468547724,1
864691136391132688,864691135469339474,1
864691136391161983,864691135468922962,1
864691136391242512,864691135473659186,3
864691136391313791,864691135469845388,1
864691136391330687,864691135469004882,1
864691136391365759,864691135469896332,1
864691136391376511,864691135468481874,2
864691136391376511,864691135468547724,5
864691136391381119,864691135468412498,1
864691136391381119,864691135472741170,4
864691136391383423,864691135469062738,1
864691136391383423,864691135469157970,2
864691136391383423,864691135469955154,1
864691136391384703,864691135472889650,1
864691136391508095,864691135468547724,1
864691136391623039,864691135469257042,1
864691136391800191,864691135467941260,1
864691136391814271,864691135467941260,2
864691136391832447,864691135469087570,1
864691136391832447,864691135472817970,1
864691136392179839,864691135468050828,1
864691136392381311,864691135470700626,1
864691136392404607,864691135467941260,1
864691136392461695,864691135468547724,2
864691136392608127,864691135468850514,1
864691136392608127,864691135469896332,1
864691136392608127,864691135472070450,1
864691136392608127,864691135472692786,1
864691136392865407,864691135469087570,1
864691136392885375,864691135470700626,1
864691136392909695,864691135470700626,2
864691136392951935,864691135469845388,1
864691136418610327,864691135467896204,1
864691136418632343,864691135468302220,1
864691136418847127,864691135472741170,1
864691136418849687,864691135469329804,2
864691136418877335,864691135468431244,1
864691136419343255,864691135472817970,1
864691136419351959,864691135469062738,1
864691136419351959,864691135473186610,1
864691136419487127,864691135468305036,1
864691136419554199,864691135472692786,1
864691136419561623,864691135472691762,1
864691136419766935,864691135468412498,1
864691136419769751,864691135469329804,1
864691136419781015,864691135474016562,1
864691136420685207,864691135469460876,1
864691136420790167,864691135468302220,1
864691136421067671,864691135470700626,1
864691136421122199,864691135468948364,1
864691136421164951,864691135469460876,2
864691136421240983,864691135468560524,1
864691136421271447,864691135469588306,1
864691136421359255,864691135468356236,1
864691136421359255,864691135472741170,1
864691136422824239,864691135468547724,3
864691136422825775,864691135469257042,2
864691136422830895,864691135472858418,1
864691136422839855,864691135470061394,3
864691136422841135,864691135473084210,1
864691136422842927,864691135472692786,1
864691136423060527,864691135472050994,1
864691136423065135,864691135468627026,1
864691136423065135,864691135468850514,2
864691136423108911,864691135468302220,3
864691136423138351,864691135468050828,2
864691136423138351,864691135470700626,1
864691136423138351,864691135472817970,1
864691136423498031,864691135472792626,1
864691136423518767,864691135470700626,2
864691136423518767,864691135474016562,1
864691136423565615,864691135468302220,1
864691136423579439,864691135468412498,1
864691136423671599,864691135468412498,1
864691136423676463,864691135474015026,1
864691136423802927,864691135472741170,1
864691136424054575,864691135469588306,1
864691136424054575,864691135472913970,1
864691136424289839,864691135468948364,5
864691136424289839,864691135469157970,1
864691136424289839,864691135469955154,1
864691136424289839,864691135472889650,2
864691136424289839,864691135473517874,1
864691136424305711,864691135474015026,1
864691136424353583,864691135470700626,1
864691136424437551,864691135469896332,1
864691136424516399,864691135469736076,1
864691136424516399,864691135469896274,1
864691136424830255,864691135474016562,1
864691136425623343,864691135468544396,2
864691136425623343,864691135468948364,1
864691136425623343,864691135469080402,1
864691136425623343,864691135472818226,2
864691136425623343,864691135472997682,3
864691136425751087,864691135472378930,1
864691136425761327,864691135470966354,1
864691136425782575,864691135469329804,1
864691136425782575,864691135470700626,1
864691136425840943,864691135469896332,1
864691136436377502,864691135470217298,2
864691136436378782,864691135469080402,1
864691136436380318,864691135469346188,1
864691136436380318,864691135470700626,2
864691136436399262,864691135469896274,1
864691136436410782,864691135467896204,1
864691136436500638,864691135472741170,1
864691136436733086,864691135468547724,1
864691136436854430,864691135470966354,1
864691136436964214,864691135470061394,1
864691136437197726,864691135468544396,1
864691136437211294,864691135472741170,3
864691136437298590,864691135469955154,1
864691136437301918,864691135468922962,1
864691136437364638,864691135468481874,1
864691136437409438,864691135467575436,1
864691136437411742,864691135472962610,1
864691136437415070,864691135469329804,1
864691136437430430,864691135468305036,1
864691136437633950,864691135469896332,3
864691136437633950,864691135472070450,2
864691136437633950,864691135472988722,1
864691136437673118,864691135472716338,1
864691136437691294,864691135472880178,2
864691136437706142,864691135468383116,1
864691136437706142,864691135473409074,1
864691136437724062,864691135469928332,5
864691136437724062,864691135470966354,1
864691136437788574,864691135473084210,1
864691136438013598,864691135469896332,1
864691136438375326,864691135470966354,1
864691136438443422,864691135473659186,1
864691136438456990,864691135469928332,1
864691136438496670,864691135472988722,1
864691136438584478,864691135469062738,1
864691136438584478,864691135469773906,1
864691136438584478,864691135469928332,1
864691136438584478,864691135472997682,1
864691136438584478,864691135473186610,1
864691136438763422,864691135473659186,1
864691136438775966,864691135469928332,1
864691136438775966,864691135472716338,1
864691136438820254,864691135472716338,1
864691136438871710,864691135470966354,1
864691136438882974,864691135468922962,1
864691136443712899,864691135468863826,1
864691136443726723,864691135470966354,1
864691136443726723,864691135472716338,1
864691136443726979,864691135469329804,1
864691136443733635,864691135472913970,1
864691136443734403,864691135468305036,2
864691136443734403,864691135468966994,1
864691136443734403,864691135470966354,2
864691136443737731,864691135469077330,1
864691136443737731,864691135472792626,1
864691136443754883,864691135470700626,1
864691136443758979,864691135472858418,1
864691136443909251,864691135472913970,1
864691136444087683,864691135472962610,2
864691136444193923,864691135468431244,1
864691136444193923,864691135472962610,1
864691136444381059,864691135468302220,1
864691136444711811,864691135472692786,1
864691136444744835,864691135468412498,1
864691136444749187,864691135472792626,1
864691136444749955,864691135468627026,1
864691136444757123,864691135469896274,1
864691136444776067,864691135468948364,1
864691136444776067,864691135469928332,1
864691136445062787,864691135468364940,1
864691136445062787,864691135468922962,1
864691136445245571,864691135472817970,1
864691136445249923,864691135468966994,1
864691136445259907,864691135473659186,1
864691136445763203,864691135468863826,1
864691136445763203,864691135468992338,1
864691136445763203,864691135472692786,1
864691136445914499,864691135468356236,2
864691136451068415,864691135467941260,1
864691136451079679,864691135474015026,1
864691136451084031,864691135469087570,1
864691136451084031,864691135472760370,1
864691136451084799,864691135468480908,1
864691136451098367,864691135468863826,1
864691136451113471,864691135468050828,1
864691136451331583,864691135470966354,3
864691136451448063,864691135473659186,2
864691136451484415,864691135472741170,1
864691136451496959,864691135468383116,1
864691136451496959,864691135469087570,1
864691136451496959,864691135472741170,8
864691136451796479,864691135468850514,1
864691136451879423,864691135468412498,2
864691136451879423,864691135468966994,1
864691136451886079,864691135469460876,1
864691136451891199,864691135468412498,1
864691136451990015,864691135470700626,1
864691136451990783,864691135468364940,1
864691136452005631,864691135468412498,1
864691136452005887,864691135472818226,2
864691136452156159,864691135470895186,1
864691136452310783,864691135468302220,1
864691136452325375,864691135473659186,1
864691136452459007,864691135468383116,1
864691136452920319,864691135472741170,1
864691136453003007,864691135468992338,1
864691136453017855,864691135468850514,1
864691136453017855,864691135469896332,2
864691136453017855,864691135472070450,1
864691136453085695,864691135468305036,1
864691136453085695,864691135469080402,1
864691136453085695,864691135472972594,8
864691136453096959,864691135470895186,1
864691136453098239,864691135470700626,1
864691136453143295,864691135469845388,1
864691136453186559,864691135470700626,1
864691136453196543,864691135474015026,1
864691136453384959,864691135469896274,1
864691136453395455,864691135474015026,1
864691136453524735,864691135472716338,1
864691136453546495,864691135470700626,1
864691136482854444,864691135467575180,1
864691136482859308,864691135472858418,3
864691136482876204,864691135468948364,1
864691136482885420,864691135469004882,1
864691136482893612,864691135469077330,1
864691136482893868,864691135468251276,1
864691136482919212,864691135468850514,1
864691136482962220,864691135468305036,1
864691136482962220,864691135468966994,1
864691136482962220,864691135469257042,1
864691136482962220,864691135472962610,2
864691136483193644,864691135468544396,1
864691136483276076,864691135472913970,2
864691136483292460,864691135468966994,1
864691136483292460,864691135472962610,3
864691136483303724,864691135468627026,1
864691136483328812,864691135468992338,3
864691136483341612,864691135469955154,1
864691136483341612,864691135470966354,1
864691136483751980,864691135468757586,1
864691136483899436,864691135472691762,1
864691136483920940,864691135468544396,4
864691136483920940,864691135469588306,1
864691136483920940,864691135472997682,2
864691136483920940,864691135473186610,1
864691136484086572,864691135473084210,1
864691136484092204,864691135470700626,1
864691136484207404,864691135470895186,8
864691136484207404,864691135472378930,2
864691136484525100,864691135468863826,2
864691136484525100,864691135472817970,1
864691136484620844,864691135472988722,1
864691136484814636,864691135469845388,1
864691136484824108,864691135468547724,2
864691136484824108,864691135472962610,1
864691136485005100,864691135469736076,1
864691136485029676,864691135469845388,2
864691136485065772,864691135467896204,2
864691136485065772,864691135473268786,1
864691136485089068,864691135468992338,2
864691136485089068,864691135472692786,2
864691136485089068,864691135474016562,1
864691136485102892,864691135470783218,1
864691136485125164,864691135472692786,3
864691136485145900,864691135472692786,2
864691136485145900,864691135472988722,1
864691136485215020,864691135468992338,1
864691136485237036,864691135472997938,1
864691136486762514,864691135468383116,1
864691136486770194,864691135469773906,1
864691136486777362,864691135468547724,1
864691136486779666,864691135472997938,1
864691136486780178,864691135469896274,1
864691136486807570,864691135467941260,2
864691136487186450,864691135472858418,4
864691136487252498,864691135470700626,1
864691136487282038,864691135468550540,1
864691136487722514,864691135468850514,2
864691136487983378,864691135468627026,1
864691136488002578,864691135469588306,1
864691136488002578,864691135472880178,1
864691136488002834,864691135472792626,1
864691136488013074,864691135472741170,2
864691136488023570,864691135468647250,1
864691136488326162,864691135472741170,4
864691136488439570,864691135468356236,1
864691136488439570,864691135472691762,1
864691136488439570,864691135473517874,1
864691136489055762,864691135469062738,1
864691136489259282,864691135470217298,1
864691136489259282,864691135472988722,1
864691136489452050,864691135468586636,1
864691136489452050,864691135469445202,1
864691136489452050,864691135473186610,6
864691136489661970,864691135468922962,1
864691136489712914,864691135468948364,1
864691136489712914,864691135469062738,1
864691136489712914,864691135469896274,1
864691136489712914,864691135472997682,2
864691136489712914,864691135473517874,1
864691136489775378,864691135472760370,1
864691136489824274,864691135469599884,1
864691136489874194,864691135467800204,3
864691136489874194,864691135468948364,1
864691136489874194,864691135469157970,1
864691136489874194,864691135469257042,1
864691136489874194,864691135469896274,5
864691136489874194,864691135469928332,2
864691136489874194,864691135469955154,3
864691136489874194,864691135470783218,1
864691136489874194,864691135470966354,1
864691136489880594,864691135468922962,2
864691136489880594,864691135469339474,8
864691136489880594,864691135470700626,1
864691136521561489,864691135467800204,1
864691136521561489,864691135470700626,1
864691136521563025,864691135468850514,2
864691136521564817,864691135468412498,2
864691136521571217,864691135468647250,1
864691136521582737,864691135468412498,1
864691136521582993,864691135468966994,1
864691136521589137,864691135472972594,1
864691136521597073,864691135468302220,1
864691136521601681,864691135473268786,2
864691136521601937,864691135469157970,1
864691136521601937,864691135469460876,1
864691136521864849,864691135472962610,1
864691136522269841,864691135469087570,1
864691136522443409,864691135468412498,1
864691136522490769,864691135469157970,1
864691136522576529,864691135468302220,2
864691136522803857,864691135468447884,1
864691136522845329,864691135468480908,2
864691136523216017,864691135469329804,1
864691136523889553,864691135468251276,3
864691136523889553,864691135470895186,2
864691136523971473,864691135468320396,1
864691136523971473,864691135468922962,1
864691136523971473,864691135469329804,1
864691136523971473,864691135469736076,1
864691136523971473,864691135469896274,1
864691136523971473,864691135472378930,1
864691136523974289,864691135467575436,1
864691136523974289,864691135473659186,3
864691136524177809,864691135470942290,1
864691136524255121,864691135473659186,1
864691136524283537,864691135470966354,1
864691136524347025,864691135469257042,1
864691136524371089,864691135470966354,1
864691136524371345,864691135470895186,1
864691136524448913,864691135468251276,1
864691136524448913,864691135469736076,1
864691136524448913,864691135470700626,1
864691136524448913,864691135472378930,3
864691136524448913,864691135473659186,1
864691136524467601,864691135473517874,1
864691136534303906,864691135468305036,1
864691136534303906,864691135468966994,1
864691136534303906,864691135472962610,1
864691136534582178,864691135469588306,1
864691136534877346,864691135472792626,1
864691136534943650,864691135470061394,1
864691136536121506,864691135468547724,7
864691136536165026,864691135470061394,1
864691136536165026,864691135472741170,1
864691136536800162,864691135468305036,1
864691136536800162,864691135472792626,1
864691136537923490,864691135472972594,1
864691136539230114,864691135468305036,1
864691136539981730,864691135468647250,1
864691136540364962,864691135468412498,1
864691136540364962,864691135468431244,1
864691136540364962,864691135469004882,1
864691136540452258,864691135469588306,1
864691136543315362,864691135468302220,1
864691136543315362,864691135468966994,1
864691136543315362,864691135472972594,4
864691136546496418,864691135469077330,1
864691136548991394,864691135468305036,1
864691136551186850,864691135468412498,1
864691136553414818,864691135470061394,1
864691136553930146,864691135468447884,2
864691136554277282,864691135472792626,4
864691136554337442,864691135472792626,1
864691136555935906,864691135472741170,2
864691136560184226,864691135468412498,1
864691136560783266,864691135468412498,2
864691136562153469,864691135472050994,1
864691136564408994,864691135472997682,1
864691136570938786,864691135468431244,1
864691136577479188,864691135469928332,1
864691136577521684,864691135468356236,1
864691136577525012,864691135472858418,1
864691136577821460,864691135468412498,1
864691136577854228,864691135472997938,1
864691136577957908,864691135472972594,1
864691136577971732,864691135469460876,1
864691136578499604,864691135467800204,1
864691136578527252,864691135468305036,3
864691136578530324,864691135468966994,1
864691136578536980,864691135468757586,1
864691136578539284,864691135469445202,1
864691136578820884,864691135473409074,1
864691136578959892,864691135469460876,1
864691136579327650,864691135468481874,1
864691136579536660,864691135473268786,1
864691136579538964,864691135472817970,1
864691136579969300,864691135469736076,1
864691136579984916,864691135468560524,2
864691136579984916,864691135473659186,1
864691136580085012,864691135472997682,1
864691136580583842,864691135468447884,1
864691136585351842,864691135468412498,1
864691136588920994,864691135472962610,1
864691136589356194,864691135468481874,2
864691136589356194,864691135468547724,1
864691136590394530,864691135470061394,1
864691136593436066,864691135468547724,2
864691136593436066,864691135469077330,1
864691136594491810,864691135472070450,1
864691136594494626,864691135472792626,1
864691136594500514,864691135468383116,1
864691136594510498,864691135468547724,1
864691136594510498,864691135468966994,1
864691136594969506,864691135469062738,1
864691136594969506,864691135469157970,1
864691136595281570,864691135470942290,1
864691136595307938,864691135469588306,1
864691136595307938,864691135469928332,1
864691136595307938,864691135472913970,1
864691136595321506,864691135473517874,1
864691136595488674,864691135468320396,1
864691136595488674,864691135469896274,5
864691136595488674,864691135469955154,1
864691136595492258,864691135468305036,4
864691136595492258,864691135468480908,1
864691136595501730,864691135468302220,1
864691136595572386,864691135472741170,1
864691136595846050,864691135468627026,2
864691136595999650,864691135468480908,1
864691136595999650,864691135469080402,3
864691136595999650,864691135469928332,2
864691136595999650,864691135472972594,1
864691136595999650,864691135472997682,3
864691136596964258,864691135473659186,1
864691136596965026,864691135472378930,1
864691136596990626,864691135470966354,1
864691136597043106,864691135468652428,2
864691136597043106,864691135468922962,5
864691136597043106,864691135468992338,1
864691136597043106,864691135470700626,2
864691136597043106,864691135472692786,1
864691136601551313,864691135468850514,2
864691136601551313,864691135469590457,1
864691136601575633,864691135468356236,1
864691136601577425,864691135470966354,1
864691136601579473,864691135468966994,1
864691136601796049,864691135472741170,1
864691136601960657,864691135468320396,1
864691136602082513,864691135468627026,1
864691136602228177,864691135469845388,1
864691136602248657,864691135472378930,1
864691136602354129,864691135468966994,1
864691136602497745,864691135468302220,2
864691136602503377,864691135469588306,1
864691136602771153,864691135469062738,1
864691136602780881,864691135468547724,1
864691136602781393,864691135469928332,4
864691136602788049,864691135472880178,1
864691136602788049,864691135472913970,1
864691136602899665,864691135468481874,3
864691136602899665,864691135468547724,1
864691136602919889,864691135469329804,1
864691136603620305,864691135468627026,1
864691136603620305,864691135468850514,1
864691136603793873,864691135469588306,1
864691136604113361,864691135470966354,1
864691136604113361,864691135472716338,1
864691136604219857,864691135473409074,2
864691136617111515,864691135472988722,1
864691136617113819,864691135468412498,1
864691136617119963,864691135472378930,1
864691136617136603,864691135468647250,1
864691136617137627,864691135472792626,1
864691136617291995,864691135469004882,1
864691136617602267,864691135468305036,1
864691136617987803,864691135472050994,1
864691136618028763,864691135472792626,1
864691136618048987,864691135472792626,1
864691136618116315,864691135473186610,1
864691136618145755,864691135468480908,1
864691136618145755,864691135469460876,3
864691136618230491,864691135472997938,1
864691136618232795,864691135472913970,1
864691136618400397,864691135473659186,1
864691136618413197,864691135468302220,1
864691136618441691,864691135468320396,3
864691136618454669,864691135468863826,1
864691136618454669,864691135468992338,1
864691136618479067,864691135469346188,1
864691136618488205,864691135469896274,1
864691136618553485,864691135469257042,1
864691136618553485,864691135472716338,1
864691136618560475,864691135469329804,1
864691136618712795,864691135468627026,1
864691136618835085,864691135468586636,1
864691136619058573,864691135472692786,1
864691136619059597,864691135470966354,2
864691136619180685,864691135469773906,3
864691136619199963,864691135472337970,2
864691136619235981,864691135468863826,1
864691136619235981,864691135468992338,1
864691136619334029,864691135472913970,1
864691136619354765,864691135468922962,1
864691136619369179,864691135470783218,1
864691136619369179,864691135472716338,1
864691136619435661,864691135472716338,1
864691136619592845,864691135469460876,1
864691136619592845,864691135472691762,1
864691136619729371,864691135469157970,2
864691136619729371,864691135469896274,3
864691136619729371,864691135469955154,1
864691136619750619,864691135470700626,1
864691136619750619,864691135470895186,2
864691136619770587,864691135472378930,1
864691136620192653,864691135469339474,2
864691136620192653,864691135472070450,1
864691136620192653,864691135473517874,1
864691136620234381,864691135470700626,1
864691136620486029,864691135468850514,1
864691136620486029,864691135468992338,1
864691136620486029,864691135469896332,1
864691136620681357,864691135470700626,1
864691136620894093,864691135472378930,1
864691136621082253,864691135468863826,2
864691136621082253,864691135468992338,4
864691136621099149,864691135467575180,1
864691136621099149,864691135468305036,1
864691136621099149,864691135468431244,1
864691136621099149,864691135468948364,2
864691136621099149,864691135470966354,1
864691136621099149,864691135472889650,2
864691136621099149,864691135472997938,1
864691136621099149,864691135473517874,1
864691136621108877,864691135472889650,1
864691136651410429,864691135468547724,1
864691136652239869,864691135468547724,2
864691136652239869,864691135472792626,1
864691136652781821,864691135469077330,1
864691136662174686,864691135468850514,1
864691136662197214,864691135468447884,1
864691136662199774,864691135472880178,1
864691136662200286,864691135469955154,1
864691136662207198,864691135469773906,1
864691136662232030,864691135468050828,1
864691136662393054,864691135469077330,1
864691136662393310,864691135472880178,1
864691136662440670,864691135468547724,1
864691136662440670,864691135468966994,2
864691136662440670,864691135472962610,1
864691136662463710,864691135468320396,1
864691136662914014,864691135472692786,1
864691136662981598,864691135469588306,1
864691136662983165,864691135468547724,1
864691136663005918,864691135468992338,1
864691136663134174,864691135473268786,1
864691136663152094,864691135467941260,1
864691136663175134,864691135470966354,1
864691136663185630,864691135468850514,1
864691136663212254,864691135468302220,1
864691136663216350,864691135469896332,2
864691136663216350,864691135472070450,2
864691136663348958,864691135467800204,1
864691136663348958,864691135472817970,1
864691136663348958,864691135472988722,1
864691136663515102,864691135469955154,1
864691136663657950,864691135468305036,1
864691136663771870,864691135470783218,1
864691136664084446,864691135468992338,1
864691136664084446,864691135472817970,1
864691136664127454,864691135468544396,1
864691136664127454,864691135469157970,1
864691136664648158,864691135468850514,1
864691136664648158,864691135468941394,1
864691136664648158,864691135468992338,3
864691136664648158,864691135472692786,1
864691136665155294,864691135468948364,6
864691136665155294,864691135470895186,1
864691136665155294,864691135472880178,1
864691136665194974,864691135470895186,1
864691136665210846,864691135468922962,1
864691136665210846,864691135469157970,1
864691136665210846,864691135469736076,1
864691136665217502,864691135467575436,1
864691136671433981,864691135469077330,1
864691136671433981,864691135472992050,1
864691136672647559,864691135468544396,2
864691136672647559,864691135469588306,2
864691136672664967,864691135468412498,1
864691136672691847,864691135468850514,1
864691136672980359,864691135468383116,1
864691136673041287,864691135469157970,2
864691136673148295,864691135473517874,1
864691136673705351,864691135472818226,1
864691136673737351,864691135469588306,3
864691136673737351,864691135473268786,1
864691136673938055,864691135468586636,1
864691136674065543,864691135468863826,1
864691136674654087,864691135474015026,1
864691136674719111,864691135472913970,1
864691136674719111,864691135473268786,2
864691136674936967,864691135467896204,1
864691136675020935,864691135468922962,1
864691136675020935,864691135469329804,1
864691136675020935,864691135470700626,1
864691136675182215,864691135469157970,1
864691136675197575,864691135467575180,1
864691136675197575,864691135472716338,1
864691136675476359,864691135469257042,1
864691136675476359,864691135470966354,1
864691136675476359,864691135473409074,1
864691136675573127,864691135468863826,1
864691136675813511,864691135468383116,1
864691136675813511,864691135468412498,3
864691136675813511,864691135469087570,1
864691136675813511,864691135469588306,2
864691136675813511,864691135470700626,1
864691136675813511,864691135472913970,1
864691136675813511,864691135473268786,1
864691136675824007,864691135468356236,2
864691136675875719,864691135472817970,1
864691136675909767,864691135472692786,1
864691136675921799,864691135469339474,1
864691136675921799,864691135472070450,2
864691136676004231,864691135470700626,1
864691136676004231,864691135472988722,1
864691136681300590,864691135472692786,1
864691136683179773,864691135469077330,1
864691136685329149,864691135468431244,3
864691136708261494,864691135473186610,1
864691136710057582,864691135470700626,1
864691136711042926,864691135467941260,1
864691136715377774,864691135468627026,1
864691136715814510,864691135468850514,1
864691136715902574,864691135468850514,3
864691136715902574,864691135472692786,1
864691136716664942,864691135469329804,1
864691136723294717,864691135468302220,1
864691136723302141,864691135474016562,1
864691136723304189,864691135469845388,1
864691136723307773,864691135468356236,1
864691136723326461,864691135472716338,1
864691136723332861,864691135468586636,1
864691136723351037,864691135467800204,1
864691136723351037,864691135468647250,1
864691136723351037,864691135469599884,2
864691136723351037,864691135472818226,2
864691136723351037,864691135473084210,1
864691136723351037,864691135474015026,1
864691136723388925,864691135468305036,1
864691136723388925,864691135468547724,1
864691136723388925,864691135468966994,1
864691136723415805,864691135468481874,1
864691136723419901,864691135468383116,1
864691136723452925,864691135472817970,1
864691136723471613,864691135468627026,1
864691136723472381,864691135469329804,1
864691136723481597,864691135469588306,2
864691136723495677,864691135469062738,1
864691136723495677,864691135469445202,1
864691136723504637,864691135472741170,2
864691136723511037,864691135469329804,1
864691136723545085,864691135468992338,1
864691136723549693,864691135468850514,1
864691136723549693,864691135468992338,1
864691136723556093,864691135468652428,1
864691136723556093,864691135469599884,2
864691136723562493,864691135468627026,2
864691136723566333,864691135468385618,1
864691136723576573,864691135468966994,1
864691136723579133,864691135468302220,1
864691136723585277,864691135472858418,1
864691136723596797,864691135469077330,2
864691136723596797,864691135472992050,1
864691136723637501,864691135468547724,2
864691136723657725,864691135468431244,1
864691136723976445,864691135473659186,1
864691136724321789,864691135469896332,1
864691136724469757,864691135468863826,1
864691136724568317,864691135468412498,1
864691136724616189,864691135468302220,1
864691136724748797,864691135469329804,1
864691136724776957,864691135468302220,1
864691136724776957,864691135468305036,1
864691136724820733,864691135468305036,1
864691136725057789,864691135468922962,1
864691136725292285,864691135468992338,1
864691136725455357,864691135472972594,1
864691136725455357,864691135472997682,3
864691136725579517,864691135468948364,2
864691136725717245,864691135470700626,1
864691136725817341,864691135473084210,1
864691136727530350,864691135469896332,1
864691136728689262,864691135470217298,2
864691136729335158,864691135468320396,4
864691136729335158,864691135469955154,1
864691136729335158,864691135472997682,1
864691136740400732,864691135467941260,1
864691136740407388,864691135468992338,1
864691136740415836,864691135468302220,1
864691136740428124,864691135472716338,1
864691136740429148,864691135468412498,1
864691136740430684,864691135469588306,1
864691136740430684,864691135472997682,1
864691136740431708,864691135472692786,1
864691136740436060,864691135468547724,1
864691136740637020,864691135468544396,1
864691136740637020,864691135468948364,1
864691136740637020,864691135469928332,1
864691136740755036,864691135469588306,1
864691136740782428,864691135468320396,1
864691136740782428,864691135469062738,2
864691136740800092,864691135469955154,1
864691136740814940,864691135468948364,1
864691136740814940,864691135469460876,1
864691136740851036,864691135469896332,1
864691136740872284,864691135472378930,1
864691136740872284,864691135472716338,1
864691136740891740,864691135473659186,1
864691136740924764,864691135472962610,8
864691136740998236,864691135472760370,1
864691136741290588,864691135467941260,3
864691136741305180,864691135472858418,1
864691136741435740,864691135469087570,1
864691136741435740,864691135469773906,1
864691136741435740,864691135472880178,1
864691136741438556,864691135469257042,1
864691136741482076,864691135472962610,1
864691136741530460,864691135468850514,1
864691136741537628,864691135473268786,1
864691136741866332,864691135468948364,1
864691136741866332,864691135472716338,1
864691136741937500,864691135473186610,1
864691136742241884,864691135469329804,1
864691136742623580,864691135469346188,1
864691136742623580,864691135470217298,1
864691136742623580,864691135472913970,1
864691136742685788,864691135472880178,1
864691136742685788,864691135472913970,1
864691136742825308,864691135472817970,1
864691136743006300,864691135469599884,1
864691136743169116,864691135473659186,1
864691136743319132,864691135468547724,1
864691136743319132,864691135469077330,1
864691136743358300,864691135468305036,1
864691136743375964,864691135468320396,1
864691136743375964,864691135468948364,1
864691136743452388,864691135469896332,1
864691136743826798,864691135468356236,1
864691136743826798,864691135472741170,1
864691136743930230,864691135469588306,1
864691136750881646,864691135468412498,1
864691136752213102,864691135472792626,1
864691136752821870,864691135468412498,6
864691136754432110,864691135468412498,3
864691136757337710,864691135468560524,1
864691136766683758,864691135468431244,1
864691136766683758,864691135468481874,3
864691136766683758,864691135468547724,3
864691136766683758,864691135472962610,1
864691136768713582,864691135472962610,1
864691136768713582,864691135472972594,1
864691136775138158,864691135467941260,1
864691136775185774,864691135472716338,1
864691136776466798,864691135469329804,1
864691136810003566,864691135467575436,1
864691136811803507,864691135468383116,2
864691136811812211,864691135472880178,1
864691136811814003,864691135472792626,1
864691136811816563,864691135468305036,1
864691136811828339,864691135467575436,1
864691136811837299,864691135472880178,1
864691136811982707,864691135470700626,1
864691136812081779,864691135472913970,1
864691136812218739,864691135468050828,1
864691136812696691,864691135468850514,1
864691136812938611,864691135472741170,2
864691136812942963,864691135468356236,1
864691136812942963,864691135469588306,1
864691136812942963,864691135472997938,1
864691136813027955,864691135469588306,1
864691136813294707,864691135468412498,1
864691136813312627,864691135469588306,1
864691136813312627,864691135469928332,1
864691136813312627,864691135472818226,1
864691136813511534,864691135468850514,1
864691136813523054,864691135468992338,1
864691136813763182,864691135472692786,1
864691136813807475,864691135468992338,1
864691136813807475,864691135470895186,1
864691136813846899,864691135473659186,1
864691136814108019,864691135472817970,2
864691136814271603,864691135470700626,1
864691136814271603,864691135474016562,1
864691136814274163,864691135473409074,1
864691136814315123,864691135473517874,1
864691136814343283,864691135470783218,1
864691136814343283,864691135473409074,1
864691136814586995,864691135472378930,1
864691136814703987,864691135468922962,2
864691136814703987,864691135468941394,1
864691136814703987,864691135472070450,19
864691136814761075,864691135467575180,1
864691136814761075,864691135469736076,1
864691136814761075,864691135469845388,1
864691136814761075,864691135472378930,2
864691136814761075,864691135472889650,1
864691136814970734,864691135473265714,1
864691136817750382,864691135468992338,1
864691136817798766,864691135468627026,1
864691136818677102,864691135468850514,1
864691136819672942,864691135468941394,2
864691136819672942,864691135469896332,5
864691136819672942,864691135472692786,2
864691136823961966,864691135468757586,1
864691136824826990,864691135469896332,1
864691136831313124,864691135468552588,1
864691136831313124,864691135472337970,1
864691136834679918,864691135468050828,1
864691136834867310,864691135468050828,1
864691136840277102,864691135468356236,1
864691136844514532,864691135468552588,1
864691136854186606,864691135469590457,2
864691136854187630,864691135468850514,1
864691136866660974,864691135468302220,1
864691136868010094,864691135469928332,1
864691136869704046,864691135469896274,1
864691136870678894,864691135468966994,2
864691136881607534,864691135468480908,3
864691136885541230,864691135468356236,1
864691136885541230,864691135468383116,1
864691136885541230,864691135470061394,1
864691136897149294,864691135468480908,3
864691136897149294,864691135469257042,2
864691136897149294,864691135469460876,4
864691136897149294,864691135472716338,1
864691136897149294,864691135472889650,1
864691136903008946,864691135472760370,1
864691136903019954,864691135468302220,2
864691136903020210,864691135469257042,5
864691136903020210,864691135469460876,2
864691136903020210,864691135470966354,1
864691136903020210,864691135472421938,1
864691136903022514,864691135473517874,1
864691136903052978,864691135468966994,1
864691136903060914,864691135468992338,1
864691136903066546,864691135472692786,1
864691136903172530,864691135469339474,1
864691136903280306,864691135468412498,1
864691136903387826,864691135468356236,1
864691136903387826,864691135469346188,13
864691136903387826,864691135470217298,1
864691136903433650,864691135472962610,1
864691136903445426,864691135469004882,2
864691136903487410,864691135469257042,9
864691136903487410,864691135470966354,3
864691136903559858,864691135468850514,2
864691136903614898,864691135470700626,1
864691136904013490,864691135468383116,1
864691136904054450,864691135469257042,2
864691136904061874,864691135468412498,2
864691136904354994,864691135470700626,1
864691136904446130,864691135469588306,1
864691136904446130,864691135473268786,1
864691136904538290,864691135468383116,1
864691136904761266,864691135468302220,1
864691136905147314,864691135468850514,1
864691136905147314,864691135472692786,1
864691136905192882,864691135472997682,1
864691136905203378,864691135468550540,1
864691136905203378,864691135468948364,1
864691136905203378,864691135469157970,1
864691136905373618,864691135470700626,1
864691136905570994,864691135473659186,2
864691136905715122,864691135470700626,1
864691136905981106,864691135470700626,1
864691136906038706,864691135470966354,1
864691136906067890,864691135470700626,1
864691136906180274,864691135468586636,1
864691136906180274,864691135470895186,1
864691136906229938,864691135474016562,1
864691136906559086,864691135468544396,1
864691136906670702,864691135469157970,1
864691136906687342,864691135468948364,1
864691136906696558,864691135469004882,1
864691136906761838,864691135468550540,2
864691136906761838,864691135468948364,2
864691136906761838,864691135469588306,3
864691136906761838,864691135472880178,1
864691136906761838,864691135472913970,1
864691136907021422,864691135469257042,1
864691136907330926,864691135467896204,2
864691136907863662,864691135472818226,1
864691136908231278,864691135468302220,1
864691136909396846,864691135467575180,1
864691136909396846,864691135472997938,1
864691136911321966,864691135470966354,1
864691136911644657,864691135469157970,1
864691136911650289,864691135468302220,1
864691136911650289,864691135468305036,2
864691136911657201,864691135468447884,1
864691136911728113,864691135468547724,1
864691136911821041,864691135469329804,1
864691136911879022,864691135468356236,3
864691136911879022,864691135470966354,2
864691136912153841,864691135468922962,5
864691136912596977,864691135468447884,1
864691136912606193,864691135468481874,1
864691136912667633,864691135468550540,1
864691136912684529,864691135469588306,2
864691136912690417,864691135468647250,1
864691136912693489,864691135468412498,1
864691136912698865,864691135468850514,4
864691136912964081,864691135470895186,1
864691136912964081,864691135470942290,1
864691136913170929,864691135468302220,3
864691136913170929,864691135468412498,3
864691136913170929,864691135468550540,1
864691136913333233,864691135470217298,1
864691136913383921,864691135468364940,1
864691136913383921,864691135472378930,2
864691136913700337,864691135472988722,1
864691136913748465,864691135469329804,1
864691136913748465,864691135473659186,1
864691136914038513,864691135468305036,1
864691136914038513,864691135472972594,1
864691136914081521,864691135468431244,9
864691136914081521,864691135468966994,1
864691136914081521,864691135469004882,1
864691136914235889,864691135468586636,1
864691136914235889,864691135468948364,1
864691136914235889,864691135469339474,2
864691136914248433,864691135467575180,1
864691136914248433,864691135470783218,1
864691136914248433,864691135473409074,1
864691136914426353,864691135469329804,1
864691136914555121,864691135468050828,2
864691136914555121,864691135472817970,1
864691136914613489,864691135468922962,1
864691136914647662,864691135472913970,1
864691136915678574,864691135472741170,1
864691136922718692,864691135472716338,3
864691136922732004,864691135472889650,1
864691136922751460,864691135468547724,2
864691136922756580,864691135468447884,1
864691136922765540,864691135469077330,1
864691136922784228,864691135469257042,1
864691136922974692,864691135469928332,1
864691136923054308,864691135469004882,1
864691136923121380,864691135472792626,1
864691136923567844,864691135468383116,1
864691136923752420,864691135472337970,3
864691136923778276,864691135468850514,2
864691136923781092,864691135468302220,1
864691136923785700,864691135470966354,1
864691136923785700,864691135472716338,1
864691136923875044,864691135468412498,1
864691136924138468,864691135468302220,2
864691136924192484,864691135468302220,1
864691136924192484,864691135469588306,1
864691136924297956,864691135470700626,1
864691136924297956,864691135470966354,2
864691136924351972,864691135468948364,1
864691136924636900,864691135470061394,1
864691136924736740,864691135468480908,4
864691136924736740,864691135469157970,1
864691136924736740,864691135469257042,2
864691136924736740,864691135469460876,1
864691136924736740,864691135472691762,6
864691136924736740,864691135472972594,1
864691136925033956,864691135468302220,1
864691136925033956,864691135468305036,1
864691136925033956,864691135468547724,1
864691136925033956,864691135468966994,1
864691136925089508,864691135467553164,1
864691136925089508,864691135473659186,2
864691136925140708,864691135469346188,1
864691136925222372,864691135472070450,1
864691136925350730,864691135469955154,1
864691136925352266,864691135472858418,1
864691136925355850,864691135472997938,1
864691136925360714,864691135468544396,1
864691136925375306,864691135472817970,1
864691136925377098,864691135472716338,1
864691136925379914,864691135470783218,1
864691136925382474,864691135472997938,1
864691136925386314,864691135468550540,1
864691136925601354,864691135472050994,2
864691136925659722,864691135472337970,1
864691136925727306,864691135470942290,1
864691136925777226,864691135468547724,3
864691136925780298,864691135472817970,1
864691136925910602,864691135468966994,1
864691136926153290,864691135470700626,1
864691136926266186,864691135469257042,1
864691136926341450,864691135469773906,1
864691136926397002,864691135470061394,1
864691136926414666,864691135469004882,1
864691136926426954,864691135472070450,1
864691136926430026,864691135468850514,1
864691136926438986,864691135472792626,1
864691136926624074,864691135468302220,1
864691136926789962,864691135472880178,1
864691136926789962,864691135473409074,4
864691136927138634,864691135469329804,1
864691136927187786,864691135469845388,1
864691136927393759,864691135472792626,1
864691136927491146,864691135468251276,1
864691136927491146,864691135468364940,6
864691136927491146,864691135468948364,2
864691136927491146,864691135469257042,1
864691136927491146,864691135472716338,1
864691136927491146,864691135472889650,12
864691136927491146,864691135472997938,7
864691136927491146,864691135473409074,1
864691136927491146,864691135473517874,3
864691136927659594,864691135472997682,1
864691136927674954,864691135467575180,1
864691136927782730,864691135468992338,1
864691136927782730,864691135473084210,1
864691136940658911,864691135472992050,1
864691136944084703,864691135469077330,1
864691136944084703,864691135472792626,1
864691136945576671,864691135469077330,2
864691136945576671,864691135472792626,2
864691136945607391,864691135472792626,1
864691136945632479,864691135472792626,2
864691136945752799,864691135472792626,1
864691136945925087,864691135469077330,3
864691136946433503,864691135472792626,1
864691136951570911,864691135468302220,1
864691136951599839,864691135469955154,1
864691136951606239,864691135468412498,1
864691136951607775,864691135468320396,1
864691136951613663,864691135469896332,1
864691136951623903,864691135472692786,1
864691136951625183,864691135467941260,5
864691136951636191,864691135469257042,1
864691136951644127,864691135468364940,1
864691136951644127,864691135469588306,1
864691136951644383,864691135468992338,1
864691136951651039,864691135470966354,1
864691136951711199,864691135468966994,2
864691136951754975,864691135472972594,2
864691136951959007,864691135474016562,1
864691136952139743,864691135472792626,1
864691136952245983,864691135468481874,1
864691136952276191,864691135472792626,1
864691136952281567,864691135472880178,1
864691136952294367,864691135468356236,1
864691136952362975,864691135468547724,1
864691136952537567,864691135469588306,1
864691136952601311,864691135467941260,2
864691136952677087,864691135472913970,1
864691136952709087,864691135468050828,1
864691136952902879,864691135472792626,3
864691136952902879,864691135472858418,1
864691136952914655,864691135472972594,1
864691136952917983,864691135469588306,1
864691136952935135,864691135469087570,1
864691136952935391,864691135468850514,1
864691136952940767,864691135472716338,1
864691136952940767,864691135473409074,1
864691136952960735,864691135473268786,1
864691136953254367,864691135469928332,1
864691136953254367,864691135472741170,1
864691136953451487,864691135468627026,1
864691136953451487,864691135468850514,1
864691136953451487,864691135469896332,1
864691136953486303,864691135468850514,1
864691136953871071,864691135472817970,1
864691136953983455,864691135469329804,1
864691136954023903,864691135469329804,1
864691136954072799,864691135468922962,1
864691136965751758,864691135467575180,2
864691136965751758,864691135470783218,1
864691136965767374,864691135468383116,1
864691136965769166,864691135467575436,1
864691136965770190,864691135469087570,1
864691136965806286,864691135468305036,1
864691136965822158,864691135468647250,3
864691136965834190,864691135469588306,1
864691136965846990,864691135469928332,1
864691136965986254,864691135468431244,1
864691136965986254,864691135472962610,2
864691136965988814,864691135468992338,2
864691136966023374,864691135467575436,1
864691136966049230,864691135472818226,1
864691136966418894,864691135469928332,1
864691136966431694,864691135468586636,1
864691136966517198,864691135472988722,1
864691136966567886,864691135469077330,1
864691136966590670,864691135469928332,1
864691136966591694,864691135472692786,2
864691136966673870,864691135468302220,1
864691136966673870,864691135468544396,2
864691136966673870,864691135468550540,1
864691136966673870,864691135468647250,1
864691136966673870,864691135472691762,2
864691136966673870,864691135472972594,6
864691136966704846,864691135468850514,1
864691136966899662,864691135470700626,1
864691136966951886,864691135468652428,1
864691136966951886,864691135470700626,7
864691136966995662,864691135468941394,1
864691136966995662,864691135472070450,1
864691136966995662,864691135473265714,2
864691136967634382,864691135468922962,2
864691136967789006,864691135468320396,1
864691136967789006,864691135469062738,1
864691136967789006,864691135469445202,1
864691136967789006,864691135473186610,4
864691136967840974,864691135472378930,1
864691136967873230,864691135470061394,5
864691136967873230,864691135472741170,1
864691136967887566,864691135474015026,1
864691136967906254,864691135470700626,1
864691136968099022,864691135472692786,2
864691136968152014,864691135469896332,1
864691136968152014,864691135472692786,2
864691136968152014,864691135474016562,1
864691136968447438,864691135472716338,1
864691136968568014,864691135468922962,1
864691136968568014,864691135470700626,1
864691136968568014,864691135473659186,2
864691136968656078,864691135469339474,1
864691136968656078,864691135473084210,1
864691136968930254,864691135468364940,2
864691136968930254,864691135470783218,1
864691136968930254,864691135473659186,3
864691136973665052,864691135472913970,2
864691136974041116,864691135468305036,1
864691136974063900,864691135468992338,1
864691136974254876,864691135474016562,1
864691136974538780,864691135468966994,2
864691136974545436,864691135472913970,1
864691136974556444,864691135468302220,1
864691136974561564,864691135468305036,10
864691136974638876,864691135469588306,1
864691136974841884,864691135468547724,3
864691136974876956,864691135472988722,1
864691136975144988,864691135473517874,1
864691136975161628,864691135469346188,1
864691136975309084,864691135472913970,1
864691136975364636,864691135468251276,1
864691136975364636,864691135469736076,2
864691136975364636,864691135472378930,1
864691136975671324,864691135473659186,1
864691136975857436,864691135469599884,1
864691136976129564,864691135470942290,1
864691136976145948,864691135468922962,1
864691136976145948,864691135469339474,1
864691136976146716,864691135472070450,5
864691136989939861,864691135469004882,1
864691136989953685,864691135468647250,1
864691136989957269,864691135468547724,1
864691136989962389,864691135472858418,1
864691136989980053,864691135472792626,1
864691136989982101,864691135472070450,1
864691136989985685,864691135472792626,1
864691136989989525,864691135468992338,1
864691136989999509,864691135470966354,1
864691136990000533,864691135469257042,1
864691136990234517,864691135472858418,1
864691136990367637,864691135473409074,1
864691136990374037,864691135472972594,1
864691136990378133,864691135472792626,1
864691136990414741,864691135468302220,1
864691136990778005,864691135469896332,1
864691136990778005,864691135472692786,1
864691136990817173,864691135472880178,1
864691136990834837,864691135472858418,3
864691136990940821,864691135472421938,1
864691136990940821,864691135472997938,1
864691136990944661,864691135468412498,1
864691136991011733,864691135468922962,1
864691136991202453,864691135472741170,1
864691136991213461,864691135467800204,1
864691136991213461,864691135469599884,1
864691136991213461,864691135470217298,1
864691136991213461,864691135474016562,1
864691136991400341,864691135467575436,3
864691136991400341,864691135470217298,1
864691136991445909,864691135468992338,2
864691136991502997,864691135468922962,1
864691136991901845,864691135472817970,1
864691136991908501,864691135473409074,1
864691136992004501,864691135468922962,3
864691136992004501,864691135472070450,1
864691136992007317,864691135469004882,2
864691136992208021,864691135468550540,4
864691136992208021,864691135468850514,1
864691136992294549,864691135469346188,1
864691136992383637,864691135467800204,1
864691136992383637,864691135469346188,2
864691136992543381,864691135473659186,1
864691136992598165,864691135467941260,1
864691136992612757,864691135468431244,1
864691136992612757,864691135472962610,6
864691136992615573,864691135472972594,8
864691137016032622,864691135472792626,1
864691137016657262,864691135469077330,3
864691137016657262,864691135472792626,2
864691137018050414,864691135472792626,1
864691137018142062,864691135472858418,1
864691137019552110,864691135468356236,1
864691137019552110,864691135468480908,1
864691137019552110,864691135469257042,2
864691137019552366,864691135468992338,2
864691137019563374,864691135468544396,1
864691137019564910,864691135468305036,1
864691137019571566,864691135472858418,1
864691137019576686,864691135468560524,1
864691137019576686,864691135473659186,1
864691137019580526,864691135472880178,1
864691137019822702,864691135472913970,1
864691137019953518,864691135472691762,1
864691137020123502,864691135469346188,1
864691137020428398,864691135470061394,1
864691137020499310,864691135468412498,1
864691137020513390,864691135469087570,2
864691137020663406,864691135468412498,2
864691137020668014,864691135468302220,1
864691137020676974,864691135468547724,3
864691137020883054,864691135468966994,4
864691137020883310,864691135468552588,1
864691137020883310,864691135469896332,1
864691137020883310,864691135472337970,1
864691137020972910,864691135472889650,1
864691137020972910,864691135472962610,3
864691137021075566,864691135468948364,1
864691137021075566,864691135469896274,1
864691137021166702,864691135469845388,1
864691137021178478,864691135469896332,1
864691137021494382,864691135469329804,1
864691137021909102,864691135473268786,2
864691137021910126,864691135469157970,2
864691137021910126,864691135469896274,2
864691137021910126,864691135469955154,4
864691137022098542,864691135470217298,1
864691137022098542,864691135472988722,1
864691137022098542,864691135474016562,1
864691137022180974,864691135468050828,1
864691137022180974,864691135468586636,1
864691137022244206,864691135468922962,2
864691137022263406,864691135473659186,1
864691137022278254,864691135468941394,1
864691137022278254,864691135469339474,3
864691137022278254,864691135472070450,1
864691137022356590,864691135468992338,1
864691137053647222,864691135468412498,1
864691137053671542,864691135472691762,1
864691137053680502,864691135469329804,1
864691137053825142,864691135468320396,1
864691137053956470,864691135472692786,1
864691137054424438,864691135469928332,1
864691137054605430,864691135468863826,1
864691137054658422,864691135472913970,1
864691137054683254,864691135468302220,1
864691137054706550,864691135468412498,2
864691137054706806,864691135468757586,4
864691137054709622,864691135468966994,2
864691137054709878,864691135468547724,3
864691137054709878,864691135468966994,4
864691137054709878,864691135472792626,1
864691137055417206,864691135468948364,1
864691137055571574,864691135468850514,4
864691137055668086,864691135469588306,1
864691137055668086,864691135472818226,2
864691137055668086,864691135472972594,8
864691137055668086,864691135472997682,2
864691137055712630,864691135468992338,1
864691137055889526,864691135469157970,1
864691137056053366,864691135468992338,1
864691137056053366,864691135469896332,1
864691137056053366,864691135470700626,1
864691137056053366,864691135472070450,1
864691137056053366,864691135472692786,3
864691137056098166,864691135467800204,1
864691137056098166,864691135469157970,1
864691137056098166,864691135469928332,1
864691137056098166,864691135469955154,1
864691137056098166,864691135470966354,1
864691137056421238,864691135469736076,1
864691137056421238,864691135470700626,1
864691137056564086,864691135469736076,1
864691137196880961,864691135470217298,1
864691137196889665,864691135468966994,1
864691137196896065,864691135467800204,1
864691137196912193,864691135469077330,1
864691137196923713,864691135468447884,1
864691137196935233,864691135469329804,1
864691137197169473,864691135473268786,1
864691137197239617,864691135469928332,2
864691137197282881,864691135472741170,1
864691137197655361,864691135469157970,2
864691137197703745,864691135468652428,1
864691137197857601,864691135468992338,1
864691137197864513,864691135472070450,1
864691137197875521,864691135468547724,2
864691137197877569,864691135469896274,1
864691137197941825,864691135468481874,2
864691137197952065,864691135468627026,1
864691137197952065,864691135468850514,5
864691137197958977,864691135468966994,1
864691137198754113,864691135472880178,1
864691137198844737,864691135469773906,1
864691137199050049,864691135468850514,1
864691137199359553,864691135468922962,1
864691137199359553,864691135472692786,1
864691137199688513,864691135468447884,1
864691137199772993,864691135468627026,3
864691137199772993,864691135472070450,1
864691137199784257,864691135474016562,1
864691137199800385,864691135472988722,1
864691137199800385,864691135473084210,1
864691137199819073,864691135469346188,1
864691137199958593,864691135470895186,1
864691137199973441,864691135467800204,2
864691137199973441,864691135470895186,1
