pre_pt_root_id,post_pt_root_id,n
864691134884759546,864691135683761394,1
864691134884771322,864691135684178674,1
864691134884791290,864691135685664498,2
864691134884855290,864691135684468372,1
864691134884855290,864691135685308087,7
864691134884882170,864691135683929271,1
864691134885035002,864691135683964855,1
864691134885140218,864691135685465783,2
864691134885142266,864691135684284914,1
864691134885143034,864691135684932791,1
864691134885148410,864691135684189682,1
864691134885160442,864691135684320754,1
864691134885179898,864691135684189682,1
864691134885471994,864691135684645362,1
864691134885509370,864691135684932791,1
864691134885552634,864691135684655031,1
864691134885675770,864691135685034994,1
864691134885721338,864691135684085746,1
864691134885721338,864691135685095095,1
864691134885768186,864691135662300912,1
864691134885783034,864691135684320754,1
864691134885792762,864691135684135922,1
864691134886037498,864691135681012164,1
864691134886037498,864691135683225842,1
864691134886037498,864691135684321522,1
864691134886037498,864691135685292727,2
864691134886037498,864691135685308087,1
864691134886037498,864691135685552370,6
864691134886037498,864691135685629170,1
864691134886095610,864691135685799863,1
864691134886288890,864691135683758322,1
864691134886288890,864691135685095095,1
864691134886350074,864691135685095095,1
864691134886400250,864691135684288754,2
864691134886467066,864691135685728695,1
864691134886580474,864691135685664498,1
864691134886586106,864691135685664498,1
864691134886659834,864691135684284914,1
864691134886659834,864691135684432823,1
864691134886904826,864691135684153074,1
864691134886904826,864691135684967607,1
864691134886930170,864691135685228471,1
864691134886938874,864691135683929271,1
864691134887173882,864691135685664498,1
864691134887247610,864691135684085746,1
864691134887247610,864691135684854455,1
864691134887260410,864691135685664498,1
864691134887471866,864691135685095095,1
864691134887540986,864691135684921271,1
864691134887540986,864691135685228471,1
864691134887601914,864691135683929271,1
864691134887601914,864691135685416946,1
864691134917385482,864691135684103666,1
864691134917388554,864691135684284914,1
864691134917395722,864691135685552370,1
864691134917409290,864691135684492215,1
864691134917414922,864691135684245234,1
864691134917425674,864691135684645362,2
864691134917431050,864691135684258290,1
864691134917431306,864691135685308087,1
864691134917464842,864691135685292727,1
864691134917620234,864691135664007620,2
864691134917794314,864691135662550512,1
864691134918126346,864691135684284914,1
864691134918157578,864691135684532919,1
864691134918182410,864691135684103666,1
864691134918233610,864691135684946615,1
864691134918384650,864691135684258290,1
864691134918402058,864691135683761394,1
864691134918596362,864691135683682290,1
864691134918746634,864691135684334578,1
864691134918746634,864691135684655031,1
864691134919213834,864691135683929271,1
864691134919225354,864691135685034994,1
864691134919225354,864691135685095095,1
864691134919570698,864691135675853508,1
864691134919748362,864691135684450034,3
864691134919748362,864691135685228471,1
864691134919902474,864691135683761394,2
864691134919902474,864691135684816311,2
864691134919902474,864691135685125303,1
864691134920072202,864691135684222450,2
864691134920072202,864691135684492215,1
864691134920130570,864691135683682290,1
864691134939972195,864691135684245234,2
864691134939989091,864691135685228471,1
864691134939991651,864691135684860855,1
864691134939992931,864691135684206322,1
864691134940025955,864691135684215282,2
864691134940025955,864691135684334578,2
864691134940025955,864691135684645362,1
864691134940025955,864691135684932791,1
864691134940226147,864691135684304370,1
864691134940343395,864691135684555447,1
864691134940343395,864691135684921271,1
864691134940373347,864691135684189682,1
864691134940379491,864691135684189682,2
864691134940908643,864691135684860855,1
864691134940933475,864691135684932791,1
864691134940933475,864691135685308087,6
864691134940963939,864691135683761394,1
864691134940963939,864691135685416946,1
864691134940967267,864691135684334578,2
864691134940967267,864691135684645362,2
864691134941346403,864691135684468372,1
864691134941714275,864691135684772791,1
864691134941714275,864691135684816311,1
864691134941936995,864691135685020599,1
864691134941953635,864691135684950258,1
864691134942169955,864691135685552370,1
864691134942181219,864691135685416946,1
864691134942221411,864691135683792370,1
864691134942221411,864691135684320754,4
864691134942221411,864691135684333042,3
864691134942221411,864691135684655031,1
864691134942498147,864691135683761394,2
864691134942498147,864691135684772791,2
864691134947384316,864691135685465783,1
864691134947398396,864691135684967607,2
864691134947399676,864691135684334578,3
864691134947415548,864691135683761394,1
864691134947425532,864691135685648823,1
864691134947436284,864691135684270834,1
864691134947460860,864691135675853508,1
864691134947838460,864691135684860855,1
864691134947861500,864691135683618034,1
864691134947861500,864691135684057842,1
864691134948285436,864691135684135922,1
864691134948429052,864691135682621588,1
864691134948429052,864691135684258290,1
864691134948429052,864691135684334578,1
864691134948605180,864691135684321522,1
864691134948605180,864691135684655031,1
864691134948663036,864691135685308087,1
864691134949087228,864691135662300912,1
864691134949087228,864691135685664498,1
864691134949150972,864691135684532919,7
864691134949256956,864691135685552370,1
864691134949368316,864691135684854455,1
864691134949391612,864691135685664498,1
864691134949568764,864691135685125303,1
864691134949568764,864691135685416946,1
864691134949568764,864691135685664498,1
864691134949774844,864691135684258290,1
864691134949774844,864691135684932791,1
864691134950149116,864691135684065778,1
864691134950149116,864691135684189682,6
864691134950149116,864691135685095095,1
864691134950149116,864691135685465783,5
864691134950212092,864691135662550512,2
864691134950228988,864691135675853508,1
864691134950228988,864691135684747447,2
864691134950228988,864691135685338295,1
864691134950228988,864691135685552370,9
864691134950228988,864691135685629170,2
864691134950317308,864691135684320754,2
864691134950317308,864691135684645362,2
864691134950395132,864691135684135922,1
864691134964420383,864691135680743828,1
864691134964420383,864691135684946615,2
864691134964421919,864691135684468372,1
864691134964435487,864691135683792370,1
864691134964448799,864691135684321522,1
864691134964690207,864691135684178674,1
864691134964800543,864691135684320754,1
864691134964801567,864691135684860855,1
864691134964866847,864691135684468372,1
864691134965134879,864691135684570039,1
864691134965213983,864691135685465783,1
864691134965268511,864691135684892855,1
864691134965306655,864691135684206322,1
864691134965411871,864691135680743828,1
864691134965414943,864691135682621588,2
864691134965414943,864691135685108628,2
864691134965419551,864691135684178930,1
864691134965421343,864691135684468372,2
864691134965429023,864691135684178674,4
864691134965433887,864691135684468372,2
864691134965718303,864691135684655031,1
864691134966047263,864691135683758322,1
864691134966290975,864691135684921271,2
864691134966306591,864691135684468372,1
864691134966306847,864691135684135922,1
864691134966510623,864691135685199602,1
864691134966651679,864691135685034994,2
864691134966651679,864691135685465783,2
864691134966759711,864691135662882544,1
864691134966759711,864691135684189682,1
864691134966759711,864691135684450034,3
864691134966759711,864691135684555447,3
864691134966791711,864691135684532919,1
864691134988380282,864691135684258290,2
864691134988403066,864691135684215282,1
864691134988421754,864691135683682290,1
864691134988431226,864691135685458162,1
864691134988437370,864691135684921783,1
864691134988444282,864691135684747447,1
864691134988456570,864691135685416946,1
864691134988596858,864691135683618034,2
864691134988596858,864691135684655031,1
864691134988596858,864691135684932791,1
864691134988798842,864691135682621588,1
864691134988801658,864691135684270834,1
864691134988902778,864691135685095095,1
864691134988941690,864691135684178674,1
864691134989053818,864691135684468372,1
864691134989246586,864691135685416946,1
864691134989264250,864691135683761394,1
864691134989283450,864691135683682290,1
864691134989283450,864691135684333042,1
864691134989290874,864691135680285892,1
864691134989471098,864691135684333042,1
864691134989471098,864691135684645362,1
864691134989478522,864691135684258290,1
864691134989485178,864691135685465783,1
864691134989507330,864691135680285892,2
864691134989629562,864691135683758322,1
864691134990124410,864691135685664498,1
864691134990322554,864691135684570039,1
864691134990322554,864691135685034994,1
864691134990390650,864691135684284914,1
864691134990535546,864691135684189682,1
864691134990535546,864691135684555447,1
864691134990544762,864691135662550512,1
864691134990548090,864691135664007620,1
864691134990553978,864691135684284914,1
864691134990596474,864691135684178930,1
864691134990606970,864691135685034994,1
864691134990847098,864691135685228471,1
864691134991032954,864691135684320754,1
864691134991032954,864691135685228471,1
864691134991040378,864691135681012164,1
864691134991040378,864691135685199602,1
864691134991150202,864691135662882544,1
864691134991150202,864691135685034994,1
864691134991229562,864691135684153074,1
864691135012356342,864691135684816311,1
864691135012357366,864691135684468372,1
864691135012374006,864691135684245234,1
864691135012376822,864691135684334578,1
864691135012411638,864691135675870962,1
864691135012412406,864691135683792370,1
864691135012418550,864691135675748338,1
864691135012423414,864691135682621588,1
864691135012432374,864691135682621588,1
864691135012432374,864691135685108628,1
864691135012458230,864691135684892855,3
864691135012469750,864691135684414135,1
864691135012479222,864691135684555447,1
864691135012482038,864691135684135922,1
864691135012494070,864691135684932791,2
864691135012494070,864691135685308087,1
864691135012494070,864691135685458162,1
864691135012510710,864691135683241458,1
864691135012530422,864691135680743828,1
864691135012534006,864691135684874935,1
864691135012560118,864691135685199602,1
864691135012564214,864691135684320754,1
864691135012564470,864691135684874935,1
864691135012895894,864691135675853508,1
864691135012895894,864691135685552370,1
864691135012923286,864691135662550512,1
864691135012925078,864691135683792370,1
864691135012925078,864691135684334578,1
864691135012941302,864691135685034994,1
864691135012941302,864691135685095095,1
864691135013236982,864691135683761394,1
864691135013254134,864691135684284914,1
864691135013295254,864691135684854455,1
864691135013300470,864691135682621588,1
864691135013327862,864691135675748338,1
864691135013336566,864691135684284914,1
864691135013377014,864691135662300912,1
864691135013399190,864691135684215282,1
864691135013450998,864691135684103666,1
864691135013452790,864691135682621588,1
864691135013505014,864691135684932791,1
864691135013522934,864691135684085746,5
864691135013522934,864691135684854455,1
864691135013528566,864691135683225842,1
864691135013528566,864691135685292727,1
864691135013548022,864691135680743828,1
864691135013548278,864691135685664498,1
864691135013555702,864691135662550512,1
864691135013677814,864691135685648823,1
864691135013807862,864691135684468372,1
864691135013881494,864691135684468372,1
864691135013881590,864691135685346546,1
864691135013889014,864691135684826807,3
864691135013895830,864691135685552370,1
864691135013904278,864691135685083319,1
864691135013905302,864691135684215282,1
864691135013905302,864691135684645362,2
864691135013923734,864691135684567282,2
864691135013926134,864691135662882544,1
864691135013958390,864691135684135922,1
864691135014165494,864691135680743828,1
864691135014276342,864691135675853508,1
864691135014276342,864691135684215282,1
864691135014276342,864691135684468372,1
864691135014276342,864691135684645362,2
864691135014276342,864691135684932791,1
864691135014354070,864691135684178674,1
864691135014354070,864691135684334578,1
864691135014381206,864691135685416946,1
864691135014442486,864691135683682290,1
864691135014442486,864691135684320754,1
864691135014442486,864691135684334578,1
864691135014442486,864691135684655031,3
864691135014549910,864691135662275312,1
864691135014549910,864691135685416946,1
864691135014629014,864691135684284914,1
864691135014751734,864691135683929271,1
864691135014751734,864691135684065778,1
864691135014751734,864691135684288754,1
864691135014751734,864691135684414135,2
864691135014751734,864691135684450034,4
864691135014751734,864691135685034994,1
864691135014751734,864691135685416946,1
864691135014867862,864691135684333042,1
864691135014867862,864691135684645362,1
864691135014902678,864691135685416946,1
864691135015095446,864691135683758322,1
864691135015095446,864691135685465783,1
864691135015139062,864691135684468372,2
864691135015350422,864691135684921271,1
864691135015350422,864691135685664498,1
864691135015361174,864691135685228471,1
864691135015364854,864691135684085746,2
864691135015369974,864691135684450034,1
864691135015437462,864691135662275312,1
864691135015437462,864691135684189682,2
864691135015437462,864691135684450034,1
864691135015437462,864691135684532919,1
864691135015437462,864691135685416946,2
864691135015690134,864691135684921271,1
864691135015755670,864691135684085746,2
864691135015755670,864691135685095095,3
864691135015755670,864691135685465783,3
864691135015792534,864691135681012164,1
864691135015792534,864691135685629170,1
864691135015822742,864691135683225842,2
864691135015822742,864691135683682290,1
864691135015822742,864691135685552370,1
864691135015822742,864691135685629170,2
864691135015849366,864691135684284914,1
864691135058544539,864691135685083319,1
864691135058544539,864691135685125303,1
864691135058549659,864691135680285892,1
864691135058549659,864691135684172018,1
864691135058562715,864691135675748338,7
864691135058842011,864691135684772791,2
864691135058889115,864691135683682290,3
864691135058889115,864691135684334578,1
864691135058889115,864691135684468372,1
864691135058889115,864691135684655031,1
864691135058889115,864691135684932791,3
864691135058889115,864691135685308087,1
864691135058985371,864691135685728695,1
864691135059299227,864691135684284914,1
864691135059430299,864691135685308087,1
864691135059558043,864691135684334578,1
864691135059558811,864691135684334578,2
864691135059845275,864691135684320754,2
864691135059845275,864691135684655031,1
864691135059951771,864691135685664498,1
864691135060204955,864691135684772791,1
864691135060678299,864691135662550512,3
864691135060842395,864691135662550512,3
864691135060842395,864691135684153074,1
864691135060882843,864691135685509362,2
864691135060887707,864691135684178930,2
864691135060887707,864691135685034994,1
864691135060968859,864691135684288754,1
864691135060968859,864691135685228471,1
864691135060992155,864691135662882544,3
864691135060992155,864691135684950258,1
864691135064987204,864691135684245234,1
864691135065001540,864691135684304370,2
864691135065009988,864691135684334578,1
864691135065012804,864691135684772791,1
864691135065020484,864691135684284914,2
864691135065128260,864691135684135922,2
864691135065128260,864691135684932791,1
864691135065128260,864691135685308087,11
864691135065250116,864691135684284914,1
864691135065900868,864691135684284914,2
864691135065910340,864691135685125303,1
864691135065986884,864691135684334578,1
864691135066000964,864691135684333042,1
864691135066000964,864691135685552370,1
864691135066014788,864691135683241458,1
864691135066014788,864691135684258290,6
864691135066024516,864691135684270834,1
864691135066101316,864691135662300912,1
864691135066263364,864691135683682290,1
864691135066263364,864691135684932791,1
864691135066311748,864691135684932791,1
864691135066327620,864691135684215282,1
864691135066359108,864691135684189682,1
864691135066437188,864691135685308087,1
864691135066617924,864691135684334578,1
864691135066734660,864691135684950258,1
864691135066818116,864691135681012164,1
864691135066978372,864691135684492215,1
864691135067053124,864691135683682290,4
864691135067053124,864691135683792370,4
864691135067053124,864691135684057842,1
864691135067053124,864691135684320754,3
864691135067053124,864691135684333042,2
864691135067053124,864691135684655031,5
864691135067215940,864691135685465783,1
864691135067344452,864691135684304370,1
864691135067476548,864691135683225842,1
864691135067476548,864691135684222450,2
864691135067476548,864691135684321522,1
864691135067476548,864691135684333042,1
864691135067476548,864691135684747447,1
864691135067476548,864691135685629170,1
864691135067645764,864691135684085746,1
864691135067645764,864691135684921271,1
864691135067645764,864691135685095095,2
864691135067645764,864691135685228471,1
864691135067739972,864691135684555447,1
864691135067961668,864691135683929271,1
864691135068023876,864691135685664498,1
864691135068025924,864691135685420274,2
864691135081640695,864691135662300912,2
864691135081657591,864691135684874935,1
864691135081669623,864691135685308087,1
864691135081672183,864691135684932791,2
864691135081682935,864691135684320754,1
864691135081727223,864691135685034994,1
864691135081739255,864691135675870962,1
864691135082003959,864691135680743828,1
864691135082003959,864691135685346546,1
864691135082021623,864691135684333042,1
864691135082085111,864691135684178674,2
864691135082143223,864691135684874935,1
864691135082191351,864691135684532919,1
864691135082291959,864691135675853508,1
864691135082328567,864691135675748338,1
864691135082328567,864691135684178674,1
864691135082455031,864691135662882544,1
864691135082525943,864691135684772791,1
864691135082525943,864691135685416946,1
864691135082584311,864691135685664498,1
864691135082636023,864691135684153074,1
864691135082647543,864691135684468372,1
864691135082691831,864691135684468372,1
864691135082697975,864691135685034994,1
864691135082714871,864691135685458162,1
864691135082719735,864691135685509362,1
864691135082722807,864691135684468372,1
864691135082722807,864691135685308087,1
864691135082729207,864691135685034994,1
864691135082735863,864691135684258290,1
864691135082735863,864691135684932791,1
864691135082864887,864691135685346546,1
864691135082916599,864691135685664498,1
864691135083033847,864691135684057842,1
864691135083204087,864691135685664498,1
864691135083402231,864691135683964855,1
864691135083589879,864691135684967607,1
864691135083619831,864691135685125303,1
864691135083812599,864691135684816311,2
864691135083812599,864691135685125303,1
864691135083812599,864691135685416946,1
864691135083846903,864691135683929271,1
864691135083846903,864691135685034994,3
864691135083846903,864691135685416946,1
864691135084038647,864691135662882544,2
864691135084038647,864691135685416946,1
864691135084068087,864691135684189682,1
864691135084068087,864691135685125303,2
864691135084148983,864691135664007620,1
864691135084148983,864691135684284914,1
864691135084148983,864691135684492215,1
864691135084196855,864691135664007620,2
864691135084196855,864691135684284914,1
864691135084221687,864691135662882544,1
864691135099855904,864691135684816311,1
864691135099864096,864691135684987540,1
864691135099874080,864691135683241458,1
864691135099939872,864691135685308087,1
864691135100140320,864691135684189682,1
864691135100682528,864691135684187378,1
864691135100922912,864691135684645362,2
864691135100926240,864691135685664498,1
864691135100933664,864691135685199602,1
864691135100936736,864691135664007620,1
864691135100945696,864691135684258290,1
864691135101640736,864691135684178930,1
864691135101924384,864691135684258290,2
864691135101924384,864691135684932791,1
864691135102192160,864691135684178930,1
864691135102385696,864691135684772791,1
864691135102385696,864691135685125303,3
864691135102390816,864691135685664498,1
864691135102492960,864691135685228471,1
864691135102531104,864691135685509362,1
864691135103970637,864691135662300912,1
864691135104006989,864691135684284914,1
864691135104284493,864691135684551863,1
864691135104309325,864691135684189682,1
864691135104325453,864691135684388850,1
864691135104365389,864691135683792370,1
864691135104414541,864691135685308087,1
864691135104485709,864691135684320754,1
864691135104485709,864691135684333042,1
864691135104523597,864691135685648823,1
864691135104616013,864691135684222450,1
864691135104870221,864691135685552370,1
864691135105048653,864691135685199602,5
864691135105050189,864691135662550512,1
864691135105050189,864691135685034994,2
864691135105052749,864691135684222450,1
864691135105052749,864691135685292727,1
864691135105055309,864691135662550512,1
864691135105069389,864691135684320754,1
864691135105149773,864691135680743828,1
864691135105384013,864691135685664498,1
864691135105633357,864691135680285892,1
864691135105833549,864691135683758322,1
864691135105988685,864691135664007620,1
864691135105992013,864691135684826807,1
864691135105992013,864691135684967607,1
864691135106189901,864691135664007620,1
864691135106189901,864691135684153074,2
864691135106189901,864691135684178930,1
864691135106189901,864691135684826807,2
864691135106189901,864691135685034994,8
864691135106206029,864691135685420274,1
864691135106367309,864691135685228471,1
864691135106468685,864691135662275312,2
864691135106468685,864691135683929271,1
864691135106468685,864691135684450034,1
864691135106468685,864691135685416946,1
864691135113153945,864691135685458162,1
864691135113160857,864691135684932791,1
864691135113610905,864691135684085746,1
864691135113613209,864691135684189682,2
864691135113617817,864691135684189682,1
864691135113620889,864691135685095095,1
864691135113621145,864691135685664498,1
864691135113621913,864691135682621588,1
864691135113649561,864691135683761394,1
864691135113649561,864691135684772791,1
864691135113925785,864691135684284914,1
864691135114027929,864691135685664498,1
864691135114035865,864691135684655031,1
864691135114037657,864691135683761394,1
864691135114149785,864691135685308087,1
864691135114157721,864691135685228471,2
864691135114164121,864691135684258290,1
864691135114164121,864691135684932791,1
864691135114169753,864691135662550512,1
864691135114272665,864691135685664498,1
864691135114295961,864691135685552370,2
864691135114499481,864691135684284914,1
864691135114499481,864691135685416946,1
864691135114679705,864691135685034994,1
864691135115014809,864691135684258290,3
864691135115014809,864691135685308087,1
864691135115058329,864691135685083319,1
864691135115122585,864691135685083319,1
864691135115234969,864691135684826807,1
864691135115332249,864691135685664498,1
864691135115346329,864691135685228471,2
864691135115429529,864691135684178930,1
864691135117795805,864691135684270834,1
864691135117795805,864691135684921783,2
864691135117800157,864691135684284914,1
864691135117816029,864691135683758322,1
864691135118096349,864691135680285892,1
864691135118128861,864691135684284914,3
864691135118200029,864691135684189682,1
864691135118200029,864691135684555447,1
864691135118228189,864691135685095095,1
864691135118298333,864691135684206322,2
864691135118298333,864691135685199602,2
864691135118298333,864691135685629170,1
864691135118351837,864691135685664498,1
864691135118457053,864691135683761394,1
864691135118550749,864691135684432823,1
864691135118586589,864691135684854455,1
864691135118629597,864691135684284914,1
864691135118648541,864691135685308087,1
864691135118734045,864691135662550512,1
864691135118754781,864691135685034994,1
864691135118756573,864691135684468372,1
864691135118817501,864691135685095095,1
864691135119124701,864691135684222450,1
864691135119436765,864691135662550512,2
864691135119436765,864691135685228471,1
864691135119436765,864691135685420274,3
864691135119436765,864691135685465783,1
864691135119506909,864691135681012164,5
864691135119506909,864691135684222450,10
864691135119506909,864691135684270834,1
864691135119506909,864691135685199602,2
864691135119506909,864691135685629170,5
864691135119636189,864691135685228471,1
864691135119839453,864691135684450034,1
864691135119877085,864691135684065778,3
864691135119877085,864691135684189682,2
864691135119912413,864691135684854455,2
864691135119919069,864691135684532919,1
864691135119924189,864691135662882544,1
864691135119924189,864691135685664498,1
864691135122298663,864691135685020599,1
864691135122299431,864691135684946615,1
864691135122340647,864691135684532919,1
864691135122342183,864691135685034994,4
864691135122350375,864691135675748338,1
864691135122417959,864691135684135922,1
864691135123123239,864691135684532919,1
864691135123181095,864691135684258290,1
864691135123189031,864691135683682290,1
864691135123332391,864691135684245234,1
864691135123334183,864691135685020599,3
864691135123334695,864691135662550512,1
864691135123334695,864691135685228471,1
864691135123334695,864691135685465783,2
864691135123339047,864691135684932791,1
864691135123345447,864691135684135922,1
864691135123346727,864691135683241714,2
864691135123350055,864691135684215282,1
864691135123355431,864691135682621588,1
864691135123508775,864691135684450034,1
864691135123566631,864691135684932791,2
864691135123807271,864691135682621588,2
864691135123807271,864691135684215282,1
864691135123807271,864691135684932791,1
864691135123982887,864691135684284914,4
864691135124099111,864691135684967607,1
864691135124404519,864691135684532919,3
864691135124447271,864691135684854455,1
864691135124538151,864691135685664498,3
864691135124608807,864691135684388850,2
864691135124608807,864691135685799863,1
864691135124690471,864691135662882544,1
864691135124726311,864691135684932791,1
864691135132654752,864691135675870962,1
864691135132937120,864691135684172018,2
864691135133100704,864691135675748338,1
864691135133398688,864691135683225842,1
864691135133460128,864691135685465783,1
864691135133539488,864691135684270834,1
864691135133593248,864691135684320754,1
864691135133822368,864691135684258290,1
864691135133994912,864691135684284914,1
864691135133994912,864691135685648823,1
864691135134052512,864691135684320754,1
864691135134052512,864691135685338295,1
864691135134114976,864691135684222450,1
864691135134114976,864691135685020599,1
864691135134201248,864691135684921271,2
864691135134315168,864691135685125303,1
864691135134362784,864691135685416946,1
864691135134653465,864691135684967607,1
864691135134661913,864691135684946615,1
864691135134669849,864691135685292727,1
864691135134700825,864691135684222450,1
864691135134852256,864691135684388850,1
864691135134852256,864691135684492215,1
864691135134852256,864691135685420274,2
864691135134901664,864691135685458162,1
864691135134957472,864691135685228471,1
864691135134957472,864691135685465783,1
864691135135030688,864691135684189682,2
864691135135087520,864691135685125303,1
864691135135087520,864691135685416946,2
864691135135087520,864691135685465783,1
864691135135111961,864691135684532919,3
864691135135122457,864691135664007620,1
864691135135406617,864691135682621588,2
864691135135406617,864691135684334578,1
864691135135450649,864691135683964855,1
864691135135485209,864691135684950258,1
864691135135485209,864691135685509362,1
864691135135492377,864691135684304370,2
864691135135669273,864691135684320754,1
864691135135669273,864691135684645362,1
864691135135675417,864691135680743828,1
864691135135853593,864691135680285892,1
864691135135853593,864691135683964855,1
864691135135994393,864691135662550512,1
864691135136416025,864691135684284914,1
864691135136416025,864691135684304370,1
864691135136420889,864691135684854455,1
864691135136420889,864691135684921271,1
864691135136778009,864691135684085746,1
864691135137105177,864691135662275312,2
864691135137105177,864691135685125303,2
864691135137105177,864691135685416946,3
864691135137105177,864691135685509362,1
864691135137357081,864691135662550512,8
864691135137357081,864691135664007620,1
864691135137357081,864691135684153074,1
864691135137357081,864691135684492215,2
864691135137357081,864691135685420274,7
864691135137357081,864691135685799863,1
864691135154672386,864691135684103666,1
864691135155507044,864691135684854455,1
864691135155507044,864691135685034994,3
864691135155534692,864691135684551863,1
864691135155534948,864691135684065778,4
864691135155534948,864691135684532919,2
864691135155540324,864691135684245234,1
864691135155540324,864691135685108628,1
864691135155543652,864691135684645362,1
864691135155543652,864691135685108628,1
864691135155567204,864691135684645362,1
864691135155879268,864691135685664498,3
864691135155894116,864691135684555447,1
864691135155894628,864691135680285892,1
864691135155982436,864691135684284914,1
864691135156049252,864691135684450034,1
864691135156137316,864691135684320754,1
864691135156285284,864691135675870962,1
864691135156394596,864691135684772791,2
864691135156542052,864691135685664498,1
864691135156548708,864691135684189682,2
864691135156564836,864691135684932791,1
864691135156586596,864691135684854455,1
864691135156763748,864691135684215282,1
864691135157194596,864691135685228471,1
864691135157437540,864691135685664498,1
864691135157560676,864691135684304370,1
864691135157652068,864691135684288754,1
864691135157784932,864691135684065778,2
864691135157784932,864691135684532919,3
864691135157784932,864691135685416946,1
864691135158055012,864691135685465783,2
864691135158094436,864691135685199602,1
864691135162198829,864691135683761394,1
864691135162207533,864691135685108628,3
864691135162227245,864691135684655031,1
864691135162234413,864691135675870962,2
864691135162661933,864691135684288754,1
864691135162661933,864691135684532919,1
864691135162741037,864691135685420274,2
864691135162745901,864691135685664498,1
864691135162747949,864691135683682290,1
864691135162755885,864691135675748338,1
864691135162767661,864691135675870962,1
864691135163127597,864691135685199602,1
864691135163195437,864691135675748338,1
864691135163198509,864691135684178930,1
864691135163304493,864691135680285892,1
864691135163356717,864691135684178674,1
864691135163356717,864691135684946615,1
864691135163365421,864691135683241714,3
864691135163379245,864691135683682290,2
864691135163379245,864691135684320754,2
864691135163379245,864691135684333042,2
864691135163379245,864691135684645362,1
864691135163379245,864691135684655031,1
864691135163439149,864691135685125303,1
864691135163439149,864691135685416946,2
864691135163530285,864691135684468372,2
864691135163546157,864691135684135922,1
864691135163569965,864691135684932791,1
864691135163596845,864691135684932791,1
864691135163734317,864691135684826807,5
864691135163734317,864691135685034994,1
864691135163752749,864691135684258290,6
864691135163912237,864691135684747447,5
864691135163912237,864691135685552370,1
864691135164344877,864691135685308087,1
864691135164408621,864691135684321522,1
864691135164772653,864691135685416946,1
864691135164857133,864691135684206322,1
864691135164857133,864691135685292727,1
864691135181704450,864691135684321522,4
864691135181710338,864691135682621588,1
864691135181714178,864691135684334578,1
864691135181768962,864691135684932791,1
864691135181773314,864691135680743828,1
864691135181773314,864691135684334578,2
864691135181773314,864691135684932791,1
864691135181773314,864691135684987540,1
864691135181786114,864691135680743828,1
864691135181786114,864691135684946615,1
864691135181796866,864691135675853508,1
864691135181816322,864691135685034994,1
864691135181828354,864691135685799863,1
864691135181831682,864691135684187378,1
864691135182086402,864691135662550512,2
864691135182086402,864691135684153074,1
864691135182219010,864691135685199602,1
864691135182227970,864691135684874935,1
864691135182478082,864691135684135922,1
864691135182713602,864691135683682290,2
864691135182713602,864691135684645362,1
864691135182713602,864691135684860855,1
864691135182717698,864691135675748338,1
864691135182720258,864691135684932791,1
864691135182803202,864691135685308087,1
864691135182811906,864691135684245234,1
864691135182824194,864691135684057842,1
864691135182824194,864691135684320754,1
864691135183025410,864691135675748338,1
864691135183025410,864691135684468372,1
864691135183789314,864691135684178674,1
864691135183789314,864691135684987540,1
864691135183968514,864691135685728695,1
864691135184022786,864691135684284914,1
864691135184104194,864691135683929271,1
864691135184119810,864691135684854455,1
864691135184160002,864691135683929271,1
864691135184160002,864691135684414135,1
864691135194391338,864691135684135922,1
864691135194395434,864691135683761394,2
864691135194421290,864691135664007620,1
864691135194429994,864691135675748338,1
864691135194441770,864691135684772791,1
864691135194443818,864691135675853508,1
864691135194446634,864691135675748338,1
864691135194907946,864691135685664498,1
864691135194940202,864691135684245234,1
864691135194949162,864691135685108628,1
864691135194970154,864691135684334578,1
864691135194970154,864691135684655031,3
864691135195039530,864691135684860855,2
864691135195139626,864691135684215282,1
864691135195424810,864691135685020599,1
864691135195424810,864691135685108628,1
864691135195558698,864691135662275312,1
864691135195809322,864691135664007620,1
864691135195809322,864691135684967607,1
864691135196138026,864691135684178930,1
864691135196202282,864691135684816311,1
864691135196385578,864691135664007620,1
864691135196385578,864691135685020599,1
864691135196385578,864691135685416946,1
864691135196634666,864691135662300912,1
864691135196692010,864691135685095095,1
864691135196752170,864691135685629170,1
864691135207741561,864691135684288754,1
864691135207749241,864691135684320754,1
864691135207751801,864691135685020599,1
864691135207765625,864691135684921271,1
864691135207937145,864691135684321522,1
864691135208051833,864691135684189682,3
864691135208060793,864691135684178930,1
864691135208514169,864691135684215282,1
864691135208551801,864691135682621588,1
864691135208674681,864691135662550512,1
864691135208676985,864691135684932791,1
864691135208697465,864691135683964855,2
864691135208707193,864691135684921271,1
864691135208723577,864691135684270834,1
864691135208926073,864691135681012164,1
864691135209080697,864691135680743828,2
864691135209080697,864691135684178674,2
864691135209184121,864691135684468372,2
864691135209280121,864691135684085746,1
864691135209292921,864691135684215282,1
864691135209300601,864691135681012164,1
864691135209300601,864691135685308087,1
864691135209428857,864691135684747447,1
864691135209428857,864691135685338295,1
864691135209525113,864691135685465783,1
864691135209576057,864691135683929271,1
864691135209725561,864691135684284914,2
864691135209739385,864691135684189682,2
864691135209739385,864691135684555447,3
864691135209739385,864691135684854455,1
864691135209801593,864691135684967607,1
864691135209913209,864691135662882544,1
864691135209992640,864691135685664498,1
864691135210017472,864691135684153074,2
864691135210023616,864691135683682290,1
864691135210025664,864691135684103666,1
864691135210047168,864691135684432823,1
864691135210051776,864691135684450034,1
864691135210053568,864691135683241714,1
864691135210066624,864691135685629170,2
864691135210068416,864691135684532919,1
864691135210132857,864691135685664498,1
864691135210148288,864691135684946615,2
864691135210178169,864691135685228471,2
864691135210362816,864691135684860855,1
864691135210400448,864691135684284914,1
864691135210400960,864691135685095095,1
864691135210441408,864691135684532919,1
864691135210446457,864691135684492215,7
864691135210446457,864691135684747447,4
864691135210446457,864691135685728695,3
864691135210478969,864691135685552370,1
864691135210608832,864691135684772791,1
864691135210651840,864691135684258290,1
864691135210801856,864691135684468372,1
864691135210816960,864691135684932791,2
864691135210830784,864691135684320754,1
864691135210884032,864691135683761394,1
864691135210884032,864691135684772791,1
864691135211007424,864691135683761394,2
864691135211007424,864691135684772791,1
864691135211084224,864691135684555447,1
864691135211097536,864691135685308087,1
864691135211104192,864691135685228471,2
864691135211105472,864691135683241714,1
864691135211125184,864691135662550512,1
864691135211591360,864691135681012164,1
864691135211591360,864691135685799863,1
864691135211724224,864691135684304370,1
864691135211772864,864691135662550512,1
864691135212125376,864691135684284914,1
864691135212363712,864691135684921271,1
864691135212363712,864691135685420274,1
864691135212363712,864691135685728695,1
864691135212398528,864691135684388850,4
864691135212398528,864691135684492215,2
864691135212398528,864691135685799863,17
864691135212508096,864691135684492215,1
864691135212508096,864691135685728695,1
864691135212535232,864691135685648823,3
864691135212604544,864691135685648823,1
864691135212611712,864691135662550512,1
864691135212620928,864691135682621588,1
864691135212634304,864691135685125303,1
864691135212643712,864691135685292727,1
864691135212684928,864691135685308087,1
864691135212691584,864691135680743828,1
864691135212695424,864691135683241714,2
864691135212699264,864691135685199602,3
864691135212703104,864691135684206322,1
864691135212714624,864691135684135922,1
864691135212714624,864691135684932791,1
864691135212726912,864691135684826807,1
864691135213001528,864691135662275312,1
864691135213001528,864691135685664498,4
864691135213058616,864691135684321522,1
864691135213059384,864691135684946615,1
864691135213060736,864691135684468372,1
864691135213069112,864691135684946615,1
864691135213077304,864691135684065778,5
864691135213077304,864691135684414135,1
864691135213077304,864691135684450034,1
864691135213077304,864691135684532919,4
864691135213077304,864691135685034994,1
864691135213077304,864691135685465783,1
864691135213079608,864691135684468372,3
864691135213087800,864691135685509362,1
864691135213109376,864691135684932791,1
864691135213114240,864691135685095095,1
864691135213172608,864691135680285892,1
864691135213207680,864691135684333042,1
864691135213463352,864691135675748338,1
864691135213467008,864691135684284914,8
864691135213488696,864691135683964855,2
864691135213492024,864691135684258290,1
864691135213511480,864691135685338295,1
864691135213664384,864691135684304370,1
864691135213667712,864691135684874935,1
864691135213676160,864691135684921271,1
864691135213708928,864691135685346546,3
864691135213726848,864691135684215282,1
864691135213726848,864691135684334578,1
864691135213744440,864691135684468372,1
864691135213798712,864691135684532919,1
864691135213804344,864691135683241458,1
864691135213838392,864691135684189682,1
864691135213924992,864691135662550512,1
864691135213931648,864691135662275312,1
864691135213937720,864691135683241714,3
864691135213992248,864691135683682290,1
864691135214025016,864691135684932791,2
864691135214045752,864691135680743828,1
864691135214246528,864691135684921271,1
864691135214328704,864691135662300912,1
864691135214328704,864691135684284914,1
864691135214381440,864691135684333042,1
864691135214392960,864691135684304370,1
864691135214392960,864691135684826807,1
864691135214527616,864691135684284914,6
864691135214527616,864691135684304370,2
864691135214643256,864691135684153074,1
864691135214931072,864691135675853508,1
864691135215078712,864691135685420274,1
864691135215102592,864691135683758322,1
864691135215120184,864691135684468372,1
864691135215120184,864691135685308087,1
864691135215125304,864691135675748338,1
864691135215126584,864691135684468372,1
864691135215148088,864691135681012164,1
864691135215148088,864691135683682290,2
864691135215148088,864691135684333042,3
864691135215148088,864691135684645362,1
864691135215148088,864691135684655031,1
864691135215148088,864691135684747447,1
864691135215148088,864691135685338295,1
864691135215148088,864691135685552370,2
864691135215170360,864691135684258290,1
864691135215175040,864691135684450034,1
864691135215175040,864691135685095095,1
864691135215217280,864691135684450034,3
864691135215235640,864691135684450034,1
864691135215310136,864691135684189682,1
864691135215360056,864691135684135922,1
864691135215360056,864691135685019319,1
864691135215391544,864691135684258290,1
864691135233114201,864691135662882544,1
864691135233124441,864691135684284914,1
864691135233128281,864691135684215282,1
864691135233135449,864691135683761394,2
864691135233508441,864691135684492215,1
864691135233568857,864691135662275312,1
864691135233568857,864691135685125303,1
864691135233754713,864691135685308087,1
864691135234043993,864691135684932791,1
864691135234068313,864691135684334578,1
864691135234074713,864691135662550512,1
864691135234078297,864691135684215282,1
864691135234191961,864691135664007620,1
864691135234191961,864691135684932791,1
864691135234193753,864691135684450034,2
864691135234336857,864691135685664498,1
864691135234402137,864691135662550512,1
864691135234402137,864691135684270834,1
864691135234402137,864691135685228471,1
864691135234402137,864691135685799863,2
864691135234547033,864691135685664498,1
864691135234794841,864691135685228471,1
864691135234998617,864691135684065778,1
864691135234998617,864691135684414135,1
864691135234998617,864691135684532919,1
864691135234998617,864691135685125303,1
864691135234998617,864691135685416946,1
864691135234998617,864691135685465783,2
864691135235196249,864691135683929271,1
864691135235196249,864691135684450034,2
864691135235288409,864691135685664498,2
864691135235344985,864691135684215282,1
864691135235363417,864691135685034994,1
864691135235386713,864691135684772791,2
864691135235386713,864691135684816311,1
864691135235386713,864691135685416946,4
864691135235437913,864691135662550512,3
864691135235437913,864691135685228471,13
864691135235437913,864691135685420274,5
864691135235446617,864691135685416946,1
864691135235496025,864691135684468372,4
864691135235496025,864691135684932791,1
864691135235509081,864691135684450034,1
864691135235527513,864691135685799863,1
864691135256121519,864691135683761394,1
864691135256146095,864691135684468372,1
864691135256153263,864691135684747447,1
864691135256469167,864691135684304370,1
864691135256590767,864691135683964855,1
864691135256776879,864691135684967607,1
864691135256918959,864691135683225842,1
864691135256958639,864691135684135922,1
864691135256958639,864691135684468372,1
864691135256962479,864691135683972535,1
864691135256996015,864691135683929271,3
864691135257010607,864691135684967607,1
864691135257200559,864691135684284914,1
864691135257237423,864691135685664498,1
864691135257404079,864691135685664498,1
864691135257589679,864691135683618034,1
864691135257589679,864691135684178674,2
864691135257589679,864691135684334578,1
864691135257589679,864691135684655031,2
864691135257674415,864691135684284914,1
864691135258489519,864691135685228471,1
864691135258554031,864691135685228471,3
864691135258635183,864691135684320754,1
864691135258635183,864691135685228471,1
864691135258635183,864691135685338295,2
864691135258635183,864691135685420274,1
864691135258655151,864691135684085746,1
864691135258655151,864691135684189682,9
864691135258655151,864691135684450034,1
864691135258655151,864691135684555447,2
864691135269681829,864691135684135922,1
864691135269690789,864691135684645362,1
864691135269703333,864691135683964855,1
864691135269724325,864691135685648823,1
864691135269746341,864691135683225842,1
864691135269753509,864691135684655031,1
864691135269759653,864691135680743828,1
864691135269784741,864691135683761394,1
864691135269793445,864691135684284914,2
864691135269797029,864691135684570039,1
864691135269958565,864691135684258290,1
864691135270308517,864691135684103666,1
864691135270308517,864691135684172018,1
864691135270378149,864691135685019319,1
864691135270448805,864691135684860855,2
864691135270562981,864691135684178930,1
864691135270572453,864691135664007620,1
864691135270572453,864691135684492215,1
864691135270576037,864691135683761394,1
864691135270577061,864691135684772791,1
864691135270579365,864691135684258290,2
864691135270590373,864691135683682290,1
864691135270868901,864691135685292727,1
864691135270868901,864691135685629170,2
864691135271343525,864691135684950258,1
864691135271383461,864691135684206322,1
864691135271383461,864691135684222450,1
864691135271394469,864691135683761394,1
864691135271394469,864691135685125303,3
864691135271394469,864691135685416946,1
864691135271436965,864691135684288754,1
864691135271915173,864691135662550512,1
864691135271915173,864691135683929271,3
864691135271915173,864691135684921271,1
864691135272105125,864691135684284914,1
864691135272105125,864691135685034994,1
864691135272160677,864691135684450034,1
864691135272160677,864691135684854455,1
864691135272173841,864691135684932791,1
864691135272183569,864691135684057842,1
864691135272186897,864691135684065778,1
864691135272187045,864691135685228471,4
864691135272218021,864691135684057842,1
864691135272218021,864691135684932791,3
864691135272268709,864691135684450034,1
864691135272419089,864691135683682290,1
864691135272506385,864691135684932791,1
864691135272597009,864691135675853508,1
864691135272805905,864691135681012164,1
864691135273103121,864691135681012164,1
864691135273265169,864691135683241714,2
864691135273266193,864691135684655031,1
864691135273287441,864691135684450034,1
864691135273287441,864691135685416946,2
864691135273568273,864691135684967607,1
864691135274066661,864691135685648823,1
864691135274078693,864691135684932791,2
864691135274079205,864691135675748338,1
864691135274080741,864691135685108628,1
864691135274096357,864691135685125303,1
864691135274101477,864691135684065778,1
864691135274101477,864691135684414135,5
864691135274101477,864691135684450034,1
864691135274117349,864691135684333042,1
864691135274309605,864691135684321522,1
864691135274394897,864691135684967607,1
864691135274511333,864691135684645362,1
864691135274512357,864691135684645362,1
864691135274525413,864691135684414135,3
864691135274525413,864691135684532919,1
864691135274537445,864691135683241714,1
864691135274546961,864691135684772791,2
864691135274738193,864691135685416946,3
864691135274974181,864691135662550512,1
864691135274974181,864691135685420274,1
864691135275006225,864691135685420274,1
864691135275006225,864691135685799863,1
864691135275107301,864691135685308087,4
864691135275184357,864691135684288754,2
864691135275185637,864691135684468372,1
864691135275392741,864691135685020599,2
864691135275624677,864691135662550512,1
864691135275939813,864691135683241714,1
864691135275978981,864691135684950258,1
864691135275983589,864691135684747447,2
864691135275983589,864691135685338295,6
864691135275983589,864691135685728695,2
864691135276152293,864691135662550512,1
864691135276413157,864691135683758322,1
864691135276413157,864691135684450034,1
864691135276413157,864691135685034994,1
864691135276413157,864691135685465783,1
864691135276501733,864691135684284914,1
864691135276501733,864691135684967607,1
864691135276537573,864691135685416946,1
864691135276749285,864691135683758322,2
864691135276917733,864691135684320754,1
864691135276917733,864691135684334578,1
864691135276917733,864691135684655031,4
864691135276917733,864691135684932791,1
864691135276917733,864691135685108628,1
864691135276975333,864691135684747447,5
864691135276975333,864691135685552370,2
864691135276975333,864691135685629170,1
864691135277221605,864691135683682290,1
864691135277221605,864691135684333042,1
864691135277221605,864691135684655031,1
864691135277337061,864691135662882544,1
864691135277337061,864691135684950258,1
864691135277337061,864691135685416946,2
864691135277337061,864691135685509362,1
864691135277506533,864691135684450034,1
864691135277615589,864691135684288754,1
864691135277615589,864691135684532919,1
864691135277615589,864691135685034994,3
864691135277615589,864691135685416946,1
864691135277645029,864691135685199602,1
864691135277645029,864691135685552370,1
864691135277673957,864691135685228471,3
864691135277673957,864691135685465783,1
864691135277713893,864691135681012164,3
864691135277713893,864691135684222450,1
864691135277713893,864691135684388850,1
864691135277713893,864691135684950258,1
864691135277713893,864691135685292727,2
864691135277713893,864691135685416946,2
864691135277713893,864691135685552370,1
864691135278195105,864691135662882544,1
864691135278195105,864691135684950258,1
864691135278201761,864691135662550512,1
864691135278202017,864691135664007620,1
864691135278202017,864691135684967607,1
864691135278213025,864691135685083319,1
864691135278526881,864691135684334578,2
864691135278526881,864691135684655031,1
864691135278526881,864691135684932791,2
864691135278526881,864691135685108628,1
864691135278527137,864691135684215282,1
864691135278567329,864691135684135922,1
864691135278830241,864691135685228471,1
864691135278930337,864691135684284914,1
864691135278987169,864691135684258290,1
864691135278999713,864691135684103666,1
864691135279045281,864691135685108628,1
864691135279055777,864691135685019319,1
864691135279116193,864691135684258290,1
864691135279124897,864691135685416946,1
864691135279128225,864691135683972535,1
864691135279132833,864691135683761394,2
864691135279132833,864691135684772791,1
864691135279137185,864691135662550512,4
864691135279453345,864691135685034994,2
864691135279453345,864691135685228471,1
864691135279591841,864691135683761394,1
864691135279591841,864691135684772791,1
864691135279679649,864691135683682290,1
864691135279730337,864691135684321522,1
864691135280386209,864691135685228471,1
864691135280396449,864691135662300912,1
864691135280496289,864691135685420274,1
864691135280860833,864691135684065778,1
864691135280860833,864691135684450034,1
864691135280860833,864691135684555447,2
864691135280869537,864691135662882544,1
864691135280871073,864691135662550512,1
864691135280871073,864691135684153074,1
864691135280891553,864691135685034994,1
864691135281056673,864691135684450034,1
864691135281078689,864691135681012164,1
864691135281078689,864691135684222450,2
864691135281078689,864691135684747447,3
864691135281078689,864691135685020599,1
864691135281078689,864691135685629170,3
864691135281078689,864691135685799863,1
864691135281208481,864691135684921271,1
864691135281218977,864691135684950258,1
864691135281218977,864691135685664498,1
864691135281227425,864691135664007620,3
864691135281227425,864691135685228471,1
864691135281227425,864691135685338295,2
864691135281227425,864691135685420274,3
864691135281227425,864691135685728695,1
864691135291728822,864691135685648823,1
864691135291762870,864691135685020599,1
864691135291852214,864691135684860855,1
864691135291930038,864691135684258290,1
864691135292299446,864691135684189682,1
864691135292638902,864691135685199602,1
864691135292696246,864691135684932791,1
864691135292727990,864691135684874935,1
864691135292735670,864691135684284914,2
864691135292862134,864691135684189682,1
864691135292903862,864691135684258290,1
864691135293046028,864691135684946615,1
864691135293065484,864691135664007620,1
864691135293065484,864691135683682290,1
864691135293065484,864691135684320754,1
864691135293068556,864691135684932791,1
864691135293240076,864691135684967607,1
864691135293240076,864691135685648823,1
864691135293343756,864691135684492215,1
864691135293471756,864691135685034994,1
864691135293486604,864691135683682290,3
864691135293486604,864691135684334578,2
864691135293486604,864691135684645362,2
864691135293486604,864691135684655031,2
864691135293552140,864691135680285892,1
864691135293605558,864691135685420274,1
864691135293605558,864691135685799863,1
864691135293678006,864691135685125303,1
864691135293678006,864691135685420274,1
864691135293791926,864691135685020599,3
864691135293791926,864691135685034994,2
864691135293810102,864691135683758322,1
864691135293836044,864691135684135922,1
864691135293836044,864691135685019319,1
864691135293916342,864691135684284914,1
864691135293969932,864691135683618034,1
864691135294038540,864691135683761394,1
864691135294070028,864691135684468372,1
864691135294087180,864691135682621588,1
864691135294111756,864691135684334578,1
864691135294115084,864691135662275312,1
864691135294115084,864691135684772791,2
864691135294124812,864691135684320754,5
864691135294150412,864691135684932791,2
864691135294155276,864691135685664498,1
864691135294164236,864691135684258290,5
864691135294275254,864691135685228471,1
864691135294360844,864691135684468372,1
864691135294398988,864691135684321522,2
864691135294399244,864691135684245234,1
864691135294399244,864691135685308087,3
864691135294442678,864691135685228471,1
864691135294573324,864691135685552370,1
864691135294573324,864691135685799863,1
864691135294585868,864691135684065778,1
864691135294633654,864691135683929271,2
864691135294633654,864691135684414135,2
864691135294667020,864691135684450034,2
864691135294667020,864691135684921271,1
864691135294667020,864691135685228471,1
864691135294695350,864691135662275312,1
864691135294695350,864691135684532919,2
864691135294695350,864691135684772791,4
864691135294695350,864691135685416946,10
864691135294719158,864691135684388850,1
864691135294719158,864691135684492215,3
864691135294719158,864691135684747447,1
864691135294719158,864691135684967607,1
864691135294719158,864691135685020599,2
864691135294719158,864691135685552370,1
864691135294719158,864691135685728695,3
864691135294719158,864691135685799863,2
864691135294950838,864691135684288754,1
864691135295021494,864691135684222450,1
864691135295058700,864691135685465783,2
864691135295125004,864691135662882544,1
864691135295364364,864691135685034994,1
864691135303168679,864691135685799863,1
864691135303202727,864691135685034994,1
864691135303299239,864691135681012164,1
864691135303299239,864691135684645362,1
864691135303477671,864691135684284914,2
864691135303545767,864691135662300912,1
864691135303554727,864691135684189682,2
864691135303574951,864691135683618034,1
864691135304008359,864691135684189682,1
864691135304152743,864691135684932791,1
864691135304158887,864691135683761394,1
864691135304158887,864691135684772791,1
864691135304184231,864691135684284914,2
864691135304186791,864691135684645362,1
864691135304258215,864691135685416946,1
864691135304509607,864691135662550512,1
864691135304509607,864691135685420274,1
864691135304560807,864691135684492215,1
864691135304679079,864691135684468372,2
864691135304679079,864691135684932791,1
864691135304688551,864691135685034994,1
864691135304949927,864691135685664498,1
864691135305066407,864691135685338295,2
864691135305066407,864691135685552370,3
864691135305455783,864691135682621588,1
864691135305488551,864691135681012164,3
864691135305488551,864691135684222450,3
864691135305488551,864691135684333042,1
864691135305488551,864691135685629170,1
864691135305585063,864691135684816311,1
864691135305585063,864691135685509362,1
864691135305590439,864691135684065778,1
864691135305590439,864691135685228471,1
864691135305596583,864691135680743828,2
864691135305730471,864691135683929271,2
864691135305730471,864691135685552370,1
864691135307087686,864691135684284914,2
864691135307089734,864691135684826807,1
864691135307097158,864691135684222450,1
864691135307110726,864691135684946615,1
864691135307115078,864691135684258290,1
864691135307116614,864691135680743828,3
864691135307117126,864691135684189682,1
864691135307123526,864691135684153074,1
864691135307123526,864691135685420274,1
864691135307278662,864691135684932791,2
864691135307518022,864691135685458162,1
864691135307758150,864691135685664498,1
864691135307857734,864691135662275312,1
864691135307919942,864691135685095095,1
864691135308006982,864691135684468372,1
864691135308027462,864691135684932791,1
864691135308066118,864691135684932791,2
864691135308070726,864691135684153074,1
864691135308073286,864691135684655031,1
864691135308083270,864691135683241714,1
864691135308089414,864691135685465783,1
864691135308166982,864691135662882544,1
864691135308319046,864691135684950258,1
864691135308319046,864691135685664498,1
864691135308782406,864691135684772791,1
864691135308921158,864691135685664498,1
864691135309186630,864691135684153074,1
864691135309186630,864691135684492215,2
864691135309325638,864691135684950258,3
864691135309325638,864691135685509362,1
864691135309733190,864691135683929271,1
864691135309834054,864691135662275312,1
864691135309834054,864691135684950258,1
864691135309834054,864691135685509362,7
864691135309887558,864691135684189682,1
864691135322930844,864691135684921271,1
864691135322932636,864691135685095095,1
864691135322933660,864691135684826807,2
864691135322954396,864691135684284914,1
864691135322956188,864691135684206322,1
864691135322957724,864691135684946615,1
864691135322962076,864691135685509362,1
864691135322963612,864691135684215282,1
864691135322963612,864691135684468372,1
864691135322966684,864691135684987540,1
864691135322994076,864691135684189682,1
864691135323326620,864691135683682290,1
864691135323336860,864691135680743828,1
864691135323640476,864691135684555447,1
864691135323646620,864691135684932791,1
864691135323731612,864691135685199602,1
864691135323793052,864691135684085746,2
864691135323924124,864691135684772791,1
864691135323925148,864691135684245234,1
864691135323953564,864691135684532919,1
864691135323986076,864691135684450034,1
864691135324041372,864691135685308087,1
864691135324135068,864691135685228471,4
864691135324364188,864691135684189682,1
864691135324399260,864691135684772791,1
864691135324437916,864691135662882544,1
864691135324573084,864691135684320754,1
864691135325064604,864691135684450034,1
864691135325064604,864691135684492215,1
864691135325064604,864691135685799863,2
864691135325076636,864691135685799863,1
864691135325413788,864691135685420274,2
864691135325413788,864691135685728695,1
864691135325561500,864691135662550512,1
864691135325562012,864691135685228471,2
864691135334483945,864691135684468372,3
864691135334489065,864691135685095095,1
864691135334530537,864691135685465783,1
864691135334535401,864691135680743828,1
864691135334561001,864691135675748338,1
864691135334600425,864691135675870962,1
864691135334821865,864691135680743828,1
864691135334821865,864691135683618034,2
864691135335139817,864691135684432823,1
864691135335308265,864691135683241458,1
864691135335308777,864691135684468372,1
864691135335308777,864691135685308087,1
864691135335377641,864691135675853508,1
864691135335386857,864691135684860855,1
864691135335886057,864691135685034994,1
864691135335995369,864691135685799863,1
864691135336418025,864691135684284914,3
864691135336418025,864691135684304370,1
864691135336697577,864691135685416946,1
864691135336814569,864691135684645362,3
864691135336814569,864691135684932791,2
864691135336999401,864691135685416946,1
864691135337004009,864691135684178930,1
864691135337004009,864691135684284914,1
864691135337004009,864691135684826807,1
864691135337004009,864691135685228471,1
864691135337039337,864691135684555447,1
864691135337039337,864691135685228471,1
864691135337704678,864691135684245234,3
864691135337706470,864691135684532919,1
864691135337726438,864691135684932791,1
864691135337740262,864691135684135922,1
864691135337740262,864691135685308087,1
864691135337753574,864691135664007620,1
864691135337759718,864691135684932791,1
864691135338088678,864691135664007620,1
864691135338088678,864691135684153074,3
864691135338143974,864691135685664498,1
864691135338153958,864691135684414135,1
864691135338204134,864691135684334578,1
864691135338212326,864691135675870962,1
864691135338262246,864691135680285892,1
864691135338494438,864691135685108628,1
864691135338657510,864691135683225842,1
864691135338677222,864691135684932791,1
864691135338680038,864691135685346546,1
864691135338682086,864691135684065778,1
864691135338742246,864691135684065778,1
864691135338797542,864691135680743828,1
864691135338797542,864691135685108628,1
864691135338876390,864691135675748338,1
864691135338918118,864691135684468372,1
864691135338957286,864691135684532919,1
864691135338966758,864691135684135922,1
864691135339003622,864691135684334578,4
864691135339003622,864691135684932791,1
864691135339105510,864691135685034994,2
864691135339387878,864691135683682290,1
864691135339408614,864691135675853508,1
864691135339544038,864691135662882544,1
864691135339631590,864691135683758322,1
864691135339631590,864691135684921271,2
864691135339631590,864691135685034994,2
864691135339729894,864691135685458162,1
864691135339826150,864691135662550512,1
864691135339826150,864691135684450034,1
864691135339826150,864691135684921271,1
864691135340055782,864691135685199602,1
864691135340181990,864691135685664498,1
864691135340203238,864691135685664498,1
864691135340961221,864691135684222450,1
864691135340961733,864691135675853508,1
864691135340983749,864691135684320754,4
864691135340983749,864691135684333042,1
864691135340983749,864691135684645362,2
864691135340983749,864691135684655031,2
864691135340983749,864691135684932791,1
864691135340984773,864691135675748338,2
864691135341014981,864691135680285892,1
864691135341035973,864691135684206322,1
864691135341123525,864691135680743828,1
864691135341123525,864691135684320754,1
864691135341123525,864691135684334578,1
864691135341123525,864691135684645362,1
864691135341123525,864691135684860855,2
864691135341123525,864691135684932791,2
864691135341136305,864691135683618034,1
864691135341169073,864691135684284914,1
864691135341190577,864691135685728695,1
864691135341318853,864691135684321522,1
864691135341368517,864691135684178674,4
864691135341397189,864691135684468372,1
864691135341437125,864691135684258290,1
864691135341505221,864691135683761394,2
864691135341505221,864691135684772791,1
864691135341505221,864691135685416946,1
864691135341742789,864691135685552370,1
864691135341881541,864691135684206322,1
864691135341996485,864691135675870962,1
864691135342001073,864691135662550512,2
864691135342006705,864691135683682290,1
864691135342006705,864691135684320754,2
864691135342038981,864691135683241458,1
864691135342044593,864691135684772791,1
864691135342044613,864691135684258290,1
864691135342045105,864691135684178930,1
864691135342089649,864691135684816311,1
864691135342149297,864691135684551863,1
864691135342195633,864691135684921271,1
864691135342196913,864691135684334578,1
864691135342202545,864691135683618034,1
864691135342211761,864691135684532919,2
864691135342233285,864691135684772791,2
864691135342233285,864691135685416946,2
864691135342369713,864691135684645362,1
864691135342375601,864691135684320754,1
864691135342389957,864691135683682290,1
864691135342389957,864691135684057842,1
864691135342389957,864691135684320754,1
864691135342389957,864691135684334578,1
864691135342389957,864691135684655031,1
864691135342476209,864691135684334578,1
864691135342567877,864691135685338295,1
864691135342754481,864691135684284914,3
864691135342822833,864691135683225842,1
864691135342822833,864691135685509362,1
864691135342848433,864691135685125303,1
864691135342876081,864691135675853508,1
864691135342876081,864691135684492215,1
864691135342876081,864691135684747447,2
864691135342876081,864691135685020599,1
864691135342876081,864691135685552370,3
864691135342876081,864691135685728695,1
864691135342876081,864691135685799863,1
864691135342995377,864691135684772791,3
864691135343022769,864691135685420274,1
864691135343110065,864691135684450034,1
864691135343171249,864691135685095095,1
864691135343263429,864691135683758322,1
864691135343263429,864691135684854455,1
864691135343326641,864691135685228471,1
864691135343489457,864691135684284914,2
864691135343504305,864691135684854455,1
864691135343588549,864691135662275312,1
864691135343588549,864691135685416946,1
864691135343588549,864691135685509362,3
864691135343616453,864691135684222450,1
864691135343616453,864691135684388850,1
864691135343616453,864691135685648823,1
864691135343618501,864691135683758322,1
864691135343618501,864691135684178930,1
864691135343618501,864691135685034994,3
864691135343625905,864691135682621588,2
864691135343625905,864691135685108628,2
864691135343653809,864691135685664498,1
864691135343660485,864691135662550512,1
864691135343671749,864691135685034994,1
864691135343705009,864691135684284914,1
864691135343706565,864691135662275312,1
864691135343706565,864691135685125303,1
864691135343840945,864691135685416946,3
864691135343967153,864691135684950258,1
864691135343974321,864691135684854455,2
864691135344001201,864691135684085746,1
864691135345099679,864691135685664498,3
864691135345103007,864691135662550512,1
864691135345103007,864691135684153074,1
864691135345127583,864691135684946615,1
864691135345144735,864691135680743828,1
864691135345144991,864691135684874935,1
864691135345174431,864691135684222450,1
864691135345174431,864691135685552370,1
864691135345174431,864691135685629170,1
864691135345189023,864691135684284914,1
864691135345232799,864691135685125303,1
864691135345235103,864691135684932791,2
864691135345241759,864691135683241714,1
864691135345258655,864691135684432823,1
864691135345261983,864691135683761394,1
864691135345542303,864691135683761394,1
864691135345580447,864691135684085746,2
864691135345648543,864691135684432823,1
864691135345771167,864691135684321522,4
864691135345919391,864691135684189682,1
864691135345970335,864691135683761394,2
864691135346037151,864691135684284914,1
864691135346148511,864691135683241714,1
864691135346302879,864691135684860855,1
864691135346427807,864691135684206322,1
864691135346616479,864691135685799863,1
864691135346637471,864691135684222450,1
864691135346692767,864691135684258290,1
864691135346692767,864691135684334578,1
864691135346692767,864691135685308087,2
864691135346887583,864691135684826807,1
864691135346887583,864691135685228471,2
864691135346997919,864691135683682290,1
864691135347123103,864691135662550512,7
864691135347123103,864691135685228471,1
864691135347123103,864691135685420274,1
864691135347593119,864691135662882544,1
864691135347672991,864691135662550512,2
864691135347703455,864691135684065778,1
864691135347733151,864691135685416946,1
864691135347756959,864691135684222450,1
864691135347849631,864691135685125303,2
864691135347849631,864691135685416946,1
864691135348246231,864691135684532919,1
864691135348250327,864691135684655031,1
864691135348250327,864691135684946615,1
864691135348260311,864691135685034994,1
864691135348298967,864691135684178674,1
864691135348298967,864691135684320754,1
864691135348298967,864691135684333042,1
864691135348298967,864691135684334578,1
864691135348298967,864691135684860855,1
864691135348298967,864691135684932791,1
864691135348301015,864691135675853508,1
864691135348614615,864691135685346546,1
864691135348712919,864691135684178930,1
864691135348724951,864691135684085746,1
864691135348855767,864691135683682290,1
864691135349185239,864691135685034994,1
864691135349254615,864691135683761394,1
864691135349255639,864691135684932791,1
864691135349285591,864691135685664498,1
864691135349302487,864691135684468372,1
864691135349302487,864691135684932791,1
864691135349307863,864691135685664498,1
864691135349326551,864691135684388850,1
864691135349577687,864691135683758322,1
864691135349720535,864691135684932791,1
864691135349884119,864691135662882544,1
864691135350283991,864691135685465783,1
864691135350482135,864691135684284914,1
864691135350542039,864691135662275312,1
864691135350542039,864691135685125303,1
864691135350650583,864691135685420274,1
864691135350977751,864691135683929271,1
864691135351251671,864691135685416946,1
864691135351266519,864691135662275312,1
864691135351266519,864691135685125303,1
864691135351291351,864691135685465783,2
864691135354883279,864691135685664498,2
864691135354890703,864691135680285892,1
864691135354891215,864691135682621588,1
864691135354899919,864691135683241458,5
864691135354899919,864691135684468372,1
864691135354910159,864691135684284914,5
864691135355027919,864691135684932791,1
864691135355248335,864691135684932791,1
864691135355462095,864691135684320754,1
864691135355726287,864691135683761394,1
864691135355755983,864691135684468372,1
864691135355760335,864691135684284914,1
864691135355923919,864691135684189682,1
864691135355923919,864691135684532919,1
864691135355999439,864691135683792370,1
864691135356087247,864691135684950258,1
864691135356400847,864691135683758322,1
864691135356558287,864691135685664498,1
864691135356637647,864691135662550512,2
864691135356708303,864691135662300912,1
864691135356717519,864691135684178930,1
864691135356765903,864691135684334578,1
864691135357078479,864691135685034994,3
864691135357084111,864691135683758322,1
864691135357084111,864691135684854455,1
864691135357084111,864691135685465783,1
864691135357155279,864691135684932791,2
864691135357283791,864691135684567282,1
864691135357305295,864691135685228471,3
864691135357305295,864691135685664498,1
864691135357429199,864691135684826807,1
864691135357429199,864691135685228471,1
864691135357835506,864691135685228471,1
864691135358808408,864691135664007620,1
864691135358810456,864691135662550512,1
864691135358834264,864691135684187378,1
864691135358835544,864691135684258290,1
864691135358842968,864691135684215282,1
864691135358995288,864691135684258290,1
864691135359196760,864691135684172018,1
864691135359334232,864691135685728695,1
864691135359723352,864691135683972535,1
864691135359744088,864691135684334578,1
864691135359790168,864691135680285892,2
864691135359790168,864691135684222450,1
864691135359819352,864691135684468372,1
864691135359820632,864691135683964855,1
864691135359945816,864691135675853508,1
864691135359945816,864691135684320754,2
864691135359945816,864691135684492215,2
864691135359945816,864691135684645362,1
864691135359945816,864691135685338295,1
864691135360037720,864691135664007620,1
864691135360108871,864691135662550512,2
864691135360108871,864691135685420274,2
864691135360111175,864691135684655031,1
864691135360120647,864691135685292727,1
864691135360143175,864691135685108628,1
864691135360152135,864691135685308087,1
864691135360153159,864691135683241458,1
864691135360153671,864691135683792370,1
864691135360154183,864691135685509362,2
864691135360166215,864691135684655031,1
864691135360346200,864691135662550512,1
864691135360411736,864691135662550512,1
864691135360434247,864691135683241458,2
864691135360434247,864691135684245234,1
864691135360482392,864691135684492215,1
864691135360494680,864691135683758322,1
864691135360597831,864691135684921271,1
864691135360607815,864691135684860855,1
864691135360620615,864691135685416946,2
864691135360737112,864691135684189682,4
864691135360737112,864691135684555447,1
864691135360737112,864691135685465783,1
864691135360834631,864691135682621588,1
864691135360916807,864691135682621588,1
864691135361005383,864691135685338295,1
864691135361039192,864691135684950258,1
864691135361052999,864691135681012164,1
864691135361052999,864691135684222450,1
864691135361052999,864691135684270834,1
864691135361075288,864691135684854455,1
864691135361112135,864691135684222450,1
864691135361121607,864691135684946615,1
864691135361176391,864691135684334578,3
864691135361183576,864691135685416946,1
864691135361199192,864691135683929271,1
864691135361199192,864691135684450034,3
864691135361199192,864691135685416946,1
864691135361225816,864691135685664498,1
864691135361231448,864691135662882544,1
864691135361231448,864691135685728695,1
864691135361480007,864691135684178930,1
864691135361532999,864691135683758322,1
864691135361568583,864691135685020599,1
864691135361619271,864691135684747447,1
864691135361619271,864691135685552370,1
864691135362156359,864691135684645362,1
864691135362209863,864691135684334578,1
864691135362209863,864691135684468372,1
864691135362265671,864691135662550512,1
864691135362438983,864691135685465783,1
864691135362526023,864691135684921783,1
864691135362528583,864691135685509362,1
864691135366922233,864691135684860855,1
864691135366936825,864691135684222450,1
864691135366936825,864691135684333042,2
864691135366941689,864691135684284914,1
864691135366947065,864691135685664498,1
864691135366960633,864691135682621588,1
864691135366976761,864691135685308087,1
864691135366999545,864691135684655031,1
864691135367007225,864691135683241714,1
864691135367007993,864691135685664498,1
864691135367009529,864691135685664498,1
864691135367020025,864691135685020599,1
864691135367436537,864691135683241458,1
864691135367436537,864691135684135922,1
864691135367436537,864691135685346546,1
864691135367442937,864691135662300912,2
864691135367449593,864691135662300912,1
864691135367610361,864691135662550512,1
864691135367666169,864691135662300912,1
864691135367666169,864691135684284914,1
864691135367820793,864691135685034994,1
864691135367831801,864691135684987540,2
864691135367833337,864691135685509362,1
864691135367941369,864691135684874935,1
864691135368425209,864691135684860855,1
864691135368425209,864691135684932791,1
864691135368760313,864691135662300912,1
864691135368791545,864691135662550512,1
864691135368791545,864691135685799863,2
864691135368860409,864691135684065778,1
864691135368860409,864691135684450034,1
864691135368901625,864691135684284914,1
864691135368901625,864691135684826807,1
864691135368949241,864691135685125303,1
864691135368950521,864691135662882544,1
864691135368954361,864691135684492215,3
864691135369500153,864691135685228471,1
864691135369522681,864691135685228471,1
864691135369575929,864691135684860855,1
864691135369616377,864691135684772791,3
864691135369616377,864691135685125303,1
864691135369616377,864691135685416946,2
864691135369764601,864691135664007620,1
864691135369764601,864691135684492215,1
864691135373387976,864691135684103666,1
864691135373397448,864691135684987540,1
864691135373404360,864691135684258290,1
864691135373414856,864691135684215282,2
864691135373418952,864691135684816311,1
864691135373426120,864691135675853508,2
864691135373426888,864691135684258290,1
864691135373631305,864691135685199602,1
864691135373639241,864691135684450034,1
864691135373665865,864691135685648823,1
864691135373669193,864691135684153074,1
864691135373673033,864691135685308087,1
864691135373693384,864691135684932791,1
864691135373727561,864691135684334578,1
864691135373727561,864691135684932791,1
864691135373753417,864691135675748338,1
864691135373753800,864691135675748338,1
864691135373820104,864691135684103666,1
864691135373820104,864691135685292727,1
864691135373829832,864691135684284914,1
864691135373995720,864691135683682290,1
864691135373995720,864691135683792370,7
864691135374010312,864691135684284914,1
864691135374028488,864691135684334578,1
864691135374028488,864691135684860855,1
864691135374210760,864691135683758322,1
864691135374268616,864691135684215282,1
864691135374324424,864691135683761394,1
864691135374380873,864691135684655031,2
864691135374445000,864691135682621588,1
864691135374455496,864691135684085746,1
864691135374455496,864691135685465783,1
864691135374456008,864691135662550512,1
864691135374456008,864691135685338295,1
864691135374456008,864691135685420274,1
864691135374456008,864691135685728695,2
864691135374462408,864691135684258290,1
864691135374462408,864691135684320754,1
864691135374468296,864691135684468372,1
864691135374469449,864691135683241714,1
864691135374493257,864691135684206322,1
864691135374603081,864691135680743828,1
864691135374701897,864691135685308087,1
864691135374711113,864691135683241458,1
864691135374736201,864691135684555447,1
864691135374818377,864691135684057842,1
864691135375015497,864691135662275312,1
864691135375066953,864691135684320754,1
864691135375107272,864691135683761394,1
864691135375140681,864691135684468372,1
864691135375153225,864691135684085746,1
864691135375354824,864691135685034994,1
864691135375361480,864691135684950258,1
864691135375363272,864691135684304370,1
864691135375431753,864691135664007620,1
864691135375438024,864691135684222450,1
864691135375438024,864691135685199602,1
864691135375473993,864691135683618034,1
864691135375473993,864691135683682290,2
864691135375473993,864691135683792370,1
864691135375598792,864691135684245234,1
864691135375822665,864691135685664498,1
864691135375895752,864691135684468372,2
864691135375895752,864691135684950258,1
864691135375956424,864691135684450034,1
864691135375956424,864691135684532919,1
864691135375956424,864691135685465783,1
864691135375962056,864691135685199602,1
864691135375975880,864691135662550512,5
864691135376308041,864691135685416946,1
864691135376399689,864691135684085746,1
864691135376399689,864691135684450034,1
864691135376399689,864691135684826807,1
864691135376399689,864691135685034994,1
864691135376399689,864691135685416946,2
864691135376408649,864691135685509362,1
864691135376429897,864691135684304370,1
864691135376567369,864691135684189682,1
864691135376567369,864691135685034994,1
864691135381372146,864691135685125303,1
864691135382160370,864691135684551863,1
864691135382459354,864691135675748338,1
864691135382470106,864691135685799863,1
864691135382590938,864691135685020599,1
864691135382590938,864691135685292727,1
864691135382590938,864691135685629170,6
864691135382909419,864691135664007620,1
864691135382942682,864691135683618034,3
864691135382942682,864691135683682290,7
864691135382942682,864691135684645362,2
864691135382942682,864691135684655031,1
864691135382942682,864691135685308087,1
864691135382951386,864691135684854455,1
864691135382982635,864691135684874935,1
864691135383028698,864691135684258290,1
864691135383199450,864691135685108628,1
864691135383231467,864691135684189682,1
864691135383290859,864691135684189682,1
864691135383296235,864691135683618034,1
864691135383305178,864691135680285892,1
864691135383424218,864691135684245234,2
864691135383456747,864691135684135922,1
864691135383689690,864691135685034994,1
864691135383709931,864691135684284914,1
864691135383718362,864691135683761394,1
864691135383771354,864691135684321522,1
864691135383771354,864691135685458162,1
864691135383789530,864691135684334578,2
864691135383813594,864691135684468372,1
864691135383833306,864691135684645362,1
864691135383833306,864691135684932791,2
864691135383880410,864691135684854455,1
864691135384013291,864691135685034994,1
864691135384027627,864691135662550512,1
864691135384118251,864691135685664498,1
864691135384391130,864691135662300912,2
864691135384391130,864691135684284914,1
864691135384524779,864691135685034994,1
864691135384526554,864691135684085746,1
864691135384526554,864691135684189682,1
864691135384526554,864691135685034994,1
864691135384526554,864691135685465783,3
864691135384790746,864691135684921783,1
864691135384926426,864691135684153074,1
864691135384926426,864691135684320754,1
864691135384926426,864691135684492215,1
864691135384957402,864691135662882544,1
864691135384998379,864691135684854455,1
864691135385011674,864691135685664498,1
864691135385030123,864691135683682290,1
864691135385061611,864691135684206322,1
864691135385061611,864691135685292727,1
864691135385125867,864691135684270834,1
864691135385126379,864691135685416946,1
864691135385168875,864691135685465783,1
864691135385174613,864691135684532919,1
864691135385187413,864691135662550512,4
864691135385217621,864691135684284914,1
864691135385246549,864691135684258290,1
864691135385249877,864691135684304370,1
864691135385249877,864691135684570039,2
864691135385250133,864691135681012164,1
864691135385250133,864691135683225842,1
864691135385256021,864691135684432823,1
864691135385256021,864691135685034994,1
864691135385257557,864691135662275312,1
864691135385257557,864691135685125303,1
864691135385270357,864691135684304370,1
864691135385289301,864691135685799863,1
864691135385303787,864691135685108628,1
864691135385313259,864691135685416946,1
864691135385320533,864691135684206322,1
864691135385333845,864691135684135922,1
864691135385334507,864691135684987540,1
864691135385346539,864691135684816311,1
864691135385346539,864691135684950258,2
864691135385346539,864691135685416946,3
864691135385356629,864691135685338295,1
864691135385367019,864691135684334578,1
864691135385375723,864691135684065778,1
864691135385375723,864691135684532919,1
864691135385416939,864691135684950258,1
864691135385422677,864691135684655031,1
864691135385657941,864691135684932791,1
864691135385683285,864691135685664498,1
864691135385767765,864691135683972535,1
864691135385774165,864691135683761394,1
864691135385800789,864691135684874935,1
864691135385812821,864691135685199602,1
864691135385820501,864691135684189682,1
864691135386127189,864691135684932791,2
864691135386184021,864691135684103666,1
864691135386231381,864691135662550512,1
864691135386271829,864691135685664498,1
864691135386276949,864691135684532919,1
864691135386350977,864691135675870962,1
864691135386350977,864691135680743828,1
864691135386376065,864691135675853508,1
864691135386388565,864691135684468372,1
864691135386397057,864691135684172018,1
864691135386402433,864691135684946615,1
864691135386498433,864691135683618034,2
864691135386498433,864691135683682290,1
864691135386498433,864691135684334578,1
864691135386498433,864691135684932791,1
864691135386498433,864691135684987540,1
864691135386608213,864691135684932791,2
864691135386626133,864691135684288754,1
864691135386626133,864691135685095095,1
864691135386757973,864691135684932791,3
864691135386872449,864691135684854455,1
864691135386904961,864691135684085746,1
864691135386919809,864691135684772791,1
864691135386996097,864691135685292727,1
864691135387028609,864691135684245234,3
864691135387028609,864691135685308087,1
864691135387042645,864691135685095095,1
864691135387076693,864691135664007620,2
864691135387337857,864691135683964855,1
864691135387367297,864691135684103666,1
864691135387372629,864691135662550512,1
864691135387410049,864691135675748338,1
864691135387410049,864691135675870962,1
864691135387472257,864691135684967607,1
864691135387523969,864691135684103666,1
864691135387529301,864691135684950258,2
864691135387529301,864691135685125303,2
864691135387529301,864691135685629170,1
864691135387557973,864691135684450034,1
864691135387557973,864691135684826807,2
864691135387557973,864691135685416946,1
864691135387557973,864691135685664498,1
864691135387604821,864691135684135922,1
864691135387617921,864691135685020599,3
864691135387622785,864691135685629170,1
864691135387624065,864691135684468372,1
864691135387626881,864691135683761394,1
864691135387637377,864691135684645362,1
864691135387637377,864691135684932791,1
864691135387638913,864691135685108628,1
864691135387690069,864691135685308087,1
864691135387761025,864691135683758322,1
864691135387761025,864691135684854455,1
864691135387794817,864691135685664498,1
864691135388015445,864691135662550512,1
864691135388015445,864691135685020599,1
864691135388189825,864691135683758322,1
864691135388368001,864691135684178930,1
864691135388796545,864691135684468372,1
864691135388961665,864691135684065778,1
864691135388961665,864691135684532919,4
864691135389225857,864691135684206322,1
864691135389231233,864691135662882544,1
864691135389273217,864691135685228471,1
864691135389296769,864691135685416946,2
864691135389321345,864691135685416946,1
864691135392223218,864691135684284914,1
864691135392223218,864691135684304370,1
864691135393949173,864691135685664498,1
864691135393950709,864691135684860855,1
864691135393959669,864691135684772791,1
864691135393965557,864691135684826807,1
864691135393968885,864691135685664498,3
864691135393976565,864691135684826807,1
864691135393980405,864691135684334578,1
864691135393982965,864691135684860855,1
864691135393985781,864691135684189682,1
864691135393997045,864691135684284914,1
864691135394025205,864691135684655031,1
864691135394286069,864691135684135922,1
864691135394358773,864691135683241458,1
864691135394359285,864691135684189682,1
864691135394376693,864691135662550512,1
864691135394431733,864691135675870962,1
864691135394831605,864691135685034994,1
864691135394958581,864691135675748338,1
864691135394958581,864691135684932791,1
864691135394962677,864691135684284914,1
864691135394962677,864691135684304370,1
864691135394966005,864691135683761394,1
864691135394969333,864691135684222450,2
864691135394969333,864691135685308087,1
864691135394972405,864691135684187378,1
864691135394982133,864691135684468372,1
864691135394982133,864691135685308087,1
864691135395217141,864691135684932791,1
864691135395410677,864691135685664498,2
864691135395465461,864691135683682290,1
864691135395465461,864691135684334578,1
864691135395626997,864691135684153074,1
864691135395957493,864691135684450034,2
864691135395957493,864691135684772791,1
864691135395957493,864691135685416946,1
864691135396262133,864691135684284914,1
864691135396342517,864691135683792370,2
864691135396342517,864691135684320754,4
864691135396342517,864691135684334578,1
864691135396342517,864691135684932791,1
864691135396367649,864691135685095095,1
864691135396373237,864691135681012164,1
864691135396413729,864691135664007620,1
864691135396533493,864691135684950258,1
864691135396623093,864691135662550512,1
864691135396623093,864691135684153074,1
864691135396642337,864691135685420274,1
864691135396692725,864691135685458162,1
864691135396719649,864691135684570039,1
864691135396724725,864691135684854455,2
864691135396733429,864691135684057842,1
864691135396843809,864691135684414135,1
864691135396844577,864691135685308087,1
864691135396940021,864691135685416946,1
864691135397055733,864691135685228471,5
864691135397132321,864691135684258290,1
864691135397212449,864691135685416946,1
864691135397232417,864691135685095095,1
864691135397234977,864691135684932791,1
864691135397360417,864691135685308087,1
864691135397408289,864691135684816311,1
864691135397419041,864691135684921783,1
864691135397512737,864691135685228471,1
864691135397535009,864691135685416946,1
864691135397567521,864691135684932791,1
864691135397778209,864691135684284914,1
864691135398717217,864691135683225842,2
864691135398955809,864691135662300912,1
864691135398955809,864691135685125303,3
864691135398955809,864691135685416946,5
864691135398955809,864691135685509362,1
864691135398979873,864691135685664498,1
864691135403727854,864691135685346546,1
864691135403747566,864691135684932791,1
864691135403755758,864691135684645362,2
864691135403755758,864691135684932791,2
864691135403759598,864691135680743828,1
864691135403760878,864691135683241458,2
864691135403760878,864691135684258290,1
864691135403767534,864691135685465783,1
864691135403769838,864691135684284914,3
864691135403772654,864691135685034994,1
864691135403988462,864691135685034994,1
864691135404021742,864691135685416946,1
864691135404115438,864691135685034994,1
864691135404115438,864691135685465783,2
864691135404135406,864691135684450034,2
864691135404387054,864691135680743828,1
864691135404479726,864691135684304370,1
864691135404606446,864691135684655031,1
864691135404657390,864691135685420274,1
864691135404878574,864691135683758322,1
864691135405071086,864691135685020599,1
864691135405691118,864691135683761394,3
864691135405699822,864691135685420274,1
864691135405913582,864691135681012164,1
864691135407287241,864691135683682290,1
864691135407291593,864691135682621588,1
864691135407301065,864691135684570039,1
864691135407324617,864691135684921783,1
864691135407558345,864691135675870962,3
864691135407641545,864691135684860855,1
864691135407676361,864691135662550512,1
864691135407685065,864691135684085746,1
864691135407712201,864691135684135922,1
864691135407755977,864691135684468372,1
864691135407957961,864691135684414135,1
864691135407983049,864691135685346546,1
864691135408015305,864691135683758322,1
864691135408085193,864691135685465783,1
864691135408124873,864691135684284914,1
864691135408213193,864691135662550512,1
864691135408445641,864691135684432823,1
864691135408560329,864691135684215282,1
864691135408641737,864691135684135922,1
864691135408641737,864691135684258290,1
864691135408641737,864691135684334578,2
864691135408839625,864691135685664498,1
864691135408903113,864691135685629170,1
864691135409229001,864691135664007620,1
864691135409523401,864691135684950258,1
864691135409523401,864691135685199602,1
864691135409523401,864691135685509362,1
864691135409554121,864691135685552370,2
864691135409554121,864691135685629170,2
864691135409856713,864691135685629170,1
864691135409951689,864691135685228471,1
864691135410077897,864691135684320754,1
864691135410077897,864691135684492215,1
864691135410077897,864691135684860855,1
864691135410116041,864691135684334578,1
864691135410116041,864691135684450034,1
864691135410116041,864691135685664498,1
864691135410137545,864691135683929271,1
864691135410137545,864691135684932791,1
864691135410186441,864691135684555447,1
864691135410186441,864691135685228471,1
864691135414364914,864691135684085746,2
864691135415460026,864691135683758322,1
864691135415466682,864691135685629170,1
864691135415505338,864691135684932791,1
864691135415505338,864691135684946615,1
864691135415621562,864691135684967607,1
864691135415928762,864691135685416946,1
864691135415954874,864691135684172018,1
864691135416188858,864691135684816311,1
864691135416294074,864691135684334578,1
864691135416567738,864691135662275312,1
864691135416650170,864691135684932791,1
864691135416651194,864691135685199602,1
864691135416651194,864691135685458162,1
864691135417027258,864691135684932791,1
864691135417253306,864691135684085746,2
864691135417253306,864691135684921271,1
864691135417253306,864691135685420274,2
864691135417307322,864691135684826807,1
864691135417406650,864691135685199602,1
864691135417443514,864691135683929271,1
864691135417443514,864691135684178930,1
864691135417478842,864691135662882544,1
864691135417478842,864691135685416946,1
864691135417496250,864691135683241458,1
864691135417497274,864691135685199602,1
864691135417830330,864691135683761394,1
864691135417830330,864691135685416946,2
864691135417830330,864691135685509362,1
864691135417948090,864691135683241458,2
864691135418002874,864691135683618034,1
864691135418240698,864691135684065778,5
864691135418240698,864691135684178930,2
864691135418240698,864691135684288754,1
864691135418240698,864691135684450034,5
864691135418240698,864691135684532919,1
864691135418343866,864691135685034994,1
864691135418399418,864691135664007620,1
864691135418449850,864691135662275312,1
864691135418449850,864691135684065778,2
864691135418449850,864691135684450034,1
864691135418449850,864691135684532919,1
864691135419304373,864691135684967607,1
864691135428512304,864691135684284914,14
864691135428516144,864691135685416946,1
864691135428538416,864691135685338295,1
864691135428676144,864691135662550512,1
864691135428676144,864691135684468372,1
864691135428771632,864691135684772791,1
864691135429003056,864691135684284914,1
864691135429361200,864691135685228471,2
864691135429386288,864691135685108628,1
864691135429495856,864691135683761394,1
864691135429502512,864691135685108628,1
864691135429510192,864691135684245234,1
864691135429583152,864691135685664498,1
864691135429586992,864691135662275312,1
864691135429586992,864691135685416946,2
864691135429594416,864691135662550512,1
864691135429597232,864691135683682290,1
864691135429597232,864691135683792370,2
864691135429597232,864691135684320754,6
864691135429597232,864691135684747447,1
864691135429612592,864691135684932791,1
864691135429707824,864691135675870962,1
864691135429883696,864691135684258290,1
864691135429912112,864691135684921271,1
864691135430204720,864691135684333042,1
864691135430290480,864691135685228471,1
864691135430346544,864691135662550512,1
864691135430484542,864691135675853508,1
864691135430561584,864691135685416946,1
864691135430738736,864691135684932791,2
864691135430747184,864691135685799863,1
864691135431070512,864691135684178930,1
864691135431108912,864691135684284914,4
864691135431239216,864691135685664498,1
864691135431242288,864691135684932791,5
864691135431271728,864691135685509362,1
864691135431271728,864691135685664498,1
864691135431288112,864691135684854455,1
864691135431456816,864691135684388850,1
864691135431456816,864691135685338295,1
864691135431456816,864691135685552370,5
864691135431456816,864691135685799863,1
864691135431677744,864691135662300912,1
864691135431677744,864691135685125303,3
864691135431677744,864691135685416946,4
864691135431758896,864691135685629170,1
864691135431820848,864691135685125303,2
864691135431820848,864691135685416946,2
864691135431870256,864691135683758322,1
864691135431870256,864691135684388850,1
864691135431870256,864691135684492215,1
864691135431870256,864691135685228471,2
864691135431870256,864691135685420274,3
864691135431870256,864691135685799863,2
864691135431898416,864691135683929271,1
864691135431931184,864691135685125303,1
864691135431931184,864691135685416946,4
864691135431976496,864691135683758322,1
864691135431978800,864691135684215282,5
864691135431993904,864691135684085746,3
864691135431993904,864691135684450034,1
864691135431993904,864691135684532919,1
864691135431993904,864691135685465783,9
864691135434499826,864691135662275312,1
864691135437564658,864691135683761394,1
864691135440456520,864691135684304370,1
864691135440463176,864691135675853508,1
864691135440463176,864691135683682290,1
864691135440464968,864691135662275312,1
864691135440469576,864691135684816311,4
864691135440473160,864691135675748338,1
864691135440473160,864691135684932791,1
864691135440473160,864691135684987540,1
864691135440478792,864691135684860855,1
864691135440501064,864691135685095095,2
864691135440501064,864691135685465783,1
864691135440766024,864691135684284914,1
864691135441048136,864691135682621588,1
864691135441048136,864691135684932791,1
864691135441286728,864691135675870962,1
864691135441286728,864691135680743828,2
864691135441286728,864691135684946615,1
864691135441525832,864691135662550512,1
864691135441525832,864691135685420274,1
864691135441569864,864691135684468372,2
864691135441651784,864691135684215282,1
864691135441731400,864691135684468372,1
864691135441778504,864691135684065778,1
864691135441778504,864691135684414135,2
864691135441778504,864691135684450034,2
864691135441778504,864691135684532919,4
864691135441787208,864691135684826807,5
864691135441787208,864691135685034994,1
864691135441788488,864691135684987540,2
864691135441797960,864691135685458162,1
864691135441954376,864691135685664498,1
864691135441988424,864691135684085746,2
864691135441988424,864691135685034994,2
864691135442044744,864691135675853508,1
864691135442044744,864691135684153074,1
864691135442044744,864691135685020599,1
864691135442356808,864691135685199602,1
864691135442377544,864691135662550512,1
864691135442392136,864691135684921783,1
864691135442591048,864691135684921271,2
864691135442682696,864691135684655031,9
864691135442818120,864691135685664498,1
864691135442824264,864691135685629170,1
864691135442839112,864691135684388850,4
864691135442839112,864691135684950258,1
864691135442839112,864691135685228471,1
864691135442839112,864691135685420274,1
864691135442839112,864691135685728695,1
864691135442902856,864691135684153074,1
864691135443029320,864691135685799863,1
864691135445565842,864691135680285892,1
864691135445634962,864691135684551863,1
864691135446049682,864691135685416946,1
864691135446065810,864691135680285892,2
864691135446065810,864691135684215282,1
864691135446065810,864691135684321522,1
864691135446065810,864691135684468372,1
864691135446082706,864691135684172018,1
864691135446128274,864691135685552370,1
864691135446131090,864691135685108628,1
864691135446264722,864691135684854455,1
864691135446400146,864691135684987540,1
864691135446441362,864691135683758322,1
864691135446516370,864691135684334578,1
864691135446555538,864691135662550512,1
864691135446593620,864691135684222450,1
864691135446598290,864691135685095095,10
864691135446604884,864691135683964855,1
864691135446618196,864691135685799863,1
864691135446621524,864691135682621588,1
864691135446626388,864691135684967607,1
864691135446785426,864691135684950258,1
864691135446785426,864691135685125303,1
864691135446953556,864691135680743828,1
864691135446953556,864691135684946615,1
864691135447179154,864691135684222450,1
864691135447308946,864691135685338295,1
864691135447309140,864691135684284914,1
864691135447321490,864691135684270834,2
864691135447321490,864691135685458162,1
864691135447323538,864691135684921783,1
864691135447348308,864691135675853508,1
864691135447396948,864691135684645362,1
864691135447452500,864691135685458162,2
864691135447536980,864691135662550512,3
864691135447554962,864691135683929271,1
864691135447554962,864691135684450034,1
864691135447574612,864691135685199602,1
864691135447587156,864691135685664498,2
864691135447590996,864691135684153074,1
864691135447592532,864691135684492215,1
864691135447701332,864691135684921783,1
864691135447701332,864691135685629170,1
864691135447739988,864691135684258290,1
864691135447854738,864691135684284914,1
864691135447888274,864691135662550512,1
864691135447906132,864691135685228471,2
864691135448029586,864691135683225842,1
864691135448212882,864691135684950258,1
864691135448233812,864691135685664498,3
864691135448256146,864691135685416946,1
864691135448343442,864691135684492215,1
864691135448359314,864691135684950258,1
864691135448374162,864691135662882544,1
864691135448374162,864691135685465783,1
864691135448404882,864691135685125303,1
864691135448520276,864691135662550512,2
864691135448520276,864691135685095095,1
864691135448813908,864691135662550512,1
864691135448813908,864691135675853508,1
864691135454065002,864691135684284914,2
864691135454067562,864691135664007620,1
864691135454095978,864691135684103666,1
864691135454099306,864691135684153074,1
864691135454384490,864691135685034994,1
864691135454458986,864691135684987540,2
864691135454847850,864691135684772791,1
864691135454878570,864691135684258290,1
864691135454923370,864691135685108628,2
864691135454961514,864691135684284914,1
864691135455056234,864691135683758322,1
864691135455485802,864691135685034994,1
864691135455819114,864691135662882544,1
864691135455823978,864691135684284914,1
864691135455957610,864691135684921271,1
864691135455971946,864691135684492215,1
864691135455977578,864691135685034994,1
864691135456054212,864691135683972535,1
864691135456054212,864691135684987540,1
864691135456087146,864691135684284914,1
864691135456095082,864691135662550512,1
864691135456535658,864691135684388850,5
864691135456535658,864691135685228471,1
864691135456535658,864691135685728695,2
864691135456535658,864691135685799863,2
864691135456647018,864691135683758322,1
864691135456714090,864691135684854455,1
864691135456920938,864691135662275312,1
864691135458321707,864691135685728695,1
864691135459719108,864691135683241458,4
864691135459719108,864691135684258290,5
864691135462268573,864691135684860855,1
864691135462420637,864691135683241458,1
864691135462707518,864691135684258290,1
864691135462713501,864691135683964855,1
864691135462725694,864691135681012164,1
864691135462749246,864691135683682290,1
864691135462749246,864691135684333042,2
864691135462760254,864691135683964855,1
864691135462764701,864691135684334578,4
864691135462764701,864691135684655031,4
864691135462786366,864691135683241458,4
864691135462786366,864691135684258290,1
864691135462918301,864691135684153074,1
864691135462943806,864691135684206322,1
864691135463088541,864691135684135922,1
864691135463093917,864691135684189682,1
864691135463128477,864691135684284914,1
864691135463136925,864691135685125303,1
864691135463137086,864691135684932791,2
864691135463151517,864691135684189682,1
864691135463172509,864691135680285892,1
864691135463173950,864691135684189682,3
864691135463178909,864691135685465783,1
864691135463242909,864691135684333042,1
864691135463263133,864691135684245234,1
864691135463340189,864691135684320754,1
864691135463398557,864691135685199602,1
864691135463486021,864691135683792370,1
864691135463496261,864691135685019319,1
864691135463504965,864691135684135922,1
864691135463533637,864691135685416946,1
864691135463551294,864691135684932791,1
864691135463612061,864691135685629170,1
864691135463641330,864691135684284914,1
864691135463677246,864691135683761394,1
864691135463694398,864691135685108628,1
864691135463696958,864691135684333042,3
864691135463696958,864691135684747447,1
864691135463719837,864691135685552370,1
864691135463723582,864691135684085746,1
864691135463752254,864691135685083319,1
864691135463752254,864691135685509362,1
864691135463777349,864691135683682290,1
864691135463795613,864691135684172018,1
864691135463805758,864691135685108628,1
864691135463820445,864691135684320754,3
864691135463826333,864691135684222450,4
864691135463826333,864691135684321522,1
864691135464055102,864691135684532919,1
864691135464076701,864691135685292727,3
864691135464076701,864691135685629170,1
864691135464113477,864691135684258290,1
864691135464263749,864691135684065778,1
864691135464271173,864691135685095095,1
864691135464289093,864691135683682290,1
864691135464302493,864691135684645362,1
864691135464328773,864691135683758322,1
864691135464362565,864691135685648823,3
864691135464372037,864691135685095095,1
864691135464418973,864691135662550512,1
864691135464418973,864691135685228471,1
864691135464471365,864691135685664498,1
864691135464471965,864691135662275312,1
864691135464471965,864691135683929271,3
864691135464471965,864691135685416946,6
864691135464497053,864691135675853508,1
864691135464709533,864691135684492215,1
864691135464709533,864691135685228471,1
864691135464796222,864691135684950258,1
864691135464801605,864691135684320754,1
864691135464828317,864691135683929271,1
864691135464828317,864691135685416946,6
864691135464921406,864691135662550512,1
864691135464921406,864691135684388850,1
864691135464921406,864691135684492215,6
864691135464921406,864691135684747447,1
864691135464921406,864691135685338295,3
864691135464921406,864691135685728695,5
864691135464995134,864691135685509362,1
864691135465001373,864691135662882544,2
864691135465001373,864691135685509362,4
864691135465034309,864691135685199602,1
864691135465159237,864691135685509362,1
864691135465163677,864691135685416946,1
864691135465512550,864691135662300912,1
864691135465546309,864691135684826807,1
864691135465546309,864691135685034994,2
864691135465614149,864691135685664498,1
864691135466025285,864691135685228471,1
864691135466222149,864691135685664498,1
864691135466225989,864691135684921271,1
864691135466243397,864691135685509362,1
864691135466274629,864691135662550512,1
864691135466405957,864691135684450034,1
864691135466405957,864691135685125303,2
864691135466405957,864691135685416946,3
864691135466408261,864691135684450034,1
864691135466508613,864691135684288754,1
864691135467543692,864691135685458162,1
864691135467548556,864691135684860855,1
864691135467564684,864691135684450034,1
864691135467564684,864691135684532919,2
864691135467589004,864691135675748338,1
864691135467875724,864691135684854455,2
864691135467875724,864691135685034994,1
864691135468054156,864691135683225842,1
864691135468255628,864691135685108628,1
864691135468342866,864691135680285892,3
864691135468359052,864691135685034994,1
864691135468377228,864691135684284914,2
864691135468381778,864691135684967607,1
864691135468384850,864691135684932791,1
864691135468385106,864691135684892855,1
864691135468408402,864691135684932791,2
864691135468408402,864691135685346546,1
864691135468419212,864691135685034994,1
864691135468477580,864691135684187378,1
864691135468518738,864691135684189682,1
864691135468526988,864691135685664498,4
864691135468655500,864691135684555447,1
864691135468699020,864691135664007620,1
864691135468706700,864691135684206322,2
864691135468706700,864691135685292727,2
864691135468887634,864691135682621588,1
864691135468926546,864691135684655031,1
864691135468941394,864691135685416946,1
864691135468948364,864691135685095095,1
864691135468948364,864691135685199602,1
864691135468952972,864691135685416946,1
864691135469617804,864691135684222450,1
864691135469617804,864691135685199602,1
864691135469617804,864691135685552370,1
864691135469651282,864691135662550512,1
864691135469651282,864691135684967607,1
864691135469651282,864691135685034994,1
864691135469651282,864691135685228471,1
864691135469651282,864691135685420274,1
864691135469802124,864691135684772791,1
864691135469895308,864691135662550512,1
864691135469895308,864691135683929271,1
864691135469895308,864691135684450034,1
864691135469895308,864691135685228471,2
864691135469902220,864691135684860855,1
864691135470061394,864691135684860855,1
864691135470061394,864691135685020599,1
864691135470680658,864691135685228471,1
864691135470705490,864691135683761394,1
864691135470787666,864691135684950258,1
864691135470787666,864691135685228471,1
864691135470820946,864691135685108628,1
864691135470966354,864691135662550512,1
864691135470966354,864691135685420274,2
864691135471233732,864691135684258290,1
864691135471233732,864691135684874935,2
864691135472008242,864691135685420274,1
864691135472037682,864691135683225842,1
864691135472038194,864691135684320754,1
864691135472053042,864691135684258290,1
864691135472056882,864691135684432823,1
864691135472507442,864691135680743828,1
864691135472972594,864691135681012164,1
864691135472973618,864691135684645362,1
864691135472973618,864691135685199602,1
864691135472997682,864691135685199602,1
864691135473001522,864691135684468372,1
864691135473001522,864691135684860855,2
864691135473001522,864691135684932791,1
864691135473207090,864691135683241458,4
864691135473207090,864691135684468372,1
864691135473417010,864691135681012164,1
864691135473417010,864691135684222450,1
864691135474199492,864691135685664498,2
864691135474312754,864691135684288754,1
864691135474312754,864691135684450034,6
864691135474312754,864691135684532919,1
864691135474312754,864691135685465783,1
864691135474362930,864691135662550512,4
864691135474362930,864691135685420274,1
864691135474388466,864691135684826807,1
864691135474481458,864691135685228471,1
864691135474481458,864691135685509362,3
864691135474603072,864691135684187378,2
864691135474615616,864691135675853508,1
864691135474644032,864691135684492215,1
864691135474645824,864691135683241714,1
864691135474652224,864691135684245234,1
864691135474654016,864691135684932791,2
864691135474665792,864691135684245234,1
864691135474676288,864691135684284914,1
864691135474701376,864691135683761394,1
864691135474705216,864691135684551863,1
864691135474711616,864691135684284914,5
864691135474719296,864691135684932791,1
864691135474729280,864691135675748338,1
864691135474732096,864691135683792370,1
864691135474748736,864691135683682290,1
864691135474954816,864691135683225842,1
864691135474969664,864691135684189682,1
864691135475021632,864691135684153074,1
864691135475039296,864691135683225842,1
864691135475040064,864691135684655031,1
864691135475126848,864691135680285892,1
864691135475239744,864691135683241458,1
864691135475356480,864691135675870962,1
864691135475417408,864691135684468372,1
864691135475512384,864691135684468372,1
864691135475562048,864691135683761394,1
864691135475622976,864691135684874935,1
864691135475682112,864691135682621588,1
864691135475698240,864691135684860855,1
864691135475711552,864691135683761394,1
864691135475753024,864691135685728695,1
864691135475797568,864691135662882544,1
864691135475797568,864691135682621588,1
864691135475797568,864691135683682290,1
864691135475797568,864691135684860855,2
864691135475821376,864691135684468372,1
864691135475995968,864691135683682290,2
864691135475995968,864691135683792370,4
864691135475995968,864691135684320754,5
864691135475995968,864691135684333042,1
864691135475995968,864691135684655031,3
864691135475995968,864691135684860855,1
864691135476123304,864691135675748338,1
864691135476124328,864691135683964855,1
864691135476143016,864691135680743828,1
864691135476148544,864691135683792370,1
864691135476148544,864691135684320754,1
864691135476150440,864691135683761394,2
864691135476155304,864691135683964855,1
864691135476155304,864691135684245234,1
864691135476160168,864691135683241714,1
864691135476167592,864691135684333042,1
864691135476239680,864691135684468372,2
864691135476239680,864691135685308087,1
864691135476251200,864691135684222450,1
864691135476431680,864691135684772791,2
864691135476523840,864691135662550512,1
864691135476523840,864691135685420274,1
864691135476561320,864691135685416946,2
864691135476566696,864691135683792370,1
864691135476566696,864691135684320754,1
864691135476584512,864691135684085746,1
864691135476666688,864691135675853508,2
864691135476666688,864691135684153074,1
864691135476675648,864691135684304370,1
864691135476737704,864691135675748338,1
864691135476740520,864691135684570039,1
864691135476861096,864691135684334578,1
864691135476968000,864691135684388850,1
864691135476968000,864691135684492215,9
864691135476968000,864691135684747447,1
864691135476968000,864691135685338295,2
864691135476968000,864691135685420274,2
864691135476968000,864691135685728695,3
864691135476968000,864691135685799863,4
864691135477013056,864691135684189682,1
864691135477013056,864691135684555447,1
864691135477013928,864691135684816311,3
864691135477015464,864691135685799863,1
864691135477022120,864691135684321522,1
864691135477026984,864691135685199602,1
864691135477034920,864691135684655031,2
864691135477177000,864691135684414135,1
864691135477183808,864691135662275312,1
864691135477338792,864691135684270834,1
864691135477347240,864691135685020599,1
864691135477375808,864691135662550512,3
864691135477442880,864691135684826807,1
864691135477460544,864691135685458162,1
864691135477469352,864691135684950258,1
864691135477469352,864691135685664498,1
864691135477474624,864691135685465783,1
864691135477476928,864691135685420274,1
864691135477490496,864691135685629170,1
864691135477826472,864691135685034994,1
864691135477905576,864691135685465783,2
864691135478171048,864691135684414135,1
864691135478171048,864691135684450034,1
864691135478171048,864691135684532919,2
864691135478175656,864691135683225842,2
864691135478175656,864691135685458162,1
864691135478175656,864691135685552370,1
864691135478175656,864691135685629170,1
864691135478189480,864691135684284914,1
864691135478266310,864691135684967607,1
864691135478267590,864691135662550512,3
864691135478267590,864691135684468372,1
864691135478275782,864691135684932791,1
864691135478296262,864691135684189682,1
864691135478404520,864691135685509362,2
864691135478433192,864691135662550512,1
864691135478466984,864691135684284914,1
864691135478625448,864691135662550512,1
864691135478734022,864691135684987540,1
864691135479031238,864691135685346546,1
864691135479078086,864691135684245234,1
864691135479154630,864691135680285892,1
864691135479223238,864691135683761394,1
864691135479243462,864691135684772791,1
864691135479258054,864691135684258290,4
864691135479549894,864691135684468372,1
864691135479549894,864691135685308087,1
864691135479885254,864691135685228471,1
864691135480002502,864691135685416946,1
864691135480182982,864691135662882544,1
864691135480182982,864691135684284914,1
864691135480182982,864691135685509362,1
864691135480537542,864691135684178930,1
864691135480537542,864691135684826807,2
864691135480553414,864691135684334578,3
864691135480553414,864691135684932791,3
864691135480553414,864691135685346546,1
864691135480592838,864691135683225842,1
864691135480671430,864691135680743828,2
864691135480721350,864691135684320754,3
864691135481144518,864691135683682290,1
864691135481144518,864691135684135922,1
864691135481144518,864691135684258290,1
864691135481144518,864691135685308087,1
864691135488122564,864691135684932791,1
864691135488237626,864691135662882544,1
864691135488237626,864691135684334578,1
864691135488240954,864691135680743828,1
864691135488282426,864691135684551863,1
864691135488593722,864691135685338295,2
864691135488645178,864691135684085746,1
864691135489467194,864691135662550512,7
864691135489467194,864691135685228471,1
864691135489467194,864691135685420274,1
864691135489467194,864691135685728695,1
864691135489594682,864691135685199602,1
864691135489836346,864691135684334578,2
864691135489850426,864691135685125303,2
864691135489943354,864691135684921783,1
864691135489943354,864691135685199602,1
864691135489971002,864691135685664498,1
864691135490101818,864691135684450034,2
864691135490110266,864691135684334578,2
864691135490110266,864691135684655031,1
864691135490110266,864691135684932791,1
864691135490110266,864691135684987540,1
864691135490279226,864691135684320754,1
864691135490466362,864691135684153074,1
864691135490537063,864691135685664498,1
864691135490552378,864691135684950258,6
864691135490552378,864691135685509362,2
864691135490554215,864691135685465783,1
864691135490584634,864691135664007620,1
864691135490588986,864691135683758322,1
864691135490588986,864691135684450034,3
864691135490588986,864691135684555447,2
864691135490588986,864691135685034994,1
864691135490589799,864691135684932791,1
864691135490589799,864691135684987540,1
864691135490593767,864691135685034994,1
864691135490599399,864691135684860855,1
864691135490603066,864691135684854455,1
864691135490610919,864691135685199602,1
864691135490635578,864691135683682290,1
864691135490635578,864691135683758322,1
864691135490635578,864691135685338295,1
864691135490821095,864691135684747447,1
864691135490826855,864691135684414135,4
864691135490826855,864691135684532919,6
864691135490897639,864691135684288754,1
864691135490898151,864691135685308087,1
864691135491003495,864691135684932791,1
864691135491023847,864691135684284914,1
864691135491084519,864691135683225842,1
864691135491084519,864691135683682290,2
864691135491119975,864691135684932791,1
864691135491135335,864691135684334578,1
864691135491135335,864691135684932791,1
864691135491167207,864691135684284914,1
864691135491167207,864691135685664498,3
864691135491211359,864691135685228471,2
864691135491249759,864691135683241458,2
864691135491288295,864691135685664498,1
864691135491300703,864691135684334578,1
864691135491333991,864691135680285892,1
864691135491354599,864691135682621588,1
864691135491364839,864691135685034994,2
864691135491448423,864691135685664498,1
864691135491482215,864691135684932791,1
864691135491522023,864691135683761394,1
864691135491532647,864691135685664498,1
864691135491571943,864691135684333042,1
864691135491634271,864691135684932791,1
864691135491665639,864691135684320754,1
864691135491684583,864691135662550512,1
864691135491684583,864691135664007620,1
864691135491717471,864691135684189682,1
864691135491729759,864691135684946615,1
864691135491760735,864691135685095095,1
864691135491837671,864691135680743828,1
864691135492031847,864691135684921271,1
864691135492050663,864691135675748338,1
864691135492090463,864691135684245234,1
864691135492195167,864691135684334578,1
864691135492219879,864691135684747447,1
864691135492219879,864691135684921783,1
864691135492335847,864691135684414135,1
864691135492343135,864691135682621588,1
864691135492352095,864691135684258290,1
864691135492352095,864691135684932791,1
864691135492356959,864691135685228471,1
864691135492357471,864691135675748338,1
864691135492357471,864691135684932791,1
864691135492359007,864691135684747447,3
864691135492363751,864691135684532919,1
864691135492368359,864691135685199602,1
864691135492371303,864691135685664498,1
864691135492398055,864691135683682290,1
864691135492398055,864691135683792370,1
864691135492398055,864691135684320754,1
864691135492398055,864691135685629170,1
864691135492405863,864691135683225842,1
864691135492405863,864691135683682290,2
864691135492405863,864691135684057842,1
864691135492423143,864691135662275312,1
864691135492423143,864691135685125303,2
864691135492423143,864691135685416946,1
864691135492431719,864691135684178674,2
864691135492431719,864691135684987540,1
864691135492438879,864691135684645362,2
864691135492481511,864691135684414135,1
864691135492481511,864691135685228471,1
864691135492595807,864691135662550512,2
864691135492595807,864691135685228471,1
864691135492614239,864691135684414135,1
864691135492614239,864691135685228471,1
864691135492620895,864691135685308087,1
864691135492623591,864691135683792370,2
864691135492623591,864691135684320754,1
864691135492623591,864691135684334578,1
864691135492623591,864691135684645362,1
864691135492623591,864691135684655031,2
864691135492625247,864691135684057842,1
864691135492665959,864691135683929271,1
864691135492693599,864691135684860855,1
864691135492830695,864691135684178930,1
864691135492835175,864691135683225842,1
864691135492855399,864691135684747447,1
864691135492868967,864691135685664498,1
864691135492879463,864691135684085746,3
864691135492879463,864691135684189682,3
864691135492906591,864691135684826807,1
864691135493079783,864691135684932791,2
864691135493149927,864691135684206322,1
864691135493217511,864691135685020599,1
864691135493222375,864691135684450034,2
864691135493222375,864691135685465783,1
864691135493224167,864691135662275312,1
864691135493224167,864691135683929271,1
864691135493224167,864691135685416946,1
864691135493241063,864691135685664498,2
864691135493312743,864691135683761394,1
864691135493312743,864691135685664498,2
864691135493375839,864691135684065778,1
864691135493375839,864691135684532919,4
864691135493557343,864691135685416946,1
864691135493593951,864691135684153074,1
864691135493951376,864691135685664498,1
864691135493957264,864691135685034994,1
864691135493976464,864691135684320754,1
864691135494053520,864691135684065778,1
864691135494053520,864691135684414135,3
864691135494509200,864691135684189682,1
864691135494576784,864691135662550512,3
864691135494576784,864691135685420274,1
864691135494578576,864691135684187378,1
864691135494720144,864691135683758322,1
864691135494908816,864691135684284914,1
864691135494970512,864691135681012164,1
864691135495137680,864691135684645362,1
864691135495146640,864691135683929271,1
864691135495146640,864691135684085746,2
864691135495146640,864691135684189682,2
864691135495146640,864691135685034994,1
864691135495167632,864691135684772791,1
864691135495167632,864691135685664498,1
864691135495175312,864691135675748338,1
864691135495181200,864691135684816311,1
864691135495314320,864691135662550512,1
864691135495314320,864691135685799863,1
864691135496333968,864691135684655031,1
864691135496383120,864691135684320754,1
864691135496383120,864691135685228471,1
864691135496521104,864691135662882544,1
864691135497743635,864691135683682290,1
864691135497743635,864691135684932791,1
864691135497942547,864691135681012164,1
864691135497962003,864691135684932791,4
864691135498029075,864691135684921783,1
864691135498040851,864691135685416946,1
864691135498046483,864691135684854455,1
864691135498046483,864691135685095095,1
864691135498059283,864691135684258290,1
864691135498082067,864691135685458162,2
864691135498384147,864691135684258290,1
864691135498461203,864691135681012164,1
864691135498461459,864691135685228471,1
864691135498544147,864691135684921783,2
864691135498569491,864691135684085746,1
864691135499149843,864691135683682290,1
864691135499204883,864691135685465783,1
864691135499379475,864691135684826807,1
864691135499385107,864691135684334578,4
864691135499385107,864691135684932791,1
864691135499490579,864691135684333042,1
864691135499490579,864691135684334578,1
864691135499490579,864691135685308087,1
864691135499490579,864691135685420274,1
864691135499616019,864691135684950258,1
864691135499616019,864691135685458162,1
864691135499616019,864691135685799863,1
864691135499804947,864691135662550512,2
864691135499804947,864691135684153074,1
864691135499964947,864691135685228471,1
864691135500020755,864691135684450034,1
864691135501543490,864691135685664498,2
864691135501545794,864691135675748338,2
864691135501547586,864691135662300912,1
864691135501547586,864691135684284914,2
864691135501553730,864691135684206322,1
864691135501566530,864691135685308087,1
864691135501587010,864691135685308087,1
864691135501703746,864691135662550512,2
864691135501703746,864691135685346546,1
864691135501802077,864691135675870962,1
864691135501819229,864691135684932791,1
864691135501821277,864691135683225842,1
864691135501821277,864691135684222450,1
864691135501862978,864691135684655031,1
864691135501889346,864691135684874935,1
864691135501971037,864691135684215282,7
864691135501971037,864691135684258290,2
864691135502010178,864691135684816311,1
864691135502045621,864691135684532919,1
864691135502050485,864691135684215282,1
864691135502050485,864691135685308087,2
864691135502054069,864691135684772791,1
864691135502062773,864691135685629170,1
864691135502064565,864691135684284914,1
864691135502125890,864691135683964855,1
864691135502188469,864691135685020599,1
864691135502309725,864691135684772791,2
864691135502322498,864691135685095095,1
864691135502457781,864691135662550512,2
864691135502457781,864691135685228471,1
864691135502460482,864691135684932791,2
864691135502478005,864691135684284914,1
864691135502583618,864691135684178674,1
864691135502591837,864691135685020599,1
864691135502604866,864691135683241458,1
864691135502610242,864691135683618034,1
864691135502610242,864691135684334578,1
864691135502610269,864691135662550512,1
864691135502630466,864691135684645362,1
864691135502630466,864691135684655031,1
864691135502722397,864691135684555447,1
864691135502740829,864691135684874935,1
864691135502757813,864691135684189682,1
864691135502774109,864691135681012164,3
864691135502774109,864691135684222450,3
864691135502774109,864691135685629170,4
864691135502776925,864691135685308087,1
864691135502788021,864691135675748338,1
864691135502788789,864691135684215282,1
864691135502837597,864691135684932791,1
864691135502841437,864691135675853508,1
864691135502873666,864691135685664498,1
864691135502983861,864691135684450034,1
864691135502989237,864691135684645362,1
864691135502989749,864691135684135922,1
864691135503001781,864691135684645362,1
864691135503001781,864691135684932791,1
864691135503131458,864691135683758322,1
864691135503135837,864691135685338295,1
864691135503136949,864691135662550512,3
864691135503150261,864691135684215282,1
864691135503150261,864691135684468372,1
864691135503285058,864691135685465783,1
864691135503346613,864691135685664498,1
864691135503361858,864691135685034994,1
864691135503443549,864691135685292727,1
864691135503443549,864691135685799863,1
864691135503465141,864691135685034994,4
864691135503465141,864691135685664498,1
864691135503501749,864691135684932791,3
864691135503501749,864691135684987540,1
864691135503501749,864691135685108628,1
864691135503512898,864691135684284914,3
864691135503518018,864691135685199602,1
864691135503554485,864691135683618034,1
864691135503554485,864691135684645362,1
864691135503554485,864691135684932791,1
864691135503582901,864691135684967607,1
864691135503639901,864691135684284914,1
864691135503644226,864691135685416946,1
864691135503681717,864691135684333042,4
864691135503681717,864691135684655031,2
864691135503681717,864691135684932791,1
864691135503703477,864691135684450034,1
864691135503703477,864691135685465783,1
864691135503724354,864691135662550512,2
864691135503724354,864691135683758322,1
864691135503724354,864691135684388850,1
864691135503724354,864691135685034994,2
864691135503724354,864691135685465783,1
864691135503898461,864691135685465783,1
864691135503945565,864691135684555447,1
864691135503959221,864691135681012164,2
864691135503959221,864691135683225842,1
864691135503959221,864691135685629170,1
864691135503975093,864691135685664498,2
864691135504073141,864691135685228471,1
864691135504134722,864691135685020599,1
864691135504202845,864691135684245234,1
864691135504279901,864691135684826807,1
864691135504279901,864691135685648823,1
864691135504288861,864691135685420274,1
864691135504288861,864691135685664498,2
864691135504364725,864691135684772791,1
864691135505401842,864691135684172018,1
864691135507098354,864691135684492215,1
864691135508673033,864691135684245234,1
864691135508679945,864691135680743828,1
864691135508680969,864691135662550512,1
864691135508708617,864691135675748338,1
864691135509002249,864691135684655031,1
864691135509034505,864691135684215282,2
864691135509034505,864691135685308087,3
864691135509169417,864691135685420274,1
864691135509491721,864691135684320754,2
864691135509662217,864691135685095095,1
864691135509711369,864691135683682290,3
864691135509711369,864691135684057842,1
864691135510161673,864691135685664498,1
864691135510437584,864691135680285892,1
864691135510444553,864691135684946615,1
864691135510475984,864691135680743828,1
864691135510478601,864691135684178930,1
864691135510486736,864691135683758322,1
864691135510490576,864691135685083319,1
864691135510585552,864691135685346546,1
864691135510933200,864691135684178930,1
864691135510959824,864691135684772791,1
864691135510959824,864691135685125303,1
864691135511199753,864691135683761394,2
864691135511199753,864691135684772791,2
864691135511253513,864691135662550512,1
864691135511256585,864691135685125303,2
864691135511256585,864691135685416946,7
864691135511256585,864691135685509362,1
864691135511297232,864691135685228471,1
864691135511303888,864691135684172018,1
864691135511386121,864691135684189682,1
864691135511395536,864691135684816311,1
864691135511421449,864691135684450034,3
864691135511421449,864691135684532919,3
864691135511422729,864691135685416946,1
864691135511433168,864691135685420274,1
864691135511447049,864691135685465783,1
864691135511460560,864691135684932791,1
864691135511505360,864691135683761394,1
864691135511546576,864691135684258290,1
864691135511604432,864691135684932791,1
864691135511627017,864691135685034994,2
864691135511779280,864691135683929271,1
864691135511802576,864691135683241714,1
864691135511802576,864691135684135922,1
864691135511984592,864691135685125303,2
864691135512026064,864691135684284914,2
864691135512118224,864691135685034994,1
864691135512170448,864691135685034994,1
864691135512589776,864691135685228471,1
864691135512647632,864691135684645362,1
864691135512647632,864691135684932791,12
864691135512647632,864691135685308087,3
864691135515250418,864691135684645362,1
864691135515916243,864691135685458162,1
864691135515946195,864691135684284914,1
864691135516174291,864691135683241714,1
864691135516195795,864691135684321522,1
864691135516293075,864691135685228471,1
864691135516323027,864691135684854455,1
864691135516879827,864691135683241714,1
864691135516888787,864691135684135922,1
864691135516890835,864691135685228471,1
864691135516896723,864691135683225842,2
864691135516896723,864691135685199602,1
864691135516899795,864691135683241458,1
864691135516904659,864691135675748338,1
864691135516909779,864691135683792370,2
864691135516909779,864691135684320754,5
864691135516996051,864691135684215282,1
864691135517162195,864691135684816311,1
864691135517224659,864691135685629170,1
864691135517230291,864691135684333042,1
864691135517315795,864691135684747447,1
864691135517328778,864691135662550512,3
864691135517338250,864691135684967607,2
864691135517343626,864691135684178930,1
864691135517349770,864691135684057842,1
864691135517371530,864691135680743828,1
864691135517373322,864691135680743828,1
864691135517374858,864691135684215282,1
864691135517374858,864691135684468372,1
864691135517589203,864691135662275312,1
864691135517589203,864691135685083319,1
864691135517667795,864691135684321522,1
864691135517678730,864691135685465783,1
864691135517705939,864691135684532919,2
864691135517718922,864691135684967607,1
864691135517773706,864691135684065778,3
864691135517773706,864691135684085746,1
864691135517773706,864691135684450034,4
864691135517773706,864691135684532919,2
864691135517773706,864691135684555447,1
864691135517773706,864691135685416946,1
864691135517849738,864691135685199602,1
864691135517883274,864691135684468372,2
864691135517884371,864691135684187378,1
864691135518177930,864691135684085746,1
864691135518177930,864691135685095095,1
864691135518261898,864691135684085746,1
864691135518268554,864691135662550512,3
864691135518268554,864691135675853508,1
864691135518283475,864691135684950258,3
864691135518367370,864691135684826807,1
864691135518373770,864691135680743828,2
864691135518495699,864691135684388850,1
864691135518495699,864691135684555447,1
864691135518495699,864691135685228471,1
864691135518495699,864691135685420274,2
864691135518822794,864691135684468372,1
864691135518865546,864691135684320754,1
864691135518865546,864691135684645362,1
864691135518894730,864691135685416946,1
864691135518928522,864691135675853508,1
864691135518928522,864691135685338295,1
864691135519062410,864691135684178930,1
864691135519106442,864691135684987540,1
864691135519126154,864691135685108628,1
864691135519177610,864691135684065778,1
864691135519365002,864691135683792370,1
864691135519404682,864691135664007620,1
864691135519404682,864691135675853508,1
864691135519404682,864691135684153074,1
864691135519549322,864691135684284914,1
864691135519572874,864691135684085746,1
864691135519629194,864691135684284914,1
864691135519632266,864691135684468372,1
864691135519632266,864691135684932791,1
864691135519632266,864691135684987540,1
864691135519706250,864691135684450034,2
864691135520124554,864691135684222450,1
864691135520146826,864691135662550512,1
864691135520146826,864691135684645362,1
864691135520154250,864691135685083319,1
864691135520216306,864691135685199602,1
864691135520262282,864691135684854455,5
864691135526099291,864691135684284914,1
864691135526107739,864691135683682290,1
864691135526107739,864691135684057842,1
864691135526137435,864691135684860855,1
864691135526284891,864691135684245234,1
864691135526296667,864691135680743828,1
864691135526296667,864691135684932791,1
864691135526405723,864691135684258290,1
864691135526730587,864691135675748338,1
864691135526791515,864691135685420274,2
864691135526835547,864691135680285892,1
864691135526874971,864691135683225842,1
864691135526899547,864691135684645362,1
864691135526899547,864691135684655031,1
864691135526899547,864691135684932791,1
864691135526906203,864691135684085746,1
864691135526906203,864691135684921271,1
864691135526906203,864691135685034994,1
864691135526912091,864691135685308087,1
864691135527305307,864691135683682290,1
864691135527707995,864691135685465783,1
864691135527774043,864691135684567282,1
864691135528204379,864691135684288754,1
864691135528255940,864691135684065778,1
864691135528255940,864691135684288754,1
864691135528255940,864691135685034994,3
864691135528255940,864691135685095095,3
864691135534558706,864691135675748338,1
864691135536356594,864691135675870962,1
864691135537424114,864691135683241714,1
864691135537424114,864691135683972535,1
864691135538051442,864691135685125303,2
864691135538070642,864691135680285892,1
864691135538114034,864691135684103666,1
864691135538133618,864691135685552370,1
864691135538144370,864691135684103666,1
864691135538557810,864691135684772791,1
864691135538697586,864691135684085746,3
864691135538722674,864691135684932791,1
864691135538886258,864691135684532919,1
864691135539140466,864691135685125303,1
864691135539187826,864691135685020599,2
864691135539289202,864691135685228471,1
864691135539629170,864691135684450034,1
864691135539663474,864691135684288754,1
864691135539684722,864691135684450034,1
864691135539923954,864691135675870962,1
864691135539923954,864691135684334578,1
864691135540002930,864691135683761394,4
864691135540002930,864691135684772791,4
864691135540028274,864691135684288754,5
864691135540028274,864691135684854455,1
864691135540028274,864691135685034994,1
864691135540028274,864691135685465783,2
864691135540028530,864691135684065778,1
864691135540028530,864691135684085746,1
864691135540028530,864691135684189682,1
864691135540028530,864691135684414135,5
864691135540028530,864691135684450034,2
864691135540454770,864691135685416946,2
864691135540488818,864691135684921271,1
864691135540488818,864691135685228471,1
864691135540488818,864691135685420274,2
864691135540508018,864691135684284914,1
864691135540696946,864691135685416946,1
864691135540837106,864691135684967607,1
864691135541476804,864691135684085746,1
864691135544362792,864691135685199602,1
864691135544369192,864691135683241714,2
864691135544383016,864691135684215282,1
864691135544396072,864691135684258290,3
864691135544396072,864691135684334578,4
864691135544396072,864691135684655031,1
864691135544396328,864691135680743828,1
864691135544771112,864691135685416946,1
864691135545093928,864691135683758322,1
864691135545093928,864691135684178930,1
864691135545246504,864691135685095095,3
864691135545266216,864691135684320754,3
864691135545282856,864691135684258290,1
864691135545320232,864691135685095095,1
864691135545321768,864691135684932791,1
864691135545378856,864691135675748338,2
864691135545391656,864691135682621588,1
864691135545391656,864691135684334578,2
864691135545391656,864691135684655031,1
864691135545400360,864691135680285892,1
864691135545405992,864691135684551863,1
864691135545409576,864691135684135922,2
864691135545417256,864691135683241714,2
864691135545854248,864691135685416946,1
864691135545971752,864691135683682290,1
864691135546635560,864691135684284914,1
864691135546939176,864691135685664498,1
864691135547032104,864691135685416946,1
864691135547063592,864691135684284914,1
864691135549842372,864691135684921271,2
864691135549842372,864691135685420274,2
864691135552225732,864691135685664498,1
864691135560488161,864691135680743828,1
864691135560510689,864691135684932791,1
864691135560517857,864691135683761394,1
864691135560528609,864691135675748338,1
864691135560863969,864691135684921783,1
864691135560863969,864691135685020599,1
864691135560874721,864691135680743828,1
864691135560938209,864691135683964855,1
864691135561048033,864691135685629170,2
864691135561220577,864691135685552370,1
864691135561256673,864691135684187378,1
864691135561268705,864691135683761394,1
864691135561346273,864691135685095095,1
864691135561356769,864691135684468372,1
864691135561358817,864691135684334578,1
864691135561367009,864691135683761394,1
864691135561447905,864691135684245234,1
864691135561529057,864691135683241714,2
864691135561529057,864691135684932791,1
864691135561530849,864691135675748338,1
864691135561539553,864691135684085746,1
864691135561547233,864691135684645362,3
864691135561547233,864691135684860855,1
864691135561548257,864691135684414135,1
864691135561555425,864691135662275312,1
864691135561685217,864691135685034994,1
864691135562001633,864691135662882544,1
864691135562001633,864691135684450034,1
864691135562001633,864691135684950258,1
864691135562001633,864691135685416946,7
864691135562114529,864691135685125303,2
864691135562114529,864691135685509362,1
864691135562137825,864691135684772791,1
864691135562141153,864691135684492215,1
864691135562431201,864691135684432823,1
864691135562474977,864691135685125303,1
864691135563024097,864691135685125303,3
864691135563024097,864691135685416946,3
864691135563024097,864691135685509362,3
864691135563031265,864691135684333042,1
864691135563031265,864691135684334578,1
864691135563031265,864691135684645362,1
864691135563031265,864691135684655031,1
864691135563031265,864691135684932791,1
864691135564524311,864691135685664498,2
864691135564525079,864691135684284914,1
864691135564547351,864691135684450034,1
864691135564549655,864691135683241714,1
864691135564550167,864691135684215282,1
864691135564558359,864691135684414135,1
864691135564565783,864691135675748338,1
864691135564621143,864691135685728695,1
864691135564621399,864691135684270834,5
864691135564635223,864691135685308087,1
864691135564645975,864691135685292727,1
864691135564664663,864691135684103666,1
864691135564683863,864691135684304370,2
864691135564684631,864691135684432823,1
864691135564693591,864691135684304370,2
864691135564734039,864691135683618034,1
864691135564734039,864691135684215282,2
864691135564734039,864691135684932791,3
864691135564862231,864691135684946615,1
864691135564909847,864691135684932791,3
864691135564962071,864691135685292727,2
864691135564962071,864691135685629170,3
864691135565064279,864691135684921783,1
864691135565073687,864691135684854455,1
864691135565079895,864691135684284914,4
864691135565106263,864691135684967607,1
864691135565269783,864691135683972535,1
864691135565271831,864691135684189682,1
864691135565296407,864691135684655031,1
864691135565343831,864691135684334578,3
864691135565343831,864691135684645362,1
864691135565361175,864691135684468372,2
864691135565361175,864691135684655031,1
864691135565389079,864691135684432823,1
864691135565433367,864691135683241714,2
864691135565450775,864691135684270834,1
864691135565472343,864691135684284914,1
864691135565478487,864691135683241714,1
864691135565510167,864691135684321522,1
864691135565538327,864691135684388850,1
864691135565548567,864691135685199602,1
864691135565580055,864691135683241714,1
864691135565583895,864691135684320754,1
864691135565583895,864691135684645362,1
864691135565622359,864691135684921271,1
864691135565664791,864691135684057842,1
864691135565664791,864691135684333042,1
864691135565664791,864691135684334578,1
864691135565664791,864691135684655031,1
864691135565672727,864691135684468372,1
864691135565917271,864691135685346546,1
864691135566022743,864691135684215282,1
864691135566023767,864691135684860855,1
864691135566125079,864691135675853508,1
864691135566130967,864691135684570039,1
864691135566130967,864691135685034994,2
864691135566221079,864691135684772791,1
864691135566293527,864691135684215282,2
864691135566293527,864691135684334578,1
864691135566293527,864691135684645362,1
864691135566352407,864691135685095095,1
864691135566523159,864691135685420274,1
864691135566577431,864691135684570039,2
864691135566705943,864691135684854455,1
864691135566705943,864691135685228471,4
864691135566825495,864691135684921783,1
864691135566825495,864691135685664498,1
864691135566855191,864691135685416946,2
864691135566945559,864691135684284914,1
864691135566945559,864691135685416946,1
864691135566945559,864691135685664498,1
864691135566973015,864691135684388850,1
864691135566979927,864691135685020599,1
864691135566979927,864691135685509362,1
864691135567137111,864691135685125303,1
864691135567137111,864691135685228471,1
864691135567137111,864691135685420274,1
864691135567151447,864691135685416946,1
864691135567168791,864691135685308087,1
864691135567192087,864691135664007620,1
864691135567756524,864691135685465783,1
864691135567765740,864691135675853508,1
864691135567950828,864691135684178674,1
864691135567950828,864691135684334578,2
864691135567950828,864691135684655031,1
864691135567950828,864691135684932791,5
864691135568178412,864691135681012164,1
864691135568178412,864691135683225842,2
864691135568178412,864691135684222450,1
864691135568178412,864691135685292727,10
864691135568275692,864691135683241714,3
864691135568281068,864691135675748338,1
864691135568283116,864691135684153074,1
864691135568568044,864691135684946615,1
864691135568892038,864691135680285892,1
864691135568892038,864691135685019319,1
864691135568896646,864691135682621588,2
864691135568928134,864691135675748338,1
864691135568929158,864691135685308087,1
864691135569044204,864691135683761394,3
864691135569044204,864691135684772791,1
864691135569282284,864691135684987540,4
864691135569282284,864691135685308087,1
864691135569300972,864691135685664498,1
864691135569310342,864691135684450034,1
864691135569333894,864691135684860855,1
864691135569355654,864691135684321522,1
864691135569468038,864691135662550512,1
864691135569520518,864691135680285892,1
864691135569520518,864691135683225842,1
864691135569520518,864691135684245234,1
864691135569520518,864691135685292727,1
864691135569520518,864691135685629170,1
864691135569541100,864691135684492215,1
864691135569690092,864691135662882544,1
864691135569690092,864691135684921271,1
864691135569735302,864691135684187378,1
864691135569780614,864691135683241714,1
864691135569791110,864691135685199602,1
864691135569866988,864691135685465783,2
864691135570003078,864691135683241714,1
864691135570019206,864691135685465783,1
864691135570024326,864691135685095095,1
864691135570033286,864691135684987540,1
864691135570037126,864691135685228471,1
864691135570045830,864691135662550512,2
864691135570045830,864691135684333042,1
864691135570230252,864691135685308087,1
864691135570320620,864691135684854455,3
864691135570411910,864691135684085746,1
864691135570502790,864691135684772791,1
864691135570502790,864691135685125303,1
864691135570656493,864691135664007620,1
864691135570666989,864691135684135922,1
864691135570672877,864691135683241458,1
864691135570679533,864691135684772791,1
864691135570691821,864691135684334578,1
864691135570694637,864691135684222450,1
864691135570703597,864691135664007620,1
864691135570722797,864691135684921271,1
864691135570730886,864691135684270834,1
864691135570730886,864691135684321522,1
864691135570730886,864691135685199602,1
864691135570730886,864691135685458162,1
864691135571050886,864691135662300912,1
864691135571108742,864691135683792370,1
864691135571108742,864691135684492215,4
864691135571108742,864691135684747447,4
864691135571108742,864691135685338295,3
864691135571108742,864691135685728695,4
864691135571116013,864691135684103666,1
864691135571138438,864691135685020599,1
864691135571193478,864691135684065778,1
864691135571193478,864691135684450034,4
864691135571193478,864691135684555447,1
864691135571212325,864691135683225842,1
864691135571236742,864691135684468372,1
864691135571247909,864691135684874935,1
864691135571250981,864691135675748338,1
864691135571262245,864691135684946615,1
864691135571266341,864691135684874935,1
864691135571266853,864691135685034994,1
864691135571268133,864691135683792370,1
864691135571306789,864691135684468372,1
864691135571524486,864691135684085746,1
864691135571543277,864691135684555447,1
864691135571567653,864691135684946615,1
864691135571582598,864691135684304370,1
864691135571582598,864691135684532919,1
864691135571604205,864691135685346546,1
864691135571609581,864691135684135922,1
864691135571609581,864691135684468372,1
864691135571612550,864691135683682290,1
864691135571613165,864691135685083319,1
864691135571628325,864691135684932791,1
864691135571628934,864691135662882544,1
864691135571632518,864691135683758322,1
864691135571632518,864691135685095095,1
864691135571632518,864691135685465783,1
864691135571651718,864691135685125303,1
864691135571651718,864691135685416946,2
864691135571689197,864691135684065778,2
864691135571756581,864691135685228471,1
864691135571806445,864691135684655031,2
864691135571806445,864691135684932791,2
864691135571814381,864691135684057842,2
864691135571819501,864691135685034994,1
864691135571820013,864691135684284914,1
864691135571820525,864691135680743828,3
864691135571820525,864691135682621588,1
864691135571821805,864691135684288754,1
864691135571941413,864691135685799863,1
864691135571970541,864691135662550512,1
864691135572050469,864691135683761394,1
864691135572061477,864691135662882544,1
864691135572151589,864691135684860855,1
864691135572155373,864691135684334578,1
864691135572167461,864691135685552370,1
864691135572238629,864691135684874935,1
864691135572276773,864691135685664498,1
864691135572278053,864691135675870962,1
864691135572278053,864691135684892855,1
864691135572294693,864691135684206322,1
864691135572296229,864691135684135922,1
864691135572373229,864691135684450034,1
864691135572373229,864691135685416946,1
864691135572405741,864691135684854455,1
864691135572468773,864691135684321522,1
864691135572469485,864691135685799863,1
864691135572530981,864691135684178674,1
864691135572535845,864691135662275312,2
864691135572742637,864691135675853508,1
864691135572742637,864691135684153074,1
864691135572742637,864691135684967607,1
864691135572772077,864691135682621588,1
864691135572772077,864691135684320754,6
864691135572772077,864691135684334578,2
864691135572772077,864691135684645362,1
864691135572912621,864691135685416946,1
864691135573183725,864691135664007620,1
864691135573183725,864691135675853508,1
864691135573261861,864691135662882544,1
864691135573276197,864691135684304370,1
864691135573345829,864691135684532919,2
864691135573362669,864691135662550512,1
864691135573378797,864691135684492215,1
864691135573378797,864691135685338295,1
864691135573378797,864691135685728695,2
864691135573378797,864691135685799863,2
864691135573421861,864691135662882544,1
864691135573421861,864691135684450034,1
864691135573421861,864691135685125303,1
864691135573421861,864691135685416946,7
864691135573434093,864691135684189682,1
864691135573443621,864691135684085746,1
864691135573443621,864691135685095095,1
864691135573513509,864691135685664498,1
864691135575084574,864691135684567282,1
864691135575088670,864691135684772791,1
864691135575109406,864691135685346546,1
864691135575207108,864691135683761394,1
864691135575613214,864691135683618034,1
864691135575613214,864691135684932791,1
864691135575613214,864691135684987540,1
864691135575915294,864691135684085746,1
864691135575935262,864691135685648823,2
864691135575988510,864691135685420274,1
864691135576012318,864691135683761394,1
864691135576063006,864691135684189682,1
864691135576100382,864691135684153074,1
864691135576140830,864691135684645362,2
864691135576140830,864691135684932791,1
864691135576179998,864691135685199602,3
864691135576303646,864691135684946615,1
864691135576945157,864691135684946615,1
864691135576978718,864691135685095095,1
864691135577180702,864691135684284914,2
864691135577202181,864691135685125303,1
864691135577202181,864691135685416946,1
864691135577240350,864691135684772791,4
864691135577240350,864691135685416946,1
864691135577248005,864691135684987540,1
864691135577262366,864691135684826807,2
864691135577327902,864691135685199602,3
864691135577486853,864691135684320754,2
864691135577539614,864691135684085746,1
864691135577592606,864691135685125303,1
864691135577592606,864691135685416946,1
864691135577592606,864691135685509362,3
864691135577597445,864691135683241714,2
864691135577607198,864691135683761394,2
864691135577607198,864691135684772791,2
864691135577607198,864691135685125303,1
864691135577674782,864691135684950258,1
864691135577693701,864691135685664498,1
864691135577718302,864691135684645362,1
864691135577734942,864691135662550512,1
864691135577752094,864691135685465783,1
864691135577816862,864691135683929271,1
864691135577816862,864691135684747447,1
864691135577817630,864691135684532919,1
864691135577848862,864691135662550512,1
864691135577857797,864691135684103666,1
864691135577857797,864691135684178930,2
864691135577857797,864691135684245234,1
864691135577868805,864691135684334578,1
864691135577875461,864691135684334578,1
864691135578059013,864691135684178674,1
864691135578068997,864691135685648823,1
864691135578098949,864691135684747447,1
864691135578098949,864691135685338295,1
864691135578098949,864691135685552370,1
864691135578146565,864691135664007620,2
864691135578156549,864691135685416946,1
864691135578156549,864691135685664498,2
864691135578234373,864691135683758322,1
864691135578234373,864691135685228471,1
864691135578234373,864691135685465783,1
864691135578345733,864691135684492215,1
864691135578464773,864691135685095095,1
864691135578620421,864691135685228471,1
864691135578866693,864691135685095095,1
864691135578866693,864691135685465783,3
864691135579081221,864691135684655031,1
864691135579081221,864691135685420274,1
864691135579307269,864691135675853508,1
864691135581564525,864691135684987540,1
864691135581577325,864691135683618034,1
864691135581588845,864691135684468372,1
864691135581601389,864691135685664498,1
864691135581602925,864691135684304370,1
864691135581607533,864691135684189682,2
864691135581715565,864691135684085746,2
864691135581798765,864691135685034994,1
864691135581918317,864691135685034994,1
864691135581963629,864691135675748338,1
864691135582423149,864691135684932791,1
864691135582430317,864691135685416946,2
864691135582500973,864691135685664498,1
864691135582615149,864691135683758322,2
864691135582615149,864691135685465783,1
864691135582629997,864691135684103666,4
864691135582633325,864691135685108628,1
864691135582634349,864691135675748338,1
864691135582634349,864691135684932791,1
864691135582642029,864691135684645362,1
864691135582645101,864691135684932791,1
864691135582655597,864691135685629170,1
864691135582886253,864691135684450034,1
864691135582886253,864691135684555447,1
864691135583033197,864691135680743828,1
864691135583033197,864691135682621588,1
864691135583033197,864691135684334578,1
864691135583033197,864691135685108628,3
864691135583062980,864691135685034994,1
864691135583063405,864691135684932791,1
864691135583210861,864691135685199602,1
864691135583223405,864691135675853508,1
864691135583396461,864691135684284914,1
864691135583469165,864691135684967607,2
864691135583650680,864691135683761394,1
864691135583677048,864691135684645362,1
864691135583682168,864691135684567282,1
864691135583689080,864691135684178930,1
864691135583689848,864691135684284914,2
864691135583698040,864691135684892855,1
864691135583701880,864691135684258290,1
864691135583706733,864691135684172018,1
864691135583957490,864691135685458162,1
864691135583988722,864691135684320754,1
864691135583988722,864691135684333042,6
864691135584019053,864691135684450034,1
864691135584019053,864691135685125303,1
864691135584019053,864691135685552370,1
864691135584253304,864691135684189682,1
864691135584254072,864691135662300912,1
864691135584254072,864691135684284914,1
864691135584265848,864691135684967607,1
864691135584477560,864691135684284914,1
864691135584519533,864691135684189682,8
864691135584519533,864691135685465783,1
864691135584548216,864691135684103666,1
864691135584548973,864691135684450034,3
864691135584548973,864691135685416946,1
864691135584707704,864691135684468372,1
864691135584729208,864691135684304370,2
864691135584748141,864691135685228471,1
864691135584755565,864691135685095095,2
864691135584771181,864691135684532919,5
864691135584771181,864691135684772791,4
864691135584778861,864691135684189682,1
864691135584793197,864691135685228471,1
864691135584811128,864691135685228471,1
864691135584811384,864691135684932791,1
864691135584815480,864691135683761394,1
864691135584818808,864691135684946615,1
864691135584824440,864691135684320754,1
864691135584858488,864691135683682290,1
864691135585034360,864691135684950258,1
864691135585046648,864691135685292727,1
864691135585115516,864691135684932791,1
864691135585139068,864691135685199602,1
864691135585160572,864691135684189682,2
864691135585161596,864691135684816311,1
864691135585166460,864691135683241458,1
864691135585166460,864691135684258290,4
864691135585266296,864691135684468372,1
864691135585317752,864691135685629170,1
864691135585538428,864691135684921783,1
864691135585713528,864691135685228471,1
864691135585713528,864691135685420274,1
864691135585860988,864691135685648823,1
864691135585935740,864691135684532919,1
864691135585990012,864691135684921271,1
864691135586012024,864691135684270834,2
864691135586012024,864691135684950258,1
864691135586012024,864691135685199602,6
864691135586039932,864691135684468372,1
864691135586054524,864691135684932791,1
864691135586064508,864691135684258290,1
864691135586064508,864691135684468372,1
864691135586080636,864691135684860855,1
864691135586196344,864691135685228471,1
864691135586283644,864691135685799863,1
864691135586413436,864691135684288754,1
864691135586414716,864691135683241458,1
864691135586414716,864691135684334578,1
864691135586414716,864691135684468372,2
864691135586487932,864691135683618034,1
864691135586487932,864691135683682290,1
864691135586487932,864691135684135922,1
864691135586487932,864691135684334578,1
864691135586491260,864691135684334578,1
864691135586491260,864691135684860855,1
864691135586724220,864691135662550512,1
864691135586724220,864691135685228471,1
864691135586724220,864691135685420274,1
864691135586793340,864691135662882544,1
864691135586865092,864691135684555447,2
864691135586876028,864691135683225842,4
864691135586876028,864691135684206322,5
864691135586876028,864691135685629170,1
864691135586997884,864691135662882544,1
864691135587026812,864691135684655031,1
864691135587146620,864691135680285892,1
864691135587249532,864691135684135922,1
864691135587472252,864691135664007620,1
864691135587472252,864691135684492215,4
864691135587472252,864691135685338295,2
864691135587472252,864691135685728695,1
864691135587532924,864691135662550512,1
864691135587813244,864691135662882544,1
864691135587862652,864691135662882544,9
864691135587867004,864691135683761394,3
864691135587867004,864691135684816311,1
864691135587867004,864691135685125303,4
864691135587867004,864691135685416946,2
864691135589883915,864691135685228471,2
864691135589922059,864691135684932791,1
864691135589937163,864691135684772791,2
864691135589949707,864691135683972535,1
864691135589952011,864691135685020599,1
864691135590267147,864691135683761394,2
864691135590388491,864691135685465783,1
864691135590404107,864691135684103666,1
864691135590480907,864691135684189682,1
864691135590552075,864691135685338295,1
864691135590799371,864691135685629170,1
864691135590803467,864691135684932791,2
864691135590856715,864691135685308087,3
864691135590960139,864691135680285892,1
864691135590998027,864691135684334578,2
864691135590998027,864691135684932791,3
864691135591150347,864691135685416946,3
864691135591211019,864691135684065778,1
864691135591244555,864691135684135922,1
864691135591398411,864691135680285892,2
864691135591453963,864691135685420274,1
864691135591473419,864691135684747447,3
864691135591816715,864691135685416946,1
864691135591816715,864691135685664498,1
864691135591822347,864691135683761394,1
864691135591822347,864691135684772791,1
864691135591854347,864691135662550512,1
864691135592063243,864691135685034994,1
864691135592193803,864691135684153074,1
864691135592219403,864691135662300912,1
864691135592219403,864691135684284914,4
864691135592283403,864691135684284914,1
864691135592545035,864691135684450034,2
864691135592595211,864691135685416946,1
864691135592837899,864691135662882544,2
864691135592837899,864691135684950258,1
864691135592837899,864691135685125303,1
864691135592837899,864691135685416946,1
864691135593048331,864691135684085746,1
864691135593133067,864691135685416946,1
864691135593200395,864691135684388850,1
864691135593200395,864691135685199602,1
864691135593200395,864691135685799863,1
864691135593519915,864691135685416946,1
864691135593547307,864691135684932791,2
864691135593829163,864691135684468372,1
864691135593858091,864691135684206322,1
864691135593999915,864691135684932791,1
864691135594101291,864691135684645362,1
864691135594233899,864691135662550512,1
864691135594434091,864691135684567282,1
864691135594892331,864691135685799863,1
864691135595025707,864691135684334578,7
864691135595025707,864691135684468372,3
864691135595051972,864691135662550512,2
864691135595051972,864691135664007620,1
864691135595120939,864691135685420274,1
864691135595583275,864691135684921271,1
864691135595712811,864691135662275312,1
864691135595712811,864691135662882544,1
864691135595712811,864691135685416946,5
864691135595810859,864691135684450034,3
864691135595810859,864691135685125303,3
864691135595810859,864691135685228471,7
864691135595810859,864691135685552370,1
864691135595947307,864691135685125303,1
864691135595947819,864691135662882544,1
864691135595947819,864691135684826807,1
864691135596033835,864691135662550512,1
864691135596033835,864691135685552370,1
864691135596034603,864691135684135922,4
864691135596034603,864691135684258290,1
864691135609423367,864691135662550512,1
864691135609423367,864691135685420274,1
864691135609724679,864691135685125303,1
864691135609724679,864691135685416946,1
864691135609775623,864691135685108628,1
864691135609939975,864691135683241714,1
864691135609939975,864691135684987540,4
864691135610276615,864691135684946615,1
864691135610287879,864691135684772791,1
864691135610287879,864691135685125303,1
864691135610287879,864691135685416946,1
864691135611085575,864691135684468372,1
864691135611153671,864691135684178674,1
864691135611331079,864691135685416946,1
864691135611378695,864691135684826807,1
864691135611515655,864691135685034994,2
864691135611559943,864691135685664498,1
864691135611592967,864691135685664498,1
864691135611789831,864691135681012164,1
864691135611789831,864691135684222450,1
864691135611789831,864691135684321522,2
864691135611869191,864691135662550512,2
864691135611879943,864691135685228471,1
864691135611879943,864691135685420274,3
864691135611933191,864691135662550512,1
864691135614143947,864691135675748338,1
864691135614429387,864691135685509362,1
864691135614481099,864691135685095095,1
864691135614908875,864691135685034994,2
864691135615027403,864691135685095095,1
864691135615103435,864691135683241458,1
864691135615114187,864691135680743828,1
864691135615171019,864691135662300912,1
864691135615248075,864691135664007620,1
864691135615271371,864691135684468372,1
864691135615438795,864691135683682290,2
864691135615438795,864691135684057842,1
864691135615438795,864691135684655031,9
864691135615438795,864691135684860855,1
864691135615438795,864691135684932791,2
864691135615571403,864691135684747447,1
864691135615782761,864691135685292727,1
864691135615790953,864691135685095095,1
864691135615803497,864691135683241458,1
864691135615803497,864691135685308087,1
864691135615903081,864691135684860855,1
864691135616011625,864691135685125303,1
864691135616118475,864691135662550512,1
864691135616227275,864691135685458162,1
864691135616235979,864691135685664498,3
864691135616306537,864691135684189682,1
864691135616356969,864691135683972535,1
864691135616361065,864691135683241714,3
864691135616363211,864691135684932791,1
864691135616466379,864691135685664498,1
864691135616558539,864691135684284914,7
864691135616568523,864691135684065778,1
864691135616568523,864691135684189682,3
864691135616568523,864691135684450034,1
864691135616598219,864691135685509362,1
864691135616639947,864691135684826807,1
864691135616654697,864691135684215282,1
864691135616867177,864691135684320754,2
864691135616885097,864691135685664498,1
864691135616895337,864691135684065778,2
864691135616896873,864691135684135922,1
864691135616896873,864691135684946615,1
864691135616907113,864691135684450034,1
864691135617000297,864691135685664498,1
864691135617056105,864691135684932791,1
864691135617409385,864691135685020599,1
864691135617504873,864691135685420274,1
864691135617729679,864691135684085746,1
864691135617739151,864691135684284914,5
864691135617744783,864691135684860855,1
864691135617749647,864691135684645362,1
864691135617766543,864691135684333042,1
864691135617772431,864691135684946615,1
864691135617779087,864691135684551863,1
864691135617780879,864691135685338295,2
864691135617802895,864691135684284914,1
864691135617805711,864691135662550512,3
864691135617838735,864691135684320754,1
864691135617880937,864691135685228471,1
864691135618109839,864691135685338295,1
864691135618111887,864691135685629170,3
864691135618114447,864691135684206322,1
864691135618185359,864691135675870962,1
864691135618215567,864691135685020599,1
864691135618227087,864691135684189682,1
864691135618375785,864691135684288754,1
864691135618375785,864691135684450034,7
864691135618375785,864691135684532919,1
864691135618375785,864691135685125303,1
864691135618375785,864691135685228471,2
864691135618375785,864691135685416946,4
864691135618572431,864691135684135922,1
864691135618579599,864691135685199602,1
864691135618612367,864691135684085746,1
864691135618639759,864691135685125303,1
864691135618674063,864691135664007620,1
864691135618694287,864691135684645362,3
864691135618694543,864691135684321522,1
864691135618695823,864691135675853508,2
864691135618708879,864691135683682290,1
864691135618718607,864691135680285892,1
864691135618718607,864691135684258290,2
864691135618718607,864691135684468372,2
864691135618947215,864691135684057842,1
864691135619128463,864691135685034994,1
864691135619381391,864691135683758322,1
864691135619439759,864691135662275312,1
864691135619638671,864691135684334578,1
864691135619865231,864691135685228471,1
864691135619866767,864691135685125303,1
864691135619866767,864691135685416946,1
864691135619885711,864691135684450034,1
864691135619935887,864691135684468372,1
864691135619935887,864691135685416946,2
864691135630396868,864691135685199602,1
864691135636984260,864691135684284914,1
864691135638560196,864691135684178930,1
864691135638981435,864691135684967607,1
864691135638988347,864691135684468372,1
864691135638992699,864691135684189682,1
864691135639000379,864691135685034994,1
864691135639002427,864691135684567282,1
864691135639005499,864691135684645362,1
864691135639249211,864691135684178674,1
864691135639249211,864691135684932791,1
864691135639249211,864691135684987540,1
864691135639262779,864691135685125303,2
864691135639442747,864691135684655031,1
864691135639443515,864691135684057842,1
864691135639620411,864691135684178930,1
864691135639782971,864691135682621588,1
864691135639796795,864691135680743828,1
864691135639825211,864691135685629170,1
864691135639869243,864691135685308087,1
864691135639874107,864691135683761394,1
864691135639874619,864691135684450034,1
864691135639876667,864691135684103666,1
864691135639894843,864691135683618034,2
864691135639894843,864691135685346546,1
864691135639908923,864691135684189682,1
864691135639910459,864691135685308087,2
864691135639910459,864691135685346546,1
864691135640087611,864691135684860855,1
864691135640089659,864691135683761394,1
864691135640820027,864691135684304370,2
864691135640911931,864691135684826807,2
864691135640985028,864691135684206322,1
864691135640985028,864691135684270834,1
864691135640985028,864691135685458162,2
864691135641149755,864691135685125303,1
864691135641403195,864691135682621588,1
864691135641460539,864691135684388850,1
864691135641518395,864691135683929271,1
864691135644553711,864691135684567282,1
864691135644577007,864691135684320754,1
864691135644579567,864691135684334578,1
864691135644580335,864691135683761394,1
864691135644589295,864691135684206322,3
864691135644606703,864691135685125303,1
864691135644634863,864691135685346546,2
864691135644646895,864691135684222450,3
864691135644646895,864691135685629170,1
864691135644804591,864691135685199602,1
864691135644804591,864691135685552370,2
864691135644804591,864691135685629170,2
864691135644989423,864691135662300912,1
864691135645354735,864691135683761394,1
864691135645525999,864691135685199602,1
864691135645605103,864691135675748338,1
864691135645745135,864691135680743828,1
864691135645819375,864691135683682290,1
864691135645858799,864691135684860855,1
864691135645926127,864691135684555447,1
864691135646643951,864691135685228471,1
864691135646705903,864691135685552370,1
864691135646958319,864691135685125303,1
864691135654035650,864691135681012164,1
864691135654067394,864691135683618034,1
864691135654068930,864691135684333042,1
864691135654074306,864691135683241458,1
864691135654074306,864691135684258290,2
864691135654080194,864691135685629170,1
864691135654084034,864691135685648823,1
864691135654102210,864691135662300912,1
864691135654102210,864691135685648823,1
864691135654106306,864691135664007620,1
864691135654106306,864691135684153074,1
864691135654159810,864691135684178674,3
864691135654159810,864691135684946615,1
864691135654354370,864691135680285892,2
864691135654354370,864691135683241458,2
864691135654354370,864691135684215282,1
864691135654405058,864691135684932791,1
864691135654447554,864691135675748338,1
864691135654538690,864691135680285892,1
864691135654544834,864691135684284914,1
864691135654919106,864691135684946615,1
864691135654980802,864691135683761394,1
864691135654980802,864691135684772791,1
864691135655011010,864691135675870962,1
864691135655069890,864691135675853508,1
864691135655078850,864691135683761394,1
864691135655108290,864691135662550512,1
864691135655126978,864691135684967607,1
864691135655141058,864691135684645362,1
864691135655168962,864691135680285892,1
864691135655414466,864691135684135922,1
864691135655414466,864691135684215282,1
864691135655414466,864691135684258290,4
864691135655414466,864691135684468372,1
864691135655938242,864691135684178930,1
864691135655938242,864691135685664498,1
864691135656073410,864691135683761394,1
864691135656073410,864691135684772791,3
864691135656521922,864691135685416946,1
864691135656572483,864691135684333042,1
864691135656631490,864691135685228471,3
864691135656654530,864691135685465783,1
864691135656746690,864691135685228471,2
864691135656778946,864691135683618034,2
864691135656778946,864691135683682290,8
864691135656778946,864691135684320754,1
864691135656778946,864691135684645362,1
864691135656778946,864691135684655031,2
864691135656778946,864691135684860855,1
864691135656778946,864691135684932791,1
864691135656778946,864691135685292727,1
864691135656800706,864691135684450034,1
864691135657810306,864691135685338295,1
864691135658266498,864691135683618034,1
864691135658266498,864691135683682290,2
864691135658637442,864691135684468372,1
864691135658653826,864691135684655031,1
864691135658802050,864691135680743828,1
864691135658878850,864691135684215282,1
864691135658886018,864691135685664498,1
864691135658890626,864691135684946615,1
864691135658892162,864691135685509362,1
864691135658913922,864691135684932791,2
864691135658974082,864691135684826807,1
864691135658974082,864691135685034994,1
864691135658999682,864691135684468372,1
864691135659116674,864691135685034994,2
864691135659428482,864691135683682290,2
864691135659465858,864691135662550512,2
864691135659465858,864691135685420274,1
864691135659498114,864691135684334578,1
864691135659498114,864691135684468372,2
864691135659498114,864691135684932791,1
864691135659498114,864691135685199602,1
864691135659687554,864691135685420274,1
864691135659824514,864691135685420274,1
864691135659869826,864691135685095095,3
864691135659869826,864691135685465783,2
864691135660108674,864691135662882544,2
864691135660108674,864691135683758322,1
864691135660108674,864691135685416946,1
864691135660197762,864691135685228471,2
864691135660208002,864691135684772791,1
864691135660479216,864691135685292727,1
864691135660499696,864691135683225842,1
864691135660500720,864691135684222450,1
864691135660510448,864691135684946615,1
864691135660520944,864691135682621588,1
864691135660523504,864691135683761394,1
864691135660536816,864691135683761394,1
864691135660720112,864691135684551863,1
864691135660728816,864691135675853508,1
864691135660768496,864691135684245234,1
864691135660831216,864691135684892855,1
864691135660831984,864691135684860855,1
864691135660831984,864691135684932791,1
864691135660831984,864691135685108628,1
864691135660876016,864691135683618034,1
864691135661139184,864691135683241714,1
864691135661244144,864691135683761394,1
864691135661288944,864691135685095095,1
864691135661349104,864691135684135922,1
864691135661381872,864691135683929271,1
864691135661381872,864691135685416946,1
864691135661384432,864691135684258290,1
864691135661408752,864691135684854455,5
864691135661415920,864691135684492215,1
864691135661415920,864691135684645362,1
864691135661425392,864691135683241458,1
864691135661425392,864691135684932791,1
864691135661591792,864691135675870962,2
864691135662008816,864691135684065778,5
864691135662008816,864691135684450034,1
864691135662008816,864691135685034994,1
864691135662169584,864691135684284914,3
864691135662199280,864691135685509362,1
864691135662275312,864691135662275312,12
864691135662300912,864691135662300912,43
864691135662448880,864691135683682290,1
864691135662448880,864691135683792370,1
864691135662448880,864691135684320754,2
864691135662448880,864691135684333042,1
864691135662448880,864691135684655031,1
864691135662750192,864691135684468372,1
864691135662888944,864691135684921271,1
864691135662924784,864691135685034994,3
864691135662978032,864691135683758322,1
864691135662978032,864691135684085746,1
864691135662978032,864691135685095095,2
864691135662978032,864691135685420274,1
864691135662978032,864691135685465783,2
864691135674382020,864691135683682290,1
864691135674702659,864691135684320754,1
864691135675748338,864691135675748338,16
864691135675870962,864691135675870962,8
864691135679730884,864691135684967607,1
864691135681012164,864691135681012164,14
864691135681349060,864691135680285892,1
864691135682294932,864691135683972535,1
864691135682621588,864691135682621588,12
864691135683209714,864691135685509362,1
864691135683215090,864691135684135922,1
864691135683238386,864691135682621588,1
864691135683241458,864691135683241458,17
864691135683241714,864691135683241714,17
864691135683243250,864691135683241458,1
864691135683252722,864691135683964855,1
864691135683618034,864691135683618034,5
864691135683672562,864691135684932791,1
864691135683681522,864691135684189682,1
864691135683758322,864691135683758322,5
864691135683761394,864691135683761394,13
864691135683777522,864691135685108628,1
864691135683929271,864691135683929271,9
864691135683936439,864691135685629170,1
864691135683945655,864691135684178674,1
864691135683946935,864691135684178674,2
864691135683946935,864691135684334578,1
864691135683964855,864691135683964855,8
864691135683968695,864691135683241714,1
864691135683968695,864691135683972535,1
864691135683972535,864691135683972535,10
864691135684065778,864691135684065778,8
864691135684085746,864691135684085746,6
864691135684097428,864691135682621588,1
864691135684097428,864691135684967607,1
864691135684101362,864691135685125303,1
864691135684103666,864691135684103666,20
864691135684135922,864691135684135922,8
864691135684148722,864691135684222450,1
864691135684148722,864691135684321522,1
864691135684168690,864691135684950258,1
864691135684178674,864691135684178674,7
864691135684178930,864691135684178930,5
864691135684187378,864691135684187378,5
864691135684189682,864691135684189682,19
864691135684206322,864691135684206322,48
864691135684222450,864691135684222450,5
864691135684245234,864691135684245234,13
864691135684258290,864691135684258290,23
864691135684270834,864691135684270834,5
864691135684284914,864691135684284914,98
864691135684288754,864691135684288754,4
864691135684304370,864691135684284914,1
864691135684304370,864691135684304370,21
864691135684320242,864691135683758322,1
864691135684321522,864691135684321522,11
864691135684327922,864691135683241458,2
864691135684327922,864691135685308087,1
864691135684333042,864691135684333042,7
864691135684334578,864691135684334578,10
864691135684339186,864691135684222450,2
864691135684339186,864691135685629170,1
864691135684388850,864691135684388850,3
864691135684400823,864691135685034994,2
864691135684414135,864691135684414135,6
864691135684432823,864691135684432823,4
864691135684443063,864691135683682290,1
864691135684450034,864691135684450034,8
864691135684464823,864691135675748338,1
864691135684464823,864691135684468372,1
864691135684464823,864691135684932791,19
864691135684468372,864691135684135922,1
864691135684468372,864691135684215282,1
864691135684468372,864691135684258290,1
864691135684468372,864691135684468372,19
864691135684468372,864691135685308087,1
864691135684492215,864691135684492215,15
864691135684532919,864691135684532919,7
864691135684540855,864691135684304370,1
864691135684551863,864691135684551863,8
864691135684555447,864691135684555447,2
864691135684567282,864691135684567282,8
864691135684570039,864691135684570039,11
864691135684574391,864691135684334578,1
864691135684574391,864691135684468372,1
864691135684574391,864691135685629170,1
864691135684588983,864691135684588983,12
864691135684640951,864691135683972535,1
864691135684645362,864691135684645362,8
864691135684655031,864691135684655031,4
864691135684663991,864691135685420274,1
864691135684772791,864691135684772791,13
864691135684809458,864691135684826807,1
864691135684816311,864691135684816311,4
864691135684829170,864691135685125303,1
864691135684854455,864691135684854455,4
864691135684860855,864691135684860855,13
864691135684892855,864691135684892855,3
864691135684921271,864691135684921271,14
864691135684921783,864691135684921783,4
864691135684932791,864691135684932791,38
864691135684946615,864691135684946615,8
864691135684980407,864691135682621588,1
864691135684987540,864691135684987540,7
864691135685034994,864691135685034994,13
864691135685061874,864691135662300912,1
864691135685070322,864691135662300912,1
864691135685095095,864691135685095095,5
864691135685095095,864691135685465783,1
864691135685098423,864691135681012164,1
864691135685098423,864691135683225842,2
864691135685098423,864691135684206322,3
864691135685098423,864691135684270834,1
864691135685098423,864691135684921783,1
864691135685098423,864691135685199602,3
864691135685228471,864691135685228471,15
864691135685251511,864691135684921783,1
864691135685308087,864691135684245234,1
864691135685308087,864691135684468372,2
864691135685308087,864691135685308087,37
864691135685338295,864691135685338295,6
864691135685342135,864691135684258290,2
864691135685346546,864691135685346546,8
864691135685357810,864691135662550512,1
864691135685396151,864691135684206322,2
864691135685416946,864691135685416946,19
864691135685465783,864691135685465783,10
864691135685495991,864691135684854455,1
864691135685499575,864691135680743828,1
864691135685510130,864691135685125303,1
864691135685598450,864691135683758322,2
864691135685645810,864691135684222450,1
864691135685645810,864691135684932791,1
864691135685665266,864691135684153074,2
864691135685679858,864691135685664498,1
864691135685691122,864691135684414135,2
864691135685720050,864691135662882544,2
864691135685720050,864691135684450034,2
864691135685720050,864691135684532919,1
864691135685720050,864691135685416946,1
864691135685720050,864691135685465783,1
864691135685773495,864691135683682290,3
864691135685773495,864691135683792370,1
864691135685773495,864691135684320754,5
864691135685773495,864691135684333042,2
864691135685773495,864691135685338295,1
864691135685773495,864691135685629170,1
864691135685799863,864691135685799863,9
864691135685853367,864691135685095095,1
864691135686091447,864691135681012164,1
864691135686091447,864691135683225842,1
864691135686091447,864691135684206322,9
864691135686091447,864691135685292727,3
864691135686199700,864691135684245234,1
864691135686208439,864691135684921271,1
864691135686223287,864691135685199602,1
864691135686338231,864691135684468372,1
864691135686449591,864691135684921271,1
864691135686451383,864691135684215282,1
864691135686494647,864691135683225842,1
864691135686559415,864691135685509362,5
864691135686568119,864691135684450034,1
864691135686568119,864691135684532919,1
864691135686568119,864691135685465783,1
864691135686664887,864691135662275312,1
864691135686664887,864691135685416946,1
864691135686743479,864691135685020599,1
864691135686755511,864691135684492215,7
864691135686755511,864691135685338295,1
864691135686755511,864691135685728695,1
864691135686755511,864691135685799863,3
864691135686800567,864691135685664498,1
864691135686883552,864691135685458162,1
864691135686884320,864691135684772791,1
864691135686890464,864691135685664498,1
864691135686896096,864691135680743828,1
864691135686905824,864691135684932791,1
864691135686907360,864691135685108628,1
864691135686929888,864691135685125303,1
864691135687008480,864691135680743828,1
864691135687217632,864691135684333042,2
864691135687217632,864691135684645362,2
864691135687236576,864691135684645362,2
864691135687307744,864691135684189682,1
864691135687307744,864691135684555447,1
864691135687312608,864691135683758322,1
864691135687321568,864691135685420274,1
864691135687322336,864691135684085746,1
864691135687364064,864691135684874935,1
864691135687577824,864691135684258290,2
864691135687679456,864691135684946615,1
864691135687756000,864691135684932791,1
864691135687761632,864691135684932791,2
864691135687799776,864691135684178674,1
864691135687843012,864691135683241458,1
864691135687870432,864691135685664498,2
864691135687884000,864691135685199602,1
864691135687898080,864691135683241458,2
864691135687898080,864691135684215282,1
864691135687898080,864691135684258290,2
864691135687898080,864691135684468372,1
864691135687913184,864691135685629170,1
864691135687985888,864691135683241458,1
864691135687985888,864691135684258290,1
864691135688230112,864691135684388850,1
864691135688331744,864691135685125303,2
864691135688419296,864691135662550512,1
864691135688960736,864691135684065778,2
864691135688960736,864691135684085746,1
864691135688960736,864691135684450034,1
864691135688960736,864691135685465783,2
864691135689062880,864691135683618034,2
864691135689062880,864691135685346546,2
864691135689263584,864691135685125303,1
864691135689549792,864691135684065778,1
864691135689606624,864691135685228471,1
864691135689613536,864691135684103666,1
864691135689613536,864691135684921783,1
864691135689646304,864691135685465783,1
864691135689692384,864691135685020599,1
864691135689692384,864691135685552370,2
864691135689724896,864691135684492215,1
864691135689724896,864691135684532919,1
864691135689735904,864691135684222450,3
864691135689735904,864691135685020599,1
864691135689735904,864691135685199602,1
864691135689735904,864691135685552370,2
864691135689735904,864691135685799863,1
864691135689760736,864691135685034994,1
864691135689787360,864691135662882544,2
864691135692709055,864691135684284914,1
864691135692710847,864691135685664498,1
864691135692723903,864691135662300912,1
864691135692740287,864691135684258290,1
864691135692743871,864691135684854455,1
864691135692847764,864691135684655031,2
864691135693490879,864691135684284914,2
864691135693509823,864691135684334578,1
864691135693551807,864691135684772791,1
864691135693559743,864691135684258290,1
864691135693629119,864691135684946615,1
864691135693699519,864691135685020599,1
864691135693705407,864691135684655031,5
864691135693885887,864691135685416946,1
864691135693934527,864691135685664498,1
864691135694097087,864691135683929271,1
864691135694097087,864691135684414135,1
864691135694341567,864691135662550512,2
864691135694443455,864691135685416946,1
864691135694598847,864691135684189682,1
864691135694753727,864691135684178930,1
864691135694753727,864691135684826807,2
864691135695042751,864691135675853508,1
864691135695042751,864691135685228471,1
864691135695078847,864691135685020599,1
864691135695098815,864691135685125303,1
864691135695121855,864691135684284914,1
864691135695197375,864691135684085746,1
864691135695197375,864691135684189682,1
864691135695197375,864691135684450034,1
864691135695197375,864691135685465783,4
864691135695308223,864691135662882544,1
864691135695957402,864691135685308087,1
864691135695960218,864691135685308087,1
864691135696434586,864691135684946615,1
864691135696698266,864691135685034994,3
864691135696706970,864691135675748338,1
864691135696754330,864691135684187378,1
864691135696768410,864691135684187378,1
864691135696809370,864691135684987540,1
864691135696876954,864691135662275312,1
864691135696877210,864691135684085746,1
864691135696897434,864691135684932791,2
864691135696935066,864691135684065778,1
864691135696938906,864691135684178674,1
864691135696939162,864691135684153074,1
864691135697016986,864691135684284914,1
864691135697297818,864691135685420274,1
864691135697397269,864691135662275312,1
864691135697400085,864691135685034994,1
864691135697402133,864691135684258290,2
864691135697410325,864691135683792370,3
864691135697410325,864691135684320754,1
864691135697410325,864691135684333042,1
864691135697410325,864691135685338295,1
864691135697520661,864691135684772791,1
864691135697629461,864691135684987540,1
864691135697634069,864691135683972535,1
864691135697656085,864691135685095095,2
864691135697793557,864691135684189682,2
864691135697807002,864691135684057842,1
864691135697865882,864691135684178674,1
864691135697865882,864691135684334578,2
864691135697893530,864691135684950258,1
864691135698123541,864691135683241458,1
864691135698161429,864691135684258290,1
864691135698213909,864691135684103666,1
864691135698270106,864691135683225842,1
864691135698275349,864691135675748338,1
864691135698316565,864691135684772791,1
864691135698327317,864691135685346546,1
864691135698352405,864691135684468372,1
864691135698459546,864691135684645362,1
864691135698529178,864691135685465783,1
864691135698545818,864691135684932791,1
864691135698718485,864691135684655031,1
864691135698740757,864691135684932791,5
864691135698917141,864691135685629170,5
864691135699238178,864691135684258290,1
864691135699247650,864691135662300912,1
864691135699247650,864691135684284914,4
864691135699293986,864691135684932791,1
864691135699346965,864691135684065778,1
864691135699346965,864691135684532919,1
864691135699356437,864691135684826807,1
864691135699402517,864691135685664498,1
864691135699417378,864691135685034994,1
864691135699417378,864691135685465783,1
864691135699767317,864691135684921271,1
864691135699818005,864691135662882544,1
864691135699818005,864691135684450034,3
864691135699818005,864691135684826807,1
864691135699818005,864691135685228471,1
864691135699905557,864691135662275312,2
864691135699905557,864691135662882544,1
864691135699905557,864691135684950258,4
864691135699905557,864691135685125303,1
864691135699905557,864691135685416946,1
864691135699905557,864691135685509362,1
864691135700022306,864691135684334578,1
864691135700080674,864691135685034994,1
864691135700149794,864691135685095095,1
864691135700171810,864691135683761394,1
864691135700192546,864691135684772791,1
864691135700219003,864691135685465783,3
864691135700244347,864691135684135922,1
864691135700246651,864691135684772791,1
864691135700250747,864691135684570039,1
864691135700261410,864691135684258290,1
864691135700262690,864691135684932791,2
864691135700267899,864691135684450034,1
864691135700267899,864691135684532919,2
864691135700272162,864691135684468372,1
864691135700360994,864691135685346546,1
864691135700457506,864691135662550512,1
864691135700496418,864691135684468372,2
864691135700496418,864691135685308087,1
864691135700502818,864691135684874935,1
864691135700604450,864691135684135922,1
864691135700757115,864691135683792370,1
864691135700945275,864691135684492215,1
864691135700990754,864691135685664498,1
864691135701163899,864691135684245234,1
864691135701179515,864691135684772791,1
864691135701193083,864691135685034994,1
864691135701200930,864691135664007620,1
864691135701200930,864691135685648823,1
864691135701227899,864691135683682290,1
864691135701270562,864691135684826807,1
864691135701272610,864691135662300912,1
864691135701317243,864691135684932791,1
864691135701351458,864691135681012164,1
864691135701351458,864691135684222450,5
864691135701351458,864691135685458162,1
864691135701351458,864691135685629170,3
864691135701368187,864691135684103666,1
864691135701390882,864691135684187378,1
864691135701421346,864691135685664498,1
864691135701478690,864691135684826807,1
864691135701537659,864691135684189682,1
864691135701592699,864691135684334578,1
864691135701617954,864691135684921783,1
864691135701624699,864691135684334578,1
864691135701624699,864691135685346546,1
864691135701678370,864691135685664498,1
864691135701876514,864691135684950258,4
864691135701882402,864691135684085746,1
864691135701907234,864691135675853508,1
864691135701917563,864691135685728695,2
864691135702223483,864691135684854455,1
864691135702233723,864691135684189682,1
864691135702246523,864691135684772791,3
864691135702246523,864691135685125303,2
864691135702246523,864691135685416946,2
864691135702309755,864691135684854455,1
864691135702555771,864691135662300912,1
864691135702609275,864691135684085746,2
864691135702609275,864691135684854455,1
864691135702609275,864691135685420274,3
864691135702609275,864691135685465783,1
864691135702728571,864691135685458162,1
864691135702803835,864691135662882544,1
864691135702887291,864691135662550512,1
864691135702887291,864691135675853508,1
864691135702887291,864691135685228471,1
864691135702914427,864691135683761394,1
864691135703055995,864691135684189682,6
864691135703055995,864691135684450034,1
864691135703055995,864691135684555447,1
864691135703055995,864691135685034994,1
864691135703134331,864691135662550512,1
864691135703276155,864691135684492215,1
864691135703302779,864691135684854455,3
864691135704408724,864691135684334578,2
864691135704914580,864691135684334578,1
864691135711594388,864691135683618034,1
864691135711594388,864691135683682290,2
864691135711594388,864691135684057842,6
864691135715237658,864691135685308087,1
864691135715300500,864691135684215282,1
864691135715440922,864691135684932791,1
864691135715478810,864691135685346546,1
864691135715482138,864691135684258290,1
864691135715607322,864691135685648823,1
864691135715685658,864691135684932791,1
864691135715905818,864691135683758322,1
864691135716124954,864691135685416946,1
864691135716148506,864691135684655031,1
864691135716157722,864691135683682290,1
864691135716157722,864691135684334578,8
864691135716157722,864691135684655031,5
864691135716161306,864691135684103666,1
864691135716161306,864691135684172018,1
864691135716164122,864691135685034994,1
864691135716170778,864691135685664498,1
864691135716179738,864691135683761394,1
864691135716180506,864691135662550512,1
864691135716237594,864691135684874935,1
864691135716476954,864691135662550512,1
864691135716476954,864691135684153074,2
864691135716553876,864691135684178674,2
864691135716553876,864691135684860855,1
864691135716553876,864691135684932791,1
864691135716709146,864691135684967607,1
864691135716869658,864691135685664498,1
864691135716929562,864691135664007620,5
864691135716929562,864691135681012164,3
864691135716929562,864691135684222450,1
864691135716929562,864691135684492215,3
864691135716929562,864691135685629170,1
864691135716929562,864691135685799863,1
864691135717140762,864691135684826807,1
864691135717171226,864691135685728695,1
864691135717174810,864691135684085746,1
864691135717241114,864691135683929271,1
864691135717248794,864691135662550512,1
864691135717248794,864691135685420274,1
864691135717308442,864691135662300912,2
864691135717308442,864691135681012164,1
864691135717308442,864691135685125303,1
864691135717345562,864691135684178930,1
864691135717424154,864691135685125303,1
864691135717424154,864691135685664498,1
864691135717457178,864691135685629170,1
864691135717528346,864691135684450034,5
864691135717528346,864691135685465783,1
864691135717542170,864691135684854455,1
864691135718228372,864691135684860855,1
864691135718228372,864691135684987540,1
864691135718449713,864691135684645362,1
864691135718463537,864691135675853508,1
864691135718469169,864691135682621588,1
864691135718593585,864691135684932791,1
864691135718897969,864691135682621588,1
864691135718996785,864691135684987540,1
864691135719017777,864691135684932791,1
864691135719092273,864691135684065778,1
864691135719092273,864691135684189682,1
864691135719140913,864691135683758322,1
864691135719432241,864691135685199602,1
864691135719445809,864691135685034994,1
864691135719810353,864691135685199602,1
864691135719913521,864691135684304370,1
864691135719990833,864691135684854455,1
864691135719990833,864691135684921271,1
864691135720118833,864691135684946615,1
864691135720118833,864691135684967607,1
864691135720170289,864691135685420274,1
864691135720335665,864691135683618034,2
864691135720335665,864691135683682290,5
864691135720335665,864691135684333042,1
864691135720335665,864691135684655031,6
864691135720337201,864691135685629170,1
864691135720343089,864691135683929271,1
864691135720759345,864691135684772791,1
864691135720759345,864691135685125303,1
864691135720759345,864691135685416946,2
864691135722979220,864691135684135922,1
864691135724205739,864691135675853508,1
864691135724209835,864691135680743828,1
864691135724214443,864691135684284914,2
864691135724225195,864691135684932791,1
864691135724248235,864691135685308087,1
864691135724569771,864691135684860855,1
864691135724585131,864691135662275312,1
864691135724769451,864691135684085746,2
864691135724769451,864691135684854455,1
864691135724769451,864691135685095095,1
864691135724769451,864691135685465783,7
864691135724960427,864691135684258290,1
864691135725011371,864691135685664498,1
864691135725013163,864691135662550512,1
864691135725022123,864691135684222450,1
864691135725118123,864691135684570039,2
864691135725179563,864691135684334578,1
864691135725204395,864691135685420274,1
864691135725354155,864691135662882544,1
864691135725481387,864691135685346546,1
864691135725595199,864691135685095095,1
864691135725639999,864691135675748338,2
864691135725766463,864691135684468372,1
864691135725929279,864691135684065778,3
864691135725953195,864691135684304370,2
864691135725989439,864691135684065778,1
864691135726033727,864691135680743828,1
864691135726033727,864691135682621588,2
864691135726033727,864691135684860855,1
864691135726033727,864691135684946615,2
864691135726033727,864691135685108628,4
864691135726214571,864691135684206322,1
864691135726214571,864691135685199602,1
864691135726214571,864691135685629170,1
864691135726273343,864691135684284914,1
864691135726442155,864691135684222450,1
864691135726442155,864691135685292727,2
864691135726442155,864691135685629170,4
864691135726477119,864691135683761394,1
864691135726599743,864691135685458162,1
864691135726599743,864691135685552370,2
864691135726599743,864691135685728695,1
864691135726635327,864691135685108628,1
864691135726667583,864691135662550512,1
864691135726699839,864691135685020599,1
864691135726772907,864691135685416946,3
864691135726773419,864691135684450034,1
864691135726773419,864691135685416946,9
864691135726840491,864691135662550512,3
864691135726869419,864691135685228471,1
864691135726969259,864691135683929271,1
864691135726969259,864691135684450034,2
864691135726969259,864691135685416946,1
864691135727200319,864691135683761394,2
864691135727459903,864691135684284914,1
864691135727546943,864691135684270834,1
864691135727546943,864691135685199602,1
864691135727591743,864691135683761394,3
864691135727925311,864691135683929271,1
864691135727929663,864691135683929271,1
864691135728018751,864691135684816311,1
864691135728018751,864691135685509362,2
864691135728119103,864691135684065778,2
864691135728119103,864691135684555447,2
864691135728119103,864691135685095095,1
864691135728127295,864691135662882544,2
864691135728127295,864691135683758322,1
864691135730101689,864691135685292727,1
864691135730146745,864691135684215282,1
864691135730149049,864691135680743828,1
864691135730193081,864691135680285892,2
864691135730409145,864691135684284914,1
864691135730533049,864691135684967607,1
864691135730649785,864691135684967607,1
864691135730650297,864691135684135922,1
864691135730655929,864691135662550512,1
864691135731008953,864691135684874935,1
864691135731047865,864691135685034994,1
864691135731189945,864691135684187378,1
864691135731190201,864691135685664498,1
864691135731225785,864691135683618034,2
864691135731225785,864691135684215282,1
864691135731225785,864691135684987540,2
864691135731421113,864691135684747447,1
864691135731705273,864691135684334578,1
864691135731705273,864691135685308087,2
864691135731757753,864691135684950258,1
864691135731965076,864691135684468372,3
864691135732172692,864691135680743828,1
864691135732172692,864691135683682290,2
864691135732172692,864691135684178674,1
864691135732172692,864691135684320754,2
864691135732172692,864691135684333042,1
864691135732172692,864691135684655031,2
864691135732191673,864691135662550512,2
864691135732212153,864691135685664498,1
864691135732263353,864691135684532919,1
864691135732392889,864691135685416946,1
864691135732440505,864691135685416946,1
864691135732587449,864691135684450034,4
864691135732587449,864691135684854455,1
864691135732616377,864691135685125303,1
864691135732616377,864691135685416946,4
864691135732668345,864691135685509362,1
864691135732678585,864691135685664498,1
864691135732715961,864691135685020599,1
864691135732877972,864691135685346546,1
864691135734853268,864691135684334578,1
864691135736296084,864691135683792370,2
864691135736296084,864691135684320754,3
864691135736296084,864691135684333042,2
864691135736296084,864691135684655031,3
864691135736296084,864691135684932791,1
864691135736876932,864691135662882544,1
864691135736876932,864691135685228471,1
864691135736893572,864691135685664498,1
864691135736911748,864691135684468372,1
864691135736927108,864691135684288754,1
864691135737034884,864691135685020599,1
864691135737125508,864691135684772791,1
864691135737260420,864691135684284914,1
864691135737484657,864691135684320754,1
864691135737501844,864691135684320754,2
864691135737501844,864691135684334578,1
864691135737501844,864691135684645362,1
864691135737501844,864691135684655031,1
864691135737501844,864691135685308087,1
864691135737508465,864691135684468372,1
864691135737512049,864691135684333042,1
864691135737533572,864691135683761394,1
864691135737545073,864691135684645362,1
864691135737642116,864691135684284914,1
864691135737643924,864691135684334578,3
864691135737643924,864691135684655031,6
864691135737643924,864691135684860855,1
864691135737743473,864691135684320754,1
864691135737743473,864691135684645362,1
864691135737743473,864691135685108628,1
864691135737769348,864691135683761394,1
864691135737787012,864691135680285892,1
864691135737987204,864691135684826807,1
864691135738112916,864691135684334578,1
864691135738112916,864691135684987540,1
864691135738168708,864691135684085746,1
864691135738256532,864691135684057842,2
864691135738256532,864691135684320754,3
864691135738256532,864691135684333042,2
864691135738256532,864691135684334578,1
864691135738256532,864691135684655031,2
864691135738288241,864691135684178930,1
864691135738306673,864691135684450034,1
864691135738325140,864691135684932791,1
864691135738328689,864691135684215282,1
864691135738351985,864691135680743828,1
864691135738356081,864691135684432823,1
864691135738387076,864691135662550512,1
864691135738387076,864691135683225842,1
864691135738387076,864691135684492215,1
864691135738387076,864691135684747447,2
864691135738387076,864691135685552370,1
864691135738481009,864691135685664498,1
864691135738515825,864691135684468372,2
864691135738515825,864691135684932791,1
864691135738529905,864691135683761394,2
864691135738529905,864691135684772791,1
864691135738756740,864691135662550512,1
864691135738784369,864691135685308087,1
864691135738784369,864691135685552370,1
864691135738784369,864691135685728695,1
864691135738846340,864691135685728695,3
864691135739008132,864691135685664498,1
864691135739033457,864691135680285892,1
864691135739080068,864691135662275312,1
864691135739080068,864691135684950258,2
864691135739080068,864691135685416946,3
864691135739149956,864691135684189682,1
864691135739149956,864691135684414135,1
864691135739149956,864691135684450034,1
864691135739151473,864691135684284914,1
864691135739222129,864691135685095095,1
864691135739249540,864691135684085746,2
864691135739272324,864691135685125303,1
864691135739315076,864691135684085746,4
864691135739315076,864691135685095095,2
864691135739315076,864691135685465783,2
864691135739320945,864691135684816311,1
864691135739429489,864691135662550512,1
864691135739429489,864691135685020599,1
864691135739538033,864691135683758322,1
864691135739576212,864691135684103666,1
864691135739578004,864691135684284914,1
864691135739591828,864691135683761394,1
864691135739623572,864691135684320754,2
864691135739627156,864691135683241458,4
864691135739627156,864691135684258290,3
864691135739670129,864691135684854455,1
864691135739670129,864691135685020599,4
864691135739753073,864691135685125303,2
864691135739753073,864691135685420274,3
864691135739753073,864691135685552370,3
864691135739753073,864691135685799863,1
864691135739870868,864691135680743828,1
864691135739870868,864691135684946615,2
864691135739896724,864691135680743828,1
864691135739896724,864691135684135922,1
864691135739896724,864691135684645362,1
864691135739896724,864691135685020599,1
864691135739897492,864691135684921783,1
864691135740009108,864691135684284914,1
864691135740009620,864691135684932791,1
864691135740206443,864691135684284914,2
864691135740270187,864691135675853508,2
864691135740270443,864691135684932791,1
864691135740381076,864691135684932791,1
864691135740457876,864691135683241458,1
864691135740555924,864691135684334578,1
864691135740557204,864691135684187378,1
864691135740560788,864691135684826807,1
864691135740565652,864691135680743828,1
864691135740572308,864691135685095095,1
864691135740660587,864691135684135922,1
864691135740660587,864691135684245234,1
864691135740692843,864691135682621588,2
864691135740692843,864691135684320754,1
864691135740696683,864691135685664498,1
864691135740822164,864691135684189682,1
864691135740865684,864691135683682290,1
864691135740939115,864691135684932791,1
864691135741026155,864691135684284914,1
864691135741090196,864691135685728695,1
864691135741210987,864691135683241458,1
864691135741210987,864691135684258290,5
864691135741213291,864691135684321522,1
864691135741218196,864691135684222450,4
864691135741218196,864691135684270834,4
864691135741218196,864691135684921783,1
864691135741218196,864691135685199602,4
864691135741218196,864691135685458162,2
864691135741221739,864691135684532919,2
864691135741232788,864691135681012164,2
864691135741232788,864691135684222450,1
864691135741232788,864691135684270834,1
864691135741232788,864691135685552370,1
864691135741298539,864691135684468372,1
864691135741351787,864691135684932791,1
864691135741371755,864691135684987540,1
864691135741387115,864691135684932791,1
864691135741439851,864691135685020599,1
864691135741458324,864691135685664498,1
864691135741461396,864691135684492215,1
864691135741495956,864691135662550512,3
864691135741524587,864691135685228471,1
864691135741536875,864691135684645362,1
864691135741810580,864691135684085746,3
864691135741810580,864691135684189682,3
864691135741810580,864691135685095095,1
864691135741817236,864691135684492215,1
864691135741817236,864691135685095095,1
864691135741817236,864691135685338295,2
864691135741908116,864691135685664498,2
864691135741994388,864691135685799863,1
864691135742145172,864691135684450034,1
864691135742357355,864691135684189682,1
864691135742366827,864691135683792370,4
864691135742366827,864691135684320754,1
864691135742366827,864691135684333042,2
864691135742366827,864691135684860855,2
864691135742499435,864691135685728695,1
864691135742505835,864691135685125303,1
864691135742505835,864691135685664498,1
864691135742533483,864691135684288754,1
864691135742609771,864691135685292727,1
864691135742668395,864691135664007620,1
864691135742668395,864691135675853508,1
864691135742668395,864691135684153074,1
864691135742753387,864691135662882544,1
864691135742753387,864691135684187378,1
864691135742753387,864691135685020599,1
864691135742753387,864691135685465783,1
864691135742753387,864691135685552370,1
864691135742753387,864691135685664498,1
864691135742826603,864691135662550512,4
864691135742828395,864691135685420274,1
864691135742867307,864691135685034994,1
864691135742895723,864691135684826807,1
864691135742998379,864691135685420274,1
864691135743079019,864691135684950258,1
864691135743079019,864691135685228471,1
864691135743079019,864691135685552370,2
864691135743079019,864691135685799863,1
864691135743183723,864691135684826807,1
864691135743183723,864691135684921271,1
864691135743183723,864691135685465783,1
864691135743183723,864691135685664498,1
864691135743196523,864691135684245234,1
864691135743255403,864691135685125303,1
864691135743269739,864691135684065778,2
864691135743269739,864691135684532919,3
864691135743269739,864691135685034994,1
864691135743269739,864691135685465783,2
864691135748547881,864691135684816311,1
864691135748554537,864691135684655031,1
864691135748588329,864691135684860855,1
864691135748589609,864691135684320754,1
864691135749009961,864691135685019319,1
864691135749021225,864691135684258290,1
864691135749062441,864691135684189682,1
864691135749279017,864691135684532919,6
864691135749279017,864691135685034994,5
864691135749279017,864691135685465783,1
864691135749387817,864691135684334578,1
864691135749387817,864691135684655031,1
864691135749460265,864691135684258290,1
864691135749548585,864691135684187378,1
864691135749577257,864691135684334578,2
864691135749590569,864691135685125303,1
864691135749592361,864691135684153074,1
864691135749805097,864691135684284914,1
864691135749805097,864691135684304370,1
864691135749841961,864691135684645362,1
864691135749853225,864691135683241714,2
864691135750377257,864691135684065778,2
864691135750452777,864691135685416946,1
864691135750519593,864691135684085746,1
864691135750668841,864691135662882544,1
864691135750668841,864691135684826807,1
864691135750668841,864691135685509362,1
864691135750799145,864691135675853508,1
864691135751064873,864691135684450034,2
864691135751064873,864691135685465783,1
864691135751100969,864691135685125303,1
864691135751132457,864691135685416946,2
864691135753563085,864691135684334578,2
864691135753595341,864691135685019319,1
864691135753618893,864691135685346546,1
864691135753636045,864691135684215282,1
864691135753636045,864691135684245234,1
864691135753636045,864691135684468372,3
864691135753638861,864691135684932791,1
864691135753650381,864691135685199602,1
864691135753682637,864691135684874935,1
864691135753698509,864691135684085746,2
864691135753698509,864691135685095095,1
864691135753704141,864691135683682290,1
864691135753727181,864691135685095095,2
864691135753727949,864691135684772791,2
864691135754041549,864691135684172018,1
864691135754215885,864691135684245234,1
864691135754230477,864691135684270834,2
864691135754532050,864691135684826807,1
864691135754541266,864691135684950258,1
864691135754550226,864691135684826807,1
864691135754558930,864691135683972535,1
864691135754587346,864691135680743828,2
864691135754589906,864691135683241714,1
864691135754687437,864691135684334578,1
864691135754688717,864691135684932791,1
864691135754692557,864691135684932791,1
864691135754741453,864691135684932791,1
864691135755062994,864691135683618034,1
864691135755062994,864691135683682290,1
864691135755062994,864691135684333042,1
864691135755156178,864691135683758322,1
864691135755359698,864691135684854455,1
864691135755369165,864691135685095095,1
864691135755517133,864691135685664498,1
864691135755589586,864691135685664498,1
864691135755610317,864691135685338295,1
864691135755626962,864691135684085746,1
864691135755635922,864691135684189682,2
864691135755642322,864691135684450034,1
864691135755707597,864691135684492215,1
864691135755707597,864691135685552370,6
864691135755707597,864691135685629170,1
864691135755723474,864691135684321522,3
864691135755723474,864691135685199602,1
864691135755766226,864691135684932791,1
864691135755792845,864691135684222450,1
864691135755850957,864691135684450034,2
864691135755885778,864691135680285892,1
864691135755885778,864691135684103666,1
864691135755885778,864691135684645362,1
864691135755934162,864691135662550512,1
864691135755983314,864691135664007620,1
864691135756014802,864691135680743828,1
864691135756096717,864691135683758322,2
864691135756279757,864691135685125303,1
864691135756301010,864691135684854455,1
864691135756347602,864691135684816311,1
864691135756523986,864691135684860855,1
864691135756681170,864691135684468372,1
864691135756681170,864691135685308087,1
864691135756844242,864691135684189682,3
864691135756844242,864691135685228471,1
864691135756844242,864691135685420274,1
864691135756990674,864691135685416946,2
864691135757044690,864691135684826807,2
864691135757239506,864691135662882544,1
864691135757266130,864691135685308087,1
864691135758310589,864691135683241458,5
864691135758452302,864691135684320754,1
864691135758465102,864691135684284914,1
864691135758465102,864691135685648823,1
864691135758470222,864691135685228471,1
864691135758483790,864691135680743828,1
864691135758483790,864691135684860855,1
864691135758502734,864691135680743828,1
864691135758507086,864691135683964855,1
864691135758517070,864691135684946615,1
864691135758524238,864691135684570039,1
864691135758544206,864691135684189682,1
864691135758545998,864691135675853508,1
864691135758545998,864691135684967607,1
864691135758559310,864691135684085746,1
864691135758951758,864691135684921271,1
864691135758973006,864691135662550512,2
864691135758979150,864691135685420274,2
864691135758981454,864691135684987540,1
864691135759151950,864691135685095095,1
864691135759215438,864691135685509362,1
864691135759257934,864691135685465783,1
864691135759422798,864691135684334578,1
864691135759628733,864691135683241714,4
864691135759654990,864691135685416946,1
864691135759815758,864691135683929271,1
864691135759815758,864691135685228471,1
864691135759815758,864691135685664498,3
864691135759874894,864691135683241458,1
864691135760319822,864691135685509362,1
864691135760374862,864691135662550512,1
864691135760441277,864691135683241714,1
864691135760441678,864691135684178930,1
864691135760577870,864691135683618034,1
864691135760577870,864691135683792370,1
864691135760635214,864691135685509362,1
864691135760674638,864691135662550512,2
864691135760812110,864691135685199602,1
864691135761073486,864691135662882544,1
864691135761080142,864691135685799863,1
864691135761502774,864691135684450034,1
864691135761520950,864691135684284914,1
864691135761528886,864691135684967607,1
864691135761543734,864691135685552370,1
864691135761548086,864691135683929271,1
864691135761553462,864691135675748338,1
864691135761553462,864691135684932791,1
864691135761553718,864691135675853508,1
864691135761555254,864691135675748338,2
864691135761826614,864691135683964855,1
864691135761826614,864691135684215282,3
864691135761826614,864691135684245234,1
864691135761826614,864691135684468372,1
864691135761994038,864691135684987540,1
864691135761998646,864691135685199602,1
864691135762182966,864691135685509362,1
864691135762418230,864691135685034994,1
864691135762420022,864691135683682290,1
864691135762437430,864691135685416946,1
864691135762519862,864691135683964855,1
864691135762528822,864691135684555447,2
864691135762576694,864691135675870962,7
864691135762576950,864691135684826807,1
864691135762632502,864691135684333042,1
864691135762657334,864691135685199602,2
864691135762736438,864691135684860855,1
864691135763056694,864691135683225842,1
864691135763056694,864691135685292727,1
864691135763362102,864691135662882544,1
864691135763433270,864691135684950258,1
864691135763549238,864691135685020599,1
864691135763812406,864691135685458162,1
864691135763833398,864691135662550512,2
864691135763975990,864691135662882544,4
864691135764263222,864691135683682290,2
864691135764263222,864691135684057842,2
864691135764263222,864691135684655031,1
864691135764464438,864691135685228471,1
864691135764464438,864691135685664498,1
864691135764558902,864691135685228471,1
864691135764678198,864691135684950258,1
864691135764694326,864691135684215282,1
864691135764694326,864691135684468372,2
864691135764694326,864691135685308087,1
864691135764932662,864691135662550512,1
864691135764932662,864691135683929271,1
864691135765000502,864691135662882544,1
864691135767342013,864691135684245234,1
864691135767826877,864691135684932791,1
864691135769386173,864691135683964855,1
864691135771653451,864691135685083319,2
864691135771667275,864691135685465783,2
864691135771695435,864691135685308087,1
864691135771718219,864691135684270834,1
864691135772014331,864691135684320754,1
864691135772037883,864691135685034994,1
864691135772103419,864691135685292727,1
864691135772147195,864691135684334578,2
864691135772202571,864691135684258290,1
864691135772238411,864691135684284914,1
864691135772238411,864691135684304370,1
864691135772243787,864691135681012164,1
864691135772243787,864691135684222450,1
864691135772243787,864691135684321522,1
864691135772435275,864691135684258290,1
864691135772471547,864691135662550512,1
864691135772471547,864691135685420274,1
864691135772507387,864691135685664498,1
864691135772519499,864691135680285892,1
864691135772529995,864691135683241714,2
864691135772531019,864691135684189682,1
864691135772534603,864691135685416946,1
864691135772584187,864691135685416946,1
864691135772590075,864691135684946615,1
864691135772691019,864691135684816311,1
864691135772693835,864691135684468372,1
864691135772702795,864691135680285892,1
864691135772785915,864691135684645362,1
864691135772785915,864691135684860855,1
864691135772785915,864691135684932791,1
864691135773201739,864691135685125303,1
864691135773201739,864691135685416946,1
864691135773208651,864691135684450034,1
864691135773208651,864691135685338295,1
864691135773268731,864691135684284914,2
864691135773353547,864691135675853508,1
864691135773615867,864691135684065778,1
864691135773673803,864691135684153074,1
864691135773727739,864691135684645362,1
864691135773727739,864691135684860855,1
864691135773779275,864691135684388850,2
864691135773779275,864691135684747447,1
864691135773779275,864691135685338295,1
864691135773779275,864691135685799863,1
864691135773910603,864691135685292727,1
864691135773986891,864691135685509362,1
864691135774164299,864691135684288754,1
864691135774164299,864691135684826807,4
864691135774216955,864691135685228471,1
864691135774221643,864691135662882544,1
864691135774221643,864691135684950258,1
864691135774221643,864691135685509362,1
864691135774414843,864691135683761394,2
864691135774414843,864691135684772791,10
864691135774414843,864691135685416946,4
864691135774417659,864691135684215282,1
864691135774424059,864691135684333042,1
864691135774514507,864691135662550512,1
864691135774514507,864691135684950258,1
864691135774514507,864691135685629170,1
864691135774514507,864691135685728695,2
864691135774552059,864691135685799863,1
864691135774558715,864691135662550512,1
864691135774575355,864691135685125303,1
864691135775778989,864691135664007620,1
864691135775780781,864691135684450034,1
864691135775787693,864691135685034994,1
864691135775790509,864691135681012164,1
864691135775813037,864691135680743828,1
864691135775813037,864691135684946615,1
864691135775815597,864691135684921271,1
864691135775878061,864691135684860855,1
864691135776117933,864691135684284914,2
864691135776127149,864691135675748338,1
864691135776129709,864691135684284914,1
864691135776197549,864691135684333042,1
864691135776258221,864691135662550512,3
864691135776359085,864691135684320754,1
864691135776558432,864691135682621588,1
864691135776560992,864691135684135922,1
864691135776581984,864691135684288754,1
864691135776587616,864691135684258290,1
864691135776637280,864691135683241714,1
864691135776640864,864691135684258290,1
864691135776654176,864691135684532919,2
864691135776661856,864691135684645362,1
864691135776661856,864691135684932791,14
864691135776664672,864691135662550512,1
864691135776664672,864691135685095095,1
864691135776839597,864691135684215282,2
864691135776853933,864691135684967607,1
864691135776873901,864691135685420274,1
864691135776874157,864691135684187378,1
864691135776874157,864691135685346546,1
864691135776882093,864691135683241458,1
864691135776882093,864691135684258290,3
864691135776882093,864691135684946615,1
864691135776899245,864691135685799863,1
864691135776915117,864691135675748338,1
864691135776915117,864691135684987540,4
864691135776918368,864691135684492215,1
864691135777000032,864691135680285892,1
864691135777020512,864691135685338295,1
864691135777101501,864691135684288754,1
864691135777107645,864691135682621588,1
864691135777109181,864691135685664498,1
864691135777150141,864691135684304370,1
864691135777150141,864691135685034994,2
864691135777166176,864691135683618034,1
864691135777166176,864691135684178674,2
864691135777166176,864691135684655031,3
864691135777175741,864691135684284914,3
864691135777178557,864691135684103666,1
864691135777228973,864691135685552370,1
864691135777263789,864691135685552370,2
864691135777400237,864691135684245234,1
864691135777419965,864691135684215282,1
864691135777425504,864691135683241458,1
864691135777432237,864691135685552370,1
864691135777497005,864691135685664498,1
864691135777535840,864691135684333042,1
864691135777535933,864691135685420274,1
864691135777604797,864691135683761394,1
864691135777608800,864691135684321522,1
864691135777733821,864691135683761394,1
864691135777789357,864691135685416946,1
864691135777818301,864691135675748338,1
864691135777852093,864691135675748338,1
864691135777905085,864691135683241458,1
864691135777938877,864691135684645362,1
864691135777976765,864691135662550512,1
864691135777999200,864691135684950258,1
864691135778014637,864691135684270834,1
864691135778035901,864691135684284914,1
864691135778081981,864691135684747447,1
864691135778084285,864691135684215282,2
864691135778115517,864691135664007620,2
864691135778115517,864691135675853508,1
864691135778115517,864691135684153074,2
864691135778116013,864691135684450034,2
864691135778116013,864691135684555447,1
864691135778116013,864691135685416946,1
864691135778132576,864691135662550512,1
864691135778132576,864691135683682290,1
864691135778135997,864691135684135922,3
864691135778135997,864691135685108628,1
864691135778273213,864691135684178930,1
864691135778279869,864691135685020599,1
864691135778291133,864691135684414135,1
864691135778435501,864691135683792370,2
864691135778435501,864691135684215282,1
864691135778435501,864691135684320754,2
864691135778435501,864691135685308087,2
864691135778467517,864691135685552370,1
864691135778525280,864691135685664498,1
864691135778563261,864691135683972535,1
864691135778610365,864691135684987540,1
864691135778673341,864691135684932791,1
864691135778716589,864691135662275312,1
864691135778794336,864691135685509362,1
864691135778825133,864691135684826807,1
864691135778825133,864691135685416946,1
864691135778825133,864691135685420274,1
864691135778826173,864691135684826807,1
864691135779020221,864691135685458162,1
864691135779035744,864691135684085746,1
864691135779089248,864691135662550512,1
864691135779089248,864691135684921271,1
864691135779107005,864691135683761394,1
864691135779161440,864691135662300912,1
864691135779161440,864691135684950258,2
864691135779161440,864691135685125303,5
864691135779161440,864691135685416946,5
864691135779161440,864691135685509362,2
864691135779199584,864691135684085746,1
864691135779199584,864691135685034994,1
864691135779199584,864691135685095095,1
864691135779199584,864691135685228471,3
864691135779199584,864691135685465783,3
864691135779384253,864691135684284914,2
864691135779449533,864691135683618034,1
864691135779449533,864691135683682290,1
864691135779449533,864691135684057842,2
864691135779449533,864691135684655031,1
864691135779449533,864691135684932791,1
864691135779569341,864691135662882544,1
864691135779705021,864691135684153074,1
864691135780788816,864691135684284914,1
864691135780800336,864691135675853508,1
864691135780824400,864691135684222450,2
864691135780830288,864691135684222450,1
864691135780830288,864691135685458162,1
864691135780844624,864691135684065778,1
864691135780844624,864691135684532919,3
864691135780846672,864691135683682290,1
864691135780846672,864691135684655031,2
864691135780986448,864691135684333042,1
864691135781081680,864691135683682290,6
864691135781081680,864691135684057842,1
864691135781081680,864691135684320754,2
864691135781081680,864691135684333042,1
864691135781081680,864691135684334578,1
864691135781146704,864691135683761394,1
864691135781219152,864691135662882544,1
864691135781263696,864691135683241714,4
864691135781263696,864691135683972535,1
864691135781483856,864691135684258290,1
864691135781608272,864691135684772791,1
864691135781669200,864691135675853508,1
864691135781825360,864691135685034994,1
864691135781832016,864691135684178674,2
864691135781835344,864691135684085746,1
864691135781844048,864691135684222450,1
864691135782062672,864691135684334578,1
864691135782265424,864691135685308087,1
864691135782390579,864691135683241458,2
864691135782390579,864691135684258290,1
864691135782393139,864691135685034994,1
864691135782398515,864691135684222450,1
864691135782404403,864691135684284914,1
864691135782404403,864691135684826807,1
864691135782544435,864691135680285892,7
864691135782544435,864691135684921783,1
864691135782603088,864691135684065778,4
864691135782603088,864691135684085746,1
864691135782603088,864691135684450034,4
864691135782603088,864691135684532919,3
864691135782615632,864691135685308087,2
864691135782620240,864691135664007620,1
864691135782698035,864691135684284914,3
864691135782708304,864691135685416946,1
864691135782747443,864691135685648823,1
864691135782821456,864691135684772791,6
864691135782821456,864691135685416946,2
864691135782851920,864691135684284914,1
864691135782878288,864691135684258290,1
864691135782878288,864691135684468372,1
864691135782889011,864691135684270834,1
864691135782903859,864691135682621588,2
864691135783102003,864691135684874935,1
864691135783221043,864691135684222450,1
864691135783310643,864691135685664498,3
864691135783332659,864691135680743828,1
864691135783359539,864691135684468372,1
864691135783362611,864691135675748338,1
864691135783362611,864691135684645362,1
864691135783371315,864691135675853508,1
864691135784210739,864691135685338295,1
864691135784326195,864691135684288754,1
864691135784326195,864691135684772791,1
864691135784326195,864691135685416946,1
864691135784359475,864691135684085746,1
864691135784359475,864691135684826807,1
864691135784359475,864691135685465783,1
864691135784462131,864691135684284914,3
864691135784845619,864691135685664498,1
864691135784859699,864691135662275312,2
864691135785079603,864691135684854455,1
864691135785079603,864691135685034994,1
864691135785233092,864691135685664498,3
864691135785252292,864691135685034994,1
864691135785255108,864691135684222450,1
864691135785255108,864691135684321522,1
864691135785256132,864691135685664498,1
864691135785283524,864691135684206322,1
864691135785290180,864691135684172018,2
864691135785483716,864691135684645362,1
864691135785664196,864691135675748338,1
864691135785668804,864691135684245234,1
864691135785720260,864691135685799863,1
864691135785767620,864691135684284914,2
864691135785767620,864691135684304370,1
864691135785845188,864691135685308087,1
864691135785853124,864691135685095095,1
864691135786127300,864691135685465783,1
864691135786153412,864691135684178930,1
864691135786334148,864691135685199602,1
864691135786357700,864691135684655031,1
864691135786647236,864691135685416946,1
864691135786943684,864691135685228471,1
864691135786966980,864691135683225842,1
864691135786966980,864691135685458162,1
864691135787226564,864691135684532919,1
864691135787345860,864691135684065778,1
864691135787363012,864691135683761394,1
864691135787363012,864691135685416946,1
864691135787369412,864691135685664498,1
864691135787495108,864691135662550512,1
864691135799734370,864691135685020599,2
864691135799739490,864691135684967607,1
864691135799771490,864691135685308087,1
864691135800130658,864691135684284914,1
864691135800135266,864691135684555447,1
864691135800154722,864691135684258290,1
864691135800155746,864691135684189682,1
864691135800155746,864691135684555447,1
864691135800169826,864691135685664498,1
864691135800468066,864691135684270834,1
864691135800489314,864691135684085746,1
864691135800537186,864691135684987540,1
864691135800625762,864691135684567282,1
864691135800650594,864691135684284914,1
864691135800706402,864691135684206322,1
864691135800706402,864691135685292727,1
864691135800708450,864691135684772791,1
864691135800717154,864691135684932791,1
864691135800717154,864691135684946615,1
864691135801039970,864691135684772791,1
864691135801088610,864691135684747447,1
864691135801088610,864691135685629170,3
864691135801112930,864691135684135922,1
864691135801112930,864691135684245234,3
864691135801163874,864691135685228471,1
864691135801746018,864691135685416946,1
864691135801827938,864691135685125303,1
864691135801827938,864691135685228471,1
864691135801827938,864691135685416946,2
864691135802389858,864691135684206322,1
864691135802389858,864691135684492215,1
864691135802389858,864691135684950258,2
864691135802389858,864691135685552370,1
864691135802389858,864691135685629170,2
864691135802415458,864691135662550512,1
864691135802447970,864691135684258290,1
864691135802482274,864691135684206322,1
864691135802567266,864691135685416946,2
864691135802625634,864691135685416946,1
864691135802683234,864691135683929271,1
864691135802815586,864691135683758322,1
864691135807184157,864691135684987540,1
864691135807191069,864691135683682290,1
864691135807191069,864691135683792370,9
864691135807191069,864691135684320754,5
864691135807191069,864691135684645362,1
864691135807191069,864691135685338295,1
864691135807191069,864691135685728695,1
864691135807193117,864691135684826807,1
864691135807202077,864691135685292727,1
864691135807205661,864691135685308087,1
864691135807233565,864691135683241714,5
864691135807236125,864691135683241714,1
864691135807276317,864691135684270834,1
864691135807285021,864691135684288754,1
864691135807287069,864691135684304370,1
864691135807287069,864691135684432823,1
864691135807305245,864691135680743828,1
864691135807305245,864691135684946615,1
864691135807346205,864691135684187378,1
864691135807346205,864691135684645362,1
864691135807487005,864691135685416946,6
864691135807579933,864691135683682290,1
864691135807579933,864691135684645362,1
864691135807602717,864691135684258290,1
864691135807697693,864691135684333042,1
864691135807716637,864691135684284914,1
864691135807716637,864691135684304370,3
864691135807758365,864691135684258290,1
864691135807908125,864691135685308087,1
864691135808102429,864691135682621588,1
864691135808106013,864691135684468372,1
864691135808106013,864691135684932791,1
864691135808111697,864691135684772791,1
864691135808163357,864691135683758322,1
864691135808163357,864691135685228471,1
864691135808217373,864691135675748338,1
864691135808361245,864691135685465783,1
864691135808401437,864691135683761394,1
864691135808409629,864691135684258290,1
864691135808598045,864691135685346546,4
864691135808810525,864691135684932791,1
864691135808847389,864691135685034994,1
864691135808877341,864691135684215282,2
864691135808925981,864691135684270834,1
864691135808925981,864691135685799863,1
864691135809035293,864691135684950258,1
864691135809432524,864691135684258290,13
864691135809432524,864691135685346546,1
864691135809461196,864691135683964855,1
864691135809475788,864691135684570039,1
864691135809511628,864691135683792370,1
864691135809511628,864691135684492215,1
864691135809511628,864691135685338295,2
864691135809512396,864691135684222450,1
864691135809512396,864691135684321522,1
864691135809514188,864691135684655031,1
864691135809519308,864691135684258290,1
864691135809568029,864691135684222450,1
864691135809579468,864691135685346546,1
864691135809588253,864691135684304370,1
864691135809728541,864691135684321522,1
864691135809847581,864691135683758322,2
864691135809860300,864691135684860855,1
864691135809894173,864691135684284914,1
864691135809954589,864691135664007620,3
864691135809954589,864691135684178930,1
864691135809954589,864691135684284914,1
864691135809954589,864691135685034994,4
864691135810079517,864691135683929271,1
864691135810079517,864691135684414135,1
864691135810079517,864691135685416946,1
864691135810168012,864691135684187378,1
864691135810265885,864691135685199602,1
864691135810265885,864691135685458162,1
864691135810265885,864691135685509362,1
864691135810290380,864691135685629170,2
864691135810315805,864691135662882544,1
864691135810323229,864691135685308087,1
864691135810331084,864691135682621588,1
864691135810341580,864691135685108628,1
864691135810345164,864691135680743828,2
864691135810345164,864691135682621588,2
864691135810345164,864691135684860855,3
864691135810361548,864691135684334578,2
864691135810375372,864691135684320754,1
864691135810507468,864691135685228471,1
864691135810527773,864691135685228471,1
864691135810527773,864691135685420274,2
864691135810552349,864691135685420274,2
864691135810557469,864691135685629170,1
864691135810597917,864691135685420274,1
864691135810643485,864691135685416946,5
864691135810656029,864691135683758322,1
864691135810656029,864691135684085746,1
864691135810656029,864691135684189682,2
864691135810656029,864691135684450034,6
864691135810656029,864691135685034994,1
864691135810656029,864691135685228471,1
864691135810656029,864691135685465783,10
864691135810982860,864691135685125303,1
864691135810982860,864691135685338295,1
864691135811313100,864691135685228471,1
864691135811411404,864691135684921783,1
864691135811567052,864691135683761394,1
864691135811646924,864691135684450034,2
864691135811658956,864691135685125303,1
864691135811692236,864691135685629170,1
864691135811734220,864691135684645362,1
864691135811734988,864691135662550512,1
864691135811734988,864691135685228471,1
864691135815457615,864691135685420274,1
864691135815467855,864691135684551863,1
864691135815481935,864691135680743828,1
864691135815487823,864691135684284914,1
864691135815502159,864691135675748338,1
864691135815848015,864691135675853508,1
864691135815912271,864691135684172018,1
864691135816179791,864691135685648823,1
864691135816194639,864691135684946615,1
864691135816241487,864691135685416946,1
864691135816494159,864691135684178674,1
864691135816508751,864691135684258290,1
864691135816516687,864691135683241458,2
864691135816878979,864691135685034994,1
864691135816980303,864691135684320754,1
864691135817179983,864691135684555447,1
864691135817535823,864691135684284914,13
864691135817552463,864691135684826807,1
864691135817737295,864691135662550512,1
864691135817949519,864691135685664498,1
864691135817993807,864691135685465783,3
864691135818016335,864691135685228471,1
864691135818016335,864691135685420274,1
864691135837176979,864691135684772791,1
864691135837179283,864691135662550512,1
864691135837201299,864691135684178930,1
864691135837470611,864691135684950258,3
864691135837535891,864691135685019319,1
864691135837587603,864691135684057842,2
864691135837587603,864691135684987540,4
864691135837599379,864691135684555447,2
864691135837783187,864691135684333042,1
864691135837854867,864691135684860855,1
864691135838215059,864691135684468372,2
864691135838220435,864691135684103666,2
864691135838220435,864691135684215282,1
864691135838220435,864691135684946615,2
864691135838220435,864691135685108628,1
864691135838220947,864691135685095095,1
864691135838402963,864691135684414135,1
864691135838494867,864691135685799863,1
864691135838545299,864691135680285892,1
864691135838640275,864691135683758322,1
864691135838640275,864691135684189682,5
864691135838640275,864691135685034994,2
864691135838911123,864691135684270834,1
864691135839272851,864691135685552370,1
864691135839415187,864691135685664498,1
864691135839577235,864691135685228471,1
864691135839630227,864691135683682290,6
864691135839921043,864691135662550512,1
864691135839955347,864691135662275312,1
864691135840035219,864691135685228471,1
864691135840107923,864691135683761394,1
864691135841059299,864691135685034994,1
864691135841078499,864691135683682290,1
864691135841079011,864691135683761394,1
864691135841083619,864691135684321522,1
864691135841322979,864691135685199602,1
864691135841354979,864691135685664498,1
864691135841422563,864691135684967607,1
864691135841460195,864691135685034994,1
864691135841658851,864691135684468372,1
864691135841681123,864691135685034994,1
864691135841941219,864691135675748338,1
864691135841947875,864691135683682290,2
864691135842122467,864691135685664498,1
864691135842153187,864691135683761394,2
864691135842153187,864691135684772791,1
864691135842153187,864691135685125303,1
864691135842153187,864691135685416946,1
864691135842156771,864691135683241714,1
864691135842160611,864691135684258290,1
864691135842160611,864691135685308087,1
864691135842692835,864691135684284914,2
864691135842769635,864691135684284914,2
864691135842835427,864691135685095095,1
864691135842920419,864691135685552370,2
864691135842920419,864691135685629170,1
864691135843083491,864691135662882544,1
864691135843097059,864691135685416946,1
864691135843118051,864691135662550512,1
864691135843118051,864691135684645362,1
864691135843118051,864691135684932791,1
864691135843337187,864691135685125303,1
864691135843338979,864691135664007620,2
864691135847908446,864691135675870962,1
864691135847908446,864691135684946615,1
864691135847909982,864691135684284914,2
864691135847916382,864691135685228471,1
864691135847931998,864691135683225842,1
864691135847931998,864691135684206322,1
864691135848300382,864691135684860855,4
864691135848306526,864691135685629170,1
864691135848308830,864691135684334578,1
864691135848460894,864691135683758322,1
864691135848460894,864691135685095095,1
864691135848592734,864691135683761394,1
864691135848669790,864691135684747447,1
864691135848671582,864691135675748338,1
864691135848671582,864691135683241714,1
864691135848723294,864691135662550512,2
864691135848842590,864691135684321522,1
864691135848858206,864691135684178674,3
864691135848867422,864691135683682290,1
864691135848874846,864691135684334578,1
864691135848874846,864691135684645362,1
864691135849053790,864691135685346546,1
864691135849258078,864691135684178930,1
864691135849450334,864691135683929271,1
864691135849487966,864691135684826807,1
864691135849596766,864691135683682290,4
864691135849720670,864691135680743828,1
864691135849720670,864691135684932791,2
864691135849720670,864691135684946615,2
864691135849768798,864691135684178930,2
864691135849909598,864691135685664498,1
864691135849931358,864691135684492215,1
864691135850021726,864691135685420274,1
864691135850134878,864691135684967607,1
864691135850134878,864691135685552370,1
864691135850134878,864691135685799863,1
864691135850141790,864691135684950258,1
864691135850429127,864691135685292727,1
864691135850460871,864691135684085746,1
864691135850468039,864691135684932791,1
864691135850469063,864691135684932791,2
864691135850824903,864691135684288754,1
864691135850850247,864691135684772791,1
864691135850850247,864691135685416946,1
864691135850986183,864691135683682290,3
864691135851031495,864691135684874935,2
864691135851411399,864691135685034994,1
864691135851518663,864691135683792370,1
864691135851519687,864691135685095095,1
864691135851598535,864691135684334578,1
864691135851599303,864691135685125303,3
864691135851599303,864691135685416946,1
864691135851734727,864691135684334578,1
864691135851754695,864691135684468372,1
864691135852028615,864691135685308087,1
864691135852089031,864691135684222450,1
864691135852090567,864691135684333042,1
864691135852548039,864691135685020599,1
864691135853222087,864691135683758322,1
864691135853382599,864691135684921271,1
864691135855641902,864691135684450034,1
864691135855655982,864691135683758322,1
864691135855655982,864691135684284914,1
864691135855655982,864691135685034994,3
864691135855676206,864691135684932791,1
864691135855688750,864691135685034994,1
864691135855692590,864691135675870962,3
864691135855692590,864691135680743828,2
864691135855692590,864691135684946615,2
864691135855692590,864691135685108628,2
864691135855890478,864691135683758322,1
864691135855890478,864691135684772791,1
864691135856000558,864691135683682290,1
864691135856156974,864691135684189682,1
864691135856185134,864691135684551863,1
864691135856317486,864691135685095095,1
864691135856611374,864691135684772791,1
864691135856751662,864691135684468372,1
864691135856935982,864691135684258290,1
864691135857207086,864691135662550512,1
864691135857355566,864691135684555447,5
864691135857450030,864691135684215282,2
864691135857450030,864691135684258290,2
864691135857450030,864691135684468372,3
864691135857450030,864691135684932791,1
864691135857465646,864691135685034994,2
864691135857554734,864691135685664498,1
864691135857622062,864691135684772791,1
864691135857682478,864691135684085746,1
864691135857724206,864691135662300912,1
864691135857780782,864691135684189682,1
864691135858282030,864691135662882544,11
864691135858282030,864691135684388850,1
864691135858282030,864691135684950258,2
864691135858282030,864691135685416946,3
864691135858282030,864691135685465783,1
864691135858298670,864691135684206322,1
864691135858354990,864691135662882544,1
864691135858363694,864691135662882544,1
864691135858455086,864691135685199602,1
864691135858491438,864691135662300912,1
864691135858491438,864691135662550512,1
864691135858491438,864691135664007620,1
864691135858491438,864691135683758322,1
864691135858491438,864691135683964855,1
864691135858491438,864691135684172018,1
864691135858491438,864691135684187378,1
864691135858491438,864691135684189682,1
864691135858491438,864691135684284914,6
864691135858491438,864691135684320754,1
864691135858491438,864691135684388850,1
864691135858491438,864691135684468372,1
864691135858491438,864691135684492215,2
864691135858491438,864691135684645362,1
864691135858491438,864691135684826807,1
864691135858491438,864691135684967607,1
864691135858491438,864691135685019319,1
864691135858491438,864691135685228471,1
864691135858491438,864691135685416946,6
864691135858491438,864691135685420274,2
864691135858491438,864691135685799863,2
864691135858604846,864691135684854455,1
864691135858604846,864691135685228471,1
864691135858626606,864691135662882544,1
864691135858626606,864691135684826807,1
864691135858689384,864691135685664498,1
864691135858707560,864691135684245234,1
864691135858711400,864691135683682290,1
864691135859005288,864691135683618034,5
864691135859005288,864691135683682290,1
864691135859118440,864691135684085746,1
864691135859118696,864691135684245234,1
864691135859141480,864691135684468372,1
864691135859141480,864691135685308087,1
864691135859246184,864691135684215282,1
864691135859246184,864691135684932791,1
864691135859459944,864691135684172018,1
864691135859478632,864691135684860855,1
864691135859542120,864691135684103666,1
864691135859615848,864691135684270834,1
864691135859617384,864691135685125303,2
864691135859642472,864691135684747447,1
864691135859698024,864691135684334578,1
864691135859714664,864691135685199602,1
864691135859969128,864691135684153074,1
864691135860215400,864691135683792370,1
864691135860215400,864691135684320754,1
864691135860948072,864691135684450034,1
864691135860948072,864691135684532919,2
864691135860948072,864691135684555447,1
864691135860948072,864691135685416946,1
864691135861182824,864691135662550512,1
864691135864059006,864691135675853508,1
864691135864061310,864691135664007620,1
864691135864079486,864691135685308087,1
864691135864346750,864691135685664498,1
864691135864347518,864691135675748338,1
864691135864485502,864691135684987540,1
864691135864507006,864691135684333042,1
864691135864699612,864691135684334578,1
864691135864701404,864691135684772791,1
864691135864714460,864691135684468372,1
864691135864714716,864691135683241714,1
864691135864718556,864691135684245234,1
864691135864732124,864691135684555447,2
864691135864737244,864691135684284914,1
864691135864740828,864691135684432823,1
864691135864740828,864691135684570039,1
864691135864753884,864691135684085746,1
864691135864755932,864691135684816311,1
864691135864759516,864691135684946615,2
864691135864835036,864691135684284914,4
864691135864835036,864691135684816311,2
864691135864868990,864691135683972535,1
864691135864925566,864691135684103666,2
864691135864971134,864691135662275312,1
864691135864978046,864691135662300912,1
864691135864978814,864691135684320754,1
864691135864978814,864691135684655031,1
864691135864985564,864691135684222450,2
864691135864988542,864691135684189682,1
864691135865020892,864691135684645362,4
864691135865020892,864691135685308087,1
864691135865070044,864691135684057842,1
864691135865084798,864691135684645362,1
864691135865090524,864691135685728695,1
864691135865102812,864691135683792370,1
864691135865103580,864691135684932791,1
864691135865106140,864691135684334578,1
864691135865107164,864691135684555447,1
864691135865214590,864691135684284914,1
864691135865214590,864691135685125303,1
864691135865377500,864691135684222450,1
864691135865384924,864691135685034994,1
864691135865450460,864691135684284914,1
864691135865505925,864691135685664498,1
864691135865519493,864691135680743828,1
864691135865538437,864691135684135922,1
864691135865543557,864691135683618034,1
864691135865543557,864691135683682290,4
864691135865544325,864691135684468372,1
864691135865547909,864691135685465783,1
864691135865552517,864691135684570039,1
864691135865553285,864691135685465783,1
864691135865561733,864691135684532919,1
864691135865562757,864691135684284914,4
864691135865566085,864691135684065778,1
864691135865572997,864691135685308087,1
864691135865576069,864691135683972535,1
864691135865589893,864691135684932791,1
864691135865592197,864691135684551863,1
864691135865592197,864691135685664498,3
864691135865594076,864691135684103666,1
864691135865596293,864691135684258290,1
864691135865596549,864691135685228471,1
864691135865597829,864691135683761394,1
864691135865597829,864691135685664498,2
864691135865603205,864691135683761394,2
864691135865604741,864691135685034994,1
864691135865605246,864691135685664498,1
864691135865608837,864691135684187378,2
864691135865608837,864691135685308087,1
864691135865628892,864691135684065778,2
864691135865628892,864691135684450034,1
864691135865628892,864691135684532919,1
864691135865670364,864691135682621588,1
864691135865681116,864691135683618034,1
864691135865681116,864691135684215282,1
864691135865681116,864691135684468372,1
864691135865681116,864691135684932791,2
864691135865690076,864691135685034994,2
864691135865866110,864691135684655031,1
864691135865876444,864691135662882544,1
864691135865903237,864691135680285892,1
864691135865964158,864691135685338295,2
864691135865997957,864691135684987540,1
864691135866008796,864691135684967607,2
864691135866009221,864691135684284914,3
864691135866011781,864691135684588983,2
864691135866015870,864691135684532919,1
864691135866022620,864691135675853508,1
864691135866024318,864691135662882544,1
864691135866038398,864691135685199602,1
864691135866054620,864691135684222450,1
864691135866086021,864691135684334578,3
864691135866086021,864691135684655031,1
864691135866086021,864691135684932791,1
864691135866089349,864691135683761394,1
864691135866089349,864691135684772791,2
864691135866089349,864691135685416946,1
864691135866143964,864691135684645362,1
864691135866143964,864691135684932791,1
864691135866165374,864691135684932791,2
864691135866355932,864691135685799863,1
864691135866365718,864691135684153074,1
864691135866369046,864691135685416946,1
864691135866370326,864691135685416946,1
864691135866371036,864691135684772791,1
864691135866384150,864691135684321522,11
864691135866384150,864691135684333042,1
864691135866384150,864691135684921783,1
864691135866391004,864691135684153074,1
864691135866392342,864691135684215282,1
864691135866392342,864691135685308087,1
864691135866393878,864691135684932791,1
864691135866395414,864691135684258290,2
864691135866395414,864691135684468372,1
864691135866398998,864691135684085746,1
864691135866400022,864691135684189682,1
864691135866403205,864691135685416946,1
864691135866405398,864691135685346546,1
864691135866406782,864691135684178674,4
864691135866406782,864691135684655031,1
864691135866413701,864691135684932791,1
864691135866510206,864691135662550512,1
864691135866519004,864691135683225842,1
864691135866519004,864691135684655031,2
864691135866521733,864691135684304370,1
864691135866575237,864691135684085746,1
864691135866595973,864691135685199602,3
864691135866595973,864691135685458162,1
864691135866606469,864691135683225842,1
864691135866606469,864691135684057842,1
864691135866606469,864691135685346546,1
864691135866607237,864691135683761394,1
864691135866607237,864691135684772791,1
864691135866637788,864691135664007620,2
864691135866637788,864691135684153074,1
864691135866637788,864691135684967607,1
864691135866637788,864691135685648823,2
864691135866677125,864691135684860855,1
864691135866700933,864691135684932791,1
864691135866720476,864691135684772791,1
864691135866722181,864691135684950258,1
864691135866722181,864691135685509362,1
864691135866751196,864691135683761394,1
864691135866751196,864691135684772791,1
864691135866751196,864691135685416946,2
864691135866751870,864691135685664498,1
864691135866777989,864691135685308087,2
864691135866807941,864691135685416946,1
864691135866807941,864691135685664498,1
864691135866945244,864691135662882544,1
864691135866975708,864691135685509362,1
864691135866980630,864691135684432823,1
864691135867002750,864691135684532919,1
864691135867002750,864691135685465783,8
864691135867025174,864691135675853508,1
864691135867033726,864691135684085746,2
864691135867033726,864691135684288754,2
864691135867033726,864691135684450034,1
864691135867033726,864691135685228471,1
864691135867033726,864691135685465783,4
864691135867033982,864691135685095095,1
864691135867033982,864691135685664498,1
864691135867058140,864691135664007620,1
864691135867058140,864691135684388850,2
864691135867058140,864691135684492215,19
864691135867058140,864691135685020599,1
864691135867058140,864691135685629170,1
864691135867058140,864691135685799863,9
864691135867084677,864691135684816311,2
864691135867146117,864691135685465783,1
864691135867261829,864691135684772791,1
864691135867401238,864691135684532919,1
864691135867529861,864691135684950258,1
864691135867643158,864691135685664498,3
864691135867649046,864691135684987540,1
864691135867799318,864691135685664498,2
864691135867905302,864691135684258290,1
864691135867908886,864691135684967607,1
864691135867955990,864691135662550512,1
864691135867978629,864691135684468372,1
864691135868025878,864691135683682290,2
864691135868043397,864691135662550512,1
864691135868043397,864691135685420274,1
864691135868145174,864691135683929271,1
864691135868169349,864691135684492215,1
864691135868652822,864691135662550512,1
864691135868652822,864691135685728695,1
864691135868957462,864691135684178930,1
864691135869457430,864691135684950258,1
864691135869457430,864691135685799863,1
864691135872962657,864691135684153074,1
864691135872962657,864691135685020599,1
864691135873610382,864691135681012164,3
864691135873610382,864691135683225842,1
864691135873610382,864691135684222450,3
864691135873610382,864691135684321522,2
864691135873610382,864691135685292727,1
864691135873615758,864691135684334578,1
864691135873615758,864691135684645362,1
864691135873623694,864691135675853508,1
864691135873823118,864691135685465783,1
864691135873841038,864691135683682290,2
864691135873841038,864691135684057842,1
864691135873841038,864691135684645362,1
864691135873841038,864691135684932791,1
864691135873858190,864691135684189682,1
864691135874286734,864691135684932791,1
864691135874377102,864691135684189682,1
864691135874488718,864691135683761394,1
864691135874488718,864691135684772791,1
864691135874731406,864691135684921271,2
864691135874782350,864691135684450034,1
864691135874861454,864691135675853508,1
864691135874861454,864691135684153074,1
864691135874867598,864691135685034994,1
864691135875058318,864691135662550512,2
864691135875250318,864691135684284914,2
864691135875273870,864691135684284914,1
864691135875273870,864691135684304370,1
864691135875493518,864691135684532919,1
864691135875569550,864691135684189682,1
864691135875569550,864691135684450034,6
864691135875569550,864691135684532919,2
864691135875763086,864691135683929271,1
864691135875964814,864691135684135922,1
864691135875964814,864691135684245234,1
864691135875964814,864691135684468372,1
864691135875965523,864691135684645362,1
864691135875966547,864691135684645362,1
864691135875970643,864691135682621588,1
864691135875970643,864691135684655031,1
864691135875982163,864691135675870962,1
864691135875982163,864691135685108628,1
864691135876010067,864691135685095095,1
864691135876013907,864691135683241714,1
864691135876023379,864691135684532919,6
864691135876040078,864691135662550512,1
864691135876040078,864691135683758322,1
864691135876040078,864691135684103666,1
864691135876040078,864691135684414135,1
864691135876040078,864691135684826807,2
864691135876040078,864691135685095095,2
864691135876040078,864691135685416946,1
864691135876040078,864691135685465783,2
864691135876105614,864691135684189682,2
864691135876161619,864691135684921271,1
864691135876304211,864691135683618034,1
864691135876446803,864691135684334578,1
864691135876781139,864691135684284914,1
864691135876825427,864691135684860855,1
864691135876856147,864691135685308087,1
864691135876923475,864691135684135922,1
864691135876935251,864691135683964855,1
864691135876935251,864691135685346546,4
864691135876937555,864691135684334578,1
864691135876942931,864691135684135922,1
864691135876942931,864691135684245234,1
864691135876952915,864691135662882544,1
864691135876953171,864691135664007620,1
864691135877383507,864691135684284914,1
864691135877471315,864691135685034994,2
864691135877471315,864691135685465783,2
864691135877620307,864691135684065778,1
864691135877620307,864691135684414135,1
864691135877620563,864691135662300912,1
864691135877620563,864691135684304370,2
864691135877620563,864691135684826807,1
864691135878047571,864691135685552370,1
864691135878346579,864691135685228471,1
864691135878346579,864691135685420274,1
864691135878447187,864691135685416946,1
864691135878665811,864691135684950258,4
864691135878676563,864691135685664498,1
864691135878761555,864691135684189682,1
864691135878761555,864691135685228471,1
864691135878780499,864691135662882544,1
864691135878780499,864691135684772791,1
864691135878780499,864691135685125303,1
864691135878780499,864691135685416946,2
864691135883844720,864691135683241714,1
864691135883870320,864691135684950258,1
864691135883885680,864691135675748338,1
864691135883898736,864691135685199602,1
864691135883959664,864691135685034994,1
864691135884076656,864691135684284914,1
864691135884161904,864691135684932791,1
864691135884175984,864691135684932791,1
864691135884229488,864691135685034994,1
864691135884234864,864691135684492215,1
864691135884239728,864691135684320754,1
864691135884254064,864691135664007620,1
864691135884254064,864691135683682290,1
864691135884254064,864691135683792370,6
864691135884254064,864691135684320754,6
864691135884254064,864691135685338295,1
864691135884256624,864691135684555447,1
864691135884269424,864691135684747447,1
864691135884359280,864691135684189682,1
864691135884457840,864691135684946615,1
864691135884464496,864691135685664498,1
864691135884601456,864691135685308087,1
864691135884604272,864691135684215282,1
864691135884733296,864691135685509362,1
864691135884821360,864691135683761394,1
864691135884871792,864691135684206322,1
864691135884871792,864691135685629170,1
864691135884875888,864691135684065778,2
864691135884875888,864691135684450034,3
864691135884875888,864691135684532919,1
864691135884879216,864691135685095095,1
864691135884882032,864691135684772791,1
864691135884882288,864691135684320754,1
864691135884900976,864691135684304370,1
864691135885111664,864691135682621588,1
864691135885221488,864691135685346546,3
864691135885322096,864691135684921783,1
864691135885572208,864691135684320754,1
864691135885639280,864691135684284914,3
864691135885644400,864691135685034994,1
864691135885764464,864691135684085746,4
864691135885764464,864691135684532919,1
864691135885764464,864691135685465783,9
864691135886183024,864691135685228471,1
864691135886221168,864691135684178930,1
864691135886293872,864691135683761394,1
864691135886293872,864691135684772791,1
864691135886345072,864691135662550512,4
864691135886345072,864691135684645362,1
864691135886345072,864691135685228471,1
864691135886345072,864691135685420274,3
864691135886353264,864691135662300912,1
864691135886415472,864691135685509362,1
864691135888486537,864691135684567282,1
864691135888493193,864691135685308087,1
864691135888501897,864691135675870962,1
864691135888510345,864691135683682290,1
864691135888531081,864691135683761394,1
864691135888787081,864691135684492215,1
864691135888787081,864691135685420274,1
864691135888788361,864691135675748338,1
864691135888821385,864691135685308087,1
864691135888841097,864691135685346546,1
864691135888930441,864691135683758322,1
864691135888930441,864691135684921271,1
864691135888935817,864691135684187378,1
864691135889293449,864691135684334578,1
864691135889409417,864691135685125303,1
864691135889411721,864691135680743828,1
864691135889411721,864691135684135922,4
864691135889411721,864691135684245234,1
864691135889411977,864691135685664498,1
864691135889466505,864691135684967607,1
864691135889499273,864691135680743828,2
864691135889617033,864691135684932791,1
864691135889729929,864691135684187378,1
864691135889729929,864691135685292727,1
864691135889773449,864691135684468372,1
864691135889773449,864691135685108628,2
864691135889893769,864691135684258290,1
864691135890079369,864691135684388850,1
864691135890128009,864691135684284914,1
864691135890201993,864691135684950258,1
864691135890201993,864691135685458162,1
864691135890240137,864691135684567282,1
864691135890651529,864691135684333042,1
864691135890680457,864691135684388850,1
864691135890781577,864691135684854455,1
864691135891143305,864691135685292727,1
864691135891510153,864691135684065778,3
864691135891510153,864691135684414135,1
864691135891510153,864691135684450034,3
864691135891510153,864691135684532919,10
864691135891510153,864691135685034994,1
864691135891510153,864691135685095095,1
864691135891510153,864691135685465783,2
864691135891719305,864691135685125303,4
864691135891874185,864691135684946615,1
864691135891898761,864691135685664498,1
864691135892006281,864691135662300912,1
864691135892048777,864691135662550512,2
864691135892214409,864691135685416946,1
864691135892214409,864691135685629170,1
864691135892234633,864691135685552370,1
864691135892319113,864691135684532919,1
864691135892415881,864691135684826807,1
864691135892441225,864691135662882544,1
864691135909727657,864691135685509362,1
864691135909734057,864691135684950258,1
864691135909769129,864691135684284914,1
864691135909772713,864691135684320754,1
864691135909811113,864691135684932791,1
864691135910435241,864691135682621588,1
864691135910596009,864691135685416946,1
864691135910599009,864691135684967607,1
864691135910676905,864691135685465783,1
864691135910863273,864691135662882544,1
864691135910871465,864691135683682290,1
864691135911384489,864691135662275312,1
864691135911637673,864691135685416946,1
864691135911805609,864691135662300912,1
864691135911939497,864691135684320754,1
864691135911939497,864691135684655031,3
864691135912195497,864691135683929271,2
864691135912195497,864691135684450034,1
864691135912275881,864691135685664498,1
864691135912293289,864691135685664498,1
864691135912367785,864691135662882544,3
864691135912367785,864691135684288754,1
864691135912367785,864691135684414135,1
864691135912367785,864691135685416946,1
864691135912367785,864691135685465783,2
864691135912421801,864691135684555447,1
864691135912447401,864691135684222450,2
864691135915166566,864691135684772791,1
864691135915179878,864691135683241458,1
864691135915181670,864691135675748338,1
864691135915181926,864691135684258290,1
864691135915181926,864691135684468372,1
864691135915215462,864691135684555447,1
864691135915394662,864691135685420274,1
864691135915432806,864691135685020599,1
864691135915467366,864691135675748338,2
864691135915467622,864691135684057842,1
864691135915494246,864691135684085746,1
864691135915495270,864691135683761394,1
864691135915507558,864691135684655031,1
864691135915534694,864691135684432823,1
864691135915636326,864691135684333042,1
864691135915865446,864691135684772791,1
864691135915901542,864691135683682290,1
864691135916052070,864691135685728695,1
864691135916561510,864691135684747447,1
864691135916561510,864691135685338295,1
864691135916576614,864691135684932791,1
864691135916676198,864691135685308087,1
864691135917058150,864691135684284914,2
864691135917122662,864691135684772791,1
864691135917174886,864691135685125303,1
864691135917557862,864691135684854455,2
864691135917583462,864691135684135922,2
864691135917583462,864691135684215282,1
864691135917599590,864691135685228471,1
864691135917650534,864691135683929271,1
864691135917650534,864691135684450034,1
864691135918314416,864691135684946615,1
864691135918315184,864691135684645362,1
864691135918322352,864691135683682290,1
864691135918337968,864691135684570039,2
864691135918337968,864691135685034994,2
864691135918344112,864691135684065778,1
864691135918344112,864691135684532919,1
864691135918344112,864691135685095095,2
864691135918344112,864691135685465783,1
864691135918344880,864691135685125303,1
864691135918345904,864691135683241458,1
864691135918352048,864691135683792370,1
864691135918352048,864691135684320754,1
864691135918597552,864691135685095095,1
864691135918598832,864691135683618034,1
864691135918652336,864691135684932791,1
864691135919048368,864691135683761394,2
864691135919095728,864691135684967607,1
864691135919170736,864691135683682290,3
864691135919170736,864691135684334578,1
864691135919170736,864691135684932791,2
864691135919284656,864691135684860855,1
864691135919313328,864691135684135922,1
864691135919622832,864691135685034994,1
864691135919901616,864691135684333042,3
864691135920136624,864691135684826807,1
864691135920254128,864691135662550512,1
864691135920492976,864691135662550512,1
864691135920492976,864691135685338295,1
864691135920492976,864691135685728695,1
864691135920747440,864691135685228471,1
864691135920853168,864691135685095095,1
864691135920880304,864691135684450034,1
864691135920880304,864691135684532919,5
864691135920894128,864691135662550512,1
864691135920894128,864691135683761394,1
864691135920894128,864691135684189682,1
864691135920930224,864691135681012164,4
864691135920930224,864691135684492215,1
864691135920930224,864691135685552370,4
864691135920930224,864691135685728695,1
864691135920930224,864691135685799863,1
864691135925510670,864691135684172018,1
864691135925527310,864691135684284914,1
864691135925530894,864691135684932791,1
864691135925553678,864691135684772791,1
864691135925562382,864691135684860855,1
864691135925826830,864691135684854455,1
864691135926036494,864691135684932791,1
864691135926067214,864691135684320754,1
864691135926123534,864691135684932791,2
864691135926129166,864691135685034994,1
864691135926318804,864691135685108628,1
864691135926323668,864691135675870962,2
864691135926335444,864691135684567282,1
864691135926404110,864691135684854455,1
864691135926407124,864691135684854455,1
864691135926440148,864691135662300912,1
864691135926440148,864691135685664498,2
864691135926462222,864691135685420274,1
864691135926488590,864691135683682290,1
864691135926573524,864691135684258290,1
864691135926580238,864691135684258290,14
864691135926597134,864691135684946615,1
864691135926604814,864691135683792370,1
864691135926737876,864691135683758322,1
864691135926951950,864691135684334578,1
864691135927046158,864691135680285892,1
864691135927224846,864691135684215282,1
864691135927224846,864691135684245234,1
864691135927224846,864691135684468372,3
864691135927224846,864691135684932791,2
864691135927253460,864691135684065778,1
864691135927253460,864691135684532919,1
864691135927277582,864691135662550512,2
864691135927291348,864691135664007620,1
864691135927329236,864691135685416946,1
864691135927336148,864691135684532919,2
864691135927336148,864691135685034994,1
864691135927344596,864691135684103666,1
864691135927398868,864691135680743828,1
864691135927408398,864691135683682290,1
864691135927468756,864691135664007620,1
864691135927639764,864691135685458162,2
864691135927651540,864691135684187378,1
864691135927651540,864691135684245234,2
864691135927689486,864691135684826807,1
864691135927750100,864691135683241458,1
864691135927750100,864691135684135922,1
864691135927750100,864691135684258290,1
864691135927750100,864691135684468372,5
864691135927766542,864691135685228471,1
864691135927873492,864691135685509362,1
864691135927925460,864691135684288754,1
864691135927995662,864691135684967607,1
864691135927995662,864691135685020599,1
864691135928106766,864691135685416946,1
864691135928366292,864691135662882544,1
864691135928366292,864691135685228471,1
864691135928377102,864691135685420274,1
864691135928496398,864691135685420274,1
864691135928501716,864691135684284914,1
864691135928518100,864691135685664498,2
864691135928519892,864691135684854455,1
864691135928839892,864691135685034994,1
864691135928839892,864691135685416946,2
864691135929158612,864691135685125303,1
864691135929185492,864691135683682290,1
864691135929185492,864691135684320754,2
864691135929207508,864691135664007620,1
864691135929229780,864691135684135922,2
864691135929229780,864691135685228471,2
864691135937152772,864691135683761394,1
864691135937174788,864691135684826807,1
864691135937178628,864691135684492215,1
864691135937193220,864691135684178674,4
864691135937201156,864691135684135922,1
864691135937202948,864691135684258290,1
864691135937203460,864691135684932791,1
864691135937339189,864691135684772791,1
864691135937344053,864691135685108628,1
864691135937351477,864691135684932791,1
864691135937353013,864691135685108628,1
864691135937372213,864691135684333042,2
864691135937372213,864691135684747447,1
864691135937372213,864691135685552370,1
864691135937380149,864691135680285892,1
864691135937387573,864691135685465783,1
864691135937402884,864691135684468372,1
864691135937402884,864691135684645362,1
864691135937410869,864691135684932791,1
864691135937411381,864691135683682290,1
864691135937411381,864691135684057842,1
864691135937586997,864691135683682290,1
864691135937601540,864691135684932791,1
864691135937638404,864691135675853508,1
864691135937638404,864691135684967607,1
864691135937654276,864691135684655031,1
864691135937654276,864691135685552370,1
864691135937654276,864691135685799863,1
864691135937689860,864691135684258290,1
864691135937816629,864691135684103666,1
864691135937855285,864691135684153074,2
864691135937855285,864691135684284914,1
864691135937926660,864691135685125303,1
864691135938068740,864691135685095095,1
864691135938077700,864691135675748338,1
864691135938077700,864691135675870962,1
864691135938236676,864691135683241458,1
864691135938248501,864691135685552370,1
864691135938277380,864691135685458162,1
864691135938307893,864691135683682290,1
864691135938307893,864691135684057842,1
864691135938397188,864691135684932791,1
864691135938404356,864691135684178930,1
864691135938404356,864691135685664498,1
864691135938430980,864691135683618034,1
864691135938430980,864691135684057842,3
864691135938467844,864691135664007620,1
864691135938507573,864691135684320754,2
864691135938512181,864691135685465783,1
864691135938516533,864691135684065778,2
864691135938516533,864691135684450034,1
864691135938516533,864691135684532919,6
864691135938518069,864691135682621588,1
864691135938612021,864691135684772791,1
864691135938614069,864691135662550512,1
864691135938797316,864691135684468372,1
864691135938804996,864691135683761394,1
864691135938804996,864691135685416946,1
864691135939017525,864691135662882544,2
864691135939110453,864691135684172018,1
864691135939110453,864691135685019319,1
864691135939179524,864691135662300912,1
864691135939179524,864691135684304370,1
864691135939179524,864691135684826807,1
864691135939275265,864691135684551863,1
864691135939286017,864691135683241458,1
864691135939286017,864691135684468372,1
864691135939288833,864691135684932791,1
864691135939289345,864691135685019319,2
864691135939292673,864691135684172018,1
864691135939297537,864691135683241714,2
864691135939304961,864691135684065778,1
864691135939312385,864691135684057842,1
864691135939322677,864691135685664498,1
864691135939326209,864691135684932791,1
864691135939328257,864691135675853508,1
864691135939360769,864691135684085746,1
864691135939362817,864691135685465783,1
864691135939368193,864691135685552370,1
864691135939391029,864691135683241714,1
864691135939397121,864691135684772791,1
864691135939397633,864691135683761394,1
864691135939415553,864691135684772791,1
864691135939418881,864691135684187378,3
864691135939462453,864691135684178930,1
864691135939469569,864691135684468372,1
864691135939469569,864691135685308087,1
864691135939493685,864691135684085746,1
864691135939555585,864691135684334578,1
864691135939585540,864691135662550512,1
864691135939585540,864691135685420274,1
864691135939592196,864691135685228471,1
864691135939604533,864691135684816311,1
864691135939627430,864691135683225842,1
864691135939635366,864691135684284914,1
864691135939635366,864691135684967607,1
864691135939638438,864691135675853508,1
864691135939638438,864691135685020599,1
864691135939645444,864691135684333042,1
864691135939645444,864691135684747447,4
864691135939645444,864691135684987540,1
864691135939660710,864691135684085746,1
864691135939664550,864691135681012164,1
864691135939704580,864691135683758322,1
864691135939704580,864691135684288754,1
864691135939704580,864691135684450034,1
864691135939704580,864691135684532919,3
864691135939704580,864691135685034994,1
864691135939704580,864691135685095095,1
864691135939704580,864691135685416946,1
864691135939704580,864691135685465783,2
864691135939704580,864691135685664498,1
864691135939798785,864691135684334578,1
864691135939799041,864691135684135922,1
864691135939867189,864691135685664498,2
864691135939875637,864691135685308087,1
864691135939948801,864691135683241458,1
864691135939952038,864691135685034994,1
864691135939977269,864691135685465783,1
864691135940064001,864691135684258290,2
864691135940086325,864691135684772791,1
864691135940112550,864691135685228471,1
864691135940356518,864691135683682290,1
864691135940475649,864691135684103666,3
864691135940500737,864691135682621588,1
864691135940595110,864691135685648823,1
864691135940604326,864691135684860855,4
864691135940606630,864691135684921783,1
864691135940615078,864691135685308087,1
864691135940618662,864691135684874935,1
864691135940624038,864691135683241458,1
864691135940629414,864691135684258290,1
864691135940635046,864691135682621588,4
864691135940638630,864691135685346546,1
864691135940640166,864691135684284914,1
864691135940904961,864691135683929271,1
864691135940934401,864691135684414135,1
864691135941039361,864691135684320754,1
864691135941039361,864691135684655031,2
864691135941061633,864691135683682290,3
864691135941105012,864691135684414135,1
864691135941127028,864691135684284914,2
864691135941131636,864691135662550512,1
864691135941131636,864691135684153074,2
864691135941132404,864691135682621588,1
864691135941159540,864691135683758322,1
864691135941159540,864691135685034994,2
864691135941162100,864691135684284914,1
864691135941162100,864691135684304370,1
864691135941168244,864691135684816311,1
864691135941170548,864691135684772791,1
864691135941282470,864691135685509362,1
864691135941404582,864691135684567282,1
864691135941486708,864691135684932791,1
864691135941486708,864691135685308087,3
864691135941574054,864691135684284914,1
864691135941583361,864691135662300912,1
864691135941595252,864691135684320754,1
864691135941606260,864691135684334578,1
864691135941611380,864691135685629170,1
864691135941690996,864691135684245234,1
864691135941708033,864691135685199602,1
864691135941754113,864691135685416946,3
864691135941815809,864691135683758322,1
864691135941899777,864691135681012164,1
864691135941899777,864691135683792370,1
864691135941899777,864691135684333042,8
864691135941899777,864691135684747447,2
864691135941899777,864691135685552370,1
864691135941899777,864691135685629170,2
864691135941940390,864691135685465783,1
864691135941948532,864691135684085746,1
864691135941970804,864691135684222450,1
864691135942004852,864691135684135922,1
864691135942007297,864691135662550512,1
864691135942035878,864691135684103666,1
864691135942055284,864691135684215282,1
864691135942133108,864691135684334578,2
864691135942133108,864691135684655031,2
864691135942133108,864691135684932791,5
864691135942133364,864691135684222450,1
864691135942142068,864691135685416946,1
864691135942322433,864691135684950258,2
864691135942322433,864691135685125303,1
864691135942345588,864691135685458162,1
864691135942500980,864691135685292727,1
864691135943009908,864691135685664498,1
864691135943029620,864691135685416946,1
864691135943053172,864691135680743828,1
864691135943098484,864691135685199602,1
864691135943471732,864691135662882544,1
864691135943566964,864691135681012164,1
864691135943566964,864691135683225842,1
864691135943566964,864691135684222450,2
864691135943566964,864691135684321522,2
864691135943566964,864691135685199602,1
864691135943566964,864691135685292727,1
864691135943566964,864691135685552370,1
864691135943623284,864691135685125303,1
864691135943623284,864691135685416946,1
864691135943750004,864691135684334578,1
864691135943820148,864691135684065778,1
864691135943820148,864691135684532919,2
864691135943820148,864691135685416946,1
864691135943820916,864691135685125303,5
864691135943820916,864691135685664498,3
864691135943826292,864691135685228471,1
864691135943896692,864691135685420274,1
864691135943913332,864691135683929271,2
864691135943913332,864691135684450034,1
864691135943913332,864691135685416946,1
864691135944010356,864691135662300912,1
864691135944010356,864691135662882544,1
864691135944010356,864691135685228471,3
864691135944010356,864691135685509362,2
864691135945234378,864691135684932791,1
864691135945373220,864691135684057842,1
864691135945378596,864691135662550512,1
864691135945389604,864691135662550512,1
864691135945400356,864691135684492215,1
864691135945400356,864691135685728695,1
864691135945405476,864691135684135922,1
864691135945409572,864691135675870962,3
864691135945431076,864691135675870962,1
864691135945440292,864691135683241458,1
864691135945442596,864691135682621588,1
864691135945443620,864691135683964855,1
864691135945443786,864691135684468372,1
864691135945453860,864691135684468372,1
864691135945462564,864691135684655031,1
864691135945484068,864691135684874935,1
864691135945484836,864691135684258290,1
864691135945490212,864691135684304370,2
864691135945507108,864691135684304370,1
864691135945511716,864691135684567282,1
864691135945513764,864691135684304370,1
864691135945514020,864691135684189682,1
864691135945514020,864691135684555447,1
864691135945528100,864691135683929271,1
864691135945548836,864691135684874935,1
864691135945548836,864691135684932791,1
864691135945563428,864691135675870962,1
864691135945572388,864691135684388850,1
864691135945901860,864691135684860855,1
864691135945904676,864691135685338295,1
864691135945974564,864691135683758322,1
864691135946055716,864691135684103666,1
864691135946339876,864691135684860855,1
864691135946360868,864691135684860855,1
864691135946367012,864691135685125303,1
864691135946382884,864691135684854455,1
864691135946412580,864691135684284914,1
864691135946415652,864691135683225842,1
864691135946529316,864691135685416946,1
864691135946629668,864691135683972535,1
864691135946629668,864691135684987540,1
864691135946634081,864691135684860855,1
864691135946634337,864691135684772791,2
864691135946660961,864691135684946615,1
864691135946662497,864691135684567282,2
864691135946665057,864691135684245234,1
864691135946686049,864691135680743828,1
864691135946778660,864691135684932791,1
864691135946871754,864691135684932791,1
864691135946896481,864691135685728695,1
864691135946936417,864691135684921783,1
864691135946937441,864691135683972535,1
864691135946994785,864691135684178930,1
864691135946994785,864691135685020599,1
864691135947044388,864691135683758322,1
864691135947044388,864691135684492215,1
864691135947044388,864691135685728695,1
864691135947045473,864691135684854455,1
864691135947145252,864691135662550512,5
864691135947145252,864691135685228471,1
864691135947175265,864691135684320754,1
864691135947175265,864691135684655031,1
864691135947187041,864691135681012164,1
864691135947354465,864691135684284914,1
864691135947404897,864691135684555447,1
864691135947435361,864691135682621588,1
864691135947475297,864691135684967607,1
864691135947562337,864691135684414135,1
864691135947572321,864691135680743828,1
864691135947615073,864691135684450034,1
864691135947615073,864691135684532919,1
864691135947626081,864691135684153074,1
864691135947626081,864691135685629170,1
864691135947650340,864691135684772791,1
864691135947653412,864691135685509362,1
864691135947775012,864691135684178930,2
864691135947787556,864691135684153074,1
864691135947805988,864691135684172018,1
864691135947870244,864691135662300912,1
864691135948010081,864691135684921783,1
864691135948415012,864691135685664498,1
864691135948449572,864691135685292727,1
864691135948462372,864691135684258290,1
864691135948462372,864691135684468372,1
864691135948462372,864691135685308087,1
864691135948462433,864691135683618034,1
864691135948462433,864691135684334578,1
864691135948721249,864691135685648823,1
864691135948814433,864691135684288754,1
864691135948814433,864691135684532919,1
864691135948814433,864691135685465783,2
864691135948962401,864691135681012164,1
864691135948962401,864691135684492215,2
864691135948962401,864691135685799863,1
864691135949056353,864691135685420274,1
864691135949111649,864691135684065778,1
864691135949111649,864691135684450034,1
864691135949112417,864691135662882544,1
864691135949112417,864691135684388850,1
864691135951958819,864691135685416946,1
864691135951975971,864691135685629170,1
864691135951980835,864691135684860855,1
864691135951990563,864691135684532919,1
864691135951999011,864691135684334578,1
864691135952010019,864691135684135922,1
864691135952018211,864691135684189682,1
864691135952018211,864691135685095095,1
864691135952022563,864691135685416946,1
864691135952029987,864691135684085746,1
864691135952215075,864691135684492215,1
864691135952216099,864691135683682290,1
864691135952216099,864691135684057842,1
864691135952217379,864691135684284914,2
864691135952343075,864691135662550512,1
864691135952512291,864691135684334578,1
864691135952512291,864691135684655031,1
864691135952512291,864691135684932791,1
864691135952810275,864691135684450034,2
864691135952917539,864691135684655031,1
864691135952936995,864691135683241714,1
864691135952952355,864691135683682290,1
864691135952952355,864691135684320754,2
864691135952952355,864691135684333042,2
864691135952952355,864691135684747447,1
864691135952952355,864691135685338295,2
864691135952956451,864691135684826807,1
864691135952956451,864691135685420274,1
864691135953110819,864691135685034994,1
864691135953424586,864691135680743828,1
864691135953432355,864691135683241458,3
864691135953746952,864691135685199602,2
864691135953755912,864691135662300912,1
864691135953847587,864691135684492215,1
864691135953853475,864691135683682290,1
864691135954181667,864691135684450034,1
864691135954181667,864691135685095095,1
864691135954181667,864691135685465783,5
864691135954393891,864691135683761394,1
864691135954443016,864691135685728695,1
864691135954514184,864691135685034994,1
864691135954520611,864691135684555447,1
864691135954537507,864691135685664498,1
864691135954592264,864691135684189682,1
864691135954603043,864691135684492215,1
864691135954604552,864691135684772791,2
864691135954640648,864691135662550512,1
864691135954640648,864691135684492215,2
864691135954640675,864691135685292727,1
864691135954699299,864691135684206322,1
864691135954699299,864691135684270834,1
864691135954699299,864691135684950258,6
864691135954699299,864691135685199602,1
864691135954699299,864691135685458162,2
864691135954699299,864691135685509362,1
864691135954699299,864691135685799863,1
864691135954729480,864691135685020599,1
864691135954735880,864691135684645362,1
864691135954769443,864691135662882544,1
864691135954784264,864691135684258290,1
864691135954793224,864691135683682290,1
864691135954798600,864691135682621588,1
864691135954810888,864691135684468372,1
864691135954813448,864691135684178674,7
864691135954813448,864691135684258290,1
864691135954813448,864691135684932791,2
864691135954844963,864691135683761394,2
864691135954961928,864691135684645362,1
864691135954961928,864691135685308087,1
864691135955194376,864691135684284914,1
864691135955194376,864691135685664498,1
864691135955268616,864691135685083319,1
864691135955268616,864691135685458162,3
864691135955320328,864691135664007620,1
864691135955320328,864691135685552370,1
864691135955481608,864691135685664498,2
864691135955574536,864691135683761394,1
864691135955574536,864691135684772791,2
864691135955703816,864691135685416946,1
864691135955817480,864691135684468372,1
864691135955912456,864691135685228471,1
864691135955912456,864691135685664498,2
864691135955919880,864691135684450034,2
864691135955919880,864691135685228471,3
864691135955919880,864691135685308087,1
864691135955919880,864691135685465783,4
864691135955962888,864691135685664498,2
864691135955970312,864691135684288754,1
864691135956022024,864691135684284914,1
864691135957223626,864691135684258290,1
864691135957223626,864691135684334578,1
864691135957223626,864691135684655031,2
864691135957223626,864691135684932791,1
864691135960960714,864691135684320754,1
864691135960960714,864691135684334578,2
864691135963906762,864691135683682290,1
864691135963906762,864691135684320754,1
864691135965047754,864691135683618034,1
864691135965047754,864691135683682290,1
864691135965047754,864691135684057842,1
864691135965047754,864691135684932791,1
864691135966688970,864691135683964855,1
864691135969046629,864691135675853508,1
864691135969368677,864691135684946615,1
864691135969389413,864691135685228471,1
864691135969423717,864691135685458162,1
864691135969695845,864691135683225842,1
864691135969746533,864691135684987540,1
864691135969832805,864691135683241458,1
864691135969844581,864691135684492215,1
864691135969913957,864691135684860855,1
864691135971154021,864691135683929271,1
864691135971154021,864691135685416946,1
864691135971172197,864691135684492215,1
864691135971172197,864691135685664498,1
864691135971252837,864691135662882544,6
864691135971252837,864691135684065778,1
864691135971252837,864691135684450034,5
864691135971252837,864691135684532919,2
864691135971252837,864691135685416946,2
864691135971252837,864691135685420274,1
864691135971252837,864691135685465783,1
864691135971552101,864691135685799863,1
864691135971725157,864691135684532919,1
864691135971725157,864691135685552370,1
864691135971734373,864691135684085746,1
864691135971734373,864691135684450034,1
864691135971734373,864691135685125303,1
864691135971734373,864691135685465783,1
864691135971743845,864691135685125303,1
864691135971841637,864691135683758322,1
864691135972666251,864691135683972535,1
864691135974430063,864691135675853508,1
864691135974459503,864691135684655031,1
864691135974742383,864691135675870962,1
864691135974802031,864691135685416946,1
864691135974870383,864691135684320754,2
864691135974872687,864691135684334578,1
864691135975000687,864691135682621588,1
864691135975291503,864691135683241458,1
864691135975304303,864691135684284914,1
864691135975315567,864691135684874935,1
864691135975339375,864691135675853508,1
864691135975370607,864691135680285892,1
864691135975437679,864691135684826807,2
864691135975446595,864691135683618034,1
864691135975446595,864691135683682290,7
864691135975465027,864691135684222450,1
864691135975476291,864691135664007620,1
864691135975484015,864691135662882544,1
864691135975499887,864691135675870962,1
864691135975502703,864691135685125303,2
864691135975509359,864691135680743828,1
864691135975509615,864691135684655031,1
864691135975739203,864691135685020599,1
864691135975764591,864691135684932791,1
864691135975822659,864691135685420274,1
864691135975829315,864691135684178930,1
864691135975843395,864691135684245234,1
864691135975875395,864691135684284914,2
864691135976134211,864691135684967607,1
864691135976155459,864691135684388850,1
864691135976164419,864691135684334578,1
864691135976343754,864691135680743828,1
864691135976343754,864691135684946615,3
864691135976376643,864691135684178930,1
864691135976376643,864691135685664498,2
864691135976432707,864691135684987540,1
864691135976486467,864691135684178930,1
864691135976492867,864691135684304370,2
864691135976524355,864691135684284914,3
864691135976527171,864691135685308087,1
864691135976619331,864691135684085746,1
864691135976813935,864691135675748338,2
864691135977047107,864691135682621588,1
864691135977114735,864691135684492215,1
864691135977114735,864691135685416946,1
864691135977309763,864691135685416946,1
864691135977416003,864691135685664498,1
864691135977736259,864691135685125303,1
864691135977736259,864691135685416946,1
864691135977750851,864691135684414135,1
864691135977768259,864691135662882544,1
864691135977768259,864691135685020599,1
864691135977768259,864691135685034994,1
864691135977880643,864691135684854455,1
864691135977925187,864691135683682290,7
864691135977925187,864691135685552370,1
864691135977925187,864691135685629170,1
864691135981790154,864691135680743828,1
864691135983638730,864691135684860855,12
864691135986874627,864691135684103666,1
864691135986918915,864691135684892855,1
864691135986925827,864691135683241714,1
864691135986937347,864691135685629170,2
864691135987279363,864691135684284914,1
864691135987808515,864691135685629170,1
864691135987922435,864691135684206322,3
864691135988021251,864691135684655031,2
864691135988023043,864691135675748338,1
864691135988027139,864691135683241458,1
864691135988027139,864691135684135922,1
864691135988273155,864691135684284914,1
864691135988305920,864691135685346546,1
864691135988315648,864691135684816311,1
864691135988412874,864691135684946615,3
864691135988412874,864691135685108628,1
864691135988523267,864691135684932791,1
864691135988524032,864691135684645362,1
864691135988644352,864691135684555447,2
864691135988692224,864691135682621588,1
864691135988692224,864691135684655031,3
864691135988779776,864691135684215282,1
864691135988779776,864691135684468372,1
864691135988790787,864691135685458162,1
864691135988800000,864691135662550512,1
864691135988885507,864691135685664498,1
864691135989134080,864691135664007620,1
864691135989164803,864691135684284914,1
864691135989198848,864691135684085746,1
864691135989263360,864691135684284914,1
864691135989272064,864691135684334578,1
864691135989272064,864691135684655031,1
864691135989272064,864691135684932791,1
864691135989296640,864691135684258290,1
864691135989297152,864691135683761394,1
864691135989317632,864691135684772791,2
864691135989321216,864691135675748338,2
864691135989321216,864691135684932791,1
864691135989344512,864691135685020599,1
864691135989386752,864691135685458162,1
864691135989472515,864691135684189682,2
864691135989573635,864691135684284914,3
864691135989688832,864691135684320754,1
864691135989713155,864691135685228471,1
864691135989739011,864691135684085746,1
864691135989739011,864691135685095095,1
864691135989739011,864691135685228471,2
864691135989739011,864691135685465783,1
864691135989740288,864691135684258290,2
864691135989964032,864691135684153074,1
864691135990450432,864691135684414135,1
864691135990450432,864691135684532919,1
864691135990793216,864691135683929271,1
864691135990851584,864691135684178674,2
864691135990890496,864691135662550512,2
864691135990890496,864691135685420274,2
864691135990890496,864691135685552370,2
864691135991075072,864691135662550512,1
864691135991091968,864691135685020599,1
864691135991159552,864691135684189682,2
864691135991197184,864691135684065778,2
864691135991197184,864691135684414135,1
864691135991197184,864691135684450034,1
864691135991197184,864691135684532919,1
864691135991197184,864691135685228471,2
864691135991197184,864691135685465783,1
864691135991221194,864691135680743828,1
864691135991221194,864691135684468372,1
864691135991477953,864691135683792370,1
864691135991502785,864691135683964855,4
864691135991502785,864691135685199602,1
864691135991503809,864691135685308087,1
864691135991509441,864691135684551863,1
864691135991523265,864691135684450034,1
864691135991526849,864691135685648823,1
864691135991658689,864691135684284914,1
864691135991740097,864691135684222450,1
864691135991800001,864691135675870962,1
864691135991870401,864691135683241458,1
864691135992215745,864691135684222450,1
864691135992317633,864691135683682290,1
864691135992367553,864691135684189682,1
864691135992448449,864691135684772791,1
864691135992454280,864691135685552370,1
864691135992477377,864691135683682290,1
864691135992477377,864691135684333042,5
864691135992485825,864691135683758322,2
864691135992497089,864691135664007620,1
864691135992784833,864691135685664498,1
864691135992790209,864691135685664498,1
864691135992791233,864691135680743828,1
864691135992791233,864691135684946615,1
864691135992800193,864691135685034994,1
864691135992948417,864691135684245234,2
864691135993113025,864691135684468372,3
864691135993113025,864691135685308087,1
864691135993486017,864691135684414135,3
864691135993600961,864691135683758322,1
864691135993698753,864691135683761394,6
864691135993698753,864691135684772791,7
864691135993698753,864691135685416946,1
864691135993739201,864691135685509362,1
864691135993739201,864691135685664498,1
864691135993770945,864691135684245234,2
864691135993787585,864691135684645362,1
864691135993787585,864691135685228471,1
864691135993807297,864691135684932791,1
864691135993815489,864691135685629170,1
864691135994055361,864691135683929271,1
864691135994076353,864691135662550512,1
864691135994127779,864691135684874935,1
864691135994144705,864691135683964855,1
864691135994201025,864691135685416946,1
864691135994222017,864691135685728695,2
864691135994229194,864691135683618034,3
864691135994229194,864691135683682290,2
864691135994229194,864691135684057842,4
864691135994229194,864691135684334578,1
864691135994229194,864691135684655031,1
864691135994229194,864691135684932791,1
864691135994399434,864691135685308087,1
864691135994453953,864691135684187378,1
864691135994473153,864691135662550512,6
864691135994473153,864691135684450034,5
864691135994473153,864691135685228471,1
864691135994473153,864691135685420274,2
864691135994473153,864691135685465783,1
864691135994483137,864691135662882544,1
864691135994483137,864691135685416946,1
864691135994525610,864691135685648823,1
864691135994534058,864691135662300912,1
864691135994549674,864691135662550512,3
864691135994554538,864691135664007620,1
864691135994556586,864691135684874935,1
864691135994556842,864691135684860855,1
864691135994574762,864691135684747447,1
864691135994574762,864691135685799863,1
864691135994819754,864691135684085746,4
864691135994819754,864691135684189682,4
864691135994819754,864691135684450034,2
864691135994874794,864691135684320754,3
864691135994874794,864691135684333042,1
864691135994883498,864691135685308087,1
864691135995104714,864691135683618034,1
864691135995104714,864691135683682290,3
864691135995104714,864691135683792370,3
864691135995104714,864691135684320754,10
864691135995104714,864691135684333042,1
864691135995104714,864691135684334578,1
864691135995104714,864691135684655031,1
864691135995266762,864691135684468372,1
864691135995266762,864691135685308087,1
864691135995275946,864691135684826807,1
864691135995481770,864691135684932791,1
864691135995495594,864691135685308087,1
864691135995560618,864691135684334578,1
864691135995560618,864691135684655031,1
864691135995586506,864691135683241458,1
864691135995586506,864691135684135922,1
864691135995586506,864691135684245234,1
864691135995730858,864691135684065778,1
864691135995730858,864691135684921271,1
864691135995730858,864691135685034994,2
864691135995787434,864691135685648823,1
864691135995909546,864691135680285892,5
864691135995909546,864691135684321522,1
864691135995909546,864691135685648823,1
864691135996030890,864691135685125303,1
864691135996249002,864691135685552370,2
864691135996249002,864691135685799863,4
864691135996278442,864691135685664498,2
864691135996633002,864691135685125303,1
864691135997425834,864691135684450034,1
864691135997451690,864691135685416946,2
864691135997528490,864691135684492215,1
864691135997680042,864691135684189682,3
864691135997680042,864691135684414135,3
864691135997680042,864691135684450034,1
864691135997680042,864691135684532919,2
864691135997689514,864691135684468372,2
864691136000086730,864691135683682290,1
864691136000768458,864691135685108628,1
864691136001931978,864691135683618034,2
864691136001931978,864691135683682290,8
864691136001931978,864691135684320754,1
864691136001931978,864691135684333042,1
864691136001931978,864691135684655031,3
864691136001931978,864691135684932791,1
864691136002345930,864691135684655031,1
864691136003918538,864691135683618034,1
864691136004710858,864691135684304370,1
864691136004715722,864691135685034994,1
864691136004733130,864691135685465783,1
864691136004756170,864691135685346546,2
864691136004758986,864691135680285892,3
864691136004758986,864691135684135922,1
864691136004763338,864691135684334578,1
864691136004773066,864691135684946615,1
864691136004885706,864691135681012164,1
864691136004885706,864691135683225842,1
864691136004885706,864691135685292727,1
864691136005069514,864691135683241458,1
864691136005069514,864691135684215282,2
864691136005069514,864691135684245234,3
864691136005069514,864691135684334578,1
864691136005187530,864691135685095095,1
864691136005203146,864691135683792370,1
864691136005203146,864691135684320754,4
864691136005203146,864691135684747447,1
864691136005270730,864691135684189682,2
864691136005543626,864691135685095095,1
864691136005695178,864691135683225842,1
864691136005765578,864691135683241714,1
864691136005816266,864691135684085746,2
864691136005816266,864691135684826807,1
864691136005816266,864691135685095095,2
864691136005816266,864691135685465783,7
864691136005830090,864691135685308087,1
864691136006313162,864691135685664498,1
864691136006344650,864691135685648823,1
864691136007095498,864691135685465783,1
864691136007237578,864691135662275312,1
864691136007393994,864691135662882544,2
864691136007393994,864691135684450034,1
864691136007393994,864691135685228471,1
864691136007393994,864691135685416946,4
864691136008396204,864691135685308087,1
864691136008402604,864691135684284914,3
864691136008455340,864691135683241458,1
864691136008545710,864691135685664498,1
864691136008551342,864691135684860855,1
864691136008567214,864691135684215282,1
864691136008743596,864691135683761394,4
864691136008743596,864691135684772791,1
864691136008902830,864691135685034994,1
864691136008962990,864691135664007620,1
864691136008962990,864691135684320754,1
864691136008962990,864691135685108628,1
864691136008966574,864691135683618034,2
864691136008966574,864691135684987540,2
864691136008967340,864691135684189682,4
864691136009073582,864691135684288754,1
864691136009346478,864691135683964855,1
864691136009393326,864691135683682290,1
864691136009397422,864691135685083319,1
864691136009415340,864691135683792370,1
864691136009427628,864691135685228471,1
864691136009428396,864691135664007620,1
864691136009429932,864691135684946615,1
864691136009497518,864691135684284914,1
864691136009506734,864691135684772791,3
864691136009511596,864691135684932791,1
864691136009515438,864691135662300912,1
864691136009515438,864691135684284914,1
864691136009641644,864691135662882544,1
864691136009658540,864691135684655031,2
864691136009890476,864691135685338295,1
864691136009890476,864691135685552370,4
864691136009905070,864691135685458162,1
864691136010228398,864691135685420274,1
864691136010483886,864691135685664498,2
864691136010487982,864691135684222450,1
864691136010487982,864691135685629170,1
864691136010513326,864691135685338295,1
864691136010513326,864691135685552370,4
864691136010593198,864691135662550512,1
864691136010730412,864691135685458162,1
864691136010800812,864691135662882544,1
864691136010802860,864691135685664498,3
864691136010878371,864691135684645362,1
864691136010879907,864691135675853508,1
864691136010917027,864691135685728695,1
864691136010917283,864691135684215282,1
864691136010926755,864691135684270834,1
864691136010926755,864691135684321522,1
864691136010929827,864691135685346546,2
864691136010938019,864691135684946615,1
864691136010957731,864691135683761394,1
864691136011067054,864691135685034994,1
864691136011263651,864691135685416946,1
864691136011309475,864691135684215282,1
864691136011350179,864691135684555447,1
864691136011401123,864691135684284914,1
864691136011407011,864691135684284914,7
864691136011444899,864691135685228471,1
864691136011458734,864691135684388850,2
864691136011458734,864691135684950258,1
864691136011458734,864691135685125303,1
864691136011458734,864691135685416946,5
864691136011485614,864691135662882544,1
864691136011485614,864691135685125303,1
864691136011485614,864691135685416946,3
864691136011600302,864691135684921271,1
864691136011600302,864691135685083319,1
864691136011600302,864691135685228471,4
864691136011603107,864691135684772791,1
864691136011618211,864691135684860855,2
864691136011632547,864691135684551863,1
864691136011667374,864691135662550512,1
864691136011667374,864691135685420274,1
864691136011684526,864691135662550512,1
864691136011706531,864691135684189682,1
864691136011733934,864691135662882544,2
864691136011733934,864691135685199602,1
864691136011733934,864691135685228471,2
864691136011733934,864691135685509362,1
864691136011733934,864691135685799863,1
864691136011782318,864691135684492215,5
864691136011782318,864691135685799863,1
864691136011793582,864691135664007620,1
864691136011793582,864691135684492215,1
864691136011810211,864691135684258290,2
864691136011818147,864691135683241714,1
864691136011842990,864691135685034994,1
864691136011850926,864691135684816311,1
864691136011850926,864691135685228471,1
864691136011892142,864691135684468372,1
864691136011900835,864691135684492215,1
864691136011903395,864691135685346546,1
864691136011908515,864691135685308087,1
864691136011931299,864691135684085746,1
864691136011969187,864691135664007620,1
864691136011969187,864691135685420274,1
864691136012046499,864691135684334578,1
864691136012166819,864691135682621588,1
864691136012173475,864691135662550512,2
864691136012302755,864691135683761394,1
864691136012563363,864691135684178930,2
864691136012563363,864691135684284914,2
864691136012563619,864691135684189682,1
864691136012942499,864691135684065778,1
864691136012948387,864691135683225842,1
864691136012948387,864691135684468372,1
864691136012948387,864691135685629170,1
864691136013147555,864691135662882544,1
864691136013147555,864691135685034994,1
864691136013160611,864691135683761394,1
864691136013242787,864691135685020599,1
864691136013242787,864691135685799863,2
864691136013367715,864691135683241458,2
864691136013367715,864691135684645362,1
864691136013367715,864691135684967607,1
864691136013367715,864691135685228471,1
864691136013552035,864691135684555447,1
864691136013590179,864691135685338295,1
864691136013653411,864691135684414135,3
864691136013653411,864691135684450034,3
864691136013681315,864691135685228471,1
864691136013734307,864691135685509362,2
864691136020217336,864691135684085746,2
864691136020241144,864691135685199602,1
864691136020242168,864691135684222450,1
864691136020243960,864691135684284914,1
864691136020254712,864691135684284914,1
864691136020256248,864691135683241714,1
864691136020257528,864691135684532919,2
864691136020260088,864691135683241714,2
864691136020284408,864691135684135922,2
864691136020287992,864691135680743828,1
864691136020311800,864691135685034994,1
864691136020317688,864691135680743828,1
864691136020324856,864691135684320754,2
864691136020328952,864691135684284914,2
864691136020717816,864691135684065778,1
864691136020717816,864691135684189682,2
864691136020717816,864691135684450034,1
864691136021014008,864691135685308087,1
864691136021044216,864691135685664498,1
864691136021064184,864691135683761394,1
864691136021117688,864691135684334578,1
864691136021122552,864691135684772791,1
864691136021236984,864691135684189682,1
864691136021262584,864691135685228471,2
864691136021266168,864691135685125303,1
864691136021266168,864691135685416946,1
864691136021279992,864691135685552370,1
864691136021311736,864691135685458162,1
864691136021434104,864691135680743828,1
864691136021448184,864691135684258290,1
864691136021592568,864691135685664498,4
864691136021671672,864691135685034994,1
864691136021895416,864691135683241458,1
864691136021895416,864691135683618034,2
864691136021895416,864691135683682290,2
864691136021895416,864691135684215282,1
864691136021895416,864691135684334578,2
864691136021895416,864691135684468372,1
864691136021895416,864691135684932791,1
864691136022435576,864691135685034994,1
864691136022684408,864691135683761394,2
864691136022735608,864691135685125303,1
864691136022801656,864691135684085746,1
864691136023725881,864691135684284914,2
864691136023726137,864691135683241714,1
864691136023749689,864691135685108628,1
864691136023760185,864691135684860855,1
864691136023763257,864691135684215282,1
864691136023763769,864691135684932791,1
864691136023772473,864691135684450034,3
864691136023778361,864691135684245234,1
864691136023797561,864691135683761394,1
864691136023797561,864691135684772791,1
864691136023811897,864691135684065778,1
864691136023811897,864691135684532919,2
864691136023813689,864691135684189682,1
864691136023822905,864691135685228471,4
864691136023822905,864691135685664498,3
864691136023980601,864691135684932791,1
864691136023998265,864691135685228471,1
864691136024186937,864691135685108628,1
864691136024228409,864691135684284914,1
864691136024234553,864691135684187378,1
864691136024406841,864691135684304370,2
864691136024578105,864691135684932791,1
864691136024618041,864691135684946615,2
864691136024641081,864691135675853508,4
864691136024715321,864691135675870962,1
864691136024751161,864691135684450034,2
864691136024809529,864691135683972535,1
864691136024810553,864691135685228471,1
864691136024813369,864691135684334578,1
864691136024813369,864691135684655031,1
864691136024826169,864691135685034994,1
864691136024828729,864691135683225842,1
864691136024833337,864691135684320754,1
864691136024833337,864691135684645362,1
864691136024928313,864691135685664498,1
864691136024984377,864691135683618034,1
864691136024984377,864691135684334578,1
864691136024984377,864691135684932791,2
864691136025093689,864691135684334578,2
864691136025093689,864691135684932791,1
864691136025145145,864691135684921271,2
864691136025164601,864691135684468372,1
864691136025221945,864691135685664498,1
864691136025504569,864691135685125303,2
864691136025913913,864691135683929271,8
864691136026013497,864691135685228471,1
864691136026183993,864691135662550512,1
864691136026198585,864691135685416946,1
864691136026245689,864691135684065778,2
864691136026263353,864691135684085746,2
864691136026263353,864691135685095095,2
864691136026263353,864691135685465783,2
864691136026266681,864691135685416946,2
864691136026317113,864691135683929271,1
864691136026317113,864691135684178930,1
864691136026331449,864691135662550512,2
864691136026331449,864691135684967607,1
864691136026356281,864691135685020599,1
864691136027925585,864691135685465783,1
864691136031645115,864691135685664498,1
864691136031645627,864691135685664498,1
864691136031650491,864691135684189682,1
864691136031650491,864691135685228471,1
864691136031671227,864691135684468372,1
864691136031682235,864691135683761394,3
864691136031682235,864691135684772791,1
864691136031694011,864691135685346546,1
864691136031726267,864691135685552370,1
864691136031752891,864691135684284914,1
864691136031761083,864691135684772791,1
864691136031775163,864691135675853508,1
864691136031896251,864691135683929271,1
864691136031963579,864691135684826807,1
864691136031970747,864691135684826807,1
864691136031982011,864691135684932791,1
864691136032241083,864691135662882544,1
864691136032437691,864691135684304370,1
864691136032441275,864691135684085746,2
864691136032504507,864691135684468372,1
864691136032510139,864691135684284914,1
864691136032591291,864691135683761394,1
864691136032654523,864691135680743828,1
864691136032658107,864691135685228471,1
864691136032665787,864691135662300912,1
864691136032703931,864691135685416946,1
864691136032748731,864691135684921783,1
864691136033146555,864691135681012164,1
864691136033166011,864691135685416946,1
864691136033279419,864691135685228471,1
864691136033414843,864691135684655031,1
864691136033465275,864691135685416946,1
864691136033725883,864691135685664498,1
864691136033786043,864691135684284914,2
864691136033989051,864691135662882544,1
864691136034011579,864691135662275312,1
864691136034086587,864691135675853508,1
864691136034271675,864691135685125303,1
864691136034274747,864691135685458162,1
864691136034294459,864691135684215282,1
864691136034294459,864691135684932791,1
864691136034454971,864691135684450034,1
864691136034487483,864691135684388850,1
864691136034487483,864691135684950258,1
864691136034487483,864691135685728695,5
864691136034570683,864691135684826807,1
864691136034573243,864691135662275312,1
864691136034575547,864691135684288754,1
864691136034604987,864691135662550512,1
864691136034604987,864691135685420274,2
864691136039341310,864691135685664498,1
864691136039342846,864691135685664498,1
864691136039374590,864691135685108628,1
864691136039393790,864691135685308087,1
864691136039406334,864691135685799863,1
864691136039704830,864691135683241714,1
864691136039792126,864691135662550512,2
864691136039819006,864691135680285892,1
864691136040237822,864691135684468372,1
864691136040237822,864691135684932791,2
864691136040287742,864691135684555447,1
864691136040349438,864691135684215282,1
864691136040390654,864691135684932791,1
864691136040831742,864691135685338295,1
864691136040999254,864691135685108628,1
864691136041001046,864691135685629170,1
864691136041021782,864691135683241714,1
864691136041028694,864691135682621588,1
864691136041046782,864691135685228471,1
864691136041047894,864691135683241458,1
864691136041048062,864691135685228471,1
864691136041058134,864691135684189682,1
864691136041076990,864691135662550512,1
864691136041076990,864691135683758322,1
864691136041076990,864691135684921271,1
864691136041234006,864691135684085746,1
864691136041504254,864691135684555447,1
864691136041518678,864691135685199602,1
864691136041575678,864691135685228471,1
864691136041604438,864691135675853508,4
864691136041604438,864691135684153074,1
864691136041604438,864691135685020599,3
864691136041642494,864691135662275312,1
864691136041642494,864691135662882544,3
864691136041642494,864691135684450034,5
864691136041642494,864691135684826807,1
864691136041642494,864691135685416946,1
864691136041679702,864691135685346546,1
864691136041694718,864691135662550512,1
864691136041701118,864691135684450034,1
864691136041737470,864691135683929271,1
864691136041866582,864691135684103666,1
864691136041922902,864691135684189682,1
864691136041942102,864691135683758322,1
864691136042056022,864691135675748338,1
864691136042097238,864691135684860855,3
864691136042130518,864691135684284914,1
864691136042152022,864691135684284914,2
864691136042154838,864691135684258290,1
864691136042241110,864691135680743828,1
864691136042289238,864691135685420274,1
864691136042350422,864691135683682290,5
864691136042350422,864691135683792370,1
864691136042350422,864691135684057842,2
864691136042350422,864691135684333042,1
864691136042350422,864691135685338295,2
864691136042350422,864691135685552370,1
864691136042515798,864691135662300912,1
864691136042854742,864691135684085746,1
864691136042859862,864691135662550512,6
864691136043001686,864691135685034994,2
864691136043182934,864691135683225842,2
864691136043245654,864691135681012164,1
864691136043352150,864691135684284914,1
864691136043384406,864691135662550512,1
864691136043601238,864691135662550512,1
864691136043601238,864691135684492215,3
864691136043601238,864691135685552370,1
864691136045331592,864691135684747447,1
864691136050839027,864691135684284914,1
864691136050842099,864691135684284914,1
864691136050842099,864691135685648823,1
864691136050904819,864691135685346546,2
864691136051028979,864691135684772791,1
864691136051148531,864691135683225842,1
864691136051185651,864691135684085746,1
864691136051185651,864691135685095095,1
864691136051191947,864691135684258290,1
864691136051274483,864691135684854455,1
864691136051380979,864691135685308087,1
864691136051584755,864691135684085746,1
864691136051708915,864691135684187378,1
864691136051728883,864691135684772791,1
864691136051728883,864691135685664498,1
864691136051750387,864691135684570039,1
864691136051756531,864691135684187378,1
864691136051807731,864691135684645362,1
864691136051818227,864691135685199602,1
864691136051830771,864691135675870962,1
864691136051830771,864691135684932791,5
864691136051830771,864691135684987540,4
864691136051842547,864691135685199602,1
864691136052471539,864691135662882544,3
864691136052738803,864691135683929271,2
864691136052738803,864691135685420274,1
864691136052882163,864691135685465783,1
864691136053040883,864691135684284914,2
864691136053140723,864691135684284914,1
864691136053140723,864691135684826807,1
864691136053201395,864691135684284914,2
864691136053225715,864691135684153074,1
864691136053225715,864691135685020599,1
864691136053305075,864691135684950258,1
864691136053419251,864691135685420274,1
864691136053537779,864691135683618034,2
864691136053537779,864691135685308087,2
864691136053537779,864691135685346546,1
864691136053645299,864691135664007620,1
864691136053645299,864691135684747447,1
864691136053645299,864691135685338295,1
864691136053645299,864691135685552370,1
864691136053645299,864691135685799863,1
864691136053842675,864691135685199602,1
864691136054728323,864691135684284914,1
864691136056311768,864691135685083319,1
864691136056324056,864691135684320754,2
864691136056324056,864691135684932791,1
864691136056344280,864691135684874935,1
864691136056362456,864691135684258290,1
864691136056366552,864691135685664498,1
864691136056375000,864691135683241714,1
864691136056378840,864691135684772791,1
864691136056391896,864691135684334578,1
864691136056391896,864691135684468372,1
864691136056523992,864691135684414135,1
864691136056642264,864691135684334578,1
864691136056773592,864691135685199602,1
864691136056791512,864691135684987540,1
864691136056800728,864691135684492215,1
864691136057103576,864691135684921271,1
864691136057103576,864691135685338295,1
864691136057120216,864691135662550512,2
864691136057150936,864691135662300912,1
864691136057161688,864691135684932791,1
864691136057172184,864691135684468372,1
864691136057180632,864691135685308087,1
864691136057331160,864691135662550512,1
864691136057332184,864691135683792370,1
864691136057332184,864691135684333042,2
864691136057333976,864691135662550512,2
864691136057333976,864691135685420274,1
864691136057350360,864691135684206322,1
864691136057357016,864691135685420274,1
864691136057357528,864691135683241458,2
864691136057357528,864691135684468372,1
864691136057707992,864691135684932791,1
864691136057723352,864691135684085746,3
864691136057723352,864691135685465783,1
864691136057775320,864691135675853508,1
864691136057775320,864691135685728695,1
864691136057792728,864691135662550512,1
864691136058116568,864691135684085746,1
864691136058116568,864691135684532919,2
864691136058116568,864691135685465783,1
864691136058242520,864691135685228471,1
864691136058673880,864691135685509362,1
864691136058752216,864691135684921271,1
864691136058752216,864691135685228471,1
864691136058810328,864691135683929271,1
864691136058810328,864691135684153074,1
864691136058810328,864691135684288754,1
864691136058810328,864691135684414135,1
864691136058810328,864691135684826807,1
864691136058810328,864691135685465783,1
864691136058963160,864691135662882544,1
864691136058963160,864691135684065778,1
864691136058963160,864691135684085746,1
864691136058963160,864691135684450034,6
864691136058963160,864691135684532919,1
864691136058963160,864691135685416946,1
864691136058963160,864691135685465783,2
864691136058994904,864691135685228471,1
864691136065219992,864691135684284914,1
864691136065258904,864691135684085746,1
864691136065259928,864691135684333042,1
864691136065260696,864691135684222450,1
864691136065268120,864691135684450034,1
864691136065270680,864691135684284914,1
864691136065272216,864691135685292727,1
864691136065274008,864691135684967607,1
864691136065278104,864691135685664498,1
864691136065290136,864691135684065778,1
864691136065290392,864691135684284914,2
864691136065683864,864691135684414135,1
864691136065683864,864691135684532919,2
864691136065733528,864691135683761394,1
864691136065748099,864691135684284914,1
864691136065821592,864691135684655031,1
864691136065851288,864691135675748338,1
864691136065889688,864691135684532919,1
864691136065940120,864691135662300912,1
864691136066231960,864691135684334578,1
864691136066337688,864691135675870962,1
864691136066337944,864691135662550512,1
864691136066398360,864691135683761394,1
864691136066398360,864691135685664498,2
864691136066419864,864691135685465783,1
864691136066527128,864691135685020599,1
864691136066746776,864691135662550512,1
864691136066762136,864691135684284914,1
864691136066913432,864691135684950258,1
864691136067018392,864691135685083319,1
864691136067418008,864691135685458162,1
864691136067602328,864691135683618034,1
864691136067615384,864691135683758322,2
864691136067716504,864691135684921271,1
864691136067718040,864691135662550512,2
864691136067766936,864691135685664498,1
864691136067803288,864691135683792370,1
864691136067819416,864691135662275312,1
864691136067819416,864691135684772791,1
864691136067819416,864691135684950258,1
864691136067819416,864691135685125303,13
864691136067891096,864691135685629170,1
864691136084053612,864691135685458162,1
864691136084056684,864691135675853508,1
864691136084056684,864691135684492215,1
864691136084058988,864691135684284914,1
864691136084060524,864691135685346546,2
864691136084074092,864691135684320754,1
864691136084077676,864691135684655031,2
864691136084077676,864691135684932791,2
864691136084264556,864691135683792370,1
864691136084328044,864691135684065778,1
864691136084388972,864691135684946615,1
864691136084574572,864691135684854455,1
864691136084664940,864691135684103666,1
864691136084664940,864691135684284914,2
864691136084721260,864691135684468372,2
864691136084953452,864691135684874935,1
864691136084958316,864691135685020599,1
864691136085202284,864691135684333042,1
864691136085255020,864691135685308087,1
864691136085267052,864691135684258290,1
864691136085394028,864691135684932791,1
864691136085468780,864691135684215282,3
864691136085468780,864691135684258290,2
864691136085468780,864691135684468372,3
864691136086239084,864691135684333042,1
864691136086371948,864691135684450034,1
864691136086639212,864691135685420274,3
864691136086667628,864691135684284914,1
864691136086667628,864691135685509362,1
864691136086689388,864691135684450034,2
864691136086705260,864691135685799863,1
864691136086755436,864691135685416946,2
864691136086755436,864691135685664498,2
864691136086772844,864691135684950258,1
864691136086772844,864691135685199602,4
864691136086772844,864691135685552370,1
864691136086772844,864691135685799863,2
864691136086824300,864691135684284914,2
864691136088951607,864691135684932791,2
864691136088959543,864691135683761394,1
864691136088966967,864691135684468372,1
864691136088969271,864691135683241714,2
864691136088974647,864691135684172018,1
864691136088974647,864691135685199602,1
864691136089112631,864691135684245234,4
864691136089175351,864691135683758322,1
864691136089178679,864691135662300912,1
864691136089194039,864691135684645362,1
864691136089254199,864691135675748338,1
864691136089261623,864691135684178674,1
864691136089422903,864691135685664498,1
864691136089437751,864691135684284914,2
864691136089447991,864691135683761394,1
864691136089450807,864691135684065778,3
864691136089450807,864691135684532919,2
864691136089463863,864691135684921271,1
864691136090095415,864691135684747447,1
864691136090104119,864691135684655031,1
864691136090106679,864691135684178674,1
864691136090117687,864691135684284914,1
864691136090479159,864691135683682290,1
864691136090479159,864691135684921783,1
864691136090632503,864691135685034994,1
864691136090689847,864691135684284914,1
864691136090814775,864691135684932791,1
864691136090898356,864691135675748338,1
864691136090903732,864691135684284914,1
864691136090914996,864691135685199602,1
864691136090918324,864691135684321522,1
864691136090928820,864691135685020599,2
864691136090943924,864691135683241458,2
864691136091074615,864691135684320754,1
864691136091231156,864691135684304370,1
864691136091235639,864691135685034994,1
864691136091310391,864691135683241714,2
864691136091310391,864691135684215282,1
864691136091311028,864691135683618034,1
864691136091373236,864691135685034994,1
864691136091413428,864691135684304370,1
864691136091460532,864691135684189682,1
864691136091464884,864691135685034994,1
864691136091465140,864691135684284914,2
864691136091526836,864691135684414135,1
864691136091526836,864691135684450034,1
864691136091620919,864691135684854455,1
864691136091718711,864691135684747447,3
864691136091718711,864691135685552370,2
864691136091718711,864691135685799863,1
864691136091775156,864691135685034994,1
864691136091779383,864691135685664498,4
864691136091996596,864691135684772791,1
864691136092483508,864691135685020599,2
864691136092483508,864691135685552370,8
864691136092483508,864691135685799863,1
864691136092646836,864691135683761394,1
864691136092646836,864691135684816311,2
864691136092658356,864691135684932791,1
864691136092753588,864691135684320754,1
864691136092811700,864691135662300912,1
864691136092831668,864691135685664498,1
864691136092922804,864691135684304370,1
864691136092922804,864691135685034994,1
864691136092950964,864691135684085746,1
864691136092950964,864691135684450034,1
864691136092950964,864691135685465783,2
864691136093111476,864691135684826807,1
864691136093202356,864691135684950258,1
864691136093298100,864691135684932791,1
864691136093339828,864691135683758322,2
864691136093396404,864691135685125303,2
864691136099760757,864691135685664498,1
864691136099761525,864691135662275312,1
864691136099761525,864691135685125303,1
864691136099767669,864691135684932791,1
864691136099795317,864691135684946615,1
864691136099824501,864691135683618034,1
864691136100014453,864691135684826807,1
864691136100075125,864691135683682290,1
864691136100075125,864691135684057842,1
864691136100107893,864691135675870962,2
864691136100209781,864691135662550512,1
864691136100252021,864691135662550512,2
864691136100337269,864691135680743828,1
864691136100767861,864691135684284914,1
864691136100882037,864691135662882544,1
864691136100882037,864691135685420274,1
864691136100896117,864691135675870962,1
864691136100922229,864691135684551863,1
864691136100924277,864691135684258290,1
864691136100924277,864691135684468372,1
864691136100924789,864691135684655031,2
864691136101089397,864691135684258290,1
864691136101136757,864691135683241458,1
864691136101136757,864691135684468372,1
864691136101295221,864691135684468372,1
864691136101441909,864691135664007620,1
864691136101441909,864691135684153074,1
864691136101441909,864691135684492215,1
864691136101520245,864691135683761394,1
864691136101571189,864691135662550512,1
864691136101618293,864691135685416946,2
864691136101767541,864691135662882544,2
864691136101767541,864691135684816311,1
864691136102047349,864691135685416946,1
864691136102207349,864691135685664498,2
864691136102267253,864691135684414135,1
864691136102330997,864691135684388850,1
864691136102393205,864691135684468372,1
864691136104970371,864691135684570039,2
864691136104970371,864691135685034994,1
864691136105444057,864691135684284914,1
864691136105452761,864691135684492215,1
864691136105453529,864691135684187378,1
864691136105462745,864691135684320754,1
864691136105462745,864691135684333042,1
864691136105478361,864691135684103666,1
864691136105516505,864691135684189682,1
864691136105516505,864691135684854455,1
864691136105522137,864691135684645362,3
864691136105872345,864691135684172018,1
864691136105899737,864691135684245234,1
864691136105950169,864691135683225842,1
864691136105950169,864691135684645362,1
864691136106015193,864691135684245234,1
864691136106015193,864691135684468372,1
864691136106218201,864691135684258290,1
864691136106349273,864691135685125303,1
864691136106586841,864691135664007620,1
864691136106743513,864691135684258290,1
864691136106766553,864691135685664498,1
864691136106802393,864691135685199602,1
864691136107405273,864691135684645362,1
864691136108128217,864691135685664498,2
864691136108411097,864691135662550512,2
864691136108411097,864691135685228471,1
864691136108482009,864691135685420274,1
864691136108611033,864691135662550512,2
864691136108611033,864691135684288754,1
864691136108611033,864691135685095095,1
864691136108611033,864691135685465783,6
864691136108622041,864691135684532919,1
864691136108627417,864691135683682290,1
864691136108649433,864691135684816311,1
864691136108696248,864691135684551863,1
864691136108703107,864691135684570039,1
864691136108703107,864691135685034994,1
864691136108707256,864691135675870962,1
864691136108709048,864691135683761394,1
864691136108710072,864691135685308087,1
864691136108712632,864691135675748338,1
864691136108726712,864691135684178674,1
864691136108732088,864691135684288754,1
864691136108739512,864691135684772791,1
864691136108746936,864691135684103666,1
864691136108794040,864691135662275312,1
864691136108810168,864691135684085746,1
864691136108871096,864691135680743828,1
864691136108871096,864691135684987540,1
864691136109347256,864691135684320754,1
864691136109371576,864691135683682290,1
864691136109371576,864691135684206322,3
864691136109729976,864691135683241714,7
864691136109729976,864691135684987540,1
864691136109767608,864691135684222450,1
864691136109773752,864691135683929271,1
864691136109891512,864691135684655031,1
864691136109891512,864691135685629170,1
864691136109892024,864691135685338295,1
864691136109898936,864691135684645362,1
864691136110005176,864691135683618034,1
864691136110005176,864691135684932791,1
864691136110107576,864691135683761394,1
864691136110206904,864691135684215282,1
864691136110206904,864691135684258290,4
864691136110206904,864691135684468372,6
864691136110362296,864691135683792370,1
864691136110362296,864691135684320754,2
864691136110362296,864691135684333042,1
864691136110362296,864691135684655031,1
864691136110660536,864691135684772791,1
864691136110703288,864691135685034994,1
864691136110703288,864691135685228471,1
864691136110965176,864691135684284914,1
864691136111176888,864691135684414135,1
864691136111176888,864691135684450034,1
864691136111185336,864691135684065778,1
864691136111185336,864691135684450034,5
864691136111185336,864691135684532919,3
864691136111185336,864691135685416946,2
864691136111359928,864691135684645362,2
864691136111461560,864691135664007620,1
864691136112975838,864691135684570039,1
864691136113802371,864691135684570039,1
864691136116148900,864691135685199602,1
864691136116149412,864691135675853508,1
864691136116158372,864691135685552370,1
864691136116177572,864691135683792370,1
864691136116179620,864691135684258290,1
864691136116180644,864691135684245234,1
864691136116186788,864691135684334578,1
864691136116186788,864691135684645362,3
864691136116186788,864691135684655031,1
864691136116186788,864691135684932791,1
864691136116447908,864691135684946615,1
864691136116573604,864691135682621588,1
864691136116803236,864691135675748338,1
864691136116845988,864691135684189682,1
864691136116899492,864691135684932791,1
864691136116962724,864691135662882544,1
864691136116982692,864691135684772791,1
864691136117030820,864691135675748338,1
864691136117039524,864691135683761394,1
864691136117045412,864691135684284914,1
864691136117069220,864691135684772791,3
864691136117078436,864691135684826807,1
864691136117081764,864691135684245234,1
864691136117085860,864691135684334578,1
864691136117147300,864691135683241458,1
864691136117220772,864691135684450034,1
864691136117220772,864691135684555447,1
864691136117229476,864691135684932791,2
864691136117460644,864691135684921271,1
864691136118418456,864691135685308087,1
864691136118427928,864691135662275312,1
864691136118430628,864691135684333042,1
864691136118439448,864691135685083319,1
864691136118441496,864691135683972535,1
864691136118441496,864691135684178674,1
864691136118441496,864691135684987540,5
864691136118442520,864691135684135922,1
864691136118603172,864691135684826807,1
864691136118784792,864691135684215282,2
864691136118784792,864691135684468372,2
864691136118784792,864691135684932791,2
864691136118851748,864691135662550512,1
864691136118878116,864691135662882544,3
864691136118878116,864691135684950258,2
864691136118878116,864691135685228471,1
864691136118878116,864691135685416946,1
864691136118878116,864691135685509362,1
864691136119054500,864691135684932791,1
864691136119208984,864691135682621588,1
864691136119414040,864691135685552370,1
864691136119426584,864691135683758322,2
864691136119426584,864691135685228471,1
864691136119527960,864691135683682290,3
864691136119925016,864691135685228471,1
864691136119929368,864691135684057842,2
864691136119929368,864691135684245234,1
864691136119929368,864691135685308087,1
864691136119929368,864691135685346546,1
864691136120137752,864691135684492215,12
864691136120137752,864691135685728695,1
864691136120578072,864691135684826807,2
864691136120578072,864691135685420274,1
864691136120642584,864691135684655031,1
864691136120642584,864691135685346546,1
864691136120733464,864691135685199602,1
864691136120753176,864691135683761394,1
864691136120753176,864691135684772791,1
864691136120834072,864691135683758322,1
864691136120844312,864691135684450034,1
864691136123270531,864691135684570039,2
864691136123679782,864691135684967607,1
864691136123681830,864691135680285892,1
864691136123691046,864691135684284914,2
864691136123706150,864691135684468372,1
864691136123706662,864691135685034994,1
864691136123730214,864691135684334578,1
864691136123730214,864691135685108628,1
864691136123732518,864691135685308087,12
864691136123733030,864691135684468372,2
864691136123733286,864691135683682290,3
864691136123734310,864691135681012164,1
864691136123737638,864691135685346546,6
864691136123749158,864691135683964855,1
864691136123755814,864691135685338295,1
864691136123761190,864691135684222450,1
864691136123784742,864691135683761394,2
864691136123787046,864691135684570039,1
864691136123791398,864691135684270834,1
864691136123847206,864691135675748338,2
864691136123937574,864691135684333042,1
864691136124087590,864691135684967607,1
864691136124158758,864691135684987540,1
864691136124358950,864691135684284914,1
864691136124362534,864691135684189682,1
864691136124390438,864691135684284914,1
864691136124474662,864691135683682290,2
864691136124475174,864691135684284914,1
864691136124593958,864691135684950258,2
864691136124603174,864691135684206322,1
864691136124603174,864691135684258290,1
864691136124603174,864691135684334578,6
864691136124603174,864691135684468372,1
864691136124604710,864691135684892855,1
864691136124758054,864691135684388850,1
864691136125019942,864691135684932791,1
864691136125215526,864691135684967607,1
864691136125411622,864691135685034994,1
864691136125411622,864691135685416946,2
864691136125466406,864691135685125303,1
864691136125573414,864691135685125303,1
864691136125594406,864691135685228471,1
864691136125670950,864691135683758322,1
864691136125910822,864691135684826807,1
864691136125910822,864691135685465783,1
864691136126104102,864691135685465783,1
864691136126397990,864691135685034994,1
864691136126499366,864691135662550512,1
864691136126615590,864691135685338295,1
864691136126637350,864691135685416946,1
864691136126700582,864691135685095095,1
864691136126709542,864691135685664498,1
864691136129981009,864691135684772791,1
864691136134403979,864691135683758322,1
864691136134407563,864691135684950258,1
864691136134411403,864691135684284914,1
864691136134427275,864691135683792370,1
864691136134683787,864691135685125303,1
864691136134686347,864691135684270834,1
864691136134726795,864691135684816311,1
864691136134765195,864691135684860855,1
864691136134834827,864691135684932791,1
864691136134857355,864691135684258290,1
864691136134893707,864691135685552370,2
864691136134922891,864691135684284914,2
864691136134942347,864691135683682290,4
864691136134942347,864691135684320754,1
864691136135215243,864691135684987540,1
864691136135480715,864691135680285892,1
864691136135508619,864691135684284914,1
864691136135513483,864691135683964855,1
864691136135519115,864691135685664498,1
864691136135530379,864691135684932791,1
864691136135533707,864691135682621588,1
864691136135544971,864691135684450034,1
864691136135752843,864691135684320754,1
864691136135752843,864691135684747447,1
864691136135848587,864691135684245234,1
864691136135848587,864691135685308087,1
864691136135856011,864691135684187378,2
864691136136448395,864691135685664498,1
864691136136563581,864691135675870962,1
864691136136564349,864691135685228471,1
864691136136564349,864691135685420274,1
864691136136572811,864691135684178930,1
864691136136572811,864691135685664498,1
864691136136577405,864691135684967607,1
864691136136579197,864691135685034994,2
864691136136603517,864691135684189682,1
864691136136614013,864691135683618034,3
864691136136620925,864691135685799863,1
864691136136623485,864691135684135922,1
864691136136625021,864691135684085746,2
864691136136629885,864691135684567282,1
864691136136645757,864691135684258290,2
864691136136647805,864691135675853508,1
864691136136647805,864691135684320754,1
864691136136647805,864691135684492215,6
864691136136647805,864691135685338295,1
864691136136647805,864691135685552370,3
864691136136647805,864691135685728695,2
864691136136855947,864691135684284914,1
864691136136906621,864691135685292727,1
864691136136936573,864691135684215282,1
864691136137060491,864691135684532919,2
864691136137060491,864691135685465783,1
864691136137105789,864691135684172018,1
864691136137109387,864691135685416946,2
864691136137140093,864691135683682290,7
864691136137140093,864691135684057842,1
864691136137140093,864691135684860855,1
864691136137140093,864691135684932791,1
864691136137140093,864691135684987540,6
864691136137168779,864691135684950258,1
864691136137275275,864691135685629170,1
864691136137332619,864691135684270834,1
864691136137401483,864691135684153074,1
864691136137401483,864691135685338295,2
864691136137401483,864691135685552370,3
864691136137401483,864691135685728695,3
864691136137401483,864691135685799863,2
864691136137405835,864691135685728695,3
864691136137409661,864691135684532919,1
864691136137411453,864691135683761394,1
864691136137600381,864691135685125303,1
864691136137637757,864691135684655031,1
864691136137655165,864691135683964855,1
864691136137662077,864691135684816311,1
864691136137662077,864691135685664498,1
864691136137749117,864691135685199602,1
864691136137834877,864691135662550512,1
864691136137834877,864691135684320754,1
864691136137834877,864691135684334578,1
864691136137834877,864691135684932791,1
864691136138291325,864691135684826807,1
864691136138329725,864691135684178930,1
864691136138335101,864691135662300912,1
864691136138335101,864691135675853508,1
864691136138476925,864691135685420274,1
864691136138622333,864691135684388850,4
864691136138851197,864691135685199602,1
864691136138879101,864691135684334578,1
864691136139009149,864691135684085746,1
864691136139009149,864691135684189682,1
864691136139009149,864691135684450034,1
864691136139009149,864691135684532919,1
864691136139009149,864691135684921271,1
864691136139009149,864691135685034994,1
864691136139009149,864691135685095095,2
864691136139009149,864691135685416946,4
864691136139009149,864691135685465783,1
864691136139069565,864691135684388850,1
864691136139103613,864691135662275312,1
864691136139155837,864691135685664498,1
864691136139180413,864691135683241458,1
864691136139180413,864691135685346546,2
864691136140507217,864691135683761394,1
864691136141414225,864691135684772791,1
864691136143353140,864691135684284914,1
864691136143353652,864691135684304370,2
864691136143365684,864691135684468372,1
864691136143369012,864691135685346546,1
864691136143371828,864691135684334578,1
864691136143382580,864691135684772791,1
864691136143385652,864691135662550512,1
864691136143392564,864691135683964855,1
864691136143392564,864691135684103666,2
864691136143392820,864691135682621588,1
864691136143393588,864691135680743828,1
864691136143393588,864691135684932791,3
864691136143393844,864691135685108628,1
864691136143404852,864691135685125303,1
864691136143460916,864691135684468372,1
864691136143535156,864691135685308087,2
864691136143665204,864691135683241714,1
864691136143886644,864691135684772791,1
864691136143964724,864691135680743828,1
864691136143964724,864691135684946615,1
864691136143965492,864691135684320754,1
864691136143965492,864691135684333042,1
864691136143975220,864691135683761394,1
864691136144013876,864691135684772791,1
864691136144422964,864691135685465783,1
864691136144465460,864691135685308087,1
864691136144487476,864691135684284914,1
864691136144487476,864691135685034994,2
864691136144530228,864691135684057842,1
864691136144533300,864691135684468372,1
864691136144535092,864691135684946615,1
864691136144542260,864691135684468372,1
864691136144547892,864691135684222450,1
864691136144610100,864691135683682290,2
864691136144610100,864691135684057842,1
864691136144610100,864691135684655031,1
864691136144610356,864691135684334578,1
864691136144649780,864691135685228471,1
864691136144684340,864691135684189682,1
864691136144999988,864691135684085746,1
864691136145243956,864691135684492215,3
864691136145351476,864691135683761394,4
864691136145351476,864691135684772791,1
864691136145520692,864691135662550512,1
864691136145520692,864691135685228471,1
864691136145629748,864691135685420274,1
864691136147152721,864691135683761394,1
864691136147471697,864691135683761394,1
864691136174980614,864691135685019319,1
864691136174981894,864691135684747447,1
864691136174993670,864691135685458162,1
864691136175001094,864691135682621588,1
864691136175005446,864691135685019319,1
864691136175015174,864691135683241458,1
864691136175022086,864691135684555447,2
864691136175025926,864691135683761394,1
864691136175026182,864691135684570039,1
864691136175047686,864691135680743828,1
864691136175058182,864691135683758322,1
864691136175067142,864691135685034994,1
864691136175395078,864691135683761394,1
864691136175563526,864691135684189682,2
864691136175637510,864691135683761394,1
864691136175781126,864691135684320754,1
864691136176043270,864691135675748338,1
864691136176043270,864691135680743828,2
864691136176175622,864691135683241458,1
864691136176197126,864691135685416946,1
864691136176209414,864691135685292727,1
864691136176209414,864691135685552370,1
864691136176211462,864691135684932791,3
864691136176217862,864691135684222450,1
864691136176294662,864691135684932791,1
864691136176669446,864691135662882544,1
864691136176749574,864691135685648823,1
864691136177254406,864691135680285892,2
864691136177312262,864691135683225842,1
864691136177312262,864691135684921783,1
864691136177312262,864691135685199602,1
864691136177312518,864691135684860855,1
864691136177732870,864691135662550512,2
864691136183886485,864691135684645362,1
864691136194007254,864691135662550512,3
864691136194015446,864691135684932791,1
864691136194016214,864691135684178674,1
864691136194026454,864691135683682290,2
864691136194039510,864691135675870962,1
864691136194052310,864691135684946615,2
864691136194064086,864691135684932791,1
864691136194069462,864691135684334578,1
864691136194079190,864691135683761394,1
864691136194081494,864691135684772791,1
864691136194082006,864691135684284914,1
864691136194087638,864691135684065778,1
864691136194098646,864691135685308087,1
864691136194106326,864691135680743828,1
864691136194166760,864691135685420274,1
864691136194172648,864691135684103666,1
864691136194197224,864691135685308087,1
864691136194203368,864691135683792370,1
864691136194208232,864691135662550512,1
864691136194215912,864691135684921783,1
864691136194216424,864691135684967607,2
864691136194296908,864691135683758322,1
864691136194371798,864691135683682290,1
864691136194371798,864691135684655031,1
864691136194489932,864691135685034994,2
864691136194529868,864691135685034994,1
864691136194532584,864691135685346546,1
864691136194533608,864691135685034994,1
864691136194581836,864691135684189682,3
864691136194598632,864691135685095095,1
864691136194599756,864691135675870962,1
864691136194693608,864691135684921783,1
864691136194721238,864691135685664498,1
864691136194744908,864691135684320754,1
864691136194930252,864691135684932791,1
864691136194943464,864691135684932791,1
864691136194987084,864691135683929271,1
864691136195060950,864691135685199602,1
864691136195064278,864691135684065778,1
864691136195064278,864691135684532919,6
864691136195090920,864691135683241458,2
864691136195092182,864691135685308087,1
864691136195093462,864691135683761394,1
864691136195094486,864691135685416946,1
864691136195095510,864691135684284914,2
864691136195140172,864691135684288754,1
864691136195153384,864691135684854455,1
864691136195166796,864691135684532919,1
864691136195171048,864691135684551863,1
864691136195194838,864691135684334578,1
864691136195195724,864691135683241714,1
864691136195209686,864691135685416946,2
864691136195209686,864691135685664498,2
864691136195227980,864691135685629170,1
864691136195400150,864691135685664498,2
864691136195420904,864691135684772791,1
864691136195455190,864691135685228471,1
864691136195526120,864691135685199602,2
864691136195539414,864691135684284914,1
864691136195539414,864691135684826807,2
864691136195576278,864691135684284914,1
864691136195617494,864691135684222450,1
864691136195617494,864691135684321522,1
864691136195617494,864691135685629170,1
864691136195634134,864691135685465783,1
864691136195666152,864691135684532919,1
864691136195735116,864691135685125303,2
864691136195735116,864691135685416946,2
864691136195783912,864691135681012164,3
864691136195783912,864691135684222450,1
864691136195783912,864691135684321522,3
864691136195783912,864691135685292727,2
864691136195783912,864691135685458162,1
864691136195802344,864691135684135922,1
864691136195826390,864691135685034994,1
864691136196009960,864691135684450034,1
864691136196009960,864691135685034994,1
864691136196009960,864691135685465783,1
864691136196023116,864691135683682290,5
864691136196023116,864691135684333042,5
864691136196023116,864691135684645362,2
864691136196057576,864691135662882544,1
864691136196075340,864691135685095095,1
864691136196235752,864691135685416946,1
864691136196391894,864691135662882544,9
864691136196391894,864691135685228471,2
864691136196391894,864691135685416946,1
864691136196463948,864691135684854455,1
864691136196736332,864691135685664498,1
864691136196893004,864691135685465783,1
864691136196979020,864691135685228471,1
864691136201203646,864691135684987540,2
864691136202911678,864691135684892855,1
864691136205491390,864691135684258290,2
864691136209002684,864691135684284914,2
864691136209011132,864691135683929271,1
864691136209017020,864691135685019319,1
864691136209020604,864691135685108628,1
864691136209377468,864691135681012164,1
864691136209381308,864691135684304370,1
864691136209507516,864691135685095095,1
864691136209552572,864691135684065778,1
864691136209615804,864691135684645362,2
864691136209934268,864691135684772791,1
864691136209970364,864691135684950258,1
864691136210034620,864691135684892855,1
864691136210110652,864691135684085746,1
864691136210175932,864691135684245234,1
864691136210186684,864691135684085746,2
864691136210186684,864691135685095095,3
864691136210191292,864691135684772791,1
864691136210266812,864691135684450034,1
864691136210344892,864691135685346546,1
864691136210547900,864691135685416946,1
864691136210887356,864691135685125303,1
864691136210963644,864691135662275312,1
864691136211187900,864691135684655031,1
864691136211349692,864691135685458162,2
864691136211361980,864691135685648823,1
864691136211411644,864691135683758322,1
864691136211411644,864691135684826807,1
864691136211477436,864691135685228471,1
864691136215646142,864691135683241714,1
864691136224703678,864691135684258290,1
864691136226954833,864691135682621588,1
864691136226955601,864691135685199602,1
864691136226959441,864691135685228471,1
864691136226974033,864691135684320754,1
864691136226976081,864691135680743828,1
864691136226976337,864691135684153074,1
864691136226977617,864691135684860855,1
864691136226977617,864691135684932791,1
864691136226981713,864691135683972535,1
864691136226991953,864691135684932791,1
864691136227242321,864691135684772791,1
864691136227464017,864691135684258290,1
864691136227746385,864691135675748338,1
864691136227768145,864691135675870962,1
864691136227816785,864691135684085746,1
864691136227857489,864691135684103666,1
864691136227884369,864691135684946615,1
864691136227925585,864691135683241458,1
864691136227925585,864691135684258290,1
864691136227926097,864691135684258290,1
864691136227931729,864691135685664498,1
864691136227944785,864691135684189682,10
864691136228210001,864691135675748338,1
864691136228235089,864691135680743828,2
864691136228244561,864691135675748338,1
864691136228261713,864691135683758322,1
864691136228336721,864691135684187378,1
864691136228718673,864691135664007620,1
864691136228914001,864691135664007620,1
864691136228954449,864691135684304370,1
864691136228954449,864691135685034994,1
864691136229395793,864691135684085746,1
864691136229395793,864691135685034994,1
864691136229395793,864691135685095095,2
864691136229395793,864691135685465783,2
864691136229435217,864691135684492215,1
864691136236659727,864691135684468372,1
864691136236663311,864691135675748338,1
864691136236669455,864691135684284914,1
864691136236674575,864691135684772791,1
864691136236687119,864691135680743828,1
864691136236699407,864691135684320754,1
864691136236706831,864691135685108628,1
864691136236713743,864691135685458162,1
864691136236713999,864691135680285892,2
864691136236735503,864691135684085746,1
864691136236910351,864691135684258290,1
864691136236910351,864691135685346546,6
864691136236938767,864691135684065778,1
864691136236938767,864691135684288754,1
864691136236995855,864691135683241714,1
864691136237148943,864691135683792370,1
864691136237331215,864691135684135922,2
864691136237449276,864691135685034994,1
864691136237452604,864691135684103666,1
864691136237452604,864691135684172018,2
864691136237453116,864691135684284914,1
864691136237462332,864691135684153074,1
864691136237465916,864691135684772791,2
864691136237477948,864691135684178674,2
864691136237480764,864691135675870962,1
864691136237487676,864691135684334578,1
864691136237495612,864691135684414135,1
864691136237500732,864691135680743828,1
864691136237515580,864691135684772791,1
864691136237517628,864691135683761394,1
864691136237521212,864691135684450034,1
864691136237534780,864691135684320754,2
864691136237601084,864691135684065778,1
864691136237601084,864691135684450034,1
864691136237613327,864691135684450034,1
864691136237751055,864691135685458162,1
864691136237861692,864691135685664498,2
864691136237879100,864691135685308087,1
864691136238040124,864691135684932791,1
864691136238322492,864691135683964855,2
864691136238359823,864691135684153074,3
864691136238359823,864691135684826807,2
864691136238459452,864691135685108628,1
864691136238531132,864691135662300912,2
864691136238531132,864691135684178930,3
864691136238531132,864691135684284914,1
864691136238531132,864691135684826807,1
864691136238531132,864691135685020599,1
864691136238531132,864691135685664498,2
864691136238573116,864691135684645362,1
864691136238651964,864691135684645362,1
864691136238697487,864691135662882544,1
864691136238697487,864691135664007620,1
864691136238777871,864691135684222450,1
864691136238806031,864691135662550512,2
864691136238806031,864691135683682290,2
864691136238806031,864691135684320754,1
864691136238806031,864691135684492215,1
864691136238806031,864691135684747447,2
864691136238806031,864691135685338295,3
864691136238806031,864691135685552370,4
864691136238829116,864691135684334578,10
864691136238829116,864691135684932791,1
864691136238939196,864691135662550512,1
864691136239047740,864691135662550512,2
864691136239793212,864691135662550512,1
864691136239793212,864691135685228471,1
864691136239914300,864691135684153074,1
864691136239914300,864691135684187378,1
864691136239914300,864691135684492215,1
864691136239917884,864691135685465783,1
864691136239980860,864691135684388850,1
864691136240031292,864691135684450034,1
864691136240031292,864691135685465783,2
864691136240041532,864691135684153074,2
864691136240041532,864691135684492215,1
864691136240041532,864691135685420274,2
864691136240071996,864691135683929271,1
864691136253987006,864691135684892855,1
864691136257515998,864691135684284914,2
864691136261402340,864691135683761394,1
864691136262012388,864691135683761394,1
864691136262491108,864691135684288754,1
864691136262786788,864691135683761394,2
864691136263505636,864691135684189682,2
864691136263951588,864691135684772791,1
864691136264959460,864691135684065778,1
864691136266409972,864691135662550512,3
864691136266417140,864691135684772791,2
864691136266417652,864691135664007620,1
864691136266418164,864691135680743828,1
864691136266419444,864691135662275312,1
864691136266437620,864691135684153074,1
864691136266437876,864691135685308087,1
864691136266439412,864691135684860855,1
864691136266439668,864691135685108628,1
864691136266442996,864691135684932791,1
864691136266456564,864691135684189682,2
864691136266654452,864691135684153074,1
864691136266654452,864691135685338295,1
864691136266715380,864691135684772791,1
864691136266886644,864691135684215282,1
864691136266973684,864691135685228471,1
864691136267066852,864691135683761394,1
864691136267250676,864691135684932791,1
864691136267254772,864691135684655031,1
864691136267311348,864691135685125303,2
864691136267313396,864691135685308087,1
864691136267372532,864691135680285892,2
864691136267372532,864691135684932791,1
864691136267382772,864691135684468372,1
864691136267390964,864691135684987540,1
864691136267393780,864691135684772791,1
864691136267401972,864691135683758322,1
864691136267451636,864691135685509362,1
864691136267726068,864691135684321522,1
864691136268046836,864691135662275312,1
864691136268046836,864691135683929271,1
864691136268046836,864691135685125303,1
864691136268586484,864691135685416946,2
864691136268644084,864691135685125303,1
864691136268801268,864691135662550512,2
864691136272954302,864691135684414135,1
864691136272955838,864691135683241458,1
864691136272960702,864691135680743828,1
864691136272962494,864691135684747447,1
864691136272986814,864691135684946615,1
864691136273127102,864691135684567282,1
864691136273494206,864691135684334578,1
864691136273494206,864691135684468372,1
864691136273610509,864691135684987540,1
864691136273620158,864691135684085746,1
864691136273622029,864691135685664498,1
864691136273641229,864691135684946615,1
864691136273643789,864691135684860855,1
864691136273643789,864691135684932791,1
864691136273685517,864691135684860855,1
864691136273779390,864691135684946615,1
864691136273786302,864691135684178674,1
864691136273808062,864691135684284914,1
864691136273832382,864691135684492215,1
864691136273888190,864691135675748338,1
864691136273890750,864691135675853508,1
864691136273895102,864691135683964855,1
864691136273895102,864691135684874935,2
864691136273899966,864691135685292727,1
864691136273900222,864691135664007620,1
864691136273908158,864691135684334578,1
864691136273908158,864691135684655031,1
864691136273908158,864691135684932791,1
864691136274005005,864691135684468372,2
864691136274016781,864691135684189682,1
864691136274035469,864691135685664498,1
864691136274045374,864691135685346546,1
864691136274052877,864691135684551863,1
864691136274110989,864691135685648823,1
864691136274219198,864691135683618034,1
864691136274250765,864691135685416946,2
864691136274567181,864691135684284914,1
864691136274665997,864691135684468372,2
864691136274751934,864691135685416946,1
864691136274761997,864691135675748338,2
864691136274772237,864691135684860855,1
864691136274777869,864691135685509362,2
864691136274778893,864691135684932791,1
864691136275031565,864691135684284914,1
864691136275031565,864691135684334578,1
864691136275140621,864691135685108628,1
864691136275201982,864691135684860855,1
864691136275223821,864691135685664498,1
864691136275255309,864691135684492215,1
864691136275255309,864691135685728695,1
864691136275345854,864691135685034994,1
864691136275443134,864691135680743828,1
864691136275446206,864691135685308087,1
864691136275919117,864691135684921271,1
864691136275998477,864691135685465783,1
864691136276010765,864691135662550512,1
864691136276010765,864691135684492215,1
864691136276056845,864691135684772791,1
864691136276126221,864691135684189682,4
864691136276126221,864691135684450034,5
864691136276126221,864691135684555447,1
864691136276126221,864691135685095095,1
864691136276219149,864691135685420274,1
864691136276282125,864691135684222450,1
864691136276329485,864691135684826807,1
864691136276347149,864691135683758322,1
864691136276364045,864691135684085746,2
864691136276406541,864691135685416946,2
864691136276454413,864691135684321522,1
864691136280739223,864691135684189682,1
864691136286541763,864691135684284914,2
864691136286559427,864691135685199602,1
864691136286576835,864691135684215282,1
864691136286576835,864691135684932791,1
864691136286587843,864691135684450034,1
864691136286589379,864691135683241458,1
864691136286627011,864691135685125303,1
864691136286971843,864691135685308087,1
864691136287274947,864691135684284914,2
864691136287293635,864691135684320754,2
864691136287358659,864691135684334578,1
864691136287512771,864691135683241714,2
864691136287987651,864691135685420274,1
864691136288079043,864691135684333042,1
864691136288279491,864691135685465783,1
864691136288371395,864691135685416946,1
864691136288543939,864691135682621588,1
864691136288605379,864691135662882544,1
864691136288727747,864691135684065778,1
864691136288727747,864691135684450034,1
864691136288727747,864691135684532919,1
864691136288727747,864691135684772791,1
864691136288727747,864691135685416946,4
864691136288753091,864691135662882544,1
864691136288807619,864691135684284914,2
864691136288807619,864691135684388850,1
864691136288807619,864691135684826807,1
864691136288807619,864691135685020599,1
864691136288807619,864691135685465783,1
864691136288807619,864691135685648823,2
864691136288910275,864691135684284914,1
864691136289482724,864691135685125303,1
864691136291317399,864691135685125303,1
864691136291317399,864691135685416946,2
864691136291479959,864691135683761394,1
864691136292031885,864691135685034994,1
864691136293309591,864691135684772791,2
864691136294979479,864691135685416946,1
864691136296652059,864691135662550512,1
864691136296652315,864691135680743828,2
864691136296655387,864691135684468372,1
864691136296658715,864691135683761394,2
864691136296669211,864691135685034994,1
864691136296673307,864691135683682290,1
864691136296673307,864691135684215282,2
864691136296673307,864691135684258290,1
864691136296673307,864691135684468372,1
864691136296675099,864691135683964855,1
864691136296689435,864691135684932791,1
864691136296692507,864691135684892855,1
864691136296694043,864691135684085746,1
864691136296697883,864691135684570039,2
864691136296697883,864691135685034994,1
864691136296698395,864691135683761394,2
864691136296706587,864691135685308087,1
864691136296732443,864691135685664498,1
864691136296732955,864691135683761394,1
864691136296740379,864691135684178930,1
864691136296750107,864691135680743828,1
864691136296750107,864691135684215282,1
864691136296819483,864691135684333042,1
864691136296971291,864691135683929271,1
864691136296971291,864691135685416946,1
864691136297192475,864691135684921271,1
864691136297320219,864691135685199602,1
864691136297551387,864691135684153074,1
864691136297561627,864691135684215282,1
864691136297561627,864691135684468372,1
864691136297603099,864691135684551863,1
864691136297717019,864691135684932791,1
864691136297766939,864691135684189682,1
864691136297777947,864691135680285892,1
864691136297782811,864691135683972535,2
864691136297784859,864691135684567282,1
864691136297787675,864691135683761394,1
864691136297796379,864691135684932791,2
864691136297937435,864691135684321522,1
864691136298115099,864691135683618034,1
864691136298115099,864691135683682290,2
864691136298115099,864691135684932791,1
864691136298670875,864691135683758322,1
864691136298677019,864691135684921271,1
864691136298677019,864691135684921783,1
864691136298789147,864691135685664498,2
864691136298896155,864691135685416946,1
864691136298913563,864691135685125303,1
864691136298913563,864691135685416946,9
864691136298997275,864691135685228471,2
864691136299054875,864691135684492215,1
864691136299054875,864691135685728695,1
864691136299054875,864691135685799863,1
864691136299163419,864691135684645362,1
864691136299163419,864691135684932791,2
864691136307143063,864691135684189682,7
864691136309037463,864691135684772791,1
864691136309642842,864691135685664498,1
864691136309643098,864691135664007620,1
864691136309647962,864691135664007620,1
864691136309656154,864691135684551863,1
864691136309659226,864691135683682290,1
864691136309690202,864691135683761394,3
864691136309690202,864691135684284914,1
864691136309690202,864691135684772791,1
864691136309698138,864691135685465783,1
864691136309699418,864691135684085746,1
864691136309998938,864691135684874935,1
864691136310459226,864691135684932791,1
864691136310590554,864691135684178930,1
864691136310681946,864691135684334578,2
864691136310681946,864691135684932791,3
864691136310682458,864691135685034994,1
864691136310683994,864691135684468372,1
864691136310691674,864691135675748338,1
864691136310693722,864691135685416946,1
864691136310694746,864691135684245234,1
864691136310695514,864691135675748338,1
864691136310697050,864691135684645362,1
864691136310810202,864691135684468372,2
864691136310864730,864691135685095095,1
864691136310870874,864691135684320754,1
864691136311098970,864691135684388850,1
864691136311106650,864691135683618034,1
864691136311106650,864691135684932791,1
864691136311213914,864691135683682290,1
864691136311213914,864691135684450034,1
864691136311213914,864691135685338295,1
864691136311213914,864691135685416946,1
864691136311213914,864691135685629170,2
864691136311330906,864691135684492215,1
864691136311330906,864691135685338295,1
864691136311437658,864691135684747447,2
864691136311567194,864691135684921271,1
864691136311742269,864691135685095095,1
864691136311748413,864691135682621588,1
864691136311765309,864691135685125303,1
864691136311771709,864691135684932791,1
864691136311780954,864691135685228471,1
864691136311782205,864691135684468372,1
864691136311791421,864691135684655031,1
864691136311792445,864691135684245234,1
864691136311826749,864691135684432823,1
864691136311827517,864691135684065778,1
864691136311835197,864691135684860855,1
864691136311836221,864691135684932791,1
864691136311841597,864691135685629170,3
864691136311844157,864691135680743828,1
864691136311866714,864691135685728695,1
864691136311929149,864691135683225842,1
864691136311987517,864691135685308087,1
864691136312057178,864691135662882544,3
864691136312057178,864691135684950258,1
864691136312057178,864691135685416946,2
864691136312074074,864691135684921783,1
864691136312132157,864691135684245234,1
864691136312164186,864691135685664498,1
864691136312254554,864691135685664498,1
864691136312284250,864691135685034994,4
864691136312445786,864691135662275312,1
864691136312445786,864691135684450034,8
864691136312445786,864691135685125303,3
864691136312445786,864691135685416946,2
864691136312466010,864691135675853508,1
864691136312466010,864691135685338295,2
864691136312528474,864691135662275312,1
864691136312554586,864691135684532919,1
864691136312554586,864691135684555447,1
864691136312671037,864691135684245234,1
864691136312677181,864691135683682290,1
864691136312707901,864691135684826807,1
864691136312838461,864691135684946615,1
864691136312845117,864691135684245234,1
864691136312849213,864691135683682290,2
864691136312850237,864691135684284914,2
864691136312852029,864691135684860855,1
864691136312852541,864691135662882544,1
864691136313065277,864691135685308087,1
864691136313165207,864691135684414135,2
864691136313406781,864691135662275312,1
864691136313426237,864691135684645362,1
864691136313426237,864691135684860855,1
864691136313833021,864691135684645362,1
864691136313847869,864691135684288754,2
864691136314042685,864691135685228471,1
864691136314078013,864691135662275312,1
864691136314078013,864691135662882544,1
864691136314078013,864691135684826807,1
864691136314078013,864691135684854455,1
864691136314078013,864691135685228471,2
864691136314120765,864691135683929271,1
864691136314120765,864691135684450034,3
864691136314126653,864691135662550512,2
864691136314282301,864691135685034994,1
864691136314282301,864691135685465783,1
864691136314326333,864691135685420274,4
864691136314431293,864691135684284914,2
864691136314485053,864691135684826807,1
864691136314548285,864691135683225842,1
864691136314593341,864691135683758322,1
864691136314593341,864691135684065778,1
864691136314593341,864691135684085746,3
864691136314593341,864691135684189682,1
864691136314593341,864691135684450034,2
864691136314593341,864691135684555447,1
864691136314593341,864691135685034994,1
864691136314595133,864691135685095095,1
864691136314666557,864691135683758322,1
864691136320677086,864691135684284914,1
864691136321830295,864691135684772791,1
864691136324898711,864691135684772791,2
864691136326192535,864691135685034994,1
864691136328883946,864691135684284914,1
864691136328887018,864691135684284914,1
864691136328899050,864691135685020599,1
864691136328904170,864691135684284914,1
864691136328908010,864691135684468372,1
864691136328922858,864691135684645362,1
864691136328930794,864691135684551863,1
864691136329067498,864691135684178674,2
864691136329255402,864691135685458162,1
864691136329261290,864691135680285892,2
864691136329261290,864691135684468372,1
864691136329904106,864691135684772791,1
864691136329908458,864691135684932791,1
864691136329915114,864691135685034994,1
864691136330092522,864691135684450034,1
864691136330117866,864691135675853508,1
864691136330218474,864691135685034994,1
864691136331132394,864691135684826807,1
864691136331185898,864691135685228471,1
864691136331215850,864691135684085746,1
864691136331215850,864691135684532919,1
864691136331421674,864691135684388850,1
864691136331421674,864691135685228471,1
864691136331512298,864691135662882544,1
864691136331512298,864691135685125303,6
864691136331512298,864691135685416946,8
864691136333765299,864691135685292727,1
864691136333826995,864691135685020599,2
864691136333973171,864691135684946615,1
864691136334033843,864691135684932791,1
864691136334156467,864691135685095095,1
864691136334213299,864691135685465783,1
864691136334439603,864691135685199602,1
864691136334640051,864691135684468372,1
864691136334652851,864691135685629170,1
864691136334653107,864691135684284914,1
864691136334725555,864691135684468372,1
864691136334765747,864691135675748338,1
864691136334819763,864691135684304370,1
864691136334842547,864691135683618034,1
864691136334842547,864691135684932791,1
864691136334844083,864691135682621588,3
864691136334844083,864691135684258290,2
864691136334850227,864691135684258290,1
864691136334864307,864691135664007620,1
864691136335041715,864691135684450034,2
864691136335041715,864691135685034994,1
864691136335130035,864691135684178930,3
864691136335130035,864691135684284914,2
864691136335208883,864691135662550512,1
864691136335604147,864691135684950258,1
864691136335689907,864691135685799863,1
864691136335964083,864691135685509362,1
864691136336252339,864691135662882544,1
864691136336252339,864691135684772791,2
864691136336252339,864691135685125303,2
864691136336252339,864691135685416946,7
864691136336274867,864691135685629170,1
864691136361520610,864691135684153074,1
864691136362180322,864691135683761394,1
864691136362328290,864691135685664498,1
864691136362328546,864691135684178674,1
864691136362386914,864691135684215282,1
864691136362413538,864691135662550512,1
864691136362485218,864691135684655031,1
864691136362485218,864691135685108628,1
864691136362494434,864691135685509362,1
864691136362531554,864691135685228471,1
864691136362711010,864691135685664498,1
864691136362801378,864691135684772791,1
864691136362829538,864691135684334578,7
864691136362849506,864691135685416946,1
864691136363061474,864691135685125303,1
864691136363061474,864691135685416946,1
864691136363473634,864691135662882544,2
864691136363541474,864691135662550512,1
864691136363541474,864691135684153074,1
864691136363567074,864691135684320754,3
864691136363640034,864691135684570039,1
864691136363640034,864691135685034994,1
864691136363769826,864691135684492215,6
864691136363769826,864691135685799863,1
864691136364026082,864691135684414135,1
864691136364166370,864691135684826807,1
864691136364239842,864691135684245234,1
864691136364286946,864691135685034994,1
864691136370783368,864691135685509362,1
864691136370818696,864691135683225842,1
864691136370827656,864691135684065778,1
864691136370827656,864691135684532919,1
864691136370839432,864691135675748338,1
864691136371107720,864691135684258290,1
864691136371203976,864691135675748338,1
864691136371203976,864691135684334578,1
864691136371499656,864691135685728695,1
864691136371510920,864691135683241714,1
864691136371722120,864691135684333042,1
864691136371765896,864691135684645362,3
864691136371991432,864691135683758322,1
864691136372326024,864691135684222450,1
864691136372357256,864691135685034994,1
864691136372463240,864691135685019319,1
864691136372513160,864691135684178930,1
864691136372803464,864691135684950258,2
864691136372820360,864691135662550512,1
864691136372820360,864691135675853508,1
864691136372855944,864691135684854455,1
864691136373149064,864691135662550512,3
864691136373149064,864691135685020599,1
864691136373149064,864691135685034994,1
864691136373149064,864691135685228471,16
864691136373149064,864691135685420274,2
864691136373149064,864691135685664498,1
864691136378748117,864691135685416946,1
864691136378751445,864691135684826807,1
864691136378756309,864691135684258290,6
864691136378756309,864691135684468372,1
864691136378763477,864691135682621588,1
864691136378774485,864691135680743828,1
864691136378774485,864691135684946615,2
864691136378774997,864691135684946615,1
864691136378774997,864691135684987540,1
864691136378777557,864691135684334578,1
864691136378789589,864691135684772791,1
864691136378836949,864691135685108628,1
864691136379058133,864691135684645362,1
864691136379235285,864691135683241458,1
864691136379241173,864691135683241458,1
864691136379321813,864691135684215282,1
864691136379332821,864691135684258290,1
864691136379550933,864691135684065778,1
864691136379550933,864691135684288754,1
864691136379587541,864691135684189682,1
864691136379654101,864691135685465783,1
864691136379811797,864691135683225842,1
864691136379811797,864691135684645362,1
864691136379876053,864691135684468372,1
864691136380062165,864691135684258290,1
864691136380105173,864691135684258290,1
864691136380160725,864691135685125303,1
864691136380160725,864691135685416946,4
864691136380217301,864691135684284914,1
864691136380789717,864691135684284914,3
864691136380789717,864691135684826807,3
864691136380916949,864691135685228471,1
864691136381089237,864691135684921271,1
864691136381089237,864691135685228471,3
864691136381198805,864691135685228471,8
864691136381243349,864691135685228471,1
864691136381324501,864691135662275312,1
864691136381324501,864691135683929271,1
864691136381324501,864691135685552370,4
864691136381454549,864691135684826807,1
864691136388266359,864691135683682290,1
864691136388266359,864691135684333042,2
864691136388275831,864691135662550512,1
864691136388280183,864691135675748338,1
864691136388375671,864691135684555447,1
864691136388551952,864691135684551863,1
864691136388558608,864691135685034994,1
864691136388559120,864691135684826807,1
864691136388561936,864691135680743828,1
864691136388569463,864691135684854455,2
864691136388571767,864691135685465783,1
864691136388574736,864691135683682290,1
864691136388577552,864691135683758322,1
864691136388577552,864691135684304370,1
864691136388577552,864691135685034994,1
864691136388578167,864691135684153074,1
864691136388582928,864691135680743828,2
864691136388590864,864691135684532919,1
864691136388601360,864691135684284914,2
864691136389126416,864691135684414135,1
864691136389152784,864691135683618034,1
864691136389152784,864691135683682290,1
864691136389171575,864691135683761394,1
864691136389175415,864691135684222450,1
864691136389224823,864691135684187378,1
864691136389263735,864691135684172018,1
864691136389263735,864691135684206322,2
864691136389274231,864691135675853508,1
864691136389274231,864691135684645362,1
864691136389460240,864691135685416946,1
864691136389509648,864691135683761394,1
864691136389530231,864691135684932791,1
864691136389551991,864691135684772791,1
864691136389607287,864691135684655031,1
864691136389683984,864691135684320754,1
864691136389712656,864691135662550512,1
864691136389712656,864691135684450034,1
864691136389787511,864691135685228471,1
864691136389797392,864691135683241714,1
864691136389887504,864691135684189682,1
864691136389990160,864691135685292727,1
864691136390034704,864691135684468372,1
864691136390078992,864691135684932791,1
864691136390289936,864691135683758322,1
864691136390364031,864691135685095095,1
864691136390370687,864691135684284914,2
864691136390370687,864691135684304370,1
864691136390399871,864691135685034994,1
864691136390433296,864691135684178930,1
864691136390454135,864691135664007620,1
864691136390468880,864691135684854455,1
864691136390484599,864691135685083319,1
864691136390484599,864691135685199602,1
864691136390495103,864691135684950258,1
864691136390676343,864691135685416946,2
864691136390677264,864691135685228471,1
864691136390677264,864691135685420274,3
864691136390697591,864691135662550512,1
864691136390697591,864691135684854455,1
864691136390718736,864691135662275312,1
864691136390718736,864691135662882544,1
864691136390718736,864691135684189682,1
864691136390718736,864691135685125303,4
864691136390749047,864691135684921783,1
864691136390771063,864691135684826807,1
864691136390799743,864691135684987540,1
864691136390818679,864691135684222450,2
864691136390844287,864691135684258290,1
864691136390905207,864691135662882544,1
864691136390905207,864691135684388850,2
864691136390905207,864691135685228471,1
864691136390905207,864691135685416946,1
864691136390905207,864691135685420274,4
864691136390918672,864691135684085746,1
864691136390918672,864691135685228471,1
864691136390920976,864691135662550512,1
864691136391012624,864691135685465783,2
864691136391023120,864691135684388850,4
864691136391023120,864691135685552370,1
864691136391042167,864691135680743828,1
864691136391072784,864691135683241458,2
864691136391072784,864691135684258290,3
864691136391072784,864691135684468372,1
864691136391076223,864691135685465783,1
864691136391140479,864691135680743828,1
864691136391140479,864691135684946615,1
864691136391140479,864691135685108628,2
864691136391144567,864691135683682290,1
864691136391165200,864691135685664498,1
864691136391212663,864691135662550512,1
864691136391212663,864691135662882544,1
864691136391212663,864691135685228471,3
864691136391230847,864691135684284914,1
864691136391242512,864691135662882544,1
864691136391242512,864691135685228471,1
864691136391242512,864691135685465783,2
864691136391267959,864691135684932791,1
864691136391267959,864691135684946615,1
864691136391279743,864691135684172018,1
864691136391313535,864691135662550512,1
864691136391341439,864691135684932791,1
864691136391382143,864691135684320754,1
864691136391399039,864691135685228471,1
864691136391783295,864691135685020599,1
864691136391832447,864691135684284914,1
864691136391969151,864691135684747447,1
864691136392087679,864691135684178930,1
864691136392222847,864691135684284914,2
864691136392404607,864691135684570039,1
864691136392404607,864691135684854455,1
864691136392754047,864691135685465783,1
864691136392827519,864691135684189682,1
864691136392827519,864691135685465783,1
864691136392834175,864691135685664498,1
864691136392865407,864691135685020599,1
864691136392909695,864691135662275312,2
864691136392909695,864691135684468372,1
864691136392959359,864691135685416946,1
864691136418613911,864691135684967607,1
864691136418632343,864691135684245234,1
864691136418640535,864691135684645362,1
864691136418846615,864691135684258290,2
864691136418847127,864691135680743828,1
864691136418852759,864691135684284914,4
864691136419351959,864691135681012164,1
864691136419479703,864691135684932791,1
864691136419491479,864691135684747447,1
864691136419554199,864691135684065778,2
864691136419557783,864691135680285892,1
864691136419558551,864691135685125303,1
864691136419558551,864691135685416946,2
864691136419741591,864691135684334578,2
864691136420689047,864691135685095095,1
864691136421122199,864691135685799863,1
864691136421164951,864691135684320754,1
864691136421230487,864691135685034994,3
864691136421240983,864691135685095095,1
864691136421242775,864691135662275312,1
864691136421242775,864691135685125303,1
864691136421242775,864691135685416946,2
864691136421308311,864691135684967607,3
864691136421319063,864691135662882544,1
864691136422825775,864691135684334578,2
864691136422832687,864691135685034994,2
864691136422834223,864691135685125303,1
864691136422836271,864691135685629170,1
864691136422859823,864691135684860855,1
864691136423065135,864691135685664498,1
864691136423138351,864691135662300912,1
864691136423140911,864691135684258290,1
864691136423140911,864691135685308087,1
864691136423270959,864691135684320754,2
864691136423377967,864691135684284914,3
864691136423456303,864691135684772791,2
864691136423518767,864691135685664498,3
864691136423573551,864691135684551863,1
864691136423627055,864691135685664498,1
864691136423679279,864691135683241458,1
864691136423695919,864691135662882544,1
864691136423703599,864691135684860855,1
864691136423892015,864691135685509362,2
864691136423892015,864691135685664498,1
864691136424289839,864691135685629170,1
864691136424295983,864691135662550512,1
864691136424305711,864691135684950258,1
864691136424305711,864691135685509362,1
864691136424309295,864691135684967607,1
864691136424437551,864691135684772791,2
864691136424516399,864691135684388850,1
864691136424516399,864691135685799863,1
864691136424729391,864691135662550512,1
864691136424830255,864691135684826807,1
864691136424990255,864691135684655031,1
864691136425005871,864691135685509362,1
864691136425623343,864691135681012164,2
864691136425623343,864691135684321522,2
864691136425623343,864691135685458162,1
864691136425671983,864691135684551863,2
864691136425671983,864691135684567282,2
864691136425708591,864691135684747447,1
864691136425751087,864691135685728695,3
864691136425761327,864691135685228471,1
864691136425782575,864691135685416946,1
864691136425793071,864691135675853508,1
864691136425793071,864691135684284914,1
864691136425793071,864691135684588983,3
864691136425818671,864691135685664498,1
864691136436371870,864691135682621588,1
864691136436380318,864691135664007620,1
864691136436380318,864691135683758322,1
864691136436399518,864691135685034994,1
864691136436400798,864691135683758322,1
864691136436402846,864691135684772791,1
864691136436410270,864691135684932791,1
864691136436414878,864691135684284914,2
864691136436421534,864691135662550512,1
864691136436421534,864691135685420274,3
864691136436426654,864691135675870962,1
864691136436744862,864691135683761394,1
864691136436875166,864691135684468372,2
864691136437139870,864691135682621588,1
864691136437171614,864691135683761394,1
864691136437285790,864691135685308087,3
864691136437315486,864691135684468372,1
864691136437361566,864691135684245234,1
864691136437409438,864691135685664498,1
864691136437410974,864691135684178674,1
864691136437410974,864691135684946615,1
864691136437413278,864691135685664498,1
864691136437582494,864691135685308087,1
864691136437633950,864691135683761394,1
864691136438462622,864691135685416946,3
864691136438539678,864691135662275312,1
864691136438584478,864691135681012164,2
864691136438584478,864691135683225842,1
864691136438584478,864691135684057842,1
864691136438584478,864691135684103666,1
864691136438584478,864691135684206322,2
864691136438584478,864691135684215282,1
864691136438584478,864691135685199602,1
864691136438584478,864691135685552370,1
864691136438584478,864691135685629170,3
864691136443745923,864691135684187378,1
864691136444709251,864691135684772791,1
864691136444745091,864691135685465783,1
864691136444760195,864691135684932791,1
864691136444776067,864691135685199602,1
864691136445062787,864691135675853508,1
864691136445062787,864691135684826807,1
864691136445249923,864691135683682290,1
864691136445249923,864691135683792370,1
864691136445399683,864691135684189682,1
864691136445483139,864691135684178930,1
864691136445670787,864691135685416946,1
864691136445763203,864691135683761394,1
864691136445914499,864691135664007620,1
864691136451224831,864691135662550512,1
864691136451322879,864691135683682290,1
864691136451322879,864691135684334578,1
864691136451322879,864691135684932791,1
864691136451330559,864691135675870962,1
864691136451331071,864691135684284914,1
864691136451350015,864691135675748338,2
864691136451400959,864691135684222450,1
864691136451400959,864691135684321522,5
864691136451411967,864691135684189682,4
864691136451484415,864691135680743828,1
864691136451496959,864691135684153074,1
864691136451496959,864691135685019319,1
864691136451773695,864691135685034994,2
864691136451827199,864691135684178674,1
864691136451827199,864691135684932791,1
864691136451845375,864691135684932791,1
864691136451891199,864691135683241458,1
864691136451994111,864691135680743828,1
864691136451994111,864691135684178674,2
864691136451998975,864691135685664498,6
864691136452230911,864691135684532919,1
864691136452313087,864691135675748338,1
864691136452341759,864691135680743828,1
864691136452341759,864691135684946615,1
864691136452341759,864691135684987540,1
864691136452408319,864691135685552370,1
864691136452459007,864691135685020599,2
864691136452841727,864691135662300912,1
864691136453017599,864691135662550512,2
864691136453017599,864691135685420274,1
864691136453017855,864691135683761394,4
864691136453017855,864691135684772791,4
864691136453085695,864691135684333042,2
864691136453085695,864691135685629170,1
864691136453096959,864691135684950258,1
864691136453098239,864691135662550512,1
864691136453128703,864691135662550512,1
864691136453186559,864691135685664498,1
864691136453196543,864691135684950258,1
864691136453298943,864691135685420274,1
864691136453405951,864691135684288754,1
864691136453524735,864691135662882544,1
864691136453524735,864691135685228471,1
864691136453572351,864691135662275312,1
864691136482857004,864691135685648823,2
864691136482860844,864691135680743828,1
864691136482861612,864691135685034994,1
864691136482862380,864691135684555447,1
864691136482877484,864691135683241458,1
864691136482878508,864691135680743828,1
864691136482880812,864691135684334578,1
864691136482885164,864691135680743828,2
864691136482893868,864691135685728695,1
864691136482896172,864691135683241714,1
864691136482921516,864691135684065778,1
864691136482921516,864691135685034994,3
864691136482921772,864691135684189682,1
864691136482921772,864691135684532919,1
864691136482962220,864691135684258290,1
864691136482962220,864691135684333042,1
864691136482962220,864691135684334578,1
864691136483167788,864691135683241458,1
864691136483167788,864691135685308087,1
864691136483186220,864691135684946615,1
864691136483186220,864691135685108628,2
864691136483292460,864691135684057842,1
864691136483292460,864691135684334578,1
864691136483292460,864691135684655031,3
864691136483351340,864691135684189682,1
864691136483655980,864691135684932791,2
864691136483790636,864691135684284914,1
864691136483851052,864691135682621588,1
864691136483858988,864691135685338295,1
864691136483899436,864691135684333042,1
864691136483920940,864691135681012164,1
864691136483920940,864691135684222450,8
864691136483920940,864691135684321522,1
864691136484207404,864691135684065778,2
864691136484207404,864691135684189682,1
864691136484207404,864691135684532919,1
864691136484402988,864691135683929271,1
864691136484865324,864691135685664498,1
864691136485027628,864691135683929271,1
864691136485076780,864691135662882544,1
864691136485076780,864691135685509362,1
864691136485102892,864691135664007620,1
864691136485102892,864691135684153074,1
864691136485145900,864691135684772791,1
864691136485145900,864691135685664498,2
864691136486752018,864691135684284914,1
864691136486757394,864691135684655031,1
864691136486786066,864691135685034994,1
864691136486807570,864691135685034994,1
864691136486928658,864691135684874935,3
864691136487134738,864691135685228471,3
864691136487134738,864691135685420274,1
864691136487237906,864691135684645362,1
864691136487494418,864691135683241458,1
864691136487758354,864691135684284914,1
864691136487814418,864691135685465783,1
864691136487817490,864691135683964855,1
864691136487952658,864691135684189682,1
864691136487952658,864691135684555447,1
864691136487983378,864691135685664498,1
864691136487992338,864691135685020599,1
864691136488002578,864691135685199602,1
864691136488029202,864691135685648823,1
864691136488327954,864691135685416946,1
864691136488414994,864691135685125303,1
864691136488439570,864691135684320754,1
864691136488439570,864691135684747447,1
864691136488439570,864691135685338295,1
864691136488446226,864691135685416946,1
864691136489013266,864691135684178930,1
864691136489013266,864691135685664498,1
864691136489080850,864691135685125303,1
864691136489154834,864691135684826807,2
864691136489259282,864691135684826807,3
864691136489452050,864691135685199602,1
864691136489452050,864691135685629170,1
864691136489549842,864691135662550512,1
864691136489591058,864691135685228471,2
864691136489665554,864691135683929271,1
864691136489712914,864691135683225842,1
864691136489712914,864691135684388850,1
864691136489712914,864691135684950258,1
864691136489712914,864691135685458162,3
864691136489712914,864691135685629170,1
864691136489757458,864691135685629170,1
864691136489874194,864691135664007620,1
864691136489874194,864691135681012164,1
864691136489874194,864691135684747447,1
864691136489874194,864691135684921783,1
864691136489874194,864691135685020599,1
864691136489874194,864691135685552370,1
864691136489874194,864691135685629170,2
864691136489880594,864691135662275312,2
864691136489880594,864691135685416946,1
864691136521564817,864691135685308087,1
864691136521588369,864691135675748338,1
864691136521588369,864691135675870962,1
864691136521595537,864691135683964855,1
864691136521597073,864691135683241458,1
864691136521597073,864691135684468372,1
864691136521831825,864691135684178674,1
864691136521831825,864691135684414135,1
864691136521831825,864691135684468372,3
864691136521858961,864691135684284914,2
864691136521866385,864691135684172018,3
864691136522052753,864691135683682290,1
864691136522343313,864691135684932791,1
864691136522489489,864691135685034994,2
864691136522489489,864691135685228471,1
864691136522490769,864691135681012164,1
864691136522545553,864691135680743828,1
864691136522554769,864691135680743828,1
864691136522557329,864691135684946615,1
864691136522845329,864691135683682290,2
864691136522845329,864691135684333042,1
864691136523084945,864691135662882544,1
864691136523554449,864691135684178930,1
864691136523971473,864691135684065778,1
864691136523971473,864691135684450034,1
864691136523971473,864691135685228471,1
864691136523974289,864691135684432823,1
864691136523974289,864691135685034994,1
864691136523974289,864691135685095095,1
864691136524030353,864691135684103666,1
864691136524057489,864691135684215282,1
864691136524057489,864691135684334578,8
864691136524057489,864691135684932791,1
864691136524130193,864691135683758322,1
864691136524448913,864691135684747447,1
864691136524448913,864691135685228471,1
864691136524472721,864691135684860855,1
864691136534274466,864691135684334578,1
864691136534274466,864691135684645362,2
864691136534274466,864691135684655031,1
864691136534274466,864691135684860855,1
864691136534300066,864691135684860855,2
864691136534300066,864691135685108628,1
864691136534303906,864691135684135922,1
864691136534303906,864691135684178674,1
864691136534303906,864691135684334578,3
864691136534303906,864691135684655031,4
864691136534303906,864691135684967607,1
864691136534917794,864691135684135922,1
864691136534964898,864691135684135922,2
864691136535063202,864691135680743828,1
864691136535063202,864691135685108628,1
864691136535185058,864691135685108628,1
864691136535524514,864691135684468372,1
864691136535529890,864691135684468372,1
864691136535885474,864691135680285892,1
864691136535903906,864691135684245234,2
864691136536165026,864691135685108628,1
864691136536253090,864691135684860855,2
864691136536253090,864691135685108628,1
864691136537349282,864691135682621588,1
864691136537349282,864691135684645362,1
864691136539145378,864691135683682290,1
864691136539230114,864691135684967607,4
864691136539683234,864691135684932791,1
864691136540364962,864691135684135922,1
864691136540364962,864691135684258290,5
864691136540452258,864691135683241458,2
864691136540452258,864691135684215282,1
864691136540452258,864691135684258290,3
864691136540452258,864691135684468372,2
864691136540575138,864691135684334578,1
864691136541428386,864691135684932791,1
864691136544317090,864691135685308087,1
864691136544317090,864691135685346546,1
864691136544383906,864691135684258290,1
864691136546496418,864691135675748338,5
864691136547826082,864691135684860855,1
864691136548027554,864691135684987540,1
864691136548991394,864691135684333042,1
864691136553125026,864691135684135922,2
864691136553724578,864691135684946615,1
864691136556839074,864691135684468372,2
864691136562153469,864691135683241714,2
864691136562153469,864691135683972535,2
864691136564408994,864691135685346546,2
864691136577470228,864691135684085746,2
864691136577474580,864691135685125303,1
864691136577504276,864691135685308087,1
864691136577509908,864691135685416946,1
864691136577514516,864691135683761394,2
864691136577515540,864691135685465783,1
864691136577521684,864691135664007620,1
864691136577623828,864691135683761394,2
864691136577816852,864691135684215282,1
864691136577816852,864691135684655031,1
864691136577957908,864691135683682290,1
864691136577957908,864691135684320754,1
864691136577957908,864691135685292727,1
864691136577965844,864691135684321522,2
864691136578382868,864691135684333042,1
864691136578498068,864691135682621588,1
864691136578506772,864691135684284914,1
864691136578527252,864691135684334578,1
864691136578527252,864691135684468372,3
864691136578536980,864691135684551863,1
864691136578561556,864691135685020599,1
864691136578580244,864691135684950258,1
864691136578665236,864691135684645362,1
864691136578693652,864691135685664498,1
864691136578744340,864691135684946615,1
864691136578896404,864691135684655031,1
864691136578959892,864691135685552370,1
864691136578982164,864691135684333042,1
864691136579054100,864691135685346546,1
864691136579063828,864691135685346546,1
864691136579219732,864691135682621588,2
864691136579327650,864691135683618034,1
864691136579327650,864691135684932791,1
864691136579327650,864691135684987540,1
864691136579538964,864691135684950258,1
864691136580085012,864691135685228471,1
864691136580085012,864691135685416946,2
864691136580085012,864691135685629170,1
864691136585351842,864691135685308087,1
864691136585937570,864691135685308087,1
864691136587818614,864691135685199602,1
864691136587818614,864691135685458162,1
864691136588920994,864691135684334578,1
864691136588920994,864691135685338295,1
864691136590394530,864691135684245234,2
864691136594486946,864691135662300912,1
864691136594492578,864691135684946615,1
864691136594500514,864691135662550512,1
864691136594501026,864691135684284914,1
864691136594510498,864691135684655031,1
864691136594637730,864691135684468372,1
864691136594988194,864691135684189682,1
864691136595040930,864691135684987540,1
864691136595258786,864691135683241458,1
864691136595364258,864691135685083319,2
864691136595435938,864691135684816311,1
864691136595492258,864691135684320754,5
864691136595492258,864691135684333042,3
864691136595492258,864691135684655031,1
864691136595501730,864691135680285892,1
864691136595504034,864691135684468372,1
864691136595517090,864691135675870962,1
864691136595521954,864691135684932791,1
864691136595533474,864691135675748338,1
864691136595565218,864691135684826807,1
864691136595764898,864691135685308087,1
864691136595999650,864691135684747447,2
864691136595999650,864691135685552370,8
864691136596263586,864691135684816311,1
864691136596378530,864691135685020599,1
864691136596787362,864691135680285892,1
864691136596964258,864691135684288754,1
864691136596964258,864691135685465783,6
864691136597019810,864691135685629170,1
864691136597043106,864691135684065778,1
864691136597043106,864691135684189682,1
864691136597043106,864691135684450034,4
864691136597043106,864691135685125303,2
864691136597043106,864691135685416946,2
864691136601575633,864691135685648823,1
864691136601577425,864691135662550512,1
864691136601683409,864691135680743828,2
864691136601728977,864691135684860855,1
864691136602371025,864691135685228471,1
864691136602503889,864691135680743828,1
864691136602603217,864691135684304370,1
864691136602671825,864691135683682290,1
864691136602756305,864691135662882544,1
864691136602780369,864691135685308087,1
864691136603005393,864691135685125303,2
864691136603017169,864691135685125303,1
864691136603066833,864691135685338295,1
864691136603620305,864691135684772791,1
864691136604053457,864691135662550512,1
864691136604053457,864691135685228471,2
864691136604104145,864691135684085746,2
864691136604104145,864691135684189682,1
864691136604104145,864691135685465783,1
864691136604119249,864691135662550512,4
864691136604219857,864691135685664498,1
864691136617141723,864691135683761394,1
864691136617291995,864691135685346546,3
864691136617403611,864691135684816311,1
864691136617432283,864691135685458162,1
864691136617528027,864691135685308087,1
864691136617544667,864691135685228471,1
864691136617602267,864691135684333042,1
864691136618116315,864691135685199602,2
864691136618145755,864691135684747447,1
864691136618222811,864691135684854455,1
864691136618230491,864691135662550512,1
864691136618246107,864691135662550512,2
864691136618391693,864691135684772791,1
864691136618400909,864691135684320754,2
864691136618409357,864691135683225842,1
864691136618414733,864691135684222450,1
864691136618419085,864691135675870962,2
864691136618441691,864691135683225842,1
864691136618441691,864691135685292727,4
864691136618452365,864691135685458162,1
864691136618472333,864691135684284914,1
864691136618473101,864691135684570039,1
864691136618479067,864691135685034994,1
864691136618479067,864691135685095095,1
864691136618488205,864691135684555447,1
864691136618491277,864691135684532919,2
864691136618560475,864691135685228471,1
864691136618560475,864691135685465783,1
864691136618730381,864691135685648823,1
864691136618856667,864691135685199602,1
864691136618894043,864691135683761394,1
864691136618993883,864691135684065778,2
864691136619117275,864691135684284914,2
864691136619121627,864691135685509362,2
864691136619150477,864691135683761394,1
864691136619180685,864691135684135922,1
864691136619282573,864691135683761394,1
864691136619334029,864691135685292727,1
864691136619341709,864691135683241458,1
864691136619342989,864691135684258290,2
864691136619354253,864691135683761394,1
864691136619354765,864691135684065778,1
864691136619354765,864691135684414135,1
864691136619369179,864691135662550512,2
864691136619369179,864691135684153074,1
864691136619435661,864691135684747447,1
864691136619455373,864691135685664498,1
864691136619592845,864691135684333042,3
864691136619729371,864691135684388850,1
864691136619729371,864691135685552370,1
864691136620154509,864691135685416946,1
864691136620192653,864691135662882544,2
864691136620192653,864691135685416946,1
864691136620479629,864691135662550512,1
864691136620486029,864691135683761394,1
864691136620486029,864691135685125303,1
864691136620576397,864691135684284914,1
864691136620576397,864691135685509362,1
864691136620894093,864691135684189682,1
864691136620894093,864691135684450034,1
864691136620894093,864691135685228471,1
864691136621053581,864691135684178930,1
864691136621082253,864691135683761394,1
864691136621082253,864691135684816311,4
864691136621099149,864691135685228471,1
864691136621099149,864691135685420274,3
864691136621099149,864691135685552370,1
864691136621099149,864691135685629170,1
864691136621108877,864691135685228471,1
864691136652781821,864691135683241714,2
864691136662194398,864691135683682290,1
864691136662194398,864691135684057842,2
864691136662194398,864691135684333042,1
864691136662233566,864691135683964855,1
864691136662261982,864691135684245234,4
864691136662363901,864691135685346546,2
864691136662413790,864691135684178930,1
864691136662437598,864691135684567282,1
864691136662440670,864691135683618034,1
864691136662440670,864691135683682290,3
864691136662440670,864691135684057842,2
864691136662440670,864691135684320754,1
864691136662440670,864691135684334578,1
864691136662440670,864691135684468372,1
864691136662440670,864691135684655031,1
864691136662504414,864691135685465783,1
864691136662508766,864691135683792370,1
864691136662519006,864691135662275312,2
864691136662526686,864691135684320754,1
864691136662536158,864691135683241714,1
864691136663134174,864691135684645362,2
864691136663185630,864691135684772791,2
864691136663185630,864691135685416946,1
864691136663185630,864691135685664498,1
864691136663321566,864691135684215282,1
864691136663574494,864691135684932791,1
864691136663603934,864691135685308087,1
864691136664648158,864691135683761394,3
864691136664648158,864691135684772791,3
864691136664648158,864691135685416946,1
864691136664650749,864691135683241714,1
864691136664680926,864691135685664498,1
864691136665155294,864691135662882544,1
864691136665155294,864691135684950258,4
864691136665155294,864691135685125303,1
864691136665155294,864691135685416946,1
864691136665194974,864691135685228471,1
864691136671433981,864691135684892855,1
864691136672219645,864691135685346546,1
864691136672640903,864691135684284914,1
864691136672647047,864691135684189682,2
864691136672673671,864691135684450034,1
864691136672675463,864691135684987540,1
864691136672749447,864691135685292727,2
864691136672845191,864691135683761394,1
864691136672980359,864691135684153074,1
864691136673154183,864691135684860855,1
864691136673441927,864691135685416946,1
864691136673505671,864691135685034994,1
864691136673740167,864691135684258290,1
864691136673915271,864691135684320754,1
864691136673999239,864691135685664498,1
864691136674953863,864691135684450034,1
864691136674954631,864691135684189682,2
864691136675020935,864691135684085746,2
864691136675020935,864691135684450034,2
864691136675020935,864691135684854455,1
864691136675020935,864691135685228471,3
864691136675020935,864691135685664498,1
864691136675028359,864691135685416946,1
864691136675151751,864691135684065778,1
864691136675151751,864691135684414135,1
864691136675151751,864691135684450034,1
864691136675151751,864691135684532919,2
864691136675151751,864691135684555447,1
864691136675197575,864691135662550512,4
864691136675573127,864691135684816311,6
864691136675573127,864691135685416946,1
864691136675813511,864691135684645362,1
864691136675813511,864691135684921783,2
864691136675813511,864691135685020599,2
864691136675966343,864691135662882544,1
864691136675966343,864691135685034994,1
864691136681300590,864691135683761394,3
864691136681300590,864691135684772791,4
864691136682123126,864691135681012164,1
864691136684780142,864691135684551863,1
864691136685329149,864691135683241714,1
864691136685329149,864691135684987540,1
864691136691745654,864691135685629170,1
864691136691955054,864691135683761394,1
864691136698610030,864691135684532919,1
864691136698610030,864691135684772791,1
864691136698610030,864691135685228471,1
864691136698771566,864691135683761394,1
864691136698771566,864691135684772791,1
864691136708261494,864691135685458162,1
864691136723300349,864691135683241714,1
864691136723304189,864691135685664498,2
864691136723307005,864691135662550512,2
864691136723316477,864691135685509362,1
864691136723319293,864691135684932791,1
864691136723335421,864691135684950258,4
864691136723342845,864691135684172018,1
864691136723348733,864691135684320754,1
864691136723351037,864691135685509362,1
864691136723369213,864691135684532919,1
864691136723371261,864691135685416946,1
864691136723378173,864691135684645362,2
864691136723383549,864691135684932791,1
864691136723385597,864691135684645362,1
864691136723385597,864691135684860855,1
864691136723388925,864691135683618034,3
864691136723388925,864691135683682290,2
864691136723395325,864691135684258290,1
864691136723407613,864691135675870962,1
864691136723415805,864691135684178674,2
864691136723420157,864691135685458162,1
864691136723429117,864691135685228471,1
864691136723452925,864691135684950258,1
864691136723453693,864691135685034994,1
864691136723453949,864691135683758322,1
864691136723459837,864691135684178930,1
864691136723459837,864691135685034994,1
864691136723468029,864691135684532919,1
864691136723471613,864691135684772791,1
864691136723476733,864691135684932791,2
864691136723482365,864691135683761394,1
864691136723505405,864691135684320754,1
864691136723511037,864691135684816311,1
864691136723511037,864691135685125303,1
864691136723512317,864691135684532919,1
864691136723521277,864691135685416946,2
864691136723549693,864691135683761394,1
864691136723567869,864691135684921271,1
864691136723568893,864691135662550512,1
864691136723572989,864691135684450034,1
864691136723923453,864691135683761394,1
864691136723924221,864691135684555447,1
864691136723943421,864691135675748338,1
864691136723943421,864691135684932791,3
864691136723976445,864691135685095095,3
864691136724171005,864691135685552370,1
864691136724171005,864691135685799863,1
864691136724327165,864691135684189682,1
864691136724553213,864691135683761394,1
864691136724605693,864691135684532919,1
864691136724624125,864691135683618034,2
864691136724624381,864691135684468372,1
864691136724831229,864691135684222450,1
864691136724846845,864691135685292727,1
864691136725391357,864691135684085746,1
864691136725455357,864691135684222450,2
864691136725455357,864691135685629170,1
864691136725729789,864691135685095095,1
864691136725819645,864691135684284914,1
864691136725854973,864691135662882544,1
864691136731992686,864691135684178930,1
864691136731992686,864691135684284914,1
864691136731992686,864691135685019319,3
864691136740414812,864691135685095095,2
864691136740414812,864691135685465783,1
864691136740562012,864691135681012164,1
864691136740752732,864691135684967607,1
864691136740782428,864691135685292727,1
864691136740782428,864691135685629170,1
864691136740790876,864691135675853508,1
864691136740841564,864691135684258290,1
864691136740850268,864691135684414135,1
864691136740850268,864691135684450034,1
864691136740851036,864691135685416946,1
864691136740897628,864691135684468372,1
864691136740918108,864691135684304370,1
864691136740924764,864691135683792370,1
864691136740924764,864691135684178674,1
864691136740924764,864691135684333042,6
864691136741305180,864691135684932791,1
864691136741305180,864691135684967607,1
864691136741323612,864691135684153074,1
864691136741438044,864691135684178930,1
864691136741497692,864691135684932791,1
864691136741629020,864691135684258290,1
864691136741629020,864691135684468372,2
864691136741629020,864691135684932791,2
864691136741866332,864691135664007620,1
864691136742178652,864691135685552370,1
864691136742241884,864691135662882544,1
864691136742372956,864691135662300912,1
864691136742372956,864691135684284914,1
864691136742623580,864691135662550512,1
864691136742685788,864691135684222450,1
864691136743118940,864691135683758322,1
864691136743169372,864691135662550512,1
864691136743319132,864691135680743828,1
864691136743319132,864691135684334578,3
864691136743319132,864691135684860855,1
864691136743319132,864691135684932791,1
864691136743358300,864691135662550512,3
864691136743457884,864691135680285892,1
864691136743457884,864691135684468372,1
864691136743483484,864691135685664498,1
864691136745100772,864691135685416946,1
864691136745965796,864691135684854455,1
864691136752821870,864691135684258290,1
864691136752821870,864691135685308087,2
864691136757337710,864691135685095095,2
864691136766683758,864691135683241714,1
864691136766683758,864691135684987540,1
864691136774157166,864691135683682290,1
864691136775185774,864691135662550512,3
864691136776832622,864691135685420274,1
864691136799636078,864691135684258290,1
864691136800949614,864691135683964855,1
864691136808459492,864691135684772791,1
864691136811789427,864691135685416946,1
864691136811792499,864691135684284914,1
864691136811799155,864691135685308087,1
864691136811835251,864691135684065778,4
864691136811837299,864691135685019319,1
864691136811870579,864691135675870962,1
864691136811976819,864691135683225842,1
864691136811982707,864691135685125303,1
864691136812081779,864691135685308087,1
864691136812218739,864691135684284914,1
864691136812222835,864691135683241458,1
864691136812224115,864691135683241714,2
864691136812286323,864691135684588983,1
864691136812302451,864691135684450034,1
864691136812406643,864691135684189682,1
864691136812679539,864691135685034994,1
864691136812890483,864691135685108628,1
864691136812938611,864691135684334578,1
864691136812942963,864691135685799863,1
864691136812955251,864691135684135922,1
864691136813027955,864691135684215282,2
864691136813312627,864691135684321522,1
864691136813513587,864691135684932791,1
864691136813611886,864691135685125303,1
864691136813750134,864691135684967607,3
864691136813807475,864691135662882544,1
864691136813807475,864691135685509362,1
864691136813847923,864691135684178930,1
864691136813847923,864691135684284914,2
864691136814622835,864691135684284914,1
864691136814703987,864691135683929271,1
864691136814703987,864691135685416946,1
864691136814718067,864691135662550512,1
864691136814761075,864691135685728695,1
864691136814773875,864691135683761394,1
864691136817744750,864691135683761394,1
864691136819672942,864691135662275312,1
864691136819672942,864691135683761394,1
864691136819672942,864691135684772791,4
864691136819698542,864691135683761394,2
864691136819698542,864691135684772791,2
864691136824272494,864691135685034994,3
864691136825196142,864691135685034994,1
864691136831754980,864691135683761394,1
864691136831754980,864691135684772791,2
864691136834782830,864691135684284914,1
864691136837343204,864691135685416946,1
864691136845390052,864691135685125303,1
864691136846047598,864691135662550512,2
864691136854186606,864691135683761394,1
864691136865011566,864691135680285892,1
864691136866262382,864691135684645362,2
864691136868135278,864691135675853508,1
864691136868135278,864691135685020599,1
864691136881607534,864691135664007620,1
864691136881607534,864691135684320754,2
864691136881607534,864691135684747447,1
864691136897149294,864691135684747447,1
864691136903003314,864691135685125303,1
864691136903016882,864691135662300912,1
864691136903016882,864691135685034994,1
864691136903031730,864691135682621588,1
864691136903052978,864691135683618034,1
864691136903052978,864691135683682290,1
864691136903055282,864691135683241458,1
864691136903172786,864691135684334578,2
864691136903229618,864691135680743828,2
864691136903240114,864691135684468372,1
864691136903280306,864691135683241458,1
864691136903280306,864691135684468372,1
864691136903414706,864691135685034994,1
864691136903433650,864691135684645362,1
864691136903487410,864691135684334578,1
864691136903487410,864691135684645362,1
864691136903682482,864691135683618034,1
864691136903997618,864691135664007620,1
864691136903997618,864691135683682290,1
864691136903997618,864691135684655031,1
864691136904054450,864691135684655031,1
864691136904061874,864691135684932791,2
864691136904074930,864691135684178674,1
864691136904078514,864691135683761394,1
864691136904158386,864691135684334578,1
864691136904354994,864691135684065778,1
864691136904538290,864691135685020599,1
864691136904742834,864691135684284914,1
864691136904855986,864691135685416946,1
864691136905147314,864691135685416946,1
864691136905147314,864691135685664498,1
864691136905203378,864691135685629170,1
864691136905267890,864691135685199602,1
864691136905373618,864691135685228471,2
864691136905570994,864691135684085746,1
864691136905570994,864691135684921271,3
864691136905570994,864691135685228471,5
864691136905852338,864691135684153074,1
864691136905981106,864691135684826807,1
864691136906113714,864691135662550512,1
864691136906189234,864691135685416946,1
864691136906281394,864691135685420274,1
864691136906670702,864691135681012164,1
864691136906696558,864691135683682290,1
864691136906761838,864691135684270834,4
864691136906761838,864691135684321522,1
864691136906761838,864691135685458162,4
864691136907016046,864691135684492215,1
864691136907591534,864691135683682290,2
864691136907591534,864691135684057842,2
864691136907591534,864691135684320754,4
864691136908080238,864691135683682290,1
864691136908080238,864691135684057842,1
864691136908231278,864691135684645362,1
864691136910393454,864691135684321522,2
864691136911321966,864691135684492215,1
864691136911321966,864691135685338295,1
864691136911643377,864691135662550512,3
864691136911644657,864691135683682290,3
864691136911650289,864691135684334578,8
864691136911650289,864691135684655031,1
864691136911650289,864691135684932791,2
864691136911660273,864691135684432823,5
864691136911670001,864691135684222450,1
864691136911728113,864691135684932791,1
864691136911769073,864691135684334578,1
864691136911769073,864691135684468372,1
864691136911864561,864691135684215282,1
864691136911879022,864691135685338295,1
864691136911960049,864691135685416946,1
864691136912126193,864691135683682290,1
864691136912420337,864691135684468372,1
864691136912476145,864691135685458162,1
864691136912532209,864691135685292727,1
864691136912624625,864691135685034994,1
864691136912658417,864691135684450034,1
864691136912690417,864691135684245234,1
864691136912690417,864691135684468372,5
864691136912692465,864691135684334578,1
864691136912796145,864691135684065778,2
864691136912796145,864691135684532919,1
864691136913170929,864691135680285892,1
864691136913170929,864691135684860855,1
864691136913209073,864691135684258290,1
864691136913209073,864691135684932791,2
864691136913338609,864691135662300912,1
864691136913383921,864691135684388850,1
864691136913383921,864691135684950258,1
864691136913748465,864691135683758322,1
864691136913956849,864691135683761394,2
864691136913993713,864691135662550512,1
864691136913993713,864691135684532919,2
864691136914038513,864691135684468372,1
864691136914081521,864691135680743828,1
864691136914081521,864691135683618034,1
864691136914081521,864691135684334578,1
864691136914235889,864691135683929271,1
864691136914235889,864691135684950258,1
864691136914235889,864691135685552370,2
864691136914241521,864691135685648823,2
864691136914248433,864691135662550512,1
864691136914394353,864691135685509362,1
864691136922773220,864691135685095095,1
864691136922780900,864691135684468372,1
864691136922780900,864691135684932791,1
864691136923098084,864691135682621588,1
864691136923242724,864691135683241714,1
864691136923645924,864691135685629170,1
864691136923647204,864691135684103666,1
864691136923682532,864691135675748338,1
864691136923741668,864691135675870962,1
864691136923750628,864691135684258290,1
864691136923752420,864691135683761394,3
864691136923752420,864691135684772791,2
864691136923772388,864691135675748338,1
864691136923775972,864691135685346546,1
864691136923776228,864691135683761394,1
864691136923776740,864691135684468372,1
864691136923781092,864691135684468372,1
864691136923785700,864691135685228471,1
864691136924138468,864691135684645362,1
864691136924138468,864691135684655031,4
864691136924192484,864691135684215282,1
864691136924192484,864691135684468372,2
864691136924297956,864691135662550512,3
864691136924297956,864691135684388850,1
864691136924297956,864691135685228471,9
864691136924297956,864691135685420274,2
864691136924554724,864691135685034994,1
864691136924584420,864691135684284914,1
864691136924584420,864691135684304370,1
864691136924636900,864691135684187378,4
864691136924736740,864691135683618034,1
864691136924736740,864691135684320754,1
864691136924736740,864691135684333042,6
864691136924736740,864691135684747447,2
864691136924736740,864691135685020599,1
864691136924736740,864691135685338295,1
864691136924765412,864691135685458162,1
864691136925033956,864691135684468372,1
864691136925033956,864691135684860855,1
864691136925033956,864691135684932791,4
864691136925049316,864691135685228471,1
864691136925089508,864691135684532919,4
864691136925089508,864691135685416946,1
864691136925089508,864691135685465783,1
864691136925111012,864691135662882544,1
864691136925111012,864691135685125303,1
864691136925111012,864691135685416946,1
864691136925331274,864691135685648823,1
864691136925345610,864691135685664498,1
864691136925353290,864691135685308087,1
864691136925379914,864691135662550512,1
864691136925382474,864691135685420274,1
864691136925565258,864691135685034994,1
864691136925601354,864691135684468372,1
864691136925659722,864691135684772791,1
864691136925777226,864691135675748338,1
864691136925779274,864691135685125303,1
864691136925783114,864691135685648823,1
864691136925877066,864691135684551863,1
864691136925981258,864691135680743828,1
864691136926153290,864691135685228471,1
864691136926408522,864691135680285892,1
864691136926414666,864691135685346546,1
864691136926427978,864691135662550512,1
864691136926441546,864691135662275312,1
864691136926624074,864691135684468372,1
864691136926789962,864691135684645362,2
864691136926789962,864691135684860855,1
864691136926789962,864691135684967607,1
864691136926954314,864691135684772791,1
864691136927086154,864691135684921783,1
864691136927127114,864691135684284914,1
864691136927127114,864691135685034994,1
864691136927491146,864691135684388850,2
864691136927491146,864691135684492215,13
864691136927491146,864691135684747447,1
864691136927491146,864691135685020599,1
864691136927491146,864691135685338295,2
864691136927491146,864691135685420274,1
864691136927491146,864691135685799863,6
864691136927714634,864691135685629170,1
864691136927782730,864691135685034994,1
864691136927782730,864691135685125303,1
864691136933278943,864691135675870962,1
864691136939351775,864691135675870962,1
864691136944084703,864691135683241714,1
864691136945556703,864691135684178674,2
864691136945576671,864691135683241714,1
864691136947021791,864691135683241714,1
864691136951201503,864691135675870962,1
864691136951558879,864691135684932791,2
864691136951570911,864691135684645362,1
864691136951599839,864691135684932791,1
864691136951616735,864691135683761394,2
864691136951625183,864691135684304370,1
864691136951628767,864691135684570039,1
864691136951632351,864691135684468372,1
864691136952141535,864691135684284914,3
864691136952230367,864691135684772791,1
864691136952237791,864691135684189682,2
864691136952276191,864691135684258290,1
864691136952294367,864691135684187378,1
864691136952366815,864691135675870962,2
864691136952537567,864691135684645362,1
864691136952537567,864691135684860855,1
864691136952709087,864691135684103666,1
864691136952710367,864691135683761394,1
864691136952797151,864691135684532919,1
864691136952904159,864691135685125303,1
864691136952914399,864691135684551863,1
864691136952940767,864691135675853508,1
864691136953134047,864691135684189682,2
864691136953254367,864691135682621588,1
864691136953445343,864691135662882544,1
864691136953451487,864691135684772791,1
864691136954023903,864691135685664498,3
864691136954050527,864691135685228471,1
864691136954077151,864691135685416946,2
864691136954077151,864691135685664498,1
864691136954129375,864691135662882544,1
864691136954159327,864691135684215282,1
864691136965761742,864691135662300912,1
864691136965769934,864691135684946615,1
864691136965773518,864691135684772791,1
864691136965775822,864691135685125303,1
864691136965787854,864691135684135922,1
864691136965823438,864691135683964855,1
864691136965825230,864691135684321522,1
864691136965830862,864691135662300912,1
864691136965836750,864691135684860855,1
864691136965851598,864691135684103666,1
864691136965904846,864691135683761394,1
864691136965908174,864691135683761394,1
864691136965986254,864691135684655031,2
864691136965988558,864691135675853508,1
864691136966159054,864691135684551863,3
864691136966389966,864691135684333042,2
864691136966512846,864691135684967607,1
864691136966541262,864691135684222450,1
864691136966541262,864691135685629170,1
864691136966545358,864691135675870962,1
864691136966651854,864691135684245234,1
864691136966673870,864691135681012164,1
864691136966673870,864691135684333042,5
864691136966673870,864691135684645362,2
864691136966899662,864691135684826807,1
864691136966915022,864691135684468372,1
864691136966951886,864691135684414135,1
864691136966951886,864691135685664498,1
864691136966995662,864691135685125303,3
864691136966995662,864691135685416946,2
864691136967124942,864691135684270834,1
864691136967124942,864691135685648823,1
864691136967764942,864691135662300912,1
864691136967764942,864691135685034994,1
864691136967789006,864691135684206322,1
864691136967796942,864691135684065778,1
864691136967840974,864691135684189682,1
864691136967873230,864691135682621588,1
864691136967925454,864691135685420274,1
864691136968050638,864691135684245234,1
864691136968099022,864691135683761394,2
864691136968099022,864691135684772791,2
864691136968099022,864691135685416946,1
864691136968265422,864691135685664498,1
864691136968568014,864691135684065778,2
864691136968568014,864691135684450034,3
864691136968568014,864691135684532919,3
864691136968568014,864691135684555447,7
864691136968568014,864691135684826807,1
864691136968568014,864691135685465783,1
864691136968647374,864691135684450034,1
864691136968654286,864691135662275312,1
864691136968930254,864691135662550512,1
864691136968930254,864691135684921271,1
864691136973696028,864691135684874935,1
864691136973706268,864691135684772791,1
864691136973713692,864691135684772791,1
864691136973713948,864691135685509362,1
864691136973967644,864691135684468372,1
864691136974062620,864691135684874935,1
864691136974073372,864691135684320754,1
864691136974481436,864691135684284914,1
864691136974542620,864691135684215282,1
864691136974544924,864691135684921783,1
864691136974556444,864691135684135922,1
864691136974556444,864691135684258290,1
864691136974561308,864691135685664498,1
864691136974561564,864691135684320754,1
864691136974561564,864691135684334578,2
864691136974561564,864691135684655031,1
864691136974640412,864691135685416946,1
864691136974671388,864691135684932791,1
864691136974771740,864691135684321522,1
864691136974824988,864691135683964855,1
864691136974841884,864691135684987540,1
864691136974876956,864691135684215282,1
864691136975364636,864691135684388850,1
864691136975364636,864691135685728695,1
864691136975364636,864691135685799863,1
864691136975587356,864691135684304370,1
864691136976129564,864691135662882544,1
864691136976129564,864691135684950258,1
864691136976129564,864691135685034994,1
864691136976129564,864691135685465783,1
864691136976145948,864691135662275312,1
864691136976145948,864691135685416946,2
864691136976146716,864691135683929271,1
864691136989926037,864691135685664498,1
864691136989936277,864691135685125303,1
864691136989945749,864691135684860855,1
864691136989946261,864691135683682290,1
864691136989946261,864691135684057842,4
864691136989947029,864691135662550512,1
864691136989947029,864691135685228471,1
864691136989949333,864691135685552370,1
864691136989960597,864691135684258290,1
864691136989979541,864691135684334578,1
864691136989980053,864691135684178674,1
864691136989989525,864691135684772791,1
864691136989993621,864691135684946615,1
864691136989994645,864691135680743828,1
864691136990062485,864691135685034994,1
864691136990234517,864691135685108628,1
864691136990367637,864691135675853508,2
864691136990368917,864691135675748338,1
864691136990378133,864691135675748338,1
864691136990674581,864691135685552370,1
864691136990688149,864691135684921271,1
864691136990819221,864691135683241458,2
864691136990843285,864691135684065778,1
864691136990936213,864691135684178930,1
864691136990940821,864691135684492215,1
864691136990958741,864691135685664498,1
864691136990971029,864691135684215282,1
864691136991202453,864691135685664498,4
864691136991213461,864691135685020599,1
864691136991400341,864691135684284914,2
864691136991400341,864691135684304370,2
864691136991400341,864691135684826807,1
864691136991441813,864691135685228471,1
864691136991445909,864691135685664498,1
864691136991561621,864691135685664498,1
864691136991606421,864691135681012164,1
864691136991606421,864691135685629170,1
864691136991686549,864691135684854455,2
864691136991908501,864691135662550512,1
864691136991928725,864691135684304370,1
864691136991928725,864691135684570039,7
864691136992004501,864691135684065778,1
864691136992004501,864691135684414135,1
864691136992004501,864691135684532919,1
864691136992007317,864691135685308087,1
864691136992208021,864691135684270834,3
864691136992208021,864691135685199602,1
864691136992294549,864691135685020599,1
864691136992383637,864691135685020599,2
864691136992383637,864691135685034994,2
864691136992538773,864691135685199602,1
864691136992598165,864691135684153074,1
864691136992612757,864691135684245234,1
864691136992612757,864691135684655031,1
864691137019552110,864691135684153074,1
864691137019552110,864691135685629170,1
864691137019558510,864691135685125303,1
864691137019563374,864691135681012164,1
864691137019563374,864691135685199602,2
864691137019564910,864691135683682290,1
864691137019576686,864691135685465783,2
864691137019987566,864691135685125303,1
864691137020651630,864691135684334578,1
864691137020658798,864691135684065778,1
864691137020663406,864691135683241458,1
864691137020663406,864691135684215282,1
864691137020663406,864691135684468372,1
864691137020664942,864691135684187378,1
864691137020671086,864691135684655031,1
864691137020671342,864691135684334578,3
864691137020883054,864691135684645362,1
864691137020972910,864691135684655031,2
864691137021166702,864691135685552370,1
864691137021365614,864691135683225842,1
864691137021434734,864691135684288754,1
864691137021494382,864691135685664498,1
864691137021682030,864691135683761394,1
864691137021753710,864691135685664498,2
864691137021889646,864691135684946615,1
864691137021909102,864691135662275312,1
864691137021910126,864691135685020599,1
864691137021910126,864691135685416946,2
864691137021910126,864691135685552370,1
864691137021932654,864691135662550512,1
864691137022180974,864691135662300912,1
864691137022180974,864691135684816311,1
864691137022180974,864691135685125303,1
864691137022180974,864691135685416946,1
864691137022180974,864691135685509362,5
864691137022222702,864691135684826807,1
864691137022222702,864691135685509362,1
864691137022244206,864691135684450034,1
864691137022244206,864691135685125303,2
864691137022244206,864691135685416946,6
864691137022275182,864691135684135922,1
864691137022275182,864691135684468372,1
864691137022278254,864691135662275312,2
864691137022278254,864691135685125303,1
864691137022356590,864691135685664498,1
864691137053644918,864691135685465783,1
864691137053658486,864691135684187378,1
864691137053662582,864691135684967607,1
864691137053672054,864691135685799863,1
864691137054500214,864691135684816311,1
864691137054617718,864691135684258290,1
864691137054617718,864691135684468372,1
864691137054644854,864691135684178674,1
864691137054709878,864691135684932791,1
864691137054824054,864691135685125303,1
864691137054885238,864691135685664498,1
864691137055080310,864691135684932791,1
864691137055571574,864691135683761394,1
864691137055575670,864691135684826807,1
864691137055668086,864691135681012164,1
864691137055668086,864691135684222450,2
864691137055668086,864691135684321522,2
864691137055668086,864691135684333042,1
864691137055668086,864691135685292727,1
864691137055724150,864691135685465783,1
864691137055889526,864691135685292727,1
864691137055911542,864691135664007620,1
864691137056031094,864691135662300912,1
864691137056031094,864691135685664498,2
864691137056053366,864691135684772791,1
864691137056053366,864691135685125303,1
864691137056053366,864691135685228471,1
864691137056053366,864691135685416946,4
864691137056098166,864691135664007620,1
864691137056098166,864691135685799863,1
864691137056230006,864691135684450034,1
864691137056230006,864691135685228471,1
864691137056421238,864691135685664498,2
864691137196892481,864691135683761394,2
864691137196912193,864691135675748338,1
864691137196912193,864691135680743828,1
864691137196912193,864691135684946615,1
864691137196913985,864691135684747447,1
864691137196918849,864691135685034994,2
864691137196933953,864691135684450034,1
864691137196935233,864691135685095095,1
864691137197239617,864691135685020599,1
864691137197246017,864691135683761394,1
864691137197275457,864691135683761394,2
864691137197275457,864691135684772791,1
864691137197282881,864691135685108628,1
864691137197299265,864691135684946615,1
864691137197460289,864691135684532919,2
864691137197655361,864691135684747447,1
864691137197727041,864691135684085746,1
864691137197787969,864691135683225842,1
864691137197806401,864691135684468372,1
864691137197807937,864691135684932791,2
864691137197941825,864691135684178674,4
864691137198227521,864691135684987540,1
864691137198627649,864691135684320754,2
864691137199115073,864691135662882544,1
864691137199206209,864691135684258290,2
864691137199359553,864691135684772791,1
864691137199359553,864691135685125303,3
864691137199359553,864691135685416946,1
864691137199359553,864691135685664498,1
864691137199669825,864691135683761394,1
864691137199775809,864691135685664498,1
864691137199819073,864691135685228471,1
864691137199914561,864691135683929271,1
864691137199914561,864691135684450034,4
864691137199973441,864691135684153074,1
864691137199973441,864691135684826807,1
864691137199973441,864691135685799863,2
